province,sector_code,sector_name,basis,year,pdrb_sector
Aceh,A,"Pertanian, Kehutanan, dan Perikanan",ADHB,2020,51548.0
Aceh,A,"Pertanian, Kehutanan, dan Perikanan",ADHB,2021,55611.0
Aceh,A,"Pertanian, Kehutanan, dan Perikanan",ADHB,2022,62299.0
Aceh,A,"Pertanian, Kehutanan, dan Perikanan",ADHB,2023,69757.0
Aceh,A,"Pertanian, Kehutanan, dan Perikanan",ADHB,2024,75318.0
Aceh,B,Pertambangan dan Penggalian,ADHB,2020,7410.0
Aceh,B,Pertambangan dan Penggalian,ADHB,2021,12305.0
Aceh,B,Pertambangan dan Penggalian,ADHB,2022,19124.0
Aceh,B,Pertambangan dan Penggalian,ADHB,2023,16950.0
Aceh,B,Pertambangan dan Penggalian,ADHB,2024,17147.0
Aceh,C,Industri Pengolahan,ADHB,2020,7593.0
Aceh,C,Industri Pengolahan,ADHB,2021,9314.0
Aceh,C,Industri Pengolahan,ADHB,2022,10875.0
Aceh,C,Industri Pengolahan,ADHB,2023,10982.0
Aceh,C,Industri Pengolahan,ADHB,2024,11463.0
Aceh,D,Pengadaan Listrik dan Gas,ADHB,2020,227.0
Aceh,D,Pengadaan Listrik dan Gas,ADHB,2021,228.0
Aceh,D,Pengadaan Listrik dan Gas,ADHB,2022,238.0
Aceh,D,Pengadaan Listrik dan Gas,ADHB,2023,261.0
Aceh,D,Pengadaan Listrik dan Gas,ADHB,2024,276.0
Aceh,E,"Pengadaan Air, Pengelolaan Sampah, Limbah dan Daur Ulang",ADHB,2020,82.0
Aceh,E,"Pengadaan Air, Pengelolaan Sampah, Limbah dan Daur Ulang",ADHB,2021,85.0
Aceh,E,"Pengadaan Air, Pengelolaan Sampah, Limbah dan Daur Ulang",ADHB,2022,94.0
Aceh,E,"Pengadaan Air, Pengelolaan Sampah, Limbah dan Daur Ulang",ADHB,2023,100.0
Aceh,E,"Pengadaan Air, Pengelolaan Sampah, Limbah dan Daur Ulang",ADHB,2024,115.0
Aceh,F,Konstruksi,ADHB,2020,17757.0
Aceh,F,Konstruksi,ADHB,2021,18308.0
Aceh,F,Konstruksi,ADHB,2022,19054.0
Aceh,F,Konstruksi,ADHB,2023,20324.0
Aceh,F,Konstruksi,ADHB,2024,21393.0
Aceh,G,Perdagangan Besar dan Eceran; Reparasi Mobil dan Sepeda Motor,ADHB,2020,24603.0
Aceh,G,Perdagangan Besar dan Eceran; Reparasi Mobil dan Sepeda Motor,ADHB,2021,26461.0
Aceh,G,Perdagangan Besar dan Eceran; Reparasi Mobil dan Sepeda Motor,ADHB,2022,29361.0
Aceh,G,Perdagangan Besar dan Eceran; Reparasi Mobil dan Sepeda Motor,ADHB,2023,34429.0
Aceh,G,Perdagangan Besar dan Eceran; Reparasi Mobil dan Sepeda Motor,ADHB,2024,36462.0
Aceh,H,Transportasi dan Pergudangan,ADHB,2020,7649.0
Aceh,H,Transportasi dan Pergudangan,ADHB,2021,9491.0
Aceh,H,Transportasi dan Pergudangan,ADHB,2022,11498.0
Aceh,H,Transportasi dan Pergudangan,ADHB,2023,14300.0
Aceh,H,Transportasi dan Pergudangan,ADHB,2024,16914.0
Aceh,I,Penyediaan Akomodasi dan Makan Minum,ADHB,2020,2647.0
Aceh,I,Penyediaan Akomodasi dan Makan Minum,ADHB,2021,2530.0
Aceh,I,Penyediaan Akomodasi dan Makan Minum,ADHB,2022,3575.0
Aceh,I,Penyediaan Akomodasi dan Makan Minum,ADHB,2023,4010.0
Aceh,I,Penyediaan Akomodasi dan Makan Minum,ADHB,2024,4173.0
Aceh,J,Informasi dan Komunikasi,ADHB,2020,5190.0
Aceh,J,Informasi dan Komunikasi,ADHB,2021,5567.0
Aceh,J,Informasi dan Komunikasi,ADHB,2022,6203.0
Aceh,J,Informasi dan Komunikasi,ADHB,2023,6594.0
Aceh,J,Informasi dan Komunikasi,ADHB,2024,6693.0
Aceh,K,Jasa Keuangan dan Asuransi,ADHB,2020,3511.0
Aceh,K,Jasa Keuangan dan Asuransi,ADHB,2021,3528.0
Aceh,K,Jasa Keuangan dan Asuransi,ADHB,2022,3622.0
Aceh,K,Jasa Keuangan dan Asuransi,ADHB,2023,3281.0
Aceh,K,Jasa Keuangan dan Asuransi,ADHB,2024,4057.0
Aceh,L,Real Estate,ADHB,2020,7165.0
Aceh,L,Real Estate,ADHB,2021,7526.0
Aceh,L,Real Estate,ADHB,2022,8132.0
Aceh,L,Real Estate,ADHB,2023,8562.0
Aceh,L,Real Estate,ADHB,2024,8572.0
Aceh,"M,N",Jasa Perusahaan,ADHB,2020,1058.0
Aceh,"M,N",Jasa Perusahaan,ADHB,2021,1100.0
Aceh,"M,N",Jasa Perusahaan,ADHB,2022,1343.0
Aceh,"M,N",Jasa Perusahaan,ADHB,2023,1380.0
Aceh,"M,N",Jasa Perusahaan,ADHB,2024,1436.0
Aceh,O,"Administrasi Pemerintahan, Pertahanan dan Jaminan Sosial Wajib",ADHB,2020,17076.0
Aceh,O,"Administrasi Pemerintahan, Pertahanan dan Jaminan Sosial Wajib",ADHB,2021,19049.0
Aceh,O,"Administrasi Pemerintahan, Pertahanan dan Jaminan Sosial Wajib",ADHB,2022,18755.0
Aceh,O,"Administrasi Pemerintahan, Pertahanan dan Jaminan Sosial Wajib",ADHB,2023,19867.0
Aceh,O,"Administrasi Pemerintahan, Pertahanan dan Jaminan Sosial Wajib",ADHB,2024,22088.0
Aceh,P,Jasa Pendidikan,ADHB,2020,5244.0
Aceh,P,Jasa Pendidikan,ADHB,2021,5508.0
Aceh,P,Jasa Pendidikan,ADHB,2022,5777.0
Aceh,P,Jasa Pendidikan,ADHB,2023,5948.0
Aceh,P,Jasa Pendidikan,ADHB,2024,6419.0
Aceh,Q,Jasa Kesehatan dan Kegiatan Sosial,ADHB,2020,5136.0
Aceh,Q,Jasa Kesehatan dan Kegiatan Sosial,ADHB,2021,5796.0
Aceh,Q,Jasa Kesehatan dan Kegiatan Sosial,ADHB,2022,6801.0
Aceh,Q,Jasa Kesehatan dan Kegiatan Sosial,ADHB,2023,6990.0
Aceh,Q,Jasa Kesehatan dan Kegiatan Sosial,ADHB,2024,7301.0
Aceh,"R,S,T,U",Jasa lainnya,ADHB,2020,2474.0
Aceh,"R,S,T,U",Jasa lainnya,ADHB,2021,2575.0
Aceh,"R,S,T,U",Jasa lainnya,ADHB,2022,2949.0
Aceh,"R,S,T,U",Jasa lainnya,ADHB,2023,3284.0
Aceh,"R,S,T,U",Jasa lainnya,ADHB,2024,3376.0
Aceh,A,"Pertanian, Kehutanan, dan Perikanan",ADHK,2020,37900.0
Aceh,A,"Pertanian, Kehutanan, dan Perikanan",ADHK,2021,37768.0
Aceh,A,"Pertanian, Kehutanan, dan Perikanan",ADHK,2022,39005.0
Aceh,A,"Pertanian, Kehutanan, dan Perikanan",ADHK,2023,41626.0
Aceh,A,"Pertanian, Kehutanan, dan Perikanan",ADHK,2024,42121.0
Aceh,B,Pertambangan dan Penggalian,ADHK,2020,10485.0
Aceh,B,Pertambangan dan Penggalian,ADHK,2021,10408.0
Aceh,B,Pertambangan dan Penggalian,ADHK,2022,10855.0
Aceh,B,Pertambangan dan Penggalian,ADHK,2023,10331.0
Aceh,B,Pertambangan dan Penggalian,ADHK,2024,11483.0
Aceh,C,Industri Pengolahan,ADHK,2020,6059.0
Aceh,C,Industri Pengolahan,ADHK,2021,6212.0
Aceh,C,Industri Pengolahan,ADHK,2022,6472.0
Aceh,C,Industri Pengolahan,ADHK,2023,6371.0
Aceh,C,Industri Pengolahan,ADHK,2024,6559.0
Aceh,D,Pengadaan Listrik dan Gas,ADHK,2020,217.0
Aceh,D,Pengadaan Listrik dan Gas,ADHK,2021,217.0
Aceh,D,Pengadaan Listrik dan Gas,ADHK,2022,222.0
Aceh,D,Pengadaan Listrik dan Gas,ADHK,2023,238.0
Aceh,D,Pengadaan Listrik dan Gas,ADHK,2024,252.0
Aceh,E,"Pengadaan Air, Pengelolaan Sampah, Limbah dan Daur Ulang",ADHK,2020,50.0
Aceh,E,"Pengadaan Air, Pengelolaan Sampah, Limbah dan Daur Ulang",ADHK,2021,51.0
Aceh,E,"Pengadaan Air, Pengelolaan Sampah, Limbah dan Daur Ulang",ADHK,2022,56.0
Aceh,E,"Pengadaan Air, Pengelolaan Sampah, Limbah dan Daur Ulang",ADHK,2023,58.0
Aceh,E,"Pengadaan Air, Pengelolaan Sampah, Limbah dan Daur Ulang",ADHK,2024,60.0
Aceh,F,Konstruksi,ADHK,2020,13900.0
Aceh,F,Konstruksi,ADHK,2021,13837.0
Aceh,F,Konstruksi,ADHK,2022,13524.0
Aceh,F,Konstruksi,ADHK,2023,14020.0
Aceh,F,Konstruksi,ADHK,2024,14633.0
Aceh,G,Perdagangan Besar dan Eceran; Reparasi Mobil dan Sepeda Motor,ADHK,2020,19238.0
Aceh,G,Perdagangan Besar dan Eceran; Reparasi Mobil dan Sepeda Motor,ADHK,2021,20051.0
Aceh,G,Perdagangan Besar dan Eceran; Reparasi Mobil dan Sepeda Motor,ADHK,2022,21327.0
Aceh,G,Perdagangan Besar dan Eceran; Reparasi Mobil dan Sepeda Motor,ADHK,2023,23258.0
Aceh,G,Perdagangan Besar dan Eceran; Reparasi Mobil dan Sepeda Motor,ADHK,2024,23852.0
Aceh,H,Transportasi dan Pergudangan,ADHK,2020,7057.0
Aceh,H,Transportasi dan Pergudangan,ADHK,2021,8434.0
Aceh,H,Transportasi dan Pergudangan,ADHK,2022,9045.0
Aceh,H,Transportasi dan Pergudangan,ADHK,2023,9721.0
Aceh,H,Transportasi dan Pergudangan,ADHK,2024,11353.0
Aceh,I,Penyediaan Akomodasi dan Makan Minum,ADHK,2020,1649.0
Aceh,I,Penyediaan Akomodasi dan Makan Minum,ADHK,2021,1550.0
Aceh,I,Penyediaan Akomodasi dan Makan Minum,ADHK,2022,2052.0
Aceh,I,Penyediaan Akomodasi dan Makan Minum,ADHK,2023,2220.0
Aceh,I,Penyediaan Akomodasi dan Makan Minum,ADHK,2024,2283.0
Aceh,J,Informasi dan Komunikasi,ADHK,2020,5187.0
Aceh,J,Informasi dan Komunikasi,ADHK,2021,5580.0
Aceh,J,Informasi dan Komunikasi,ADHK,2022,6208.0
Aceh,J,Informasi dan Komunikasi,ADHK,2023,6509.0
Aceh,J,Informasi dan Komunikasi,ADHK,2024,6630.0
Aceh,K,Jasa Keuangan dan Asuransi,ADHK,2020,2356.0
Aceh,K,Jasa Keuangan dan Asuransi,ADHK,2021,2236.0
Aceh,K,Jasa Keuangan dan Asuransi,ADHK,2022,2104.0
Aceh,K,Jasa Keuangan dan Asuransi,ADHK,2023,1874.0
Aceh,K,Jasa Keuangan dan Asuransi,ADHK,2024,2287.0
Aceh,L,Real Estate,ADHK,2020,5446.0
Aceh,L,Real Estate,ADHK,2021,5667.0
Aceh,L,Real Estate,ADHK,2022,5892.0
Aceh,L,Real Estate,ADHK,2023,6107.0
Aceh,L,Real Estate,ADHK,2024,6324.0
Aceh,"M,N",Jasa Perusahaan,ADHK,2020,841.0
Aceh,"M,N",Jasa Perusahaan,ADHK,2021,843.0
Aceh,"M,N",Jasa Perusahaan,ADHK,2022,940.0
Aceh,"M,N",Jasa Perusahaan,ADHK,2023,931.0
Aceh,"M,N",Jasa Perusahaan,ADHK,2024,971.0
Aceh,O,"Administrasi Pemerintahan, Pertahanan dan Jaminan Sosial Wajib",ADHK,2020,11459.0
Aceh,O,"Administrasi Pemerintahan, Pertahanan dan Jaminan Sosial Wajib",ADHK,2021,12190.0
Aceh,O,"Administrasi Pemerintahan, Pertahanan dan Jaminan Sosial Wajib",ADHK,2022,12183.0
Aceh,O,"Administrasi Pemerintahan, Pertahanan dan Jaminan Sosial Wajib",ADHK,2023,12407.0
Aceh,O,"Administrasi Pemerintahan, Pertahanan dan Jaminan Sosial Wajib",ADHK,2024,13335.0
Aceh,P,Jasa Pendidikan,ADHK,2020,3652.0
Aceh,P,Jasa Pendidikan,ADHK,2021,3696.0
Aceh,P,Jasa Pendidikan,ADHK,2022,3838.0
Aceh,P,Jasa Pendidikan,ADHK,2023,3908.0
Aceh,P,Jasa Pendidikan,ADHK,2024,4079.0
Aceh,Q,Jasa Kesehatan dan Kegiatan Sosial,ADHK,2020,4170.0
Aceh,Q,Jasa Kesehatan dan Kegiatan Sosial,ADHK,2021,4575.0
Aceh,Q,Jasa Kesehatan dan Kegiatan Sosial,ADHK,2022,5024.0
Aceh,Q,Jasa Kesehatan dan Kegiatan Sosial,ADHK,2023,5003.0
Aceh,Q,Jasa Kesehatan dan Kegiatan Sosial,ADHK,2024,5114.0
Aceh,"R,S,T,U",Jasa lainnya,ADHK,2020,1914.0
Aceh,"R,S,T,U",Jasa lainnya,ADHK,2021,1957.0
Aceh,"R,S,T,U",Jasa lainnya,ADHK,2022,2223.0
Aceh,"R,S,T,U",Jasa lainnya,ADHK,2023,2349.0
Aceh,"R,S,T,U",Jasa lainnya,ADHK,2024,2445.0
Sumatera Utara,A,"Pertanian, Kehutanan, dan Perikanan",ADHB,2020,173075.0
Sumatera Utara,A,"Pertanian, Kehutanan, dan Perikanan",ADHB,2021,189491.0
Sumatera Utara,A,"Pertanian, Kehutanan, dan Perikanan",ADHB,2022,219416.0
Sumatera Utara,A,"Pertanian, Kehutanan, dan Perikanan",ADHB,2023,247948.0
Sumatera Utara,A,"Pertanian, Kehutanan, dan Perikanan",ADHB,2024,280263.0
Sumatera Utara,B,Pertambangan dan Penggalian,ADHB,2020,10373.0
Sumatera Utara,B,Pertambangan dan Penggalian,ADHB,2021,10710.0
Sumatera Utara,B,Pertambangan dan Penggalian,ADHB,2022,11585.0
Sumatera Utara,B,Pertambangan dan Penggalian,ADHB,2023,12280.0
Sumatera Utara,B,Pertambangan dan Penggalian,ADHB,2024,13308.0
Sumatera Utara,C,Industri Pengolahan,ADHB,2020,156504.0
Sumatera Utara,C,Industri Pengolahan,ADHB,2021,167949.0
Sumatera Utara,C,Industri Pengolahan,ADHB,2022,182736.0
Sumatera Utara,C,Industri Pengolahan,ADHB,2023,193743.0
Sumatera Utara,C,Industri Pengolahan,ADHB,2024,210615.0
Sumatera Utara,D,Pengadaan Listrik dan Gas,ADHB,2020,932.0
Sumatera Utara,D,Pengadaan Listrik dan Gas,ADHB,2021,987.0
Sumatera Utara,D,Pengadaan Listrik dan Gas,ADHB,2022,1061.0
Sumatera Utara,D,Pengadaan Listrik dan Gas,ADHB,2023,1098.0
Sumatera Utara,D,Pengadaan Listrik dan Gas,ADHB,2024,1125.0
Sumatera Utara,E,"Pengadaan Air, Pengelolaan Sampah, Limbah dan Daur Ulang",ADHB,2020,831.0
Sumatera Utara,E,"Pengadaan Air, Pengelolaan Sampah, Limbah dan Daur Ulang",ADHB,2021,871.0
Sumatera Utara,E,"Pengadaan Air, Pengelolaan Sampah, Limbah dan Daur Ulang",ADHB,2022,898.0
Sumatera Utara,E,"Pengadaan Air, Pengelolaan Sampah, Limbah dan Daur Ulang",ADHB,2023,935.0
Sumatera Utara,E,"Pengadaan Air, Pengelolaan Sampah, Limbah dan Daur Ulang",ADHB,2024,1002.0
Sumatera Utara,F,Konstruksi,ADHB,2020,110147.0
Sumatera Utara,F,Konstruksi,ADHB,2021,115754.0
Sumatera Utara,F,Konstruksi,ADHB,2022,126444.0
Sumatera Utara,F,Konstruksi,ADHB,2023,138781.0
Sumatera Utara,F,Konstruksi,ADHB,2024,148961.0
Sumatera Utara,G,Perdagangan Besar dan Eceran; Reparasi Mobil dan Sepeda Motor,ADHB,2020,153226.0
Sumatera Utara,G,Perdagangan Besar dan Eceran; Reparasi Mobil dan Sepeda Motor,ADHB,2021,162579.0
Sumatera Utara,G,Perdagangan Besar dan Eceran; Reparasi Mobil dan Sepeda Motor,ADHB,2022,181414.0
Sumatera Utara,G,Perdagangan Besar dan Eceran; Reparasi Mobil dan Sepeda Motor,ADHB,2023,200530.0
Sumatera Utara,G,Perdagangan Besar dan Eceran; Reparasi Mobil dan Sepeda Motor,ADHB,2024,215494.0
Sumatera Utara,H,Transportasi dan Pergudangan,ADHB,2020,36409.0
Sumatera Utara,H,Transportasi dan Pergudangan,ADHB,2021,35870.0
Sumatera Utara,H,Transportasi dan Pergudangan,ADHB,2022,43388.0
Sumatera Utara,H,Transportasi dan Pergudangan,ADHB,2023,53105.0
Sumatera Utara,H,Transportasi dan Pergudangan,ADHB,2024,57512.0
Sumatera Utara,I,Penyediaan Akomodasi dan Makan Minum,ADHB,2020,17692.0
Sumatera Utara,I,Penyediaan Akomodasi dan Makan Minum,ADHB,2021,17663.0
Sumatera Utara,I,Penyediaan Akomodasi dan Makan Minum,ADHB,2022,19506.0
Sumatera Utara,I,Penyediaan Akomodasi dan Makan Minum,ADHB,2023,22160.0
Sumatera Utara,I,Penyediaan Akomodasi dan Makan Minum,ADHB,2024,25330.0
Sumatera Utara,J,Informasi dan Komunikasi,ADHB,2020,18467.0
Sumatera Utara,J,Informasi dan Komunikasi,ADHB,2021,20094.0
Sumatera Utara,J,Informasi dan Komunikasi,ADHB,2022,22218.0
Sumatera Utara,J,Informasi dan Komunikasi,ADHB,2023,24165.0
Sumatera Utara,J,Informasi dan Komunikasi,ADHB,2024,26125.0
Sumatera Utara,K,Jasa Keuangan dan Asuransi,ADHB,2020,23530.0
Sumatera Utara,K,Jasa Keuangan dan Asuransi,ADHB,2021,25545.0
Sumatera Utara,K,Jasa Keuangan dan Asuransi,ADHB,2022,28359.0
Sumatera Utara,K,Jasa Keuangan dan Asuransi,ADHB,2023,30280.0
Sumatera Utara,K,Jasa Keuangan dan Asuransi,ADHB,2024,31626.0
Sumatera Utara,L,Real Estate,ADHB,2020,42705.0
Sumatera Utara,L,Real Estate,ADHB,2021,43913.0
Sumatera Utara,L,Real Estate,ADHB,2022,46639.0
Sumatera Utara,L,Real Estate,ADHB,2023,48952.0
Sumatera Utara,L,Real Estate,ADHB,2024,52204.0
Sumatera Utara,"M,N",Jasa Perusahaan,ADHB,2020,8692.0
Sumatera Utara,"M,N",Jasa Perusahaan,ADHB,2021,8848.0
Sumatera Utara,"M,N",Jasa Perusahaan,ADHB,2022,10073.0
Sumatera Utara,"M,N",Jasa Perusahaan,ADHB,2023,11129.0
Sumatera Utara,"M,N",Jasa Perusahaan,ADHB,2024,11970.0
Sumatera Utara,O,"Administrasi Pemerintahan, Pertahanan dan Jaminan Sosial Wajib",ADHB,2020,30147.0
Sumatera Utara,O,"Administrasi Pemerintahan, Pertahanan dan Jaminan Sosial Wajib",ADHB,2021,30458.0
Sumatera Utara,O,"Administrasi Pemerintahan, Pertahanan dan Jaminan Sosial Wajib",ADHB,2022,30243.0
Sumatera Utara,O,"Administrasi Pemerintahan, Pertahanan dan Jaminan Sosial Wajib",ADHB,2023,31526.0
Sumatera Utara,O,"Administrasi Pemerintahan, Pertahanan dan Jaminan Sosial Wajib",ADHB,2024,34434.0
Sumatera Utara,P,Jasa Pendidikan,ADHB,2020,15490.0
Sumatera Utara,P,Jasa Pendidikan,ADHB,2021,16017.0
Sumatera Utara,P,Jasa Pendidikan,ADHB,2022,16880.0
Sumatera Utara,P,Jasa Pendidikan,ADHB,2023,18415.0
Sumatera Utara,P,Jasa Pendidikan,ADHB,2024,19784.0
Sumatera Utara,Q,Jasa Kesehatan dan Kegiatan Sosial,ADHB,2020,8374.0
Sumatera Utara,Q,Jasa Kesehatan dan Kegiatan Sosial,ADHB,2021,8499.0
Sumatera Utara,Q,Jasa Kesehatan dan Kegiatan Sosial,ADHB,2022,9041.0
Sumatera Utara,Q,Jasa Kesehatan dan Kegiatan Sosial,ADHB,2023,9872.0
Sumatera Utara,Q,Jasa Kesehatan dan Kegiatan Sosial,ADHB,2024,10659.0
Sumatera Utara,"R,S,T,U",Jasa lainnya,ADHB,2020,4594.0
Sumatera Utara,"R,S,T,U",Jasa lainnya,ADHB,2021,4686.0
Sumatera Utara,"R,S,T,U",Jasa lainnya,ADHB,2022,5293.0
Sumatera Utara,"R,S,T,U",Jasa lainnya,ADHB,2023,6079.0
Sumatera Utara,"R,S,T,U",Jasa lainnya,ADHB,2024,6506.0
Sumatera Utara,A,"Pertanian, Kehutanan, dan Perikanan",ADHK,2020,136327.0
Sumatera Utara,A,"Pertanian, Kehutanan, dan Perikanan",ADHK,2021,141601.0
Sumatera Utara,A,"Pertanian, Kehutanan, dan Perikanan",ADHK,2022,148722.0
Sumatera Utara,A,"Pertanian, Kehutanan, dan Perikanan",ADHK,2023,153238.0
Sumatera Utara,A,"Pertanian, Kehutanan, dan Perikanan",ADHK,2024,158953.0
Sumatera Utara,B,Pertambangan dan Penggalian,ADHK,2020,6936.0
Sumatera Utara,B,Pertambangan dan Penggalian,ADHK,2021,7069.0
Sumatera Utara,B,Pertambangan dan Penggalian,ADHK,2022,7254.0
Sumatera Utara,B,Pertambangan dan Penggalian,ADHK,2023,7510.0
Sumatera Utara,B,Pertambangan dan Penggalian,ADHK,2024,7813.0
Sumatera Utara,C,Industri Pengolahan,ADHK,2020,96548.0
Sumatera Utara,C,Industri Pengolahan,ADHK,2021,97928.0
Sumatera Utara,C,Industri Pengolahan,ADHK,2022,99869.0
Sumatera Utara,C,Industri Pengolahan,ADHK,2023,103289.0
Sumatera Utara,C,Industri Pengolahan,ADHK,2024,108089.0
Sumatera Utara,D,Pengadaan Listrik dan Gas,ADHK,2020,752.0
Sumatera Utara,D,Pengadaan Listrik dan Gas,ADHK,2021,789.0
Sumatera Utara,D,Pengadaan Listrik dan Gas,ADHK,2022,827.0
Sumatera Utara,D,Pengadaan Listrik dan Gas,ADHK,2023,845.0
Sumatera Utara,D,Pengadaan Listrik dan Gas,ADHK,2024,867.0
Sumatera Utara,E,"Pengadaan Air, Pengelolaan Sampah, Limbah dan Daur Ulang",ADHK,2020,536.0
Sumatera Utara,E,"Pengadaan Air, Pengelolaan Sampah, Limbah dan Daur Ulang",ADHK,2021,555.0
Sumatera Utara,E,"Pengadaan Air, Pengelolaan Sampah, Limbah dan Daur Ulang",ADHK,2022,567.0
Sumatera Utara,E,"Pengadaan Air, Pengelolaan Sampah, Limbah dan Daur Ulang",ADHK,2023,583.0
Sumatera Utara,E,"Pengadaan Air, Pengelolaan Sampah, Limbah dan Daur Ulang",ADHK,2024,598.0
Sumatera Utara,F,Konstruksi,ADHK,2020,66843.0
Sumatera Utara,F,Konstruksi,ADHK,2021,68300.0
Sumatera Utara,F,Konstruksi,ADHK,2022,70371.0
Sumatera Utara,F,Konstruksi,ADHK,2023,74875.0
Sumatera Utara,F,Konstruksi,ADHK,2024,79753.0
Sumatera Utara,G,Perdagangan Besar dan Eceran; Reparasi Mobil dan Sepeda Motor,ADHK,2020,95120.0
Sumatera Utara,G,Perdagangan Besar dan Eceran; Reparasi Mobil dan Sepeda Motor,ADHK,2021,98560.0
Sumatera Utara,G,Perdagangan Besar dan Eceran; Reparasi Mobil dan Sepeda Motor,ADHK,2022,105038.0
Sumatera Utara,G,Perdagangan Besar dan Eceran; Reparasi Mobil dan Sepeda Motor,ADHK,2023,111129.0
Sumatera Utara,G,Perdagangan Besar dan Eceran; Reparasi Mobil dan Sepeda Motor,ADHK,2024,116065.0
Sumatera Utara,H,Transportasi dan Pergudangan,ADHK,2020,22493.0
Sumatera Utara,H,Transportasi dan Pergudangan,ADHK,2021,21676.0
Sumatera Utara,H,Transportasi dan Pergudangan,ADHK,2022,24486.0
Sumatera Utara,H,Transportasi dan Pergudangan,ADHK,2023,27699.0
Sumatera Utara,H,Transportasi dan Pergudangan,ADHK,2024,29453.0
Sumatera Utara,I,Penyediaan Akomodasi dan Makan Minum,ADHK,2020,11986.0
Sumatera Utara,I,Penyediaan Akomodasi dan Makan Minum,ADHK,2021,11889.0
Sumatera Utara,I,Penyediaan Akomodasi dan Makan Minum,ADHK,2022,12752.0
Sumatera Utara,I,Penyediaan Akomodasi dan Makan Minum,ADHK,2023,14057.0
Sumatera Utara,I,Penyediaan Akomodasi dan Makan Minum,ADHK,2024,15741.0
Sumatera Utara,J,Informasi dan Komunikasi,ADHK,2020,16324.0
Sumatera Utara,J,Informasi dan Komunikasi,ADHK,2021,17386.0
Sumatera Utara,J,Informasi dan Komunikasi,ADHK,2022,18707.0
Sumatera Utara,J,Informasi dan Komunikasi,ADHK,2023,20168.0
Sumatera Utara,J,Informasi dan Komunikasi,ADHK,2024,21662.0
Sumatera Utara,K,Jasa Keuangan dan Asuransi,ADHK,2020,15335.0
Sumatera Utara,K,Jasa Keuangan dan Asuransi,ADHK,2021,16018.0
Sumatera Utara,K,Jasa Keuangan dan Asuransi,ADHK,2022,16629.0
Sumatera Utara,K,Jasa Keuangan dan Asuransi,ADHK,2023,17544.0
Sumatera Utara,K,Jasa Keuangan dan Asuransi,ADHK,2024,18223.0
Sumatera Utara,L,Real Estate,ADHK,2020,23150.0
Sumatera Utara,L,Real Estate,ADHK,2021,23728.0
Sumatera Utara,L,Real Estate,ADHK,2022,24803.0
Sumatera Utara,L,Real Estate,ADHK,2023,25594.0
Sumatera Utara,L,Real Estate,ADHK,2024,26977.0
Sumatera Utara,"M,N",Jasa Perusahaan,ADHK,2020,4718.0
Sumatera Utara,"M,N",Jasa Perusahaan,ADHK,2021,4711.0
Sumatera Utara,"M,N",Jasa Perusahaan,ADHK,2022,5125.0
Sumatera Utara,"M,N",Jasa Perusahaan,ADHK,2023,5467.0
Sumatera Utara,"M,N",Jasa Perusahaan,ADHK,2024,5748.0
Sumatera Utara,O,"Administrasi Pemerintahan, Pertahanan dan Jaminan Sosial Wajib",ADHK,2020,17803.0
Sumatera Utara,O,"Administrasi Pemerintahan, Pertahanan dan Jaminan Sosial Wajib",ADHK,2021,18174.0
Sumatera Utara,O,"Administrasi Pemerintahan, Pertahanan dan Jaminan Sosial Wajib",ADHK,2022,18041.0
Sumatera Utara,O,"Administrasi Pemerintahan, Pertahanan dan Jaminan Sosial Wajib",ADHK,2023,18388.0
Sumatera Utara,O,"Administrasi Pemerintahan, Pertahanan dan Jaminan Sosial Wajib",ADHK,2024,19507.0
Sumatera Utara,P,Jasa Pendidikan,ADHK,2020,11091.0
Sumatera Utara,P,Jasa Pendidikan,ADHK,2021,11430.0
Sumatera Utara,P,Jasa Pendidikan,ADHK,2022,12017.0
Sumatera Utara,P,Jasa Pendidikan,ADHK,2023,12904.0
Sumatera Utara,P,Jasa Pendidikan,ADHK,2024,13634.0
Sumatera Utara,Q,Jasa Kesehatan dan Kegiatan Sosial,ADHK,2020,5079.0
Sumatera Utara,Q,Jasa Kesehatan dan Kegiatan Sosial,ADHK,2021,5092.0
Sumatera Utara,Q,Jasa Kesehatan dan Kegiatan Sosial,ADHK,2022,5338.0
Sumatera Utara,Q,Jasa Kesehatan dan Kegiatan Sosial,ADHK,2023,5682.0
Sumatera Utara,Q,Jasa Kesehatan dan Kegiatan Sosial,ADHK,2024,5973.0
Sumatera Utara,"R,S,T,U",Jasa lainnya,ADHK,2020,2705.0
Sumatera Utara,"R,S,T,U",Jasa lainnya,ADHK,2021,2744.0
Sumatera Utara,"R,S,T,U",Jasa lainnya,ADHK,2022,2983.0
Sumatera Utara,"R,S,T,U",Jasa lainnya,ADHK,2023,3266.0
Sumatera Utara,"R,S,T,U",Jasa lainnya,ADHK,2024,3479.0
Sumatera Barat,A,"Pertanian, Kehutanan, dan Perikanan",ADHB,2020,54099.0
Sumatera Barat,A,"Pertanian, Kehutanan, dan Perikanan",ADHB,2021,54886.0
Sumatera Barat,A,"Pertanian, Kehutanan, dan Perikanan",ADHB,2022,60510.0
Sumatera Barat,A,"Pertanian, Kehutanan, dan Perikanan",ADHB,2023,65801.0
Sumatera Barat,A,"Pertanian, Kehutanan, dan Perikanan",ADHB,2024,71162.0
Sumatera Barat,B,Pertambangan dan Penggalian,ADHB,2020,10342.0
Sumatera Barat,B,Pertambangan dan Penggalian,ADHB,2021,10618.0
Sumatera Barat,B,Pertambangan dan Penggalian,ADHB,2022,11682.0
Sumatera Barat,B,Pertambangan dan Penggalian,ADHB,2023,12755.0
Sumatera Barat,B,Pertambangan dan Penggalian,ADHB,2024,12906.0
Sumatera Barat,C,Industri Pengolahan,ADHB,2020,20908.0
Sumatera Barat,C,Industri Pengolahan,ADHB,2021,22257.0
Sumatera Barat,C,Industri Pengolahan,ADHB,2022,24361.0
Sumatera Barat,C,Industri Pengolahan,ADHB,2023,26300.0
Sumatera Barat,C,Industri Pengolahan,ADHB,2024,27873.0
Sumatera Barat,D,Pengadaan Listrik dan Gas,ADHB,2020,249.0
Sumatera Barat,D,Pengadaan Listrik dan Gas,ADHB,2021,259.0
Sumatera Barat,D,Pengadaan Listrik dan Gas,ADHB,2022,272.0
Sumatera Barat,D,Pengadaan Listrik dan Gas,ADHB,2023,289.0
Sumatera Barat,D,Pengadaan Listrik dan Gas,ADHB,2024,301.0
Sumatera Barat,E,"Pengadaan Air, Pengelolaan Sampah, Limbah dan Daur Ulang",ADHB,2020,221.0
Sumatera Barat,E,"Pengadaan Air, Pengelolaan Sampah, Limbah dan Daur Ulang",ADHB,2021,236.0
Sumatera Barat,E,"Pengadaan Air, Pengelolaan Sampah, Limbah dan Daur Ulang",ADHB,2022,257.0
Sumatera Barat,E,"Pengadaan Air, Pengelolaan Sampah, Limbah dan Daur Ulang",ADHB,2023,274.0
Sumatera Barat,E,"Pengadaan Air, Pengelolaan Sampah, Limbah dan Daur Ulang",ADHB,2024,292.0
Sumatera Barat,F,Konstruksi,ADHB,2020,24585.0
Sumatera Barat,F,Konstruksi,ADHB,2021,25776.0
Sumatera Barat,F,Konstruksi,ADHB,2022,28702.0
Sumatera Barat,F,Konstruksi,ADHB,2023,31758.0
Sumatera Barat,F,Konstruksi,ADHB,2024,33563.0
Sumatera Barat,G,Perdagangan Besar dan Eceran; Reparasi Mobil dan Sepeda Motor,ADHB,2020,38155.0
Sumatera Barat,G,Perdagangan Besar dan Eceran; Reparasi Mobil dan Sepeda Motor,ADHB,2021,40085.0
Sumatera Barat,G,Perdagangan Besar dan Eceran; Reparasi Mobil dan Sepeda Motor,ADHB,2022,47078.0
Sumatera Barat,G,Perdagangan Besar dan Eceran; Reparasi Mobil dan Sepeda Motor,ADHB,2023,51768.0
Sumatera Barat,G,Perdagangan Besar dan Eceran; Reparasi Mobil dan Sepeda Motor,ADHB,2024,55256.0
Sumatera Barat,H,Transportasi dan Pergudangan,ADHB,2020,25262.0
Sumatera Barat,H,Transportasi dan Pergudangan,ADHB,2021,26042.0
Sumatera Barat,H,Transportasi dan Pergudangan,ADHB,2022,31061.0
Sumatera Barat,H,Transportasi dan Pergudangan,ADHB,2023,35350.0
Sumatera Barat,H,Transportasi dan Pergudangan,ADHB,2024,37005.0
Sumatera Barat,I,Penyediaan Akomodasi dan Makan Minum,ADHB,2020,2992.0
Sumatera Barat,I,Penyediaan Akomodasi dan Makan Minum,ADHB,2021,3209.0
Sumatera Barat,I,Penyediaan Akomodasi dan Makan Minum,ADHB,2022,3862.0
Sumatera Barat,I,Penyediaan Akomodasi dan Makan Minum,ADHB,2023,4287.0
Sumatera Barat,I,Penyediaan Akomodasi dan Makan Minum,ADHB,2024,4574.0
Sumatera Barat,J,Informasi dan Komunikasi,ADHB,2020,15550.0
Sumatera Barat,J,Informasi dan Komunikasi,ADHB,2021,16739.0
Sumatera Barat,J,Informasi dan Komunikasi,ADHB,2022,19052.0
Sumatera Barat,J,Informasi dan Komunikasi,ADHB,2023,21007.0
Sumatera Barat,J,Informasi dan Komunikasi,ADHB,2024,22191.0
Sumatera Barat,K,Jasa Keuangan dan Asuransi,ADHB,2020,7349.0
Sumatera Barat,K,Jasa Keuangan dan Asuransi,ADHB,2021,8288.0
Sumatera Barat,K,Jasa Keuangan dan Asuransi,ADHB,2022,9223.0
Sumatera Barat,K,Jasa Keuangan dan Asuransi,ADHB,2023,9628.0
Sumatera Barat,K,Jasa Keuangan dan Asuransi,ADHB,2024,10255.0
Sumatera Barat,L,Real Estate,ADHB,2020,4991.0
Sumatera Barat,L,Real Estate,ADHB,2021,5173.0
Sumatera Barat,L,Real Estate,ADHB,2022,5761.0
Sumatera Barat,L,Real Estate,ADHB,2023,6493.0
Sumatera Barat,L,Real Estate,ADHB,2024,6965.0
Sumatera Barat,"M,N",Jasa Perusahaan,ADHB,2020,1069.0
Sumatera Barat,"M,N",Jasa Perusahaan,ADHB,2021,1088.0
Sumatera Barat,"M,N",Jasa Perusahaan,ADHB,2022,1205.0
Sumatera Barat,"M,N",Jasa Perusahaan,ADHB,2023,1366.0
Sumatera Barat,"M,N",Jasa Perusahaan,ADHB,2024,1431.0
Sumatera Barat,O,"Administrasi Pemerintahan, Pertahanan dan Jaminan Sosial Wajib",ADHB,2020,16252.0
Sumatera Barat,O,"Administrasi Pemerintahan, Pertahanan dan Jaminan Sosial Wajib",ADHB,2021,17445.0
Sumatera Barat,O,"Administrasi Pemerintahan, Pertahanan dan Jaminan Sosial Wajib",ADHB,2022,18619.0
Sumatera Barat,O,"Administrasi Pemerintahan, Pertahanan dan Jaminan Sosial Wajib",ADHB,2023,19785.0
Sumatera Barat,O,"Administrasi Pemerintahan, Pertahanan dan Jaminan Sosial Wajib",ADHB,2024,21534.0
Sumatera Barat,P,Jasa Pendidikan,ADHB,2020,11398.0
Sumatera Barat,P,Jasa Pendidikan,ADHB,2021,11778.0
Sumatera Barat,P,Jasa Pendidikan,ADHB,2022,13184.0
Sumatera Barat,P,Jasa Pendidikan,ADHB,2023,14006.0
Sumatera Barat,P,Jasa Pendidikan,ADHB,2024,14727.0
Sumatera Barat,Q,Jasa Kesehatan dan Kegiatan Sosial,ADHB,2020,3924.0
Sumatera Barat,Q,Jasa Kesehatan dan Kegiatan Sosial,ADHB,2021,4281.0
Sumatera Barat,Q,Jasa Kesehatan dan Kegiatan Sosial,ADHB,2022,4697.0
Sumatera Barat,Q,Jasa Kesehatan dan Kegiatan Sosial,ADHB,2023,5308.0
Sumatera Barat,Q,Jasa Kesehatan dan Kegiatan Sosial,ADHB,2024,5718.0
Sumatera Barat,"R,S,T,U",Jasa lainnya,ADHB,2020,4548.0
Sumatera Barat,"R,S,T,U",Jasa lainnya,ADHB,2021,4940.0
Sumatera Barat,"R,S,T,U",Jasa lainnya,ADHB,2022,5850.0
Sumatera Barat,"R,S,T,U",Jasa lainnya,ADHB,2023,6594.0
Sumatera Barat,"R,S,T,U",Jasa lainnya,ADHB,2024,7184.0
Sumatera Barat,A,"Pertanian, Kehutanan, dan Perikanan",ADHK,2020,37993.0
Sumatera Barat,A,"Pertanian, Kehutanan, dan Perikanan",ADHK,2021,38821.0
Sumatera Barat,A,"Pertanian, Kehutanan, dan Perikanan",ADHK,2022,40189.0
Sumatera Barat,A,"Pertanian, Kehutanan, dan Perikanan",ADHK,2023,41613.0
Sumatera Barat,A,"Pertanian, Kehutanan, dan Perikanan",ADHK,2024,42468.0
Sumatera Barat,B,Pertambangan dan Penggalian,ADHK,2020,7029.0
Sumatera Barat,B,Pertambangan dan Penggalian,ADHK,2021,6905.0
Sumatera Barat,B,Pertambangan dan Penggalian,ADHK,2022,7038.0
Sumatera Barat,B,Pertambangan dan Penggalian,ADHK,2023,7366.0
Sumatera Barat,B,Pertambangan dan Penggalian,ADHK,2024,7658.0
Sumatera Barat,C,Industri Pengolahan,ADHK,2020,16032.0
Sumatera Barat,C,Industri Pengolahan,ADHK,2021,16628.0
Sumatera Barat,C,Industri Pengolahan,ADHK,2022,16919.0
Sumatera Barat,C,Industri Pengolahan,ADHK,2023,17440.0
Sumatera Barat,C,Industri Pengolahan,ADHK,2024,17894.0
Sumatera Barat,D,Pengadaan Listrik dan Gas,ADHK,2020,170.0
Sumatera Barat,D,Pengadaan Listrik dan Gas,ADHK,2021,175.0
Sumatera Barat,D,Pengadaan Listrik dan Gas,ADHK,2022,181.0
Sumatera Barat,D,Pengadaan Listrik dan Gas,ADHK,2023,189.0
Sumatera Barat,D,Pengadaan Listrik dan Gas,ADHK,2024,197.0
Sumatera Barat,E,"Pengadaan Air, Pengelolaan Sampah, Limbah dan Daur Ulang",ADHK,2020,168.0
Sumatera Barat,E,"Pengadaan Air, Pengelolaan Sampah, Limbah dan Daur Ulang",ADHK,2021,178.0
Sumatera Barat,E,"Pengadaan Air, Pengelolaan Sampah, Limbah dan Daur Ulang",ADHK,2022,185.0
Sumatera Barat,E,"Pengadaan Air, Pengelolaan Sampah, Limbah dan Daur Ulang",ADHK,2023,190.0
Sumatera Barat,E,"Pengadaan Air, Pengelolaan Sampah, Limbah dan Daur Ulang",ADHK,2024,197.0
Sumatera Barat,F,Konstruksi,ADHK,2020,15854.0
Sumatera Barat,F,Konstruksi,ADHK,2021,16200.0
Sumatera Barat,F,Konstruksi,ADHK,2022,16608.0
Sumatera Barat,F,Konstruksi,ADHK,2023,17580.0
Sumatera Barat,F,Konstruksi,ADHK,2024,18385.0
Sumatera Barat,G,Perdagangan Besar dan Eceran; Reparasi Mobil dan Sepeda Motor,ADHK,2020,27553.0
Sumatera Barat,G,Perdagangan Besar dan Eceran; Reparasi Mobil dan Sepeda Motor,ADHK,2021,28957.0
Sumatera Barat,G,Perdagangan Besar dan Eceran; Reparasi Mobil dan Sepeda Motor,ADHK,2022,30578.0
Sumatera Barat,G,Perdagangan Besar dan Eceran; Reparasi Mobil dan Sepeda Motor,ADHK,2023,32029.0
Sumatera Barat,G,Perdagangan Besar dan Eceran; Reparasi Mobil dan Sepeda Motor,ADHK,2024,33570.0
Sumatera Barat,H,Transportasi dan Pergudangan,ADHK,2020,17552.0
Sumatera Barat,H,Transportasi dan Pergudangan,ADHK,2021,17998.0
Sumatera Barat,H,Transportasi dan Pergudangan,ADHK,2022,19030.0
Sumatera Barat,H,Transportasi dan Pergudangan,ADHK,2023,20128.0
Sumatera Barat,H,Transportasi dan Pergudangan,ADHK,2024,21248.0
Sumatera Barat,I,Penyediaan Akomodasi dan Makan Minum,ADHK,2020,1666.0
Sumatera Barat,I,Penyediaan Akomodasi dan Makan Minum,ADHK,2021,1760.0
Sumatera Barat,I,Penyediaan Akomodasi dan Makan Minum,ADHK,2022,2038.0
Sumatera Barat,I,Penyediaan Akomodasi dan Makan Minum,ADHK,2023,2195.0
Sumatera Barat,I,Penyediaan Akomodasi dan Makan Minum,ADHK,2024,2312.0
Sumatera Barat,J,Informasi dan Komunikasi,ADHK,2020,13964.0
Sumatera Barat,J,Informasi dan Komunikasi,ADHK,2021,14860.0
Sumatera Barat,J,Informasi dan Komunikasi,ADHK,2022,15903.0
Sumatera Barat,J,Informasi dan Komunikasi,ADHK,2023,17118.0
Sumatera Barat,J,Informasi dan Komunikasi,ADHK,2024,18051.0
Sumatera Barat,K,Jasa Keuangan dan Asuransi,ADHK,2020,4836.0
Sumatera Barat,K,Jasa Keuangan dan Asuransi,ADHK,2021,5245.0
Sumatera Barat,K,Jasa Keuangan dan Asuransi,ADHK,2022,5483.0
Sumatera Barat,K,Jasa Keuangan dan Asuransi,ADHK,2023,5636.0
Sumatera Barat,K,Jasa Keuangan dan Asuransi,ADHK,2024,5977.0
Sumatera Barat,L,Real Estate,ADHK,2020,3389.0
Sumatera Barat,L,Real Estate,ADHK,2021,3470.0
Sumatera Barat,L,Real Estate,ADHK,2022,3671.0
Sumatera Barat,L,Real Estate,ADHK,2023,3903.0
Sumatera Barat,L,Real Estate,ADHK,2024,4132.0
Sumatera Barat,"M,N",Jasa Perusahaan,ADHK,2020,737.0
Sumatera Barat,"M,N",Jasa Perusahaan,ADHK,2021,745.0
Sumatera Barat,"M,N",Jasa Perusahaan,ADHK,2022,800.0
Sumatera Barat,"M,N",Jasa Perusahaan,ADHK,2023,855.0
Sumatera Barat,"M,N",Jasa Perusahaan,ADHK,2024,895.0
Sumatera Barat,O,"Administrasi Pemerintahan, Pertahanan dan Jaminan Sosial Wajib",ADHK,2020,9757.0
Sumatera Barat,O,"Administrasi Pemerintahan, Pertahanan dan Jaminan Sosial Wajib",ADHK,2021,9840.0
Sumatera Barat,O,"Administrasi Pemerintahan, Pertahanan dan Jaminan Sosial Wajib",ADHK,2022,9928.0
Sumatera Barat,O,"Administrasi Pemerintahan, Pertahanan dan Jaminan Sosial Wajib",ADHK,2023,10121.0
Sumatera Barat,O,"Administrasi Pemerintahan, Pertahanan dan Jaminan Sosial Wajib",ADHK,2024,11017.0
Sumatera Barat,P,Jasa Pendidikan,ADHK,2020,7236.0
Sumatera Barat,P,Jasa Pendidikan,ADHK,2021,7369.0
Sumatera Barat,P,Jasa Pendidikan,ADHK,2022,7747.0
Sumatera Barat,P,Jasa Pendidikan,ADHK,2023,7889.0
Sumatera Barat,P,Jasa Pendidikan,ADHK,2024,8144.0
Sumatera Barat,Q,Jasa Kesehatan dan Kegiatan Sosial,ADHK,2020,2705.0
Sumatera Barat,Q,Jasa Kesehatan dan Kegiatan Sosial,ADHK,2021,2864.0
Sumatera Barat,Q,Jasa Kesehatan dan Kegiatan Sosial,ADHK,2022,2994.0
Sumatera Barat,Q,Jasa Kesehatan dan Kegiatan Sosial,ADHK,2023,3213.0
Sumatera Barat,Q,Jasa Kesehatan dan Kegiatan Sosial,ADHK,2024,3392.0
Sumatera Barat,"R,S,T,U",Jasa lainnya,ADHK,2020,2786.0
Sumatera Barat,"R,S,T,U",Jasa lainnya,ADHK,2021,2984.0
Sumatera Barat,"R,S,T,U",Jasa lainnya,ADHK,2022,3339.0
Sumatera Barat,"R,S,T,U",Jasa lainnya,ADHK,2023,3608.0
Sumatera Barat,"R,S,T,U",Jasa lainnya,ADHK,2024,3870.0
Riau,A,"Pertanian, Kehutanan, dan Perikanan",ADHB,2020,194661.0
Riau,A,"Pertanian, Kehutanan, dan Perikanan",ADHB,2021,225489.0
Riau,A,"Pertanian, Kehutanan, dan Perikanan",ADHB,2022,253079.0
Riau,A,"Pertanian, Kehutanan, dan Perikanan",ADHB,2023,269938.0
Riau,A,"Pertanian, Kehutanan, dan Perikanan",ADHB,2024,301626.0
Riau,B,Pertambangan dan Penggalian,ADHB,2020,129021.0
Riau,B,Pertambangan dan Penggalian,ADHB,2021,165084.0
Riau,B,Pertambangan dan Penggalian,ADHB,2022,225119.0
Riau,B,Pertambangan dan Penggalian,ADHB,2023,203008.0
Riau,B,Pertambangan dan Penggalian,ADHB,2024,205758.0
Riau,C,Industri Pengolahan,ADHB,2020,207301.0
Riau,C,Industri Pengolahan,ADHB,2021,235379.0
Riau,C,Industri Pengolahan,ADHB,2022,270307.0
Riau,C,Industri Pengolahan,ADHB,2023,282789.0
Riau,C,Industri Pengolahan,ADHB,2024,312818.0
Riau,D,Pengadaan Listrik dan Gas,ADHB,2020,628.0
Riau,D,Pengadaan Listrik dan Gas,ADHB,2021,656.0
Riau,D,Pengadaan Listrik dan Gas,ADHB,2022,776.0
Riau,D,Pengadaan Listrik dan Gas,ADHB,2023,830.0
Riau,D,Pengadaan Listrik dan Gas,ADHB,2024,888.0
Riau,E,"Pengadaan Air, Pengelolaan Sampah, Limbah dan Daur Ulang",ADHB,2020,84.0
Riau,E,"Pengadaan Air, Pengelolaan Sampah, Limbah dan Daur Ulang",ADHB,2021,88.0
Riau,E,"Pengadaan Air, Pengelolaan Sampah, Limbah dan Daur Ulang",ADHB,2022,94.0
Riau,E,"Pengadaan Air, Pengelolaan Sampah, Limbah dan Daur Ulang",ADHB,2023,102.0
Riau,E,"Pengadaan Air, Pengelolaan Sampah, Limbah dan Daur Ulang",ADHB,2024,109.0
Riau,F,Konstruksi,ADHB,2020,70554.0
Riau,F,Konstruksi,ADHB,2021,75517.0
Riau,F,Konstruksi,ADHB,2022,84970.0
Riau,F,Konstruksi,ADHB,2023,99416.0
Riau,F,Konstruksi,ADHB,2024,106657.0
Riau,G,Perdagangan Besar dan Eceran; Reparasi Mobil dan Sepeda Motor,ADHB,2020,74931.0
Riau,G,Perdagangan Besar dan Eceran; Reparasi Mobil dan Sepeda Motor,ADHB,2021,82996.0
Riau,G,Perdagangan Besar dan Eceran; Reparasi Mobil dan Sepeda Motor,ADHB,2022,97085.0
Riau,G,Perdagangan Besar dan Eceran; Reparasi Mobil dan Sepeda Motor,ADHB,2023,105304.0
Riau,G,Perdagangan Besar dan Eceran; Reparasi Mobil dan Sepeda Motor,ADHB,2024,114288.0
Riau,H,Transportasi dan Pergudangan,ADHB,2020,5305.0
Riau,H,Transportasi dan Pergudangan,ADHB,2021,5670.0
Riau,H,Transportasi dan Pergudangan,ADHB,2022,7344.0
Riau,H,Transportasi dan Pergudangan,ADHB,2023,8544.0
Riau,H,Transportasi dan Pergudangan,ADHB,2024,9503.0
Riau,I,Penyediaan Akomodasi dan Makan Minum,ADHB,2020,3333.0
Riau,I,Penyediaan Akomodasi dan Makan Minum,ADHB,2021,3978.0
Riau,I,Penyediaan Akomodasi dan Makan Minum,ADHB,2022,4521.0
Riau,I,Penyediaan Akomodasi dan Makan Minum,ADHB,2023,4824.0
Riau,I,Penyediaan Akomodasi dan Makan Minum,ADHB,2024,5495.0
Riau,J,Informasi dan Komunikasi,ADHB,2020,6420.0
Riau,J,Informasi dan Komunikasi,ADHB,2021,6915.0
Riau,J,Informasi dan Komunikasi,ADHB,2022,7531.0
Riau,J,Informasi dan Komunikasi,ADHB,2023,8193.0
Riau,J,Informasi dan Komunikasi,ADHB,2024,8837.0
Riau,K,Jasa Keuangan dan Asuransi,ADHB,2020,7171.0
Riau,K,Jasa Keuangan dan Asuransi,ADHB,2021,7955.0
Riau,K,Jasa Keuangan dan Asuransi,ADHB,2022,9144.0
Riau,K,Jasa Keuangan dan Asuransi,ADHB,2023,9692.0
Riau,K,Jasa Keuangan dan Asuransi,ADHB,2024,9924.0
Riau,L,Real Estate,ADHB,2020,7025.0
Riau,L,Real Estate,ADHB,2021,7322.0
Riau,L,Real Estate,ADHB,2022,7993.0
Riau,L,Real Estate,ADHB,2023,8531.0
Riau,L,Real Estate,ADHB,2024,9027.0
Riau,"M,N",Jasa Perusahaan,ADHB,2020,36.0
Riau,"M,N",Jasa Perusahaan,ADHB,2021,37.0
Riau,"M,N",Jasa Perusahaan,ADHB,2022,43.0
Riau,"M,N",Jasa Perusahaan,ADHB,2023,47.0
Riau,"M,N",Jasa Perusahaan,ADHB,2024,51.0
Riau,O,"Administrasi Pemerintahan, Pertahanan dan Jaminan Sosial Wajib",ADHB,2020,11375.0
Riau,O,"Administrasi Pemerintahan, Pertahanan dan Jaminan Sosial Wajib",ADHB,2021,11563.0
Riau,O,"Administrasi Pemerintahan, Pertahanan dan Jaminan Sosial Wajib",ADHB,2022,12380.0
Riau,O,"Administrasi Pemerintahan, Pertahanan dan Jaminan Sosial Wajib",ADHB,2023,13224.0
Riau,O,"Administrasi Pemerintahan, Pertahanan dan Jaminan Sosial Wajib",ADHB,2024,14529.0
Riau,P,Jasa Pendidikan,ADHB,2020,4406.0
Riau,P,Jasa Pendidikan,ADHB,2021,4585.0
Riau,P,Jasa Pendidikan,ADHB,2022,4832.0
Riau,P,Jasa Pendidikan,ADHB,2023,5077.0
Riau,P,Jasa Pendidikan,ADHB,2024,5402.0
Riau,Q,Jasa Kesehatan dan Kegiatan Sosial,ADHB,2020,1941.0
Riau,Q,Jasa Kesehatan dan Kegiatan Sosial,ADHB,2021,2188.0
Riau,Q,Jasa Kesehatan dan Kegiatan Sosial,ADHB,2022,2288.0
Riau,Q,Jasa Kesehatan dan Kegiatan Sosial,ADHB,2023,2514.0
Riau,Q,Jasa Kesehatan dan Kegiatan Sosial,ADHB,2024,2714.0
Riau,"R,S,T,U",Jasa lainnya,ADHB,2020,3405.0
Riau,"R,S,T,U",Jasa lainnya,ADHB,2021,3579.0
Riau,"R,S,T,U",Jasa lainnya,ADHB,2022,4110.0
Riau,"R,S,T,U",Jasa lainnya,ADHB,2023,4439.0
Riau,"R,S,T,U",Jasa lainnya,ADHB,2024,4855.0
Riau,A,"Pertanian, Kehutanan, dan Perikanan",ADHK,2020,135124.0
Riau,A,"Pertanian, Kehutanan, dan Perikanan",ADHK,2021,140718.0
Riau,A,"Pertanian, Kehutanan, dan Perikanan",ADHK,2022,144691.0
Riau,A,"Pertanian, Kehutanan, dan Perikanan",ADHK,2023,149361.0
Riau,A,"Pertanian, Kehutanan, dan Perikanan",ADHK,2024,152698.0
Riau,B,Pertambangan dan Penggalian,ADHK,2020,80191.0
Riau,B,Pertambangan dan Penggalian,ADHK,2021,77688.0
Riau,B,Pertambangan dan Penggalian,ADHK,2022,78744.0
Riau,B,Pertambangan dan Penggalian,ADHK,2023,80730.0
Riau,B,Pertambangan dan Penggalian,ADHK,2024,81020.0
Riau,C,Industri Pengolahan,ADHK,2020,156074.0
Riau,C,Industri Pengolahan,ADHK,2021,162437.0
Riau,C,Industri Pengolahan,ADHK,2022,170117.0
Riau,C,Industri Pengolahan,ADHK,2023,176290.0
Riau,C,Industri Pengolahan,ADHK,2024,182856.0
Riau,D,Pengadaan Listrik dan Gas,ADHK,2020,370.0
Riau,D,Pengadaan Listrik dan Gas,ADHK,2021,386.0
Riau,D,Pengadaan Listrik dan Gas,ADHK,2022,441.0
Riau,D,Pengadaan Listrik dan Gas,ADHK,2023,447.0
Riau,D,Pengadaan Listrik dan Gas,ADHK,2024,478.0
Riau,E,"Pengadaan Air, Pengelolaan Sampah, Limbah dan Daur Ulang",ADHK,2020,67.0
Riau,E,"Pengadaan Air, Pengelolaan Sampah, Limbah dan Daur Ulang",ADHK,2021,70.0
Riau,E,"Pengadaan Air, Pengelolaan Sampah, Limbah dan Daur Ulang",ADHK,2022,73.0
Riau,E,"Pengadaan Air, Pengelolaan Sampah, Limbah dan Daur Ulang",ADHK,2023,77.0
Riau,E,"Pengadaan Air, Pengelolaan Sampah, Limbah dan Daur Ulang",ADHK,2024,80.0
Riau,F,Konstruksi,ADHK,2020,41492.0
Riau,F,Konstruksi,ADHK,2021,42630.0
Riau,F,Konstruksi,ADHK,2022,44660.0
Riau,F,Konstruksi,ADHK,2023,48757.0
Riau,F,Konstruksi,ADHK,2024,51938.0
Riau,G,Perdagangan Besar dan Eceran; Reparasi Mobil dan Sepeda Motor,ADHK,2020,42613.0
Riau,G,Perdagangan Besar dan Eceran; Reparasi Mobil dan Sepeda Motor,ADHK,2021,46854.0
Riau,G,Perdagangan Besar dan Eceran; Reparasi Mobil dan Sepeda Motor,ADHK,2022,52428.0
Riau,G,Perdagangan Besar dan Eceran; Reparasi Mobil dan Sepeda Motor,ADHK,2023,55636.0
Riau,G,Perdagangan Besar dan Eceran; Reparasi Mobil dan Sepeda Motor,ADHK,2024,59003.0
Riau,H,Transportasi dan Pergudangan,ADHK,2020,3204.0
Riau,H,Transportasi dan Pergudangan,ADHK,2021,3348.0
Riau,H,Transportasi dan Pergudangan,ADHK,2022,3970.0
Riau,H,Transportasi dan Pergudangan,ADHK,2023,4300.0
Riau,H,Transportasi dan Pergudangan,ADHK,2024,4582.0
Riau,I,Penyediaan Akomodasi dan Makan Minum,ADHK,2020,1841.0
Riau,I,Penyediaan Akomodasi dan Makan Minum,ADHK,2021,2162.0
Riau,I,Penyediaan Akomodasi dan Makan Minum,ADHK,2022,2398.0
Riau,I,Penyediaan Akomodasi dan Makan Minum,ADHK,2023,2499.0
Riau,I,Penyediaan Akomodasi dan Makan Minum,ADHK,2024,2766.0
Riau,J,Informasi dan Komunikasi,ADHK,2020,5318.0
Riau,J,Informasi dan Komunikasi,ADHK,2021,5705.0
Riau,J,Informasi dan Komunikasi,ADHK,2022,6094.0
Riau,J,Informasi dan Komunikasi,ADHK,2023,6562.0
Riau,J,Informasi dan Komunikasi,ADHK,2024,7058.0
Riau,K,Jasa Keuangan dan Asuransi,ADHK,2020,4782.0
Riau,K,Jasa Keuangan dan Asuransi,ADHK,2021,5028.0
Riau,K,Jasa Keuangan dan Asuransi,ADHK,2022,5277.0
Riau,K,Jasa Keuangan dan Asuransi,ADHK,2023,5492.0
Riau,K,Jasa Keuangan dan Asuransi,ADHK,2024,5563.0
Riau,L,Real Estate,ADHK,2020,4695.0
Riau,L,Real Estate,ADHK,2021,4841.0
Riau,L,Real Estate,ADHK,2022,5106.0
Riau,L,Real Estate,ADHK,2023,5307.0
Riau,L,Real Estate,ADHK,2024,5512.0
Riau,"M,N",Jasa Perusahaan,ADHK,2020,23.0
Riau,"M,N",Jasa Perusahaan,ADHK,2021,23.0
Riau,"M,N",Jasa Perusahaan,ADHK,2022,26.0
Riau,"M,N",Jasa Perusahaan,ADHK,2023,28.0
Riau,"M,N",Jasa Perusahaan,ADHK,2024,30.0
Riau,O,"Administrasi Pemerintahan, Pertahanan dan Jaminan Sosial Wajib",ADHK,2020,8309.0
Riau,O,"Administrasi Pemerintahan, Pertahanan dan Jaminan Sosial Wajib",ADHK,2021,8375.0
Riau,O,"Administrasi Pemerintahan, Pertahanan dan Jaminan Sosial Wajib",ADHK,2022,8876.0
Riau,O,"Administrasi Pemerintahan, Pertahanan dan Jaminan Sosial Wajib",ADHK,2023,9355.0
Riau,O,"Administrasi Pemerintahan, Pertahanan dan Jaminan Sosial Wajib",ADHK,2024,10239.0
Riau,P,Jasa Pendidikan,ADHK,2020,2586.0
Riau,P,Jasa Pendidikan,ADHK,2021,2672.0
Riau,P,Jasa Pendidikan,ADHK,2022,2777.0
Riau,P,Jasa Pendidikan,ADHK,2023,2881.0
Riau,P,Jasa Pendidikan,ADHK,2024,3009.0
Riau,Q,Jasa Kesehatan dan Kegiatan Sosial,ADHK,2020,1183.0
Riau,Q,Jasa Kesehatan dan Kegiatan Sosial,ADHK,2021,1319.0
Riau,Q,Jasa Kesehatan dan Kegiatan Sosial,ADHK,2022,1352.0
Riau,Q,Jasa Kesehatan dan Kegiatan Sosial,ADHK,2023,1446.0
Riau,Q,Jasa Kesehatan dan Kegiatan Sosial,ADHK,2024,1542.0
Riau,"R,S,T,U",Jasa lainnya,ADHK,2020,2125.0
Riau,"R,S,T,U",Jasa lainnya,ADHK,2021,2216.0
Riau,"R,S,T,U",Jasa lainnya,ADHK,2022,2503.0
Riau,"R,S,T,U",Jasa lainnya,ADHK,2023,2660.0
Riau,"R,S,T,U",Jasa lainnya,ADHK,2024,2860.0
Jambi,A,"Pertanian, Kehutanan, dan Perikanan",ADHB,2020,63563.0
Jambi,A,"Pertanian, Kehutanan, dan Perikanan",ADHB,2021,73232.0
Jambi,A,"Pertanian, Kehutanan, dan Perikanan",ADHB,2022,83576.0
Jambi,A,"Pertanian, Kehutanan, dan Perikanan",ADHB,2023,93493.0
Jambi,A,"Pertanian, Kehutanan, dan Perikanan",ADHB,2024,109582.0
Jambi,B,Pertambangan dan Penggalian,ADHB,2020,25187.0
Jambi,B,Pertambangan dan Penggalian,ADHB,2021,32981.0
Jambi,B,Pertambangan dan Penggalian,ADHB,2022,53249.0
Jambi,B,Pertambangan dan Penggalian,ADHB,2023,44972.0
Jambi,B,Pertambangan dan Penggalian,ADHB,2024,43307.0
Jambi,C,Industri Pengolahan,ADHB,2020,22005.0
Jambi,C,Industri Pengolahan,ADHB,2021,23806.0
Jambi,C,Industri Pengolahan,ADHB,2022,27044.0
Jambi,C,Industri Pengolahan,ADHB,2023,29359.0
Jambi,C,Industri Pengolahan,ADHB,2024,31557.0
Jambi,D,Pengadaan Listrik dan Gas,ADHB,2020,153.0
Jambi,D,Pengadaan Listrik dan Gas,ADHB,2021,166.0
Jambi,D,Pengadaan Listrik dan Gas,ADHB,2022,191.0
Jambi,D,Pengadaan Listrik dan Gas,ADHB,2023,221.0
Jambi,D,Pengadaan Listrik dan Gas,ADHB,2024,243.0
Jambi,E,"Pengadaan Air, Pengelolaan Sampah, Limbah dan Daur Ulang",ADHB,2020,312.0
Jambi,E,"Pengadaan Air, Pengelolaan Sampah, Limbah dan Daur Ulang",ADHB,2021,331.0
Jambi,E,"Pengadaan Air, Pengelolaan Sampah, Limbah dan Daur Ulang",ADHB,2022,352.0
Jambi,E,"Pengadaan Air, Pengelolaan Sampah, Limbah dan Daur Ulang",ADHB,2023,382.0
Jambi,E,"Pengadaan Air, Pengelolaan Sampah, Limbah dan Daur Ulang",ADHB,2024,401.0
Jambi,F,Konstruksi,ADHB,2020,16416.0
Jambi,F,Konstruksi,ADHB,2021,18471.0
Jambi,F,Konstruksi,ADHB,2022,19407.0
Jambi,F,Konstruksi,ADHB,2023,21652.0
Jambi,F,Konstruksi,ADHB,2024,23950.0
Jambi,G,Perdagangan Besar dan Eceran; Reparasi Mobil dan Sepeda Motor,ADHB,2020,25878.0
Jambi,G,Perdagangan Besar dan Eceran; Reparasi Mobil dan Sepeda Motor,ADHB,2021,29050.0
Jambi,G,Perdagangan Besar dan Eceran; Reparasi Mobil dan Sepeda Motor,ADHB,2022,33816.0
Jambi,G,Perdagangan Besar dan Eceran; Reparasi Mobil dan Sepeda Motor,ADHB,2023,39072.0
Jambi,G,Perdagangan Besar dan Eceran; Reparasi Mobil dan Sepeda Motor,ADHB,2024,42914.0
Jambi,H,Transportasi dan Pergudangan,ADHB,2020,5644.0
Jambi,H,Transportasi dan Pergudangan,ADHB,2021,6060.0
Jambi,H,Transportasi dan Pergudangan,ADHB,2022,7913.0
Jambi,H,Transportasi dan Pergudangan,ADHB,2023,9413.0
Jambi,H,Transportasi dan Pergudangan,ADHB,2024,10402.0
Jambi,I,Penyediaan Akomodasi dan Makan Minum,ADHB,2020,2434.0
Jambi,I,Penyediaan Akomodasi dan Makan Minum,ADHB,2021,2569.0
Jambi,I,Penyediaan Akomodasi dan Makan Minum,ADHB,2022,2902.0
Jambi,I,Penyediaan Akomodasi dan Makan Minum,ADHB,2023,3190.0
Jambi,I,Penyediaan Akomodasi dan Makan Minum,ADHB,2024,3553.0
Jambi,J,Informasi dan Komunikasi,ADHB,2020,9137.0
Jambi,J,Informasi dan Komunikasi,ADHB,2021,9513.0
Jambi,J,Informasi dan Komunikasi,ADHB,2022,10177.0
Jambi,J,Informasi dan Komunikasi,ADHB,2023,10913.0
Jambi,J,Informasi dan Komunikasi,ADHB,2024,11503.0
Jambi,K,Jasa Keuangan dan Asuransi,ADHB,2020,5395.0
Jambi,K,Jasa Keuangan dan Asuransi,ADHB,2021,5976.0
Jambi,K,Jasa Keuangan dan Asuransi,ADHB,2022,6425.0
Jambi,K,Jasa Keuangan dan Asuransi,ADHB,2023,6670.0
Jambi,K,Jasa Keuangan dan Asuransi,ADHB,2024,6965.0
Jambi,L,Real Estate,ADHB,2020,3568.0
Jambi,L,Real Estate,ADHB,2021,3754.0
Jambi,L,Real Estate,ADHB,2022,4151.0
Jambi,L,Real Estate,ADHB,2023,4368.0
Jambi,L,Real Estate,ADHB,2024,4673.0
Jambi,"M,N",Jasa Perusahaan,ADHB,2020,2583.0
Jambi,"M,N",Jasa Perusahaan,ADHB,2021,2765.0
Jambi,"M,N",Jasa Perusahaan,ADHB,2022,3559.0
Jambi,"M,N",Jasa Perusahaan,ADHB,2023,4366.0
Jambi,"M,N",Jasa Perusahaan,ADHB,2024,4944.0
Jambi,O,"Administrasi Pemerintahan, Pertahanan dan Jaminan Sosial Wajib",ADHB,2020,9949.0
Jambi,O,"Administrasi Pemerintahan, Pertahanan dan Jaminan Sosial Wajib",ADHB,2021,9999.0
Jambi,O,"Administrasi Pemerintahan, Pertahanan dan Jaminan Sosial Wajib",ADHB,2022,9922.0
Jambi,O,"Administrasi Pemerintahan, Pertahanan dan Jaminan Sosial Wajib",ADHB,2023,10336.0
Jambi,O,"Administrasi Pemerintahan, Pertahanan dan Jaminan Sosial Wajib",ADHB,2024,11895.0
Jambi,P,Jasa Pendidikan,ADHB,2020,7966.0
Jambi,P,Jasa Pendidikan,ADHB,2021,8201.0
Jambi,P,Jasa Pendidikan,ADHB,2022,8585.0
Jambi,P,Jasa Pendidikan,ADHB,2023,9037.0
Jambi,P,Jasa Pendidikan,ADHB,2024,9893.0
Jambi,Q,Jasa Kesehatan dan Kegiatan Sosial,ADHB,2020,2806.0
Jambi,Q,Jasa Kesehatan dan Kegiatan Sosial,ADHB,2021,3315.0
Jambi,Q,Jasa Kesehatan dan Kegiatan Sosial,ADHB,2022,3288.0
Jambi,Q,Jasa Kesehatan dan Kegiatan Sosial,ADHB,2023,3554.0
Jambi,Q,Jasa Kesehatan dan Kegiatan Sosial,ADHB,2024,4103.0
Jambi,"R,S,T,U",Jasa lainnya,ADHB,2020,2086.0
Jambi,"R,S,T,U",Jasa lainnya,ADHB,2021,2104.0
Jambi,"R,S,T,U",Jasa lainnya,ADHB,2022,2381.0
Jambi,"R,S,T,U",Jasa lainnya,ADHB,2023,2785.0
Jambi,"R,S,T,U",Jasa lainnya,ADHB,2024,3089.0
Jambi,A,"Pertanian, Kehutanan, dan Perikanan",ADHK,2020,39752.0
Jambi,A,"Pertanian, Kehutanan, dan Perikanan",ADHK,2021,41209.0
Jambi,A,"Pertanian, Kehutanan, dan Perikanan",ADHK,2022,43268.0
Jambi,A,"Pertanian, Kehutanan, dan Perikanan",ADHK,2023,45697.0
Jambi,A,"Pertanian, Kehutanan, dan Perikanan",ADHK,2024,47640.0
Jambi,B,Pertambangan dan Penggalian,ADHK,2020,34989.0
Jambi,B,Pertambangan dan Penggalian,ADHK,2021,35730.0
Jambi,B,Pertambangan dan Penggalian,ADHK,2022,38502.0
Jambi,B,Pertambangan dan Penggalian,ADHK,2023,38529.0
Jambi,B,Pertambangan dan Penggalian,ADHK,2024,38193.0
Jambi,C,Industri Pengolahan,ADHK,2020,15514.0
Jambi,C,Industri Pengolahan,ADHK,2021,15727.0
Jambi,C,Industri Pengolahan,ADHK,2022,16213.0
Jambi,C,Industri Pengolahan,ADHK,2023,16893.0
Jambi,C,Industri Pengolahan,ADHK,2024,17692.0
Jambi,D,Pengadaan Listrik dan Gas,ADHK,2020,81.0
Jambi,D,Pengadaan Listrik dan Gas,ADHK,2021,87.0
Jambi,D,Pengadaan Listrik dan Gas,ADHK,2022,97.0
Jambi,D,Pengadaan Listrik dan Gas,ADHK,2023,109.0
Jambi,D,Pengadaan Listrik dan Gas,ADHK,2024,117.0
Jambi,E,"Pengadaan Air, Pengelolaan Sampah, Limbah dan Daur Ulang",ADHK,2020,203.0
Jambi,E,"Pengadaan Air, Pengelolaan Sampah, Limbah dan Daur Ulang",ADHK,2021,213.0
Jambi,E,"Pengadaan Air, Pengelolaan Sampah, Limbah dan Daur Ulang",ADHK,2022,220.0
Jambi,E,"Pengadaan Air, Pengelolaan Sampah, Limbah dan Daur Ulang",ADHK,2023,220.0
Jambi,E,"Pengadaan Air, Pengelolaan Sampah, Limbah dan Daur Ulang",ADHK,2024,225.0
Jambi,F,Konstruksi,ADHK,2020,11141.0
Jambi,F,Konstruksi,ADHK,2021,12025.0
Jambi,F,Konstruksi,ADHK,2022,11919.0
Jambi,F,Konstruksi,ADHK,2023,12870.0
Jambi,F,Konstruksi,ADHK,2024,14135.0
Jambi,G,Perdagangan Besar dan Eceran; Reparasi Mobil dan Sepeda Motor,ADHK,2020,14203.0
Jambi,G,Perdagangan Besar dan Eceran; Reparasi Mobil dan Sepeda Motor,ADHK,2021,15050.0
Jambi,G,Perdagangan Besar dan Eceran; Reparasi Mobil dan Sepeda Motor,ADHK,2022,15863.0
Jambi,G,Perdagangan Besar dan Eceran; Reparasi Mobil dan Sepeda Motor,ADHK,2023,17264.0
Jambi,G,Perdagangan Besar dan Eceran; Reparasi Mobil dan Sepeda Motor,ADHK,2024,18283.0
Jambi,H,Transportasi dan Pergudangan,ADHK,2020,4204.0
Jambi,H,Transportasi dan Pergudangan,ADHK,2021,4437.0
Jambi,H,Transportasi dan Pergudangan,ADHK,2022,5190.0
Jambi,H,Transportasi dan Pergudangan,ADHK,2023,5620.0
Jambi,H,Transportasi dan Pergudangan,ADHK,2024,6081.0
Jambi,I,Penyediaan Akomodasi dan Makan Minum,ADHK,2020,1583.0
Jambi,I,Penyediaan Akomodasi dan Makan Minum,ADHK,2021,1661.0
Jambi,I,Penyediaan Akomodasi dan Makan Minum,ADHK,2022,1846.0
Jambi,I,Penyediaan Akomodasi dan Makan Minum,ADHK,2023,2007.0
Jambi,I,Penyediaan Akomodasi dan Makan Minum,ADHK,2024,2201.0
Jambi,J,Informasi dan Komunikasi,ADHK,2020,6101.0
Jambi,J,Informasi dan Komunikasi,ADHK,2021,6335.0
Jambi,J,Informasi dan Komunikasi,ADHK,2022,6794.0
Jambi,J,Informasi dan Komunikasi,ADHK,2023,7304.0
Jambi,J,Informasi dan Komunikasi,ADHK,2024,7687.0
Jambi,K,Jasa Keuangan dan Asuransi,ADHK,2020,3487.0
Jambi,K,Jasa Keuangan dan Asuransi,ADHK,2021,3674.0
Jambi,K,Jasa Keuangan dan Asuransi,ADHK,2022,3648.0
Jambi,K,Jasa Keuangan dan Asuransi,ADHK,2023,3692.0
Jambi,K,Jasa Keuangan dan Asuransi,ADHK,2024,3778.0
Jambi,L,Real Estate,ADHK,2020,2212.0
Jambi,L,Real Estate,ADHK,2021,2282.0
Jambi,L,Real Estate,ADHK,2022,2378.0
Jambi,L,Real Estate,ADHK,2023,2457.0
Jambi,L,Real Estate,ADHK,2024,2587.0
Jambi,"M,N",Jasa Perusahaan,ADHK,2020,1481.0
Jambi,"M,N",Jasa Perusahaan,ADHK,2021,1540.0
Jambi,"M,N",Jasa Perusahaan,ADHK,2022,1773.0
Jambi,"M,N",Jasa Perusahaan,ADHK,2023,2072.0
Jambi,"M,N",Jasa Perusahaan,ADHK,2024,2269.0
Jambi,O,"Administrasi Pemerintahan, Pertahanan dan Jaminan Sosial Wajib",ADHK,2020,4823.0
Jambi,O,"Administrasi Pemerintahan, Pertahanan dan Jaminan Sosial Wajib",ADHK,2021,4929.0
Jambi,O,"Administrasi Pemerintahan, Pertahanan dan Jaminan Sosial Wajib",ADHK,2022,4898.0
Jambi,O,"Administrasi Pemerintahan, Pertahanan dan Jaminan Sosial Wajib",ADHK,2023,5043.0
Jambi,O,"Administrasi Pemerintahan, Pertahanan dan Jaminan Sosial Wajib",ADHK,2024,5614.0
Jambi,P,Jasa Pendidikan,ADHK,2020,5154.0
Jambi,P,Jasa Pendidikan,ADHK,2021,5217.0
Jambi,P,Jasa Pendidikan,ADHK,2022,5322.0
Jambi,P,Jasa Pendidikan,ADHK,2023,5457.0
Jambi,P,Jasa Pendidikan,ADHK,2024,5919.0
Jambi,Q,Jasa Kesehatan dan Kegiatan Sosial,ADHK,2020,1914.0
Jambi,Q,Jasa Kesehatan dan Kegiatan Sosial,ADHK,2021,2212.0
Jambi,Q,Jasa Kesehatan dan Kegiatan Sosial,ADHK,2022,2161.0
Jambi,Q,Jasa Kesehatan dan Kegiatan Sosial,ADHK,2023,2261.0
Jambi,Q,Jasa Kesehatan dan Kegiatan Sosial,ADHK,2024,2561.0
Jambi,"R,S,T,U",Jasa lainnya,ADHK,2020,1513.0
Jambi,"R,S,T,U",Jasa lainnya,ADHK,2021,1521.0
Jambi,"R,S,T,U",Jasa lainnya,ADHK,2022,1640.0
Jambi,"R,S,T,U",Jasa lainnya,ADHK,2023,1780.0
Jambi,"R,S,T,U",Jasa lainnya,ADHK,2024,1926.0
Sumatera Selatan,A,"Pertanian, Kehutanan, dan Perikanan",ADHB,2020,68961.0
Sumatera Selatan,A,"Pertanian, Kehutanan, dan Perikanan",ADHB,2021,72602.0
Sumatera Selatan,A,"Pertanian, Kehutanan, dan Perikanan",ADHB,2022,77172.0
Sumatera Selatan,A,"Pertanian, Kehutanan, dan Perikanan",ADHB,2023,82400.0
Sumatera Selatan,A,"Pertanian, Kehutanan, dan Perikanan",ADHB,2024,90047.0
Sumatera Selatan,B,Pertambangan dan Penggalian,ADHB,2020,83283.0
Sumatera Selatan,B,Pertambangan dan Penggalian,ADHB,2021,103810.0
Sumatera Selatan,B,Pertambangan dan Penggalian,ADHB,2022,163521.0
Sumatera Selatan,B,Pertambangan dan Penggalian,ADHB,2023,167373.0
Sumatera Selatan,B,Pertambangan dan Penggalian,ADHB,2024,163335.0
Sumatera Selatan,C,Industri Pengolahan,ADHB,2020,89706.0
Sumatera Selatan,C,Industri Pengolahan,ADHB,2021,94213.0
Sumatera Selatan,C,Industri Pengolahan,ADHB,2022,103317.0
Sumatera Selatan,C,Industri Pengolahan,ADHB,2023,112695.0
Sumatera Selatan,C,Industri Pengolahan,ADHB,2024,121330.0
Sumatera Selatan,D,Pengadaan Listrik dan Gas,ADHB,2020,673.0
Sumatera Selatan,D,Pengadaan Listrik dan Gas,ADHB,2021,728.0
Sumatera Selatan,D,Pengadaan Listrik dan Gas,ADHB,2022,751.0
Sumatera Selatan,D,Pengadaan Listrik dan Gas,ADHB,2023,800.0
Sumatera Selatan,D,Pengadaan Listrik dan Gas,ADHB,2024,877.0
Sumatera Selatan,E,"Pengadaan Air, Pengelolaan Sampah, Limbah dan Daur Ulang",ADHB,2020,606.0
Sumatera Selatan,E,"Pengadaan Air, Pengelolaan Sampah, Limbah dan Daur Ulang",ADHB,2021,595.0
Sumatera Selatan,E,"Pengadaan Air, Pengelolaan Sampah, Limbah dan Daur Ulang",ADHB,2022,604.0
Sumatera Selatan,E,"Pengadaan Air, Pengelolaan Sampah, Limbah dan Daur Ulang",ADHB,2023,614.0
Sumatera Selatan,E,"Pengadaan Air, Pengelolaan Sampah, Limbah dan Daur Ulang",ADHB,2024,641.0
Sumatera Selatan,F,Konstruksi,ADHB,2020,56978.0
Sumatera Selatan,F,Konstruksi,ADHB,2021,58864.0
Sumatera Selatan,F,Konstruksi,ADHB,2022,62955.0
Sumatera Selatan,F,Konstruksi,ADHB,2023,67279.0
Sumatera Selatan,F,Konstruksi,ADHB,2024,71717.0
Sumatera Selatan,G,Perdagangan Besar dan Eceran; Reparasi Mobil dan Sepeda Motor,ADHB,2020,62324.0
Sumatera Selatan,G,Perdagangan Besar dan Eceran; Reparasi Mobil dan Sepeda Motor,ADHB,2021,66481.0
Sumatera Selatan,G,Perdagangan Besar dan Eceran; Reparasi Mobil dan Sepeda Motor,ADHB,2022,76531.0
Sumatera Selatan,G,Perdagangan Besar dan Eceran; Reparasi Mobil dan Sepeda Motor,ADHB,2023,84297.0
Sumatera Selatan,G,Perdagangan Besar dan Eceran; Reparasi Mobil dan Sepeda Motor,ADHB,2024,91959.0
Sumatera Selatan,H,Transportasi dan Pergudangan,ADHB,2020,10669.0
Sumatera Selatan,H,Transportasi dan Pergudangan,ADHB,2021,10472.0
Sumatera Selatan,H,Transportasi dan Pergudangan,ADHB,2022,13043.0
Sumatera Selatan,H,Transportasi dan Pergudangan,ADHB,2023,15484.0
Sumatera Selatan,H,Transportasi dan Pergudangan,ADHB,2024,16580.0
Sumatera Selatan,I,Penyediaan Akomodasi dan Makan Minum,ADHB,2020,8519.0
Sumatera Selatan,I,Penyediaan Akomodasi dan Makan Minum,ADHB,2021,8933.0
Sumatera Selatan,I,Penyediaan Akomodasi dan Makan Minum,ADHB,2022,10470.0
Sumatera Selatan,I,Penyediaan Akomodasi dan Makan Minum,ADHB,2023,12045.0
Sumatera Selatan,I,Penyediaan Akomodasi dan Makan Minum,ADHB,2024,13371.0
Sumatera Selatan,J,Informasi dan Komunikasi,ADHB,2020,14937.0
Sumatera Selatan,J,Informasi dan Komunikasi,ADHB,2021,15852.0
Sumatera Selatan,J,Informasi dan Komunikasi,ADHB,2022,17142.0
Sumatera Selatan,J,Informasi dan Komunikasi,ADHB,2023,18257.0
Sumatera Selatan,J,Informasi dan Komunikasi,ADHB,2024,19905.0
Sumatera Selatan,K,Jasa Keuangan dan Asuransi,ADHB,2020,10878.0
Sumatera Selatan,K,Jasa Keuangan dan Asuransi,ADHB,2021,11728.0
Sumatera Selatan,K,Jasa Keuangan dan Asuransi,ADHB,2022,12283.0
Sumatera Selatan,K,Jasa Keuangan dan Asuransi,ADHB,2023,13029.0
Sumatera Selatan,K,Jasa Keuangan dan Asuransi,ADHB,2024,14166.0
Sumatera Selatan,L,Real Estate,ADHB,2020,15203.0
Sumatera Selatan,L,Real Estate,ADHB,2021,15984.0
Sumatera Selatan,L,Real Estate,ADHB,2022,17127.0
Sumatera Selatan,L,Real Estate,ADHB,2023,18073.0
Sumatera Selatan,L,Real Estate,ADHB,2024,19503.0
Sumatera Selatan,"M,N",Jasa Perusahaan,ADHB,2020,617.0
Sumatera Selatan,"M,N",Jasa Perusahaan,ADHB,2021,623.0
Sumatera Selatan,"M,N",Jasa Perusahaan,ADHB,2022,664.0
Sumatera Selatan,"M,N",Jasa Perusahaan,ADHB,2023,699.0
Sumatera Selatan,"M,N",Jasa Perusahaan,ADHB,2024,748.0
Sumatera Selatan,O,"Administrasi Pemerintahan, Pertahanan dan Jaminan Sosial Wajib",ADHB,2020,13181.0
Sumatera Selatan,O,"Administrasi Pemerintahan, Pertahanan dan Jaminan Sosial Wajib",ADHB,2021,13653.0
Sumatera Selatan,O,"Administrasi Pemerintahan, Pertahanan dan Jaminan Sosial Wajib",ADHB,2022,14474.0
Sumatera Selatan,O,"Administrasi Pemerintahan, Pertahanan dan Jaminan Sosial Wajib",ADHB,2023,15216.0
Sumatera Selatan,O,"Administrasi Pemerintahan, Pertahanan dan Jaminan Sosial Wajib",ADHB,2024,16670.0
Sumatera Selatan,P,Jasa Pendidikan,ADHB,2020,10928.0
Sumatera Selatan,P,Jasa Pendidikan,ADHB,2021,11676.0
Sumatera Selatan,P,Jasa Pendidikan,ADHB,2022,12165.0
Sumatera Selatan,P,Jasa Pendidikan,ADHB,2023,12746.0
Sumatera Selatan,P,Jasa Pendidikan,ADHB,2024,14305.0
Sumatera Selatan,Q,Jasa Kesehatan dan Kegiatan Sosial,ADHB,2020,3255.0
Sumatera Selatan,Q,Jasa Kesehatan dan Kegiatan Sosial,ADHB,2021,3473.0
Sumatera Selatan,Q,Jasa Kesehatan dan Kegiatan Sosial,ADHB,2022,3692.0
Sumatera Selatan,Q,Jasa Kesehatan dan Kegiatan Sosial,ADHB,2023,3799.0
Sumatera Selatan,Q,Jasa Kesehatan dan Kegiatan Sosial,ADHB,2024,4155.0
Sumatera Selatan,"R,S,T,U",Jasa lainnya,ADHB,2020,3889.0
Sumatera Selatan,"R,S,T,U",Jasa lainnya,ADHB,2021,3947.0
Sumatera Selatan,"R,S,T,U",Jasa lainnya,ADHB,2022,4167.0
Sumatera Selatan,"R,S,T,U",Jasa lainnya,ADHB,2023,4364.0
Sumatera Selatan,"R,S,T,U",Jasa lainnya,ADHB,2024,4655.0
Sumatera Selatan,A,"Pertanian, Kehutanan, dan Perikanan",ADHK,2020,53282.0
Sumatera Selatan,A,"Pertanian, Kehutanan, dan Perikanan",ADHK,2021,54835.0
Sumatera Selatan,A,"Pertanian, Kehutanan, dan Perikanan",ADHK,2022,56927.0
Sumatera Selatan,A,"Pertanian, Kehutanan, dan Perikanan",ADHK,2023,58154.0
Sumatera Selatan,A,"Pertanian, Kehutanan, dan Perikanan",ADHK,2024,59660.0
Sumatera Selatan,B,Pertambangan dan Penggalian,ADHK,2020,68331.0
Sumatera Selatan,B,Pertambangan dan Penggalian,ADHK,2021,72072.0
Sumatera Selatan,B,Pertambangan dan Penggalian,ADHK,2022,76597.0
Sumatera Selatan,B,Pertambangan dan Penggalian,ADHK,2023,82637.0
Sumatera Selatan,B,Pertambangan dan Penggalian,ADHK,2024,85386.0
Sumatera Selatan,C,Industri Pengolahan,ADHK,2020,59277.0
Sumatera Selatan,C,Industri Pengolahan,ADHK,2021,60571.0
Sumatera Selatan,C,Industri Pengolahan,ADHK,2022,63308.0
Sumatera Selatan,C,Industri Pengolahan,ADHK,2023,65780.0
Sumatera Selatan,C,Industri Pengolahan,ADHK,2024,68668.0
Sumatera Selatan,D,Pengadaan Listrik dan Gas,ADHK,2020,395.0
Sumatera Selatan,D,Pengadaan Listrik dan Gas,ADHK,2021,418.0
Sumatera Selatan,D,Pengadaan Listrik dan Gas,ADHK,2022,424.0
Sumatera Selatan,D,Pengadaan Listrik dan Gas,ADHK,2023,443.0
Sumatera Selatan,D,Pengadaan Listrik dan Gas,ADHK,2024,480.0
Sumatera Selatan,E,"Pengadaan Air, Pengelolaan Sampah, Limbah dan Daur Ulang",ADHK,2020,381.0
Sumatera Selatan,E,"Pengadaan Air, Pengelolaan Sampah, Limbah dan Daur Ulang",ADHK,2021,363.0
Sumatera Selatan,E,"Pengadaan Air, Pengelolaan Sampah, Limbah dan Daur Ulang",ADHK,2022,366.0
Sumatera Selatan,E,"Pengadaan Air, Pengelolaan Sampah, Limbah dan Daur Ulang",ADHK,2023,367.0
Sumatera Selatan,E,"Pengadaan Air, Pengelolaan Sampah, Limbah dan Daur Ulang",ADHK,2024,377.0
Sumatera Selatan,F,Konstruksi,ADHK,2020,36679.0
Sumatera Selatan,F,Konstruksi,ADHK,2021,36672.0
Sumatera Selatan,F,Konstruksi,ADHK,2022,37136.0
Sumatera Selatan,F,Konstruksi,ADHK,2023,38456.0
Sumatera Selatan,F,Konstruksi,ADHK,2024,40722.0
Sumatera Selatan,G,Perdagangan Besar dan Eceran; Reparasi Mobil dan Sepeda Motor,ADHK,2020,33118.0
Sumatera Selatan,G,Perdagangan Besar dan Eceran; Reparasi Mobil dan Sepeda Motor,ADHK,2021,35035.0
Sumatera Selatan,G,Perdagangan Besar dan Eceran; Reparasi Mobil dan Sepeda Motor,ADHK,2022,38635.0
Sumatera Selatan,G,Perdagangan Besar dan Eceran; Reparasi Mobil dan Sepeda Motor,ADHK,2023,41446.0
Sumatera Selatan,G,Perdagangan Besar dan Eceran; Reparasi Mobil dan Sepeda Motor,ADHK,2024,44520.0
Sumatera Selatan,H,Transportasi dan Pergudangan,ADHK,2020,6106.0
Sumatera Selatan,H,Transportasi dan Pergudangan,ADHK,2021,5972.0
Sumatera Selatan,H,Transportasi dan Pergudangan,ADHK,2022,6667.0
Sumatera Selatan,H,Transportasi dan Pergudangan,ADHK,2023,7166.0
Sumatera Selatan,H,Transportasi dan Pergudangan,ADHK,2024,7413.0
Sumatera Selatan,I,Penyediaan Akomodasi dan Makan Minum,ADHK,2020,4364.0
Sumatera Selatan,I,Penyediaan Akomodasi dan Makan Minum,ADHK,2021,4557.0
Sumatera Selatan,I,Penyediaan Akomodasi dan Makan Minum,ADHK,2022,5225.0
Sumatera Selatan,I,Penyediaan Akomodasi dan Makan Minum,ADHK,2023,5912.0
Sumatera Selatan,I,Penyediaan Akomodasi dan Makan Minum,ADHK,2024,6467.0
Sumatera Selatan,J,Informasi dan Komunikasi,ADHK,2020,12214.0
Sumatera Selatan,J,Informasi dan Komunikasi,ADHK,2021,12952.0
Sumatera Selatan,J,Informasi dan Komunikasi,ADHK,2022,14004.0
Sumatera Selatan,J,Informasi dan Komunikasi,ADHK,2023,14892.0
Sumatera Selatan,J,Informasi dan Komunikasi,ADHK,2024,16210.0
Sumatera Selatan,K,Jasa Keuangan dan Asuransi,ADHK,2020,7478.0
Sumatera Selatan,K,Jasa Keuangan dan Asuransi,ADHK,2021,7791.0
Sumatera Selatan,K,Jasa Keuangan dan Asuransi,ADHK,2022,7744.0
Sumatera Selatan,K,Jasa Keuangan dan Asuransi,ADHK,2023,8100.0
Sumatera Selatan,K,Jasa Keuangan dan Asuransi,ADHK,2024,8674.0
Sumatera Selatan,L,Real Estate,ADHK,2020,10215.0
Sumatera Selatan,L,Real Estate,ADHK,2021,10808.0
Sumatera Selatan,L,Real Estate,ADHK,2022,11373.0
Sumatera Selatan,L,Real Estate,ADHK,2023,11860.0
Sumatera Selatan,L,Real Estate,ADHK,2024,12829.0
Sumatera Selatan,"M,N",Jasa Perusahaan,ADHK,2020,358.0
Sumatera Selatan,"M,N",Jasa Perusahaan,ADHK,2021,360.0
Sumatera Selatan,"M,N",Jasa Perusahaan,ADHK,2022,371.0
Sumatera Selatan,"M,N",Jasa Perusahaan,ADHK,2023,378.0
Sumatera Selatan,"M,N",Jasa Perusahaan,ADHK,2024,398.0
Sumatera Selatan,O,"Administrasi Pemerintahan, Pertahanan dan Jaminan Sosial Wajib",ADHK,2020,9877.0
Sumatera Selatan,O,"Administrasi Pemerintahan, Pertahanan dan Jaminan Sosial Wajib",ADHK,2021,10260.0
Sumatera Selatan,O,"Administrasi Pemerintahan, Pertahanan dan Jaminan Sosial Wajib",ADHK,2022,10640.0
Sumatera Selatan,O,"Administrasi Pemerintahan, Pertahanan dan Jaminan Sosial Wajib",ADHK,2023,11037.0
Sumatera Selatan,O,"Administrasi Pemerintahan, Pertahanan dan Jaminan Sosial Wajib",ADHK,2024,12069.0
Sumatera Selatan,P,Jasa Pendidikan,ADHK,2020,8083.0
Sumatera Selatan,P,Jasa Pendidikan,ADHK,2021,8614.0
Sumatera Selatan,P,Jasa Pendidikan,ADHK,2022,8807.0
Sumatera Selatan,P,Jasa Pendidikan,ADHK,2023,9003.0
Sumatera Selatan,P,Jasa Pendidikan,ADHK,2024,9611.0
Sumatera Selatan,Q,Jasa Kesehatan dan Kegiatan Sosial,ADHK,2020,2272.0
Sumatera Selatan,Q,Jasa Kesehatan dan Kegiatan Sosial,ADHK,2021,2400.0
Sumatera Selatan,Q,Jasa Kesehatan dan Kegiatan Sosial,ADHK,2022,2500.0
Sumatera Selatan,Q,Jasa Kesehatan dan Kegiatan Sosial,ADHK,2023,2499.0
Sumatera Selatan,Q,Jasa Kesehatan dan Kegiatan Sosial,ADHK,2024,2683.0
Sumatera Selatan,"R,S,T,U",Jasa lainnya,ADHK,2020,2701.0
Sumatera Selatan,"R,S,T,U",Jasa lainnya,ADHK,2021,2726.0
Sumatera Selatan,"R,S,T,U",Jasa lainnya,ADHK,2022,2782.0
Sumatera Selatan,"R,S,T,U",Jasa lainnya,ADHK,2023,2836.0
Sumatera Selatan,"R,S,T,U",Jasa lainnya,ADHK,2024,2953.0
Bengkulu,A,"Pertanian, Kehutanan, dan Perikanan",ADHB,2020,20782.0
Bengkulu,A,"Pertanian, Kehutanan, dan Perikanan",ADHB,2021,22533.0
Bengkulu,A,"Pertanian, Kehutanan, dan Perikanan",ADHB,2022,24951.0
Bengkulu,A,"Pertanian, Kehutanan, dan Perikanan",ADHB,2023,27288.0
Bengkulu,A,"Pertanian, Kehutanan, dan Perikanan",ADHB,2024,31019.0
Bengkulu,B,Pertambangan dan Penggalian,ADHB,2020,2393.0
Bengkulu,B,Pertambangan dan Penggalian,ADHB,2021,3944.0
Bengkulu,B,Pertambangan dan Penggalian,ADHB,2022,6711.0
Bengkulu,B,Pertambangan dan Penggalian,ADHB,2023,5517.0
Bengkulu,B,Pertambangan dan Penggalian,ADHB,2024,4371.0
Bengkulu,C,Industri Pengolahan,ADHB,2020,4386.0
Bengkulu,C,Industri Pengolahan,ADHB,2021,4628.0
Bengkulu,C,Industri Pengolahan,ADHB,2022,4942.0
Bengkulu,C,Industri Pengolahan,ADHB,2023,5144.0
Bengkulu,C,Industri Pengolahan,ADHB,2024,5396.0
Bengkulu,D,Pengadaan Listrik dan Gas,ADHB,2020,79.0
Bengkulu,D,Pengadaan Listrik dan Gas,ADHB,2021,86.0
Bengkulu,D,Pengadaan Listrik dan Gas,ADHB,2022,94.0
Bengkulu,D,Pengadaan Listrik dan Gas,ADHB,2023,99.0
Bengkulu,D,Pengadaan Listrik dan Gas,ADHB,2024,103.0
Bengkulu,E,"Pengadaan Air, Pengelolaan Sampah, Limbah dan Daur Ulang",ADHB,2020,146.0
Bengkulu,E,"Pengadaan Air, Pengelolaan Sampah, Limbah dan Daur Ulang",ADHB,2021,150.0
Bengkulu,E,"Pengadaan Air, Pengelolaan Sampah, Limbah dan Daur Ulang",ADHB,2022,159.0
Bengkulu,E,"Pengadaan Air, Pengelolaan Sampah, Limbah dan Daur Ulang",ADHB,2023,168.0
Bengkulu,E,"Pengadaan Air, Pengelolaan Sampah, Limbah dan Daur Ulang",ADHB,2024,188.0
Bengkulu,F,Konstruksi,ADHB,2020,3870.0
Bengkulu,F,Konstruksi,ADHB,2021,4143.0
Bengkulu,F,Konstruksi,ADHB,2022,4404.0
Bengkulu,F,Konstruksi,ADHB,2023,4778.0
Bengkulu,F,Konstruksi,ADHB,2024,5083.0
Bengkulu,G,Perdagangan Besar dan Eceran; Reparasi Mobil dan Sepeda Motor,ADHB,2020,10592.0
Bengkulu,G,Perdagangan Besar dan Eceran; Reparasi Mobil dan Sepeda Motor,ADHB,2021,11458.0
Bengkulu,G,Perdagangan Besar dan Eceran; Reparasi Mobil dan Sepeda Motor,ADHB,2022,12631.0
Bengkulu,G,Perdagangan Besar dan Eceran; Reparasi Mobil dan Sepeda Motor,ADHB,2023,13617.0
Bengkulu,G,Perdagangan Besar dan Eceran; Reparasi Mobil dan Sepeda Motor,ADHB,2024,14353.0
Bengkulu,H,Transportasi dan Pergudangan,ADHB,2020,6031.0
Bengkulu,H,Transportasi dan Pergudangan,ADHB,2021,6303.0
Bengkulu,H,Transportasi dan Pergudangan,ADHB,2022,8245.0
Bengkulu,H,Transportasi dan Pergudangan,ADHB,2023,9785.0
Bengkulu,H,Transportasi dan Pergudangan,ADHB,2024,10028.0
Bengkulu,I,Penyediaan Akomodasi dan Makan Minum,ADHB,2020,1332.0
Bengkulu,I,Penyediaan Akomodasi dan Makan Minum,ADHB,2021,1377.0
Bengkulu,I,Penyediaan Akomodasi dan Makan Minum,ADHB,2022,1518.0
Bengkulu,I,Penyediaan Akomodasi dan Makan Minum,ADHB,2023,1688.0
Bengkulu,I,Penyediaan Akomodasi dan Makan Minum,ADHB,2024,1889.0
Bengkulu,J,Informasi dan Komunikasi,ADHB,2020,2784.0
Bengkulu,J,Informasi dan Komunikasi,ADHB,2021,3001.0
Bengkulu,J,Informasi dan Komunikasi,ADHB,2022,3317.0
Bengkulu,J,Informasi dan Komunikasi,ADHB,2023,3711.0
Bengkulu,J,Informasi dan Komunikasi,ADHB,2024,4111.0
Bengkulu,K,Jasa Keuangan dan Asuransi,ADHB,2020,2465.0
Bengkulu,K,Jasa Keuangan dan Asuransi,ADHB,2021,2764.0
Bengkulu,K,Jasa Keuangan dan Asuransi,ADHB,2022,2873.0
Bengkulu,K,Jasa Keuangan dan Asuransi,ADHB,2023,2786.0
Bengkulu,K,Jasa Keuangan dan Asuransi,ADHB,2024,2974.0
Bengkulu,L,Real Estate,ADHB,2020,2797.0
Bengkulu,L,Real Estate,ADHB,2021,2843.0
Bengkulu,L,Real Estate,ADHB,2022,3000.0
Bengkulu,L,Real Estate,ADHB,2023,3233.0
Bengkulu,L,Real Estate,ADHB,2024,3407.0
Bengkulu,"M,N",Jasa Perusahaan,ADHB,2020,1600.0
Bengkulu,"M,N",Jasa Perusahaan,ADHB,2021,1666.0
Bengkulu,"M,N",Jasa Perusahaan,ADHB,2022,1940.0
Bengkulu,"M,N",Jasa Perusahaan,ADHB,2023,2163.0
Bengkulu,"M,N",Jasa Perusahaan,ADHB,2024,2419.0
Bengkulu,O,"Administrasi Pemerintahan, Pertahanan dan Jaminan Sosial Wajib",ADHB,2020,7430.0
Bengkulu,O,"Administrasi Pemerintahan, Pertahanan dan Jaminan Sosial Wajib",ADHB,2021,7661.0
Bengkulu,O,"Administrasi Pemerintahan, Pertahanan dan Jaminan Sosial Wajib",ADHB,2022,7686.0
Bengkulu,O,"Administrasi Pemerintahan, Pertahanan dan Jaminan Sosial Wajib",ADHB,2023,8249.0
Bengkulu,O,"Administrasi Pemerintahan, Pertahanan dan Jaminan Sosial Wajib",ADHB,2024,9149.0
Bengkulu,P,Jasa Pendidikan,ADHB,2020,4579.0
Bengkulu,P,Jasa Pendidikan,ADHB,2021,4777.0
Bengkulu,P,Jasa Pendidikan,ADHB,2022,5194.0
Bengkulu,P,Jasa Pendidikan,ADHB,2023,5583.0
Bengkulu,P,Jasa Pendidikan,ADHB,2024,6378.0
Bengkulu,Q,Jasa Kesehatan dan Kegiatan Sosial,ADHB,2020,1403.0
Bengkulu,Q,Jasa Kesehatan dan Kegiatan Sosial,ADHB,2021,1590.0
Bengkulu,Q,Jasa Kesehatan dan Kegiatan Sosial,ADHB,2022,1685.0
Bengkulu,Q,Jasa Kesehatan dan Kegiatan Sosial,ADHB,2023,1912.0
Bengkulu,Q,Jasa Kesehatan dan Kegiatan Sosial,ADHB,2024,2150.0
Bengkulu,"R,S,T,U",Jasa lainnya,ADHB,2020,637.0
Bengkulu,"R,S,T,U",Jasa lainnya,ADHB,2021,680.0
Bengkulu,"R,S,T,U",Jasa lainnya,ADHB,2022,761.0
Bengkulu,"R,S,T,U",Jasa lainnya,ADHB,2023,863.0
Bengkulu,"R,S,T,U",Jasa lainnya,ADHB,2024,975.0
Bengkulu,A,"Pertanian, Kehutanan, dan Perikanan",ADHK,2020,12796.0
Bengkulu,A,"Pertanian, Kehutanan, dan Perikanan",ADHK,2021,13110.0
Bengkulu,A,"Pertanian, Kehutanan, dan Perikanan",ADHK,2022,13699.0
Bengkulu,A,"Pertanian, Kehutanan, dan Perikanan",ADHK,2023,13982.0
Bengkulu,A,"Pertanian, Kehutanan, dan Perikanan",ADHK,2024,14341.0
Bengkulu,B,Pertambangan dan Penggalian,ADHK,2020,1535.0
Bengkulu,B,Pertambangan dan Penggalian,ADHK,2021,1634.0
Bengkulu,B,Pertambangan dan Penggalian,ADHK,2022,1588.0
Bengkulu,B,Pertambangan dan Penggalian,ADHK,2023,1723.0
Bengkulu,B,Pertambangan dan Penggalian,ADHK,2024,1762.0
Bengkulu,C,Industri Pengolahan,ADHK,2020,2713.0
Bengkulu,C,Industri Pengolahan,ADHK,2021,2778.0
Bengkulu,C,Industri Pengolahan,ADHK,2022,2863.0
Bengkulu,C,Industri Pengolahan,ADHK,2023,2916.0
Bengkulu,C,Industri Pengolahan,ADHK,2024,2959.0
Bengkulu,D,Pengadaan Listrik dan Gas,ADHK,2020,49.0
Bengkulu,D,Pengadaan Listrik dan Gas,ADHK,2021,53.0
Bengkulu,D,Pengadaan Listrik dan Gas,ADHK,2022,57.0
Bengkulu,D,Pengadaan Listrik dan Gas,ADHK,2023,60.0
Bengkulu,D,Pengadaan Listrik dan Gas,ADHK,2024,62.0
Bengkulu,E,"Pengadaan Air, Pengelolaan Sampah, Limbah dan Daur Ulang",ADHK,2020,101.0
Bengkulu,E,"Pengadaan Air, Pengelolaan Sampah, Limbah dan Daur Ulang",ADHK,2021,102.0
Bengkulu,E,"Pengadaan Air, Pengelolaan Sampah, Limbah dan Daur Ulang",ADHK,2022,107.0
Bengkulu,E,"Pengadaan Air, Pengelolaan Sampah, Limbah dan Daur Ulang",ADHK,2023,112.0
Bengkulu,E,"Pengadaan Air, Pengelolaan Sampah, Limbah dan Daur Ulang",ADHK,2024,119.0
Bengkulu,F,Konstruksi,ADHK,2020,2189.0
Bengkulu,F,Konstruksi,ADHK,2021,2249.0
Bengkulu,F,Konstruksi,ADHK,2022,2255.0
Bengkulu,F,Konstruksi,ADHK,2023,2368.0
Bengkulu,F,Konstruksi,ADHK,2024,2502.0
Bengkulu,G,Perdagangan Besar dan Eceran; Reparasi Mobil dan Sepeda Motor,ADHK,2020,7189.0
Bengkulu,G,Perdagangan Besar dan Eceran; Reparasi Mobil dan Sepeda Motor,ADHK,2021,7567.0
Bengkulu,G,Perdagangan Besar dan Eceran; Reparasi Mobil dan Sepeda Motor,ADHK,2022,7879.0
Bengkulu,G,Perdagangan Besar dan Eceran; Reparasi Mobil dan Sepeda Motor,ADHK,2023,8120.0
Bengkulu,G,Perdagangan Besar dan Eceran; Reparasi Mobil dan Sepeda Motor,ADHK,2024,8389.0
Bengkulu,H,Transportasi dan Pergudangan,ADHK,2020,3672.0
Bengkulu,H,Transportasi dan Pergudangan,ADHK,2021,3739.0
Bengkulu,H,Transportasi dan Pergudangan,ADHK,2022,4242.0
Bengkulu,H,Transportasi dan Pergudangan,ADHK,2023,4548.0
Bengkulu,H,Transportasi dan Pergudangan,ADHK,2024,4729.0
Bengkulu,I,Penyediaan Akomodasi dan Makan Minum,ADHK,2020,805.0
Bengkulu,I,Penyediaan Akomodasi dan Makan Minum,ADHK,2021,816.0
Bengkulu,I,Penyediaan Akomodasi dan Makan Minum,ADHK,2022,885.0
Bengkulu,I,Penyediaan Akomodasi dan Makan Minum,ADHK,2023,972.0
Bengkulu,I,Penyediaan Akomodasi dan Makan Minum,ADHK,2024,1063.0
Bengkulu,J,Informasi dan Komunikasi,ADHK,2020,2250.0
Bengkulu,J,Informasi dan Komunikasi,ADHK,2021,2394.0
Bengkulu,J,Informasi dan Komunikasi,ADHK,2022,2591.0
Bengkulu,J,Informasi dan Komunikasi,ADHK,2023,2840.0
Bengkulu,J,Informasi dan Komunikasi,ADHK,2024,3102.0
Bengkulu,K,Jasa Keuangan dan Asuransi,ADHK,2020,1610.0
Bengkulu,K,Jasa Keuangan dan Asuransi,ADHK,2021,1721.0
Bengkulu,K,Jasa Keuangan dan Asuransi,ADHK,2022,1645.0
Bengkulu,K,Jasa Keuangan dan Asuransi,ADHK,2023,1561.0
Bengkulu,K,Jasa Keuangan dan Asuransi,ADHK,2024,1647.0
Bengkulu,L,Real Estate,ADHK,2020,2066.0
Bengkulu,L,Real Estate,ADHK,2021,2068.0
Bengkulu,L,Real Estate,ADHK,2022,2148.0
Bengkulu,L,Real Estate,ADHK,2023,2261.0
Bengkulu,L,Real Estate,ADHK,2024,2358.0
Bengkulu,"M,N",Jasa Perusahaan,ADHK,2020,1024.0
Bengkulu,"M,N",Jasa Perusahaan,ADHK,2021,1015.0
Bengkulu,"M,N",Jasa Perusahaan,ADHK,2022,1131.0
Bengkulu,"M,N",Jasa Perusahaan,ADHK,2023,1219.0
Bengkulu,"M,N",Jasa Perusahaan,ADHK,2024,1319.0
Bengkulu,O,"Administrasi Pemerintahan, Pertahanan dan Jaminan Sosial Wajib",ADHK,2020,4187.0
Bengkulu,O,"Administrasi Pemerintahan, Pertahanan dan Jaminan Sosial Wajib",ADHK,2021,4289.0
Bengkulu,O,"Administrasi Pemerintahan, Pertahanan dan Jaminan Sosial Wajib",ADHK,2022,4297.0
Bengkulu,O,"Administrasi Pemerintahan, Pertahanan dan Jaminan Sosial Wajib",ADHK,2023,4562.0
Bengkulu,O,"Administrasi Pemerintahan, Pertahanan dan Jaminan Sosial Wajib",ADHK,2024,4945.0
Bengkulu,P,Jasa Pendidikan,ADHK,2020,2917.0
Bengkulu,P,Jasa Pendidikan,ADHK,2021,2988.0
Bengkulu,P,Jasa Pendidikan,ADHK,2022,3135.0
Bengkulu,P,Jasa Pendidikan,ADHK,2023,3288.0
Bengkulu,P,Jasa Pendidikan,ADHK,2024,3499.0
Bengkulu,Q,Jasa Kesehatan dan Kegiatan Sosial,ADHK,2020,849.0
Bengkulu,Q,Jasa Kesehatan dan Kegiatan Sosial,ADHK,2021,939.0
Bengkulu,Q,Jasa Kesehatan dan Kegiatan Sosial,ADHK,2022,971.0
Bengkulu,Q,Jasa Kesehatan dan Kegiatan Sosial,ADHK,2023,1054.0
Bengkulu,Q,Jasa Kesehatan dan Kegiatan Sosial,ADHK,2024,1150.0
Bengkulu,"R,S,T,U",Jasa lainnya,ADHK,2020,386.0
Bengkulu,"R,S,T,U",Jasa lainnya,ADHK,2021,391.0
Bengkulu,"R,S,T,U",Jasa lainnya,ADHK,2022,423.0
Bengkulu,"R,S,T,U",Jasa lainnya,ADHK,2023,465.0
Bengkulu,"R,S,T,U",Jasa lainnya,ADHK,2024,509.0
Lampung,A,"Pertanian, Kehutanan, dan Perikanan",ADHB,2020,104967.0
Lampung,A,"Pertanian, Kehutanan, dan Perikanan",ADHB,2021,105185.0
Lampung,A,"Pertanian, Kehutanan, dan Perikanan",ADHB,2022,115452.0
Lampung,A,"Pertanian, Kehutanan, dan Perikanan",ADHB,2023,122528.0
Lampung,A,"Pertanian, Kehutanan, dan Perikanan",ADHB,2024,126802.0
Lampung,B,Pertambangan dan Penggalian,ADHB,2020,17702.0
Lampung,B,Pertambangan dan Penggalian,ADHB,2021,20770.0
Lampung,B,Pertambangan dan Penggalian,ADHB,2022,24400.0
Lampung,B,Pertambangan dan Penggalian,ADHB,2023,23586.0
Lampung,B,Pertambangan dan Penggalian,ADHB,2024,24746.0
Lampung,C,Industri Pengolahan,ADHB,2020,68698.0
Lampung,C,Industri Pengolahan,ADHB,2021,73206.0
Lampung,C,Industri Pengolahan,ADHB,2022,76840.0
Lampung,C,Industri Pengolahan,ADHB,2023,80849.0
Lampung,C,Industri Pengolahan,ADHB,2024,91585.0
Lampung,D,Pengadaan Listrik dan Gas,ADHB,2020,569.0
Lampung,D,Pengadaan Listrik dan Gas,ADHB,2021,520.0
Lampung,D,Pengadaan Listrik dan Gas,ADHB,2022,561.0
Lampung,D,Pengadaan Listrik dan Gas,ADHB,2023,571.0
Lampung,D,Pengadaan Listrik dan Gas,ADHB,2024,507.0
Lampung,E,"Pengadaan Air, Pengelolaan Sampah, Limbah dan Daur Ulang",ADHB,2020,384.0
Lampung,E,"Pengadaan Air, Pengelolaan Sampah, Limbah dan Daur Ulang",ADHB,2021,415.0
Lampung,E,"Pengadaan Air, Pengelolaan Sampah, Limbah dan Daur Ulang",ADHB,2022,435.0
Lampung,E,"Pengadaan Air, Pengelolaan Sampah, Limbah dan Daur Ulang",ADHB,2023,442.0
Lampung,E,"Pengadaan Air, Pengelolaan Sampah, Limbah dan Daur Ulang",ADHB,2024,465.0
Lampung,F,Konstruksi,ADHB,2020,33167.0
Lampung,F,Konstruksi,ADHB,2021,36765.0
Lampung,F,Konstruksi,ADHB,2022,40386.0
Lampung,F,Konstruksi,ADHB,2023,44255.0
Lampung,F,Konstruksi,ADHB,2024,45812.0
Lampung,G,Perdagangan Besar dan Eceran; Reparasi Mobil dan Sepeda Motor,ADHB,2020,39468.0
Lampung,G,Perdagangan Besar dan Eceran; Reparasi Mobil dan Sepeda Motor,ADHB,2021,43400.0
Lampung,G,Perdagangan Besar dan Eceran; Reparasi Mobil dan Sepeda Motor,ADHB,2022,54658.0
Lampung,G,Perdagangan Besar dan Eceran; Reparasi Mobil dan Sepeda Motor,ADHB,2023,62733.0
Lampung,G,Perdagangan Besar dan Eceran; Reparasi Mobil dan Sepeda Motor,ADHB,2024,68965.0
Lampung,H,Transportasi dan Pergudangan,ADHB,2020,17731.0
Lampung,H,Transportasi dan Pergudangan,ADHB,2021,18400.0
Lampung,H,Transportasi dan Pergudangan,ADHB,2022,24749.0
Lampung,H,Transportasi dan Pergudangan,ADHB,2023,32151.0
Lampung,H,Transportasi dan Pergudangan,ADHB,2024,35986.0
Lampung,I,Penyediaan Akomodasi dan Makan Minum,ADHB,2020,5534.0
Lampung,I,Penyediaan Akomodasi dan Makan Minum,ADHB,2021,5481.0
Lampung,I,Penyediaan Akomodasi dan Makan Minum,ADHB,2022,6291.0
Lampung,I,Penyediaan Akomodasi dan Makan Minum,ADHB,2023,7226.0
Lampung,I,Penyediaan Akomodasi dan Makan Minum,ADHB,2024,7796.0
Lampung,J,Informasi dan Komunikasi,ADHB,2020,15273.0
Lampung,J,Informasi dan Komunikasi,ADHB,2021,15876.0
Lampung,J,Informasi dan Komunikasi,ADHB,2022,16096.0
Lampung,J,Informasi dan Komunikasi,ADHB,2023,17396.0
Lampung,J,Informasi dan Komunikasi,ADHB,2024,18860.0
Lampung,K,Jasa Keuangan dan Asuransi,ADHB,2020,7729.0
Lampung,K,Jasa Keuangan dan Asuransi,ADHB,2021,8253.0
Lampung,K,Jasa Keuangan dan Asuransi,ADHB,2022,8611.0
Lampung,K,Jasa Keuangan dan Asuransi,ADHB,2023,9067.0
Lampung,K,Jasa Keuangan dan Asuransi,ADHB,2024,9638.0
Lampung,L,Real Estate,ADHB,2020,10494.0
Lampung,L,Real Estate,ADHB,2021,10687.0
Lampung,L,Real Estate,ADHB,2022,11377.0
Lampung,L,Real Estate,ADHB,2023,11720.0
Lampung,L,Real Estate,ADHB,2024,12725.0
Lampung,"M,N",Jasa Perusahaan,ADHB,2020,530.0
Lampung,"M,N",Jasa Perusahaan,ADHB,2021,539.0
Lampung,"M,N",Jasa Perusahaan,ADHB,2022,658.0
Lampung,"M,N",Jasa Perusahaan,ADHB,2023,720.0
Lampung,"M,N",Jasa Perusahaan,ADHB,2024,809.0
Lampung,O,"Administrasi Pemerintahan, Pertahanan dan Jaminan Sosial Wajib",ADHB,2020,12826.0
Lampung,O,"Administrasi Pemerintahan, Pertahanan dan Jaminan Sosial Wajib",ADHB,2021,13269.0
Lampung,O,"Administrasi Pemerintahan, Pertahanan dan Jaminan Sosial Wajib",ADHB,2022,13398.0
Lampung,O,"Administrasi Pemerintahan, Pertahanan dan Jaminan Sosial Wajib",ADHB,2023,13593.0
Lampung,O,"Administrasi Pemerintahan, Pertahanan dan Jaminan Sosial Wajib",ADHB,2024,14972.0
Lampung,P,Jasa Pendidikan,ADHB,2020,10960.0
Lampung,P,Jasa Pendidikan,ADHB,2021,11267.0
Lampung,P,Jasa Pendidikan,ADHB,2022,11968.0
Lampung,P,Jasa Pendidikan,ADHB,2023,12645.0
Lampung,P,Jasa Pendidikan,ADHB,2024,13741.0
Lampung,Q,Jasa Kesehatan dan Kegiatan Sosial,ADHB,2020,3779.0
Lampung,Q,Jasa Kesehatan dan Kegiatan Sosial,ADHB,2021,4000.0
Lampung,Q,Jasa Kesehatan dan Kegiatan Sosial,ADHB,2022,4116.0
Lampung,Q,Jasa Kesehatan dan Kegiatan Sosial,ADHB,2023,4406.0
Lampung,Q,Jasa Kesehatan dan Kegiatan Sosial,ADHB,2024,4854.0
Lampung,"R,S,T,U",Jasa lainnya,ADHB,2020,3214.0
Lampung,"R,S,T,U",Jasa lainnya,ADHB,2021,3165.0
Lampung,"R,S,T,U",Jasa lainnya,ADHB,2022,4122.0
Lampung,"R,S,T,U",Jasa lainnya,ADHB,2023,4962.0
Lampung,"R,S,T,U",Jasa lainnya,ADHB,2024,5620.0
Lampung,A,"Pertanian, Kehutanan, dan Perikanan",ADHK,2020,68312.0
Lampung,A,"Pertanian, Kehutanan, dan Perikanan",ADHK,2021,67970.0
Lampung,A,"Pertanian, Kehutanan, dan Perikanan",ADHK,2022,69318.0
Lampung,A,"Pertanian, Kehutanan, dan Perikanan",ADHK,2023,69691.0
Lampung,A,"Pertanian, Kehutanan, dan Perikanan",ADHK,2024,68237.0
Lampung,B,Pertambangan dan Penggalian,ADHK,2020,13531.0
Lampung,B,Pertambangan dan Penggalian,ADHK,2021,12797.0
Lampung,B,Pertambangan dan Penggalian,ADHK,2022,12319.0
Lampung,B,Pertambangan dan Penggalian,ADHK,2023,12685.0
Lampung,B,Pertambangan dan Penggalian,ADHK,2024,13301.0
Lampung,C,Industri Pengolahan,ADHK,2020,44336.0
Lampung,C,Industri Pengolahan,ADHK,2021,46415.0
Lampung,C,Industri Pengolahan,ADHK,2022,46590.0
Lampung,C,Industri Pengolahan,ADHK,2023,47258.0
Lampung,C,Industri Pengolahan,ADHK,2024,51553.0
Lampung,D,Pengadaan Listrik dan Gas,ADHK,2020,432.0
Lampung,D,Pengadaan Listrik dan Gas,ADHK,2021,404.0
Lampung,D,Pengadaan Listrik dan Gas,ADHK,2022,429.0
Lampung,D,Pengadaan Listrik dan Gas,ADHK,2023,435.0
Lampung,D,Pengadaan Listrik dan Gas,ADHK,2024,406.0
Lampung,E,"Pengadaan Air, Pengelolaan Sampah, Limbah dan Daur Ulang",ADHK,2020,255.0
Lampung,E,"Pengadaan Air, Pengelolaan Sampah, Limbah dan Daur Ulang",ADHK,2021,273.0
Lampung,E,"Pengadaan Air, Pengelolaan Sampah, Limbah dan Daur Ulang",ADHK,2022,283.0
Lampung,E,"Pengadaan Air, Pengelolaan Sampah, Limbah dan Daur Ulang",ADHK,2023,284.0
Lampung,E,"Pengadaan Air, Pengelolaan Sampah, Limbah dan Daur Ulang",ADHK,2024,284.0
Lampung,F,Konstruksi,ADHK,2020,23674.0
Lampung,F,Konstruksi,ADHK,2021,25319.0
Lampung,F,Konstruksi,ADHK,2022,26295.0
Lampung,F,Konstruksi,ADHK,2023,28141.0
Lampung,F,Konstruksi,ADHK,2024,28923.0
Lampung,G,Perdagangan Besar dan Eceran; Reparasi Mobil dan Sepeda Motor,ADHK,2020,28278.0
Lampung,G,Perdagangan Besar dan Eceran; Reparasi Mobil dan Sepeda Motor,ADHK,2021,30580.0
Lampung,G,Perdagangan Besar dan Eceran; Reparasi Mobil dan Sepeda Motor,ADHK,2022,35294.0
Lampung,G,Perdagangan Besar dan Eceran; Reparasi Mobil dan Sepeda Motor,ADHK,2023,38754.0
Lampung,G,Perdagangan Besar dan Eceran; Reparasi Mobil dan Sepeda Motor,ADHK,2024,41541.0
Lampung,H,Transportasi dan Pergudangan,ADHK,2020,12175.0
Lampung,H,Transportasi dan Pergudangan,ADHK,2021,12469.0
Lampung,H,Transportasi dan Pergudangan,ADHK,2022,15002.0
Lampung,H,Transportasi dan Pergudangan,ADHK,2023,17478.0
Lampung,H,Transportasi dan Pergudangan,ADHK,2024,19233.0
Lampung,I,Penyediaan Akomodasi dan Makan Minum,ADHK,2020,3480.0
Lampung,I,Penyediaan Akomodasi dan Makan Minum,ADHK,2021,3426.0
Lampung,I,Penyediaan Akomodasi dan Makan Minum,ADHK,2022,3858.0
Lampung,I,Penyediaan Akomodasi dan Makan Minum,ADHK,2023,4374.0
Lampung,I,Penyediaan Akomodasi dan Makan Minum,ADHK,2024,4617.0
Lampung,J,Informasi dan Komunikasi,ADHK,2020,12988.0
Lampung,J,Informasi dan Komunikasi,ADHK,2021,13816.0
Lampung,J,Informasi dan Komunikasi,ADHK,2022,13883.0
Lampung,J,Informasi dan Komunikasi,ADHK,2023,14924.0
Lampung,J,Informasi dan Komunikasi,ADHK,2024,16211.0
Lampung,K,Jasa Keuangan dan Asuransi,ADHK,2020,5105.0
Lampung,K,Jasa Keuangan dan Asuransi,ADHK,2021,5211.0
Lampung,K,Jasa Keuangan dan Asuransi,ADHK,2022,5021.0
Lampung,K,Jasa Keuangan dan Asuransi,ADHK,2023,5181.0
Lampung,K,Jasa Keuangan dan Asuransi,ADHK,2024,5432.0
Lampung,L,Real Estate,ADHK,2020,7330.0
Lampung,L,Real Estate,ADHK,2021,7427.0
Lampung,L,Real Estate,ADHK,2022,7680.0
Lampung,L,Real Estate,ADHK,2023,7746.0
Lampung,L,Real Estate,ADHK,2024,8269.0
Lampung,"M,N",Jasa Perusahaan,ADHK,2020,330.0
Lampung,"M,N",Jasa Perusahaan,ADHK,2021,333.0
Lampung,"M,N",Jasa Perusahaan,ADHK,2022,392.0
Lampung,"M,N",Jasa Perusahaan,ADHK,2023,414.0
Lampung,"M,N",Jasa Perusahaan,ADHK,2024,452.0
Lampung,O,"Administrasi Pemerintahan, Pertahanan dan Jaminan Sosial Wajib",ADHK,2020,7830.0
Lampung,O,"Administrasi Pemerintahan, Pertahanan dan Jaminan Sosial Wajib",ADHK,2021,8127.0
Lampung,O,"Administrasi Pemerintahan, Pertahanan dan Jaminan Sosial Wajib",ADHK,2022,8025.0
Lampung,O,"Administrasi Pemerintahan, Pertahanan dan Jaminan Sosial Wajib",ADHK,2023,8034.0
Lampung,O,"Administrasi Pemerintahan, Pertahanan dan Jaminan Sosial Wajib",ADHK,2024,8601.0
Lampung,P,Jasa Pendidikan,ADHK,2020,7397.0
Lampung,P,Jasa Pendidikan,ADHK,2021,7477.0
Lampung,P,Jasa Pendidikan,ADHK,2022,7678.0
Lampung,P,Jasa Pendidikan,ADHK,2023,7849.0
Lampung,P,Jasa Pendidikan,ADHK,2024,7966.0
Lampung,Q,Jasa Kesehatan dan Kegiatan Sosial,ADHK,2020,2665.0
Lampung,Q,Jasa Kesehatan dan Kegiatan Sosial,ADHK,2021,2768.0
Lampung,Q,Jasa Kesehatan dan Kegiatan Sosial,ADHK,2022,2765.0
Lampung,Q,Jasa Kesehatan dan Kegiatan Sosial,ADHK,2023,2873.0
Lampung,Q,Jasa Kesehatan dan Kegiatan Sosial,ADHK,2024,3082.0
Lampung,"R,S,T,U",Jasa lainnya,ADHK,2020,2202.0
Lampung,"R,S,T,U",Jasa lainnya,ADHK,2021,2155.0
Lampung,"R,S,T,U",Jasa lainnya,ADHK,2022,2703.0
Lampung,"R,S,T,U",Jasa lainnya,ADHK,2023,3118.0
Lampung,"R,S,T,U",Jasa lainnya,ADHK,2024,3450.0
Kepulauan Bangka Belitung,A,"Pertanian, Kehutanan, dan Perikanan",ADHB,2020,15444.0
Kepulauan Bangka Belitung,A,"Pertanian, Kehutanan, dan Perikanan",ADHB,2021,16887.0
Kepulauan Bangka Belitung,A,"Pertanian, Kehutanan, dan Perikanan",ADHB,2022,18274.0
Kepulauan Bangka Belitung,A,"Pertanian, Kehutanan, dan Perikanan",ADHB,2023,19997.0
Kepulauan Bangka Belitung,A,"Pertanian, Kehutanan, dan Perikanan",ADHB,2024,21786.0
Kepulauan Bangka Belitung,B,Pertambangan dan Penggalian,ADHB,2020,6469.0
Kepulauan Bangka Belitung,B,Pertambangan dan Penggalian,ADHB,2021,8213.0
Kepulauan Bangka Belitung,B,Pertambangan dan Penggalian,ADHB,2022,8227.0
Kepulauan Bangka Belitung,B,Pertambangan dan Penggalian,ADHB,2023,7769.0
Kepulauan Bangka Belitung,B,Pertambangan dan Penggalian,ADHB,2024,8112.0
Kepulauan Bangka Belitung,C,Industri Pengolahan,ADHB,2020,14166.0
Kepulauan Bangka Belitung,C,Industri Pengolahan,ADHB,2021,17932.0
Kepulauan Bangka Belitung,C,Industri Pengolahan,ADHB,2022,20796.0
Kepulauan Bangka Belitung,C,Industri Pengolahan,ADHB,2023,21679.0
Kepulauan Bangka Belitung,C,Industri Pengolahan,ADHB,2024,22142.0
Kepulauan Bangka Belitung,D,Pengadaan Listrik dan Gas,ADHB,2020,101.0
Kepulauan Bangka Belitung,D,Pengadaan Listrik dan Gas,ADHB,2021,111.0
Kepulauan Bangka Belitung,D,Pengadaan Listrik dan Gas,ADHB,2022,109.0
Kepulauan Bangka Belitung,D,Pengadaan Listrik dan Gas,ADHB,2023,112.0
Kepulauan Bangka Belitung,D,Pengadaan Listrik dan Gas,ADHB,2024,118.0
Kepulauan Bangka Belitung,E,"Pengadaan Air, Pengelolaan Sampah, Limbah dan Daur Ulang",ADHB,2020,17.0
Kepulauan Bangka Belitung,E,"Pengadaan Air, Pengelolaan Sampah, Limbah dan Daur Ulang",ADHB,2021,18.0
Kepulauan Bangka Belitung,E,"Pengadaan Air, Pengelolaan Sampah, Limbah dan Daur Ulang",ADHB,2022,19.0
Kepulauan Bangka Belitung,E,"Pengadaan Air, Pengelolaan Sampah, Limbah dan Daur Ulang",ADHB,2023,19.0
Kepulauan Bangka Belitung,E,"Pengadaan Air, Pengelolaan Sampah, Limbah dan Daur Ulang",ADHB,2024,21.0
Kepulauan Bangka Belitung,F,Konstruksi,ADHB,2020,7710.0
Kepulauan Bangka Belitung,F,Konstruksi,ADHB,2021,8314.0
Kepulauan Bangka Belitung,F,Konstruksi,ADHB,2022,8661.0
Kepulauan Bangka Belitung,F,Konstruksi,ADHB,2023,9746.0
Kepulauan Bangka Belitung,F,Konstruksi,ADHB,2024,9784.0
Kepulauan Bangka Belitung,G,Perdagangan Besar dan Eceran; Reparasi Mobil dan Sepeda Motor,ADHB,2020,11608.0
Kepulauan Bangka Belitung,G,Perdagangan Besar dan Eceran; Reparasi Mobil dan Sepeda Motor,ADHB,2021,12685.0
Kepulauan Bangka Belitung,G,Perdagangan Besar dan Eceran; Reparasi Mobil dan Sepeda Motor,ADHB,2022,15004.0
Kepulauan Bangka Belitung,G,Perdagangan Besar dan Eceran; Reparasi Mobil dan Sepeda Motor,ADHB,2023,16107.0
Kepulauan Bangka Belitung,G,Perdagangan Besar dan Eceran; Reparasi Mobil dan Sepeda Motor,ADHB,2024,16515.0
Kepulauan Bangka Belitung,H,Transportasi dan Pergudangan,ADHB,2020,2731.0
Kepulauan Bangka Belitung,H,Transportasi dan Pergudangan,ADHB,2021,3093.0
Kepulauan Bangka Belitung,H,Transportasi dan Pergudangan,ADHB,2022,4196.0
Kepulauan Bangka Belitung,H,Transportasi dan Pergudangan,ADHB,2023,4965.0
Kepulauan Bangka Belitung,H,Transportasi dan Pergudangan,ADHB,2024,5219.0
Kepulauan Bangka Belitung,I,Penyediaan Akomodasi dan Makan Minum,ADHB,2020,2295.0
Kepulauan Bangka Belitung,I,Penyediaan Akomodasi dan Makan Minum,ADHB,2021,2579.0
Kepulauan Bangka Belitung,I,Penyediaan Akomodasi dan Makan Minum,ADHB,2022,2935.0
Kepulauan Bangka Belitung,I,Penyediaan Akomodasi dan Makan Minum,ADHB,2023,3282.0
Kepulauan Bangka Belitung,I,Penyediaan Akomodasi dan Makan Minum,ADHB,2024,3491.0
Kepulauan Bangka Belitung,J,Informasi dan Komunikasi,ADHB,2020,1631.0
Kepulauan Bangka Belitung,J,Informasi dan Komunikasi,ADHB,2021,1787.0
Kepulauan Bangka Belitung,J,Informasi dan Komunikasi,ADHB,2022,1988.0
Kepulauan Bangka Belitung,J,Informasi dan Komunikasi,ADHB,2023,2290.0
Kepulauan Bangka Belitung,J,Informasi dan Komunikasi,ADHB,2024,2527.0
Kepulauan Bangka Belitung,K,Jasa Keuangan dan Asuransi,ADHB,2020,1408.0
Kepulauan Bangka Belitung,K,Jasa Keuangan dan Asuransi,ADHB,2021,1560.0
Kepulauan Bangka Belitung,K,Jasa Keuangan dan Asuransi,ADHB,2022,1793.0
Kepulauan Bangka Belitung,K,Jasa Keuangan dan Asuransi,ADHB,2023,2075.0
Kepulauan Bangka Belitung,K,Jasa Keuangan dan Asuransi,ADHB,2024,2111.0
Kepulauan Bangka Belitung,L,Real Estate,ADHB,2020,2793.0
Kepulauan Bangka Belitung,L,Real Estate,ADHB,2021,3012.0
Kepulauan Bangka Belitung,L,Real Estate,ADHB,2022,3261.0
Kepulauan Bangka Belitung,L,Real Estate,ADHB,2023,3480.0
Kepulauan Bangka Belitung,L,Real Estate,ADHB,2024,3650.0
Kepulauan Bangka Belitung,"M,N",Jasa Perusahaan,ADHB,2020,212.0
Kepulauan Bangka Belitung,"M,N",Jasa Perusahaan,ADHB,2021,231.0
Kepulauan Bangka Belitung,"M,N",Jasa Perusahaan,ADHB,2022,268.0
Kepulauan Bangka Belitung,"M,N",Jasa Perusahaan,ADHB,2023,306.0
Kepulauan Bangka Belitung,"M,N",Jasa Perusahaan,ADHB,2024,326.0
Kepulauan Bangka Belitung,O,"Administrasi Pemerintahan, Pertahanan dan Jaminan Sosial Wajib",ADHB,2020,4838.0
Kepulauan Bangka Belitung,O,"Administrasi Pemerintahan, Pertahanan dan Jaminan Sosial Wajib",ADHB,2021,5100.0
Kepulauan Bangka Belitung,O,"Administrasi Pemerintahan, Pertahanan dan Jaminan Sosial Wajib",ADHB,2022,5044.0
Kepulauan Bangka Belitung,O,"Administrasi Pemerintahan, Pertahanan dan Jaminan Sosial Wajib",ADHB,2023,5408.0
Kepulauan Bangka Belitung,O,"Administrasi Pemerintahan, Pertahanan dan Jaminan Sosial Wajib",ADHB,2024,5890.0
Kepulauan Bangka Belitung,P,Jasa Pendidikan,ADHB,2020,2386.0
Kepulauan Bangka Belitung,P,Jasa Pendidikan,ADHB,2021,2520.0
Kepulauan Bangka Belitung,P,Jasa Pendidikan,ADHB,2022,2654.0
Kepulauan Bangka Belitung,P,Jasa Pendidikan,ADHB,2023,2985.0
Kepulauan Bangka Belitung,P,Jasa Pendidikan,ADHB,2024,3361.0
Kepulauan Bangka Belitung,Q,Jasa Kesehatan dan Kegiatan Sosial,ADHB,2020,1049.0
Kepulauan Bangka Belitung,Q,Jasa Kesehatan dan Kegiatan Sosial,ADHB,2021,1222.0
Kepulauan Bangka Belitung,Q,Jasa Kesehatan dan Kegiatan Sosial,ADHB,2022,1280.0
Kepulauan Bangka Belitung,Q,Jasa Kesehatan dan Kegiatan Sosial,ADHB,2023,1416.0
Kepulauan Bangka Belitung,Q,Jasa Kesehatan dan Kegiatan Sosial,ADHB,2024,1458.0
Kepulauan Bangka Belitung,"R,S,T,U",Jasa lainnya,ADHB,2020,663.0
Kepulauan Bangka Belitung,"R,S,T,U",Jasa lainnya,ADHB,2021,697.0
Kepulauan Bangka Belitung,"R,S,T,U",Jasa lainnya,ADHB,2022,778.0
Kepulauan Bangka Belitung,"R,S,T,U",Jasa lainnya,ADHB,2023,891.0
Kepulauan Bangka Belitung,"R,S,T,U",Jasa lainnya,ADHB,2024,993.0
Kepulauan Bangka Belitung,A,"Pertanian, Kehutanan, dan Perikanan",ADHK,2020,10666.0
Kepulauan Bangka Belitung,A,"Pertanian, Kehutanan, dan Perikanan",ADHK,2021,10769.0
Kepulauan Bangka Belitung,A,"Pertanian, Kehutanan, dan Perikanan",ADHK,2022,10876.0
Kepulauan Bangka Belitung,A,"Pertanian, Kehutanan, dan Perikanan",ADHK,2023,11282.0
Kepulauan Bangka Belitung,A,"Pertanian, Kehutanan, dan Perikanan",ADHK,2024,11635.0
Kepulauan Bangka Belitung,B,Pertambangan dan Penggalian,ADHK,2020,6036.0
Kepulauan Bangka Belitung,B,Pertambangan dan Penggalian,ADHK,2021,6451.0
Kepulauan Bangka Belitung,B,Pertambangan dan Penggalian,ADHK,2022,6484.0
Kepulauan Bangka Belitung,B,Pertambangan dan Penggalian,ADHK,2023,6406.0
Kepulauan Bangka Belitung,B,Pertambangan dan Penggalian,ADHK,2024,6150.0
Kepulauan Bangka Belitung,C,Industri Pengolahan,ADHK,2020,11259.0
Kepulauan Bangka Belitung,C,Industri Pengolahan,ADHK,2021,11874.0
Kepulauan Bangka Belitung,C,Industri Pengolahan,ADHK,2022,12485.0
Kepulauan Bangka Belitung,C,Industri Pengolahan,ADHK,2023,12724.0
Kepulauan Bangka Belitung,C,Industri Pengolahan,ADHK,2024,12224.0
Kepulauan Bangka Belitung,D,Pengadaan Listrik dan Gas,ADHK,2020,55.0
Kepulauan Bangka Belitung,D,Pengadaan Listrik dan Gas,ADHK,2021,61.0
Kepulauan Bangka Belitung,D,Pengadaan Listrik dan Gas,ADHK,2022,59.0
Kepulauan Bangka Belitung,D,Pengadaan Listrik dan Gas,ADHK,2023,60.0
Kepulauan Bangka Belitung,D,Pengadaan Listrik dan Gas,ADHK,2024,63.0
Kepulauan Bangka Belitung,E,"Pengadaan Air, Pengelolaan Sampah, Limbah dan Daur Ulang",ADHK,2020,10.0
Kepulauan Bangka Belitung,E,"Pengadaan Air, Pengelolaan Sampah, Limbah dan Daur Ulang",ADHK,2021,10.0
Kepulauan Bangka Belitung,E,"Pengadaan Air, Pengelolaan Sampah, Limbah dan Daur Ulang",ADHK,2022,11.0
Kepulauan Bangka Belitung,E,"Pengadaan Air, Pengelolaan Sampah, Limbah dan Daur Ulang",ADHK,2023,11.0
Kepulauan Bangka Belitung,E,"Pengadaan Air, Pengelolaan Sampah, Limbah dan Daur Ulang",ADHK,2024,11.0
Kepulauan Bangka Belitung,F,Konstruksi,ADHK,2020,4695.0
Kepulauan Bangka Belitung,F,Konstruksi,ADHK,2021,4898.0
Kepulauan Bangka Belitung,F,Konstruksi,ADHK,2022,4846.0
Kepulauan Bangka Belitung,F,Konstruksi,ADHK,2023,5279.0
Kepulauan Bangka Belitung,F,Konstruksi,ADHK,2024,5249.0
Kepulauan Bangka Belitung,G,Perdagangan Besar dan Eceran; Reparasi Mobil dan Sepeda Motor,ADHK,2020,7243.0
Kepulauan Bangka Belitung,G,Perdagangan Besar dan Eceran; Reparasi Mobil dan Sepeda Motor,ADHK,2021,7663.0
Kepulauan Bangka Belitung,G,Perdagangan Besar dan Eceran; Reparasi Mobil dan Sepeda Motor,ADHK,2022,8489.0
Kepulauan Bangka Belitung,G,Perdagangan Besar dan Eceran; Reparasi Mobil dan Sepeda Motor,ADHK,2023,8689.0
Kepulauan Bangka Belitung,G,Perdagangan Besar dan Eceran; Reparasi Mobil dan Sepeda Motor,ADHK,2024,8659.0
Kepulauan Bangka Belitung,H,Transportasi dan Pergudangan,ADHK,2020,1725.0
Kepulauan Bangka Belitung,H,Transportasi dan Pergudangan,ADHK,2021,1880.0
Kepulauan Bangka Belitung,H,Transportasi dan Pergudangan,ADHK,2022,2274.0
Kepulauan Bangka Belitung,H,Transportasi dan Pergudangan,ADHK,2023,2489.0
Kepulauan Bangka Belitung,H,Transportasi dan Pergudangan,ADHK,2024,2549.0
Kepulauan Bangka Belitung,I,Penyediaan Akomodasi dan Makan Minum,ADHK,2020,1280.0
Kepulauan Bangka Belitung,I,Penyediaan Akomodasi dan Makan Minum,ADHK,2021,1415.0
Kepulauan Bangka Belitung,I,Penyediaan Akomodasi dan Makan Minum,ADHK,2022,1562.0
Kepulauan Bangka Belitung,I,Penyediaan Akomodasi dan Makan Minum,ADHK,2023,1717.0
Kepulauan Bangka Belitung,I,Penyediaan Akomodasi dan Makan Minum,ADHK,2024,1780.0
Kepulauan Bangka Belitung,J,Informasi dan Komunikasi,ADHK,2020,1445.0
Kepulauan Bangka Belitung,J,Informasi dan Komunikasi,ADHK,2021,1572.0
Kepulauan Bangka Belitung,J,Informasi dan Komunikasi,ADHK,2022,1727.0
Kepulauan Bangka Belitung,J,Informasi dan Komunikasi,ADHK,2023,1965.0
Kepulauan Bangka Belitung,J,Informasi dan Komunikasi,ADHK,2024,2158.0
Kepulauan Bangka Belitung,K,Jasa Keuangan dan Asuransi,ADHK,2020,921.0
Kepulauan Bangka Belitung,K,Jasa Keuangan dan Asuransi,ADHK,2021,973.0
Kepulauan Bangka Belitung,K,Jasa Keuangan dan Asuransi,ADHK,2022,1027.0
Kepulauan Bangka Belitung,K,Jasa Keuangan dan Asuransi,ADHK,2023,1170.0
Kepulauan Bangka Belitung,K,Jasa Keuangan dan Asuransi,ADHK,2024,1179.0
Kepulauan Bangka Belitung,L,Real Estate,ADHK,2020,1807.0
Kepulauan Bangka Belitung,L,Real Estate,ADHK,2021,1929.0
Kepulauan Bangka Belitung,L,Real Estate,ADHK,2022,2027.0
Kepulauan Bangka Belitung,L,Real Estate,ADHK,2023,2111.0
Kepulauan Bangka Belitung,L,Real Estate,ADHK,2024,2186.0
Kepulauan Bangka Belitung,"M,N",Jasa Perusahaan,ADHK,2020,119.0
Kepulauan Bangka Belitung,"M,N",Jasa Perusahaan,ADHK,2021,126.0
Kepulauan Bangka Belitung,"M,N",Jasa Perusahaan,ADHK,2022,139.0
Kepulauan Bangka Belitung,"M,N",Jasa Perusahaan,ADHK,2023,152.0
Kepulauan Bangka Belitung,"M,N",Jasa Perusahaan,ADHK,2024,162.0
Kepulauan Bangka Belitung,O,"Administrasi Pemerintahan, Pertahanan dan Jaminan Sosial Wajib",ADHK,2020,2977.0
Kepulauan Bangka Belitung,O,"Administrasi Pemerintahan, Pertahanan dan Jaminan Sosial Wajib",ADHK,2021,3137.0
Kepulauan Bangka Belitung,O,"Administrasi Pemerintahan, Pertahanan dan Jaminan Sosial Wajib",ADHK,2022,3094.0
Kepulauan Bangka Belitung,O,"Administrasi Pemerintahan, Pertahanan dan Jaminan Sosial Wajib",ADHK,2023,3300.0
Kepulauan Bangka Belitung,O,"Administrasi Pemerintahan, Pertahanan dan Jaminan Sosial Wajib",ADHK,2024,3591.0
Kepulauan Bangka Belitung,P,Jasa Pendidikan,ADHK,2020,1369.0
Kepulauan Bangka Belitung,P,Jasa Pendidikan,ADHK,2021,1403.0
Kepulauan Bangka Belitung,P,Jasa Pendidikan,ADHK,2022,1445.0
Kepulauan Bangka Belitung,P,Jasa Pendidikan,ADHK,2023,1600.0
Kepulauan Bangka Belitung,P,Jasa Pendidikan,ADHK,2024,1771.0
Kepulauan Bangka Belitung,Q,Jasa Kesehatan dan Kegiatan Sosial,ADHK,2020,705.0
Kepulauan Bangka Belitung,Q,Jasa Kesehatan dan Kegiatan Sosial,ADHK,2021,805.0
Kepulauan Bangka Belitung,Q,Jasa Kesehatan dan Kegiatan Sosial,ADHK,2022,822.0
Kepulauan Bangka Belitung,Q,Jasa Kesehatan dan Kegiatan Sosial,ADHK,2023,894.0
Kepulauan Bangka Belitung,Q,Jasa Kesehatan dan Kegiatan Sosial,ADHK,2024,909.0
Kepulauan Bangka Belitung,"R,S,T,U",Jasa lainnya,ADHK,2020,392.0
Kepulauan Bangka Belitung,"R,S,T,U",Jasa lainnya,ADHK,2021,407.0
Kepulauan Bangka Belitung,"R,S,T,U",Jasa lainnya,ADHK,2022,439.0
Kepulauan Bangka Belitung,"R,S,T,U",Jasa lainnya,ADHK,2023,487.0
Kepulauan Bangka Belitung,"R,S,T,U",Jasa lainnya,ADHK,2024,526.0
Kepulauan Riau,A,"Pertanian, Kehutanan, dan Perikanan",ADHB,2020,8047.0
Kepulauan Riau,A,"Pertanian, Kehutanan, dan Perikanan",ADHB,2021,8462.0
Kepulauan Riau,A,"Pertanian, Kehutanan, dan Perikanan",ADHB,2022,9371.0
Kepulauan Riau,A,"Pertanian, Kehutanan, dan Perikanan",ADHB,2023,9899.0
Kepulauan Riau,A,"Pertanian, Kehutanan, dan Perikanan",ADHB,2024,10356.0
Kepulauan Riau,B,Pertambangan dan Penggalian,ADHB,2020,28366.0
Kepulauan Riau,B,Pertambangan dan Penggalian,ADHB,2021,34696.0
Kepulauan Riau,B,Pertambangan dan Penggalian,ADHB,2022,38839.0
Kepulauan Riau,B,Pertambangan dan Penggalian,ADHB,2023,37035.0
Kepulauan Riau,B,Pertambangan dan Penggalian,ADHB,2024,34242.0
Kepulauan Riau,C,Industri Pengolahan,ADHB,2020,105790.0
Kepulauan Riau,C,Industri Pengolahan,ADHB,2021,115852.0
Kepulauan Riau,C,Industri Pengolahan,ADHB,2022,125990.0
Kepulauan Riau,C,Industri Pengolahan,ADHB,2023,132925.0
Kepulauan Riau,C,Industri Pengolahan,ADHB,2024,144629.0
Kepulauan Riau,D,Pengadaan Listrik dan Gas,ADHB,2020,2602.0
Kepulauan Riau,D,Pengadaan Listrik dan Gas,ADHB,2021,2733.0
Kepulauan Riau,D,Pengadaan Listrik dan Gas,ADHB,2022,3263.0
Kepulauan Riau,D,Pengadaan Listrik dan Gas,ADHB,2023,3557.0
Kepulauan Riau,D,Pengadaan Listrik dan Gas,ADHB,2024,3865.0
Kepulauan Riau,E,"Pengadaan Air, Pengelolaan Sampah, Limbah dan Daur Ulang",ADHB,2020,281.0
Kepulauan Riau,E,"Pengadaan Air, Pengelolaan Sampah, Limbah dan Daur Ulang",ADHB,2021,280.0
Kepulauan Riau,E,"Pengadaan Air, Pengelolaan Sampah, Limbah dan Daur Ulang",ADHB,2022,306.0
Kepulauan Riau,E,"Pengadaan Air, Pengelolaan Sampah, Limbah dan Daur Ulang",ADHB,2023,322.0
Kepulauan Riau,E,"Pengadaan Air, Pengelolaan Sampah, Limbah dan Daur Ulang",ADHB,2024,343.0
Kepulauan Riau,F,Konstruksi,ADHB,2020,49318.0
Kepulauan Riau,F,Konstruksi,ADHB,2021,53159.0
Kepulauan Riau,F,Konstruksi,ADHB,2022,59057.0
Kepulauan Riau,F,Konstruksi,ADHB,2023,66985.0
Kepulauan Riau,F,Konstruksi,ADHB,2024,71356.0
Kepulauan Riau,G,Perdagangan Besar dan Eceran; Reparasi Mobil dan Sepeda Motor,ADHB,2020,21562.0
Kepulauan Riau,G,Perdagangan Besar dan Eceran; Reparasi Mobil dan Sepeda Motor,ADHB,2021,22475.0
Kepulauan Riau,G,Perdagangan Besar dan Eceran; Reparasi Mobil dan Sepeda Motor,ADHB,2022,27343.0
Kepulauan Riau,G,Perdagangan Besar dan Eceran; Reparasi Mobil dan Sepeda Motor,ADHB,2023,30166.0
Kepulauan Riau,G,Perdagangan Besar dan Eceran; Reparasi Mobil dan Sepeda Motor,ADHB,2024,32603.0
Kepulauan Riau,H,Transportasi dan Pergudangan,ADHB,2020,4112.0
Kepulauan Riau,H,Transportasi dan Pergudangan,ADHB,2021,3827.0
Kepulauan Riau,H,Transportasi dan Pergudangan,ADHB,2022,5888.0
Kepulauan Riau,H,Transportasi dan Pergudangan,ADHB,2023,6769.0
Kepulauan Riau,H,Transportasi dan Pergudangan,ADHB,2024,7207.0
Kepulauan Riau,I,Penyediaan Akomodasi dan Makan Minum,ADHB,2020,3388.0
Kepulauan Riau,I,Penyediaan Akomodasi dan Makan Minum,ADHB,2021,3168.0
Kepulauan Riau,I,Penyediaan Akomodasi dan Makan Minum,ADHB,2022,4875.0
Kepulauan Riau,I,Penyediaan Akomodasi dan Makan Minum,ADHB,2023,6302.0
Kepulauan Riau,I,Penyediaan Akomodasi dan Makan Minum,ADHB,2024,6681.0
Kepulauan Riau,J,Informasi dan Komunikasi,ADHB,2020,6484.0
Kepulauan Riau,J,Informasi dan Komunikasi,ADHB,2021,7078.0
Kepulauan Riau,J,Informasi dan Komunikasi,ADHB,2022,7720.0
Kepulauan Riau,J,Informasi dan Komunikasi,ADHB,2023,9334.0
Kepulauan Riau,J,Informasi dan Komunikasi,ADHB,2024,9389.0
Kepulauan Riau,K,Jasa Keuangan dan Asuransi,ADHB,2020,6991.0
Kepulauan Riau,K,Jasa Keuangan dan Asuransi,ADHB,2021,7192.0
Kepulauan Riau,K,Jasa Keuangan dan Asuransi,ADHB,2022,7906.0
Kepulauan Riau,K,Jasa Keuangan dan Asuransi,ADHB,2023,8823.0
Kepulauan Riau,K,Jasa Keuangan dan Asuransi,ADHB,2024,9644.0
Kepulauan Riau,L,Real Estate,ADHB,2020,3191.0
Kepulauan Riau,L,Real Estate,ADHB,2021,3117.0
Kepulauan Riau,L,Real Estate,ADHB,2022,3353.0
Kepulauan Riau,L,Real Estate,ADHB,2023,3640.0
Kepulauan Riau,L,Real Estate,ADHB,2024,3883.0
Kepulauan Riau,"M,N",Jasa Perusahaan,ADHB,2020,6.0
Kepulauan Riau,"M,N",Jasa Perusahaan,ADHB,2021,7.0
Kepulauan Riau,"M,N",Jasa Perusahaan,ADHB,2022,9.0
Kepulauan Riau,"M,N",Jasa Perusahaan,ADHB,2023,11.0
Kepulauan Riau,"M,N",Jasa Perusahaan,ADHB,2024,12.0
Kepulauan Riau,O,"Administrasi Pemerintahan, Pertahanan dan Jaminan Sosial Wajib",ADHB,2020,7347.0
Kepulauan Riau,O,"Administrasi Pemerintahan, Pertahanan dan Jaminan Sosial Wajib",ADHB,2021,6698.0
Kepulauan Riau,O,"Administrasi Pemerintahan, Pertahanan dan Jaminan Sosial Wajib",ADHB,2022,7203.0
Kepulauan Riau,O,"Administrasi Pemerintahan, Pertahanan dan Jaminan Sosial Wajib",ADHB,2023,7887.0
Kepulauan Riau,O,"Administrasi Pemerintahan, Pertahanan dan Jaminan Sosial Wajib",ADHB,2024,9223.0
Kepulauan Riau,P,Jasa Pendidikan,ADHB,2020,3896.0
Kepulauan Riau,P,Jasa Pendidikan,ADHB,2021,3878.0
Kepulauan Riau,P,Jasa Pendidikan,ADHB,2022,4183.0
Kepulauan Riau,P,Jasa Pendidikan,ADHB,2023,4416.0
Kepulauan Riau,P,Jasa Pendidikan,ADHB,2024,4703.0
Kepulauan Riau,Q,Jasa Kesehatan dan Kegiatan Sosial,ADHB,2020,2277.0
Kepulauan Riau,Q,Jasa Kesehatan dan Kegiatan Sosial,ADHB,2021,2572.0
Kepulauan Riau,Q,Jasa Kesehatan dan Kegiatan Sosial,ADHB,2022,2646.0
Kepulauan Riau,Q,Jasa Kesehatan dan Kegiatan Sosial,ADHB,2023,2579.0
Kepulauan Riau,Q,Jasa Kesehatan dan Kegiatan Sosial,ADHB,2024,3124.0
Kepulauan Riau,"R,S,T,U",Jasa lainnya,ADHB,2020,436.0
Kepulauan Riau,"R,S,T,U",Jasa lainnya,ADHB,2021,430.0
Kepulauan Riau,"R,S,T,U",Jasa lainnya,ADHB,2022,786.0
Kepulauan Riau,"R,S,T,U",Jasa lainnya,ADHB,2023,994.0
Kepulauan Riau,"R,S,T,U",Jasa lainnya,ADHB,2024,1176.0
Kepulauan Riau,A,"Pertanian, Kehutanan, dan Perikanan",ADHK,2020,5467.0
Kepulauan Riau,A,"Pertanian, Kehutanan, dan Perikanan",ADHK,2021,5322.0
Kepulauan Riau,A,"Pertanian, Kehutanan, dan Perikanan",ADHK,2022,5602.0
Kepulauan Riau,A,"Pertanian, Kehutanan, dan Perikanan",ADHK,2023,5688.0
Kepulauan Riau,A,"Pertanian, Kehutanan, dan Perikanan",ADHK,2024,5720.0
Kepulauan Riau,B,Pertambangan dan Penggalian,ADHK,2020,24934.0
Kepulauan Riau,B,Pertambangan dan Penggalian,ADHK,2021,24749.0
Kepulauan Riau,B,Pertambangan dan Penggalian,ADHK,2022,23016.0
Kepulauan Riau,B,Pertambangan dan Penggalian,ADHK,2023,22406.0
Kepulauan Riau,B,Pertambangan dan Penggalian,ADHK,2024,20651.0
Kepulauan Riau,C,Industri Pengolahan,ADHK,2020,71326.0
Kepulauan Riau,C,Industri Pengolahan,ADHK,2021,75925.0
Kepulauan Riau,C,Industri Pengolahan,ADHK,2022,79348.0
Kepulauan Riau,C,Industri Pengolahan,ADHK,2023,81303.0
Kepulauan Riau,C,Industri Pengolahan,ADHK,2024,87617.0
Kepulauan Riau,D,Pengadaan Listrik dan Gas,ADHK,2020,1581.0
Kepulauan Riau,D,Pengadaan Listrik dan Gas,ADHK,2021,1649.0
Kepulauan Riau,D,Pengadaan Listrik dan Gas,ADHK,2022,1919.0
Kepulauan Riau,D,Pengadaan Listrik dan Gas,ADHK,2023,2073.0
Kepulauan Riau,D,Pengadaan Listrik dan Gas,ADHK,2024,2222.0
Kepulauan Riau,E,"Pengadaan Air, Pengelolaan Sampah, Limbah dan Daur Ulang",ADHK,2020,219.0
Kepulauan Riau,E,"Pengadaan Air, Pengelolaan Sampah, Limbah dan Daur Ulang",ADHK,2021,219.0
Kepulauan Riau,E,"Pengadaan Air, Pengelolaan Sampah, Limbah dan Daur Ulang",ADHK,2022,238.0
Kepulauan Riau,E,"Pengadaan Air, Pengelolaan Sampah, Limbah dan Daur Ulang",ADHK,2023,249.0
Kepulauan Riau,E,"Pengadaan Air, Pengelolaan Sampah, Limbah dan Daur Ulang",ADHK,2024,253.0
Kepulauan Riau,F,Konstruksi,ADHK,2020,31752.0
Kepulauan Riau,F,Konstruksi,ADHK,2021,33256.0
Kepulauan Riau,F,Konstruksi,ADHK,2022,34917.0
Kepulauan Riau,F,Konstruksi,ADHK,2023,38580.0
Kepulauan Riau,F,Konstruksi,ADHK,2024,40799.0
Kepulauan Riau,G,Perdagangan Besar dan Eceran; Reparasi Mobil dan Sepeda Motor,ADHK,2020,13450.0
Kepulauan Riau,G,Perdagangan Besar dan Eceran; Reparasi Mobil dan Sepeda Motor,ADHK,2021,13593.0
Kepulauan Riau,G,Perdagangan Besar dan Eceran; Reparasi Mobil dan Sepeda Motor,ADHK,2022,15478.0
Kepulauan Riau,G,Perdagangan Besar dan Eceran; Reparasi Mobil dan Sepeda Motor,ADHK,2023,16386.0
Kepulauan Riau,G,Perdagangan Besar dan Eceran; Reparasi Mobil dan Sepeda Motor,ADHK,2024,17302.0
Kepulauan Riau,H,Transportasi dan Pergudangan,ADHK,2020,2558.0
Kepulauan Riau,H,Transportasi dan Pergudangan,ADHK,2021,2515.0
Kepulauan Riau,H,Transportasi dan Pergudangan,ADHK,2022,3480.0
Kepulauan Riau,H,Transportasi dan Pergudangan,ADHK,2023,3999.0
Kepulauan Riau,H,Transportasi dan Pergudangan,ADHK,2024,4099.0
Kepulauan Riau,I,Penyediaan Akomodasi dan Makan Minum,ADHK,2020,2527.0
Kepulauan Riau,I,Penyediaan Akomodasi dan Makan Minum,ADHK,2021,2358.0
Kepulauan Riau,I,Penyediaan Akomodasi dan Makan Minum,ADHK,2022,3530.0
Kepulauan Riau,I,Penyediaan Akomodasi dan Makan Minum,ADHK,2023,4494.0
Kepulauan Riau,I,Penyediaan Akomodasi dan Makan Minum,ADHK,2024,4684.0
Kepulauan Riau,J,Informasi dan Komunikasi,ADHK,2020,5392.0
Kepulauan Riau,J,Informasi dan Komunikasi,ADHK,2021,5909.0
Kepulauan Riau,J,Informasi dan Komunikasi,ADHK,2022,6421.0
Kepulauan Riau,J,Informasi dan Komunikasi,ADHK,2023,7703.0
Kepulauan Riau,J,Informasi dan Komunikasi,ADHK,2024,7698.0
Kepulauan Riau,K,Jasa Keuangan dan Asuransi,ADHK,2020,4798.0
Kepulauan Riau,K,Jasa Keuangan dan Asuransi,ADHK,2021,4833.0
Kepulauan Riau,K,Jasa Keuangan dan Asuransi,ADHK,2022,5035.0
Kepulauan Riau,K,Jasa Keuangan dan Asuransi,ADHK,2023,5470.0
Kepulauan Riau,K,Jasa Keuangan dan Asuransi,ADHK,2024,5876.0
Kepulauan Riau,L,Real Estate,ADHK,2020,2331.0
Kepulauan Riau,L,Real Estate,ADHK,2021,2248.0
Kepulauan Riau,L,Real Estate,ADHK,2022,2352.0
Kepulauan Riau,L,Real Estate,ADHK,2023,2476.0
Kepulauan Riau,L,Real Estate,ADHK,2024,2614.0
Kepulauan Riau,"M,N",Jasa Perusahaan,ADHK,2020,5.0
Kepulauan Riau,"M,N",Jasa Perusahaan,ADHK,2021,6.0
Kepulauan Riau,"M,N",Jasa Perusahaan,ADHK,2022,7.0
Kepulauan Riau,"M,N",Jasa Perusahaan,ADHK,2023,8.0
Kepulauan Riau,"M,N",Jasa Perusahaan,ADHK,2024,8.0
Kepulauan Riau,O,"Administrasi Pemerintahan, Pertahanan dan Jaminan Sosial Wajib",ADHK,2020,4398.0
Kepulauan Riau,O,"Administrasi Pemerintahan, Pertahanan dan Jaminan Sosial Wajib",ADHK,2021,4028.0
Kepulauan Riau,O,"Administrasi Pemerintahan, Pertahanan dan Jaminan Sosial Wajib",ADHK,2022,4163.0
Kepulauan Riau,O,"Administrasi Pemerintahan, Pertahanan dan Jaminan Sosial Wajib",ADHK,2023,4377.0
Kepulauan Riau,O,"Administrasi Pemerintahan, Pertahanan dan Jaminan Sosial Wajib",ADHK,2024,5159.0
Kepulauan Riau,P,Jasa Pendidikan,ADHK,2020,2260.0
Kepulauan Riau,P,Jasa Pendidikan,ADHK,2021,2183.0
Kepulauan Riau,P,Jasa Pendidikan,ADHK,2022,2256.0
Kepulauan Riau,P,Jasa Pendidikan,ADHK,2023,2343.0
Kepulauan Riau,P,Jasa Pendidikan,ADHK,2024,2435.0
Kepulauan Riau,Q,Jasa Kesehatan dan Kegiatan Sosial,ADHK,2020,1679.0
Kepulauan Riau,Q,Jasa Kesehatan dan Kegiatan Sosial,ADHK,2021,1886.0
Kepulauan Riau,Q,Jasa Kesehatan dan Kegiatan Sosial,ADHK,2022,1886.0
Kepulauan Riau,Q,Jasa Kesehatan dan Kegiatan Sosial,ADHK,2023,1795.0
Kepulauan Riau,Q,Jasa Kesehatan dan Kegiatan Sosial,ADHK,2024,2147.0
Kepulauan Riau,"R,S,T,U",Jasa lainnya,ADHK,2020,282.0
Kepulauan Riau,"R,S,T,U",Jasa lainnya,ADHK,2021,273.0
Kepulauan Riau,"R,S,T,U",Jasa lainnya,ADHK,2022,464.0
Kepulauan Riau,"R,S,T,U",Jasa lainnya,ADHK,2023,564.0
Kepulauan Riau,"R,S,T,U",Jasa lainnya,ADHK,2024,653.0
DKI Jakarta,A,"Pertanian, Kehutanan, dan Perikanan",ADHB,2020,2237.0
DKI Jakarta,A,"Pertanian, Kehutanan, dan Perikanan",ADHB,2021,2377.0
DKI Jakarta,A,"Pertanian, Kehutanan, dan Perikanan",ADHB,2022,2531.0
DKI Jakarta,A,"Pertanian, Kehutanan, dan Perikanan",ADHB,2023,2515.0
DKI Jakarta,A,"Pertanian, Kehutanan, dan Perikanan",ADHB,2024,2762.0
DKI Jakarta,B,Pertambangan dan Penggalian,ADHB,2020,4643.0
DKI Jakarta,B,Pertambangan dan Penggalian,ADHB,2021,6266.0
DKI Jakarta,B,Pertambangan dan Penggalian,ADHB,2022,8031.0
DKI Jakarta,B,Pertambangan dan Penggalian,ADHB,2023,6006.0
DKI Jakarta,B,Pertambangan dan Penggalian,ADHB,2024,5714.0
DKI Jakarta,C,Industri Pengolahan,ADHB,2020,314954.0
DKI Jakarta,C,Industri Pengolahan,ADHB,2021,357605.0
DKI Jakarta,C,Industri Pengolahan,ADHB,2022,391219.0
DKI Jakarta,C,Industri Pengolahan,ADHB,2023,408802.0
DKI Jakarta,C,Industri Pengolahan,ADHB,2024,422940.0
DKI Jakarta,D,Pengadaan Listrik dan Gas,ADHB,2020,9214.0
DKI Jakarta,D,Pengadaan Listrik dan Gas,ADHB,2021,7613.0
DKI Jakarta,D,Pengadaan Listrik dan Gas,ADHB,2022,7487.0
DKI Jakarta,D,Pengadaan Listrik dan Gas,ADHB,2023,6879.0
DKI Jakarta,D,Pengadaan Listrik dan Gas,ADHB,2024,5628.0
DKI Jakarta,E,"Pengadaan Air, Pengelolaan Sampah, Limbah dan Daur Ulang",ADHB,2020,925.0
DKI Jakarta,E,"Pengadaan Air, Pengelolaan Sampah, Limbah dan Daur Ulang",ADHB,2021,966.0
DKI Jakarta,E,"Pengadaan Air, Pengelolaan Sampah, Limbah dan Daur Ulang",ADHB,2022,984.0
DKI Jakarta,E,"Pengadaan Air, Pengelolaan Sampah, Limbah dan Daur Ulang",ADHB,2023,1057.0
DKI Jakarta,E,"Pengadaan Air, Pengelolaan Sampah, Limbah dan Daur Ulang",ADHB,2024,1121.0
DKI Jakarta,F,Konstruksi,ADHB,2020,313052.0
DKI Jakarta,F,Konstruksi,ADHB,2021,326426.0
DKI Jakarta,F,Konstruksi,ADHB,2022,351921.0
DKI Jakarta,F,Konstruksi,ADHB,2023,372445.0
DKI Jakarta,F,Konstruksi,ADHB,2024,401326.0
DKI Jakarta,G,Perdagangan Besar dan Eceran; Reparasi Mobil dan Sepeda Motor,ADHB,2020,460152.0
DKI Jakarta,G,Perdagangan Besar dan Eceran; Reparasi Mobil dan Sepeda Motor,ADHB,2021,490596.0
DKI Jakarta,G,Perdagangan Besar dan Eceran; Reparasi Mobil dan Sepeda Motor,ADHB,2022,555568.0
DKI Jakarta,G,Perdagangan Besar dan Eceran; Reparasi Mobil dan Sepeda Motor,ADHB,2023,608325.0
DKI Jakarta,G,Perdagangan Besar dan Eceran; Reparasi Mobil dan Sepeda Motor,ADHB,2024,662471.0
DKI Jakarta,H,Transportasi dan Pergudangan,ADHB,2020,96608.0
DKI Jakarta,H,Transportasi dan Pergudangan,ADHB,2021,111010.0
DKI Jakarta,H,Transportasi dan Pergudangan,ADHB,2022,126971.0
DKI Jakarta,H,Transportasi dan Pergudangan,ADHB,2023,151851.0
DKI Jakarta,H,Transportasi dan Pergudangan,ADHB,2024,166936.0
DKI Jakarta,I,Penyediaan Akomodasi dan Makan Minum,ADHB,2020,115091.0
DKI Jakarta,I,Penyediaan Akomodasi dan Makan Minum,ADHB,2021,127093.0
DKI Jakarta,I,Penyediaan Akomodasi dan Makan Minum,ADHB,2022,143663.0
DKI Jakarta,I,Penyediaan Akomodasi dan Makan Minum,ADHB,2023,161238.0
DKI Jakarta,I,Penyediaan Akomodasi dan Makan Minum,ADHB,2024,178511.0
DKI Jakarta,J,Informasi dan Komunikasi,ADHB,2020,258096.0
DKI Jakarta,J,Informasi dan Komunikasi,ADHB,2021,271957.0
DKI Jakarta,J,Informasi dan Komunikasi,ADHB,2022,294866.0
DKI Jakarta,J,Informasi dan Komunikasi,ADHB,2023,320988.0
DKI Jakarta,J,Informasi dan Komunikasi,ADHB,2024,342478.0
DKI Jakarta,K,Jasa Keuangan dan Asuransi,ADHB,2020,312405.0
DKI Jakarta,K,Jasa Keuangan dan Asuransi,ADHB,2021,324191.0
DKI Jakarta,K,Jasa Keuangan dan Asuransi,ADHB,2022,352956.0
DKI Jakarta,K,Jasa Keuangan dan Asuransi,ADHB,2023,381952.0
DKI Jakarta,K,Jasa Keuangan dan Asuransi,ADHB,2024,408186.0
DKI Jakarta,L,Real Estate,ADHB,2020,174265.0
DKI Jakarta,L,Real Estate,ADHB,2021,178883.0
DKI Jakarta,L,Real Estate,ADHB,2022,186184.0
DKI Jakarta,L,Real Estate,ADHB,2023,193776.0
DKI Jakarta,L,Real Estate,ADHB,2024,200045.0
DKI Jakarta,"M,N",Jasa Perusahaan,ADHB,2020,245178.0
DKI Jakarta,"M,N",Jasa Perusahaan,ADHB,2021,248256.0
DKI Jakarta,"M,N",Jasa Perusahaan,ADHB,2022,271841.0
DKI Jakarta,"M,N",Jasa Perusahaan,ADHB,2023,302616.0
DKI Jakarta,"M,N",Jasa Perusahaan,ADHB,2024,323348.0
DKI Jakarta,O,"Administrasi Pemerintahan, Pertahanan dan Jaminan Sosial Wajib",ADHB,2020,146974.0
DKI Jakarta,O,"Administrasi Pemerintahan, Pertahanan dan Jaminan Sosial Wajib",ADHB,2021,142103.0
DKI Jakarta,O,"Administrasi Pemerintahan, Pertahanan dan Jaminan Sosial Wajib",ADHB,2022,145730.0
DKI Jakarta,O,"Administrasi Pemerintahan, Pertahanan dan Jaminan Sosial Wajib",ADHB,2023,148082.0
DKI Jakarta,O,"Administrasi Pemerintahan, Pertahanan dan Jaminan Sosial Wajib",ADHB,2024,156649.0
DKI Jakarta,P,Jasa Pendidikan,ADHB,2020,145087.0
DKI Jakarta,P,Jasa Pendidikan,ADHB,2021,146586.0
DKI Jakarta,P,Jasa Pendidikan,ADHB,2022,149353.0
DKI Jakarta,P,Jasa Pendidikan,ADHB,2023,150213.0
DKI Jakarta,P,Jasa Pendidikan,ADHB,2024,159542.0
DKI Jakarta,Q,Jasa Kesehatan dan Kegiatan Sosial,ADHB,2020,58739.0
DKI Jakarta,Q,Jasa Kesehatan dan Kegiatan Sosial,ADHB,2021,63375.0
DKI Jakarta,Q,Jasa Kesehatan dan Kegiatan Sosial,ADHB,2022,70997.0
DKI Jakarta,Q,Jasa Kesehatan dan Kegiatan Sosial,ADHB,2023,76588.0
DKI Jakarta,Q,Jasa Kesehatan dan Kegiatan Sosial,ADHB,2024,82005.0
DKI Jakarta,"R,S,T,U",Jasa lainnya,ADHB,2020,109652.0
DKI Jakarta,"R,S,T,U",Jasa lainnya,ADHB,2021,107583.0
DKI Jakarta,"R,S,T,U",Jasa lainnya,ADHB,2022,128238.0
DKI Jakarta,"R,S,T,U",Jasa lainnya,ADHB,2023,149694.0
DKI Jakarta,"R,S,T,U",Jasa lainnya,ADHB,2024,159695.0
DKI Jakarta,A,"Pertanian, Kehutanan, dan Perikanan",ADHK,2020,1405.0
DKI Jakarta,A,"Pertanian, Kehutanan, dan Perikanan",ADHK,2021,1463.0
DKI Jakarta,A,"Pertanian, Kehutanan, dan Perikanan",ADHK,2022,1501.0
DKI Jakarta,A,"Pertanian, Kehutanan, dan Perikanan",ADHK,2023,1442.0
DKI Jakarta,A,"Pertanian, Kehutanan, dan Perikanan",ADHK,2024,1517.0
DKI Jakarta,B,Pertambangan dan Penggalian,ADHK,2020,2645.0
DKI Jakarta,B,Pertambangan dan Penggalian,ADHK,2021,2538.0
DKI Jakarta,B,Pertambangan dan Penggalian,ADHK,2022,2400.0
DKI Jakarta,B,Pertambangan dan Penggalian,ADHK,2023,2094.0
DKI Jakarta,B,Pertambangan dan Penggalian,ADHK,2024,1984.0
DKI Jakarta,C,Industri Pengolahan,ADHK,2020,194552.0
DKI Jakarta,C,Industri Pengolahan,ADHK,2021,216045.0
DKI Jakarta,C,Industri Pengolahan,ADHK,2022,228742.0
DKI Jakarta,C,Industri Pengolahan,ADHK,2023,232992.0
DKI Jakarta,C,Industri Pengolahan,ADHK,2024,235646.0
DKI Jakarta,D,Pengadaan Listrik dan Gas,ADHK,2020,5212.0
DKI Jakarta,D,Pengadaan Listrik dan Gas,ADHK,2021,4362.0
DKI Jakarta,D,Pengadaan Listrik dan Gas,ADHK,2022,4261.0
DKI Jakarta,D,Pengadaan Listrik dan Gas,ADHK,2023,3962.0
DKI Jakarta,D,Pengadaan Listrik dan Gas,ADHK,2024,3315.0
DKI Jakarta,E,"Pengadaan Air, Pengelolaan Sampah, Limbah dan Daur Ulang",ADHK,2020,743.0
DKI Jakarta,E,"Pengadaan Air, Pengelolaan Sampah, Limbah dan Daur Ulang",ADHK,2021,773.0
DKI Jakarta,E,"Pengadaan Air, Pengelolaan Sampah, Limbah dan Daur Ulang",ADHK,2022,777.0
DKI Jakarta,E,"Pengadaan Air, Pengelolaan Sampah, Limbah dan Daur Ulang",ADHK,2023,827.0
DKI Jakarta,E,"Pengadaan Air, Pengelolaan Sampah, Limbah dan Daur Ulang",ADHK,2024,831.0
DKI Jakarta,F,Konstruksi,ADHK,2020,207533.0
DKI Jakarta,F,Konstruksi,ADHK,2021,207716.0
DKI Jakarta,F,Konstruksi,ADHK,2022,211218.0
DKI Jakarta,F,Konstruksi,ADHK,2023,216505.0
DKI Jakarta,F,Konstruksi,ADHK,2024,231633.0
DKI Jakarta,G,Perdagangan Besar dan Eceran; Reparasi Mobil dan Sepeda Motor,ADHK,2020,270773.0
DKI Jakarta,G,Perdagangan Besar dan Eceran; Reparasi Mobil dan Sepeda Motor,ADHK,2021,285547.0
DKI Jakarta,G,Perdagangan Besar dan Eceran; Reparasi Mobil dan Sepeda Motor,ADHK,2022,307754.0
DKI Jakarta,G,Perdagangan Besar dan Eceran; Reparasi Mobil dan Sepeda Motor,ADHK,2023,321661.0
DKI Jakarta,G,Perdagangan Besar dan Eceran; Reparasi Mobil dan Sepeda Motor,ADHK,2024,343771.0
DKI Jakarta,H,Transportasi dan Pergudangan,ADHK,2020,61416.0
DKI Jakarta,H,Transportasi dan Pergudangan,ADHK,2021,69249.0
DKI Jakarta,H,Transportasi dan Pergudangan,ADHK,2022,74215.0
DKI Jakarta,H,Transportasi dan Pergudangan,ADHK,2023,84642.0
DKI Jakarta,H,Transportasi dan Pergudangan,ADHK,2024,90533.0
DKI Jakarta,I,Penyediaan Akomodasi dan Makan Minum,ADHK,2020,76514.0
DKI Jakarta,I,Penyediaan Akomodasi dan Makan Minum,ADHK,2021,83393.0
DKI Jakarta,I,Penyediaan Akomodasi dan Makan Minum,ADHK,2022,91153.0
DKI Jakarta,I,Penyediaan Akomodasi dan Makan Minum,ADHK,2023,99983.0
DKI Jakarta,I,Penyediaan Akomodasi dan Makan Minum,ADHK,2024,108296.0
DKI Jakarta,J,Informasi dan Komunikasi,ADHK,2020,234277.0
DKI Jakarta,J,Informasi dan Komunikasi,ADHK,2021,245177.0
DKI Jakarta,J,Informasi dan Komunikasi,ADHK,2022,262247.0
DKI Jakarta,J,Informasi dan Komunikasi,ADHK,2023,281781.0
DKI Jakarta,J,Informasi dan Komunikasi,ADHK,2024,295298.0
DKI Jakarta,K,Jasa Keuangan dan Asuransi,ADHK,2020,207713.0
DKI Jakarta,K,Jasa Keuangan dan Asuransi,ADHK,2021,207953.0
DKI Jakarta,K,Jasa Keuangan dan Asuransi,ADHK,2022,210508.0
DKI Jakarta,K,Jasa Keuangan dan Asuransi,ADHK,2023,221858.0
DKI Jakarta,K,Jasa Keuangan dan Asuransi,ADHK,2024,233740.0
DKI Jakarta,L,Real Estate,ADHK,2020,118412.0
DKI Jakarta,L,Real Estate,ADHK,2021,120507.0
DKI Jakarta,L,Real Estate,ADHK,2022,122960.0
DKI Jakarta,L,Real Estate,ADHK,2023,123874.0
DKI Jakarta,L,Real Estate,ADHK,2024,125749.0
DKI Jakarta,"M,N",Jasa Perusahaan,ADHK,2020,151888.0
DKI Jakarta,"M,N",Jasa Perusahaan,ADHK,2021,151567.0
DKI Jakarta,"M,N",Jasa Perusahaan,ADHK,2022,160598.0
DKI Jakarta,"M,N",Jasa Perusahaan,ADHK,2023,171013.0
DKI Jakarta,"M,N",Jasa Perusahaan,ADHK,2024,179075.0
DKI Jakarta,O,"Administrasi Pemerintahan, Pertahanan dan Jaminan Sosial Wajib",ADHK,2020,66254.0
DKI Jakarta,O,"Administrasi Pemerintahan, Pertahanan dan Jaminan Sosial Wajib",ADHK,2021,64389.0
DKI Jakarta,O,"Administrasi Pemerintahan, Pertahanan dan Jaminan Sosial Wajib",ADHK,2022,65904.0
DKI Jakarta,O,"Administrasi Pemerintahan, Pertahanan dan Jaminan Sosial Wajib",ADHK,2023,65927.0
DKI Jakarta,O,"Administrasi Pemerintahan, Pertahanan dan Jaminan Sosial Wajib",ADHK,2024,66749.0
DKI Jakarta,P,Jasa Pendidikan,ADHK,2020,87153.0
DKI Jakarta,P,Jasa Pendidikan,ADHK,2021,87858.0
DKI Jakarta,P,Jasa Pendidikan,ADHK,2022,87753.0
DKI Jakarta,P,Jasa Pendidikan,ADHK,2023,88809.0
DKI Jakarta,P,Jasa Pendidikan,ADHK,2024,92590.0
DKI Jakarta,Q,Jasa Kesehatan dan Kegiatan Sosial,ADHK,2020,36709.0
DKI Jakarta,Q,Jasa Kesehatan dan Kegiatan Sosial,ADHK,2021,39681.0
DKI Jakarta,Q,Jasa Kesehatan dan Kegiatan Sosial,ADHK,2022,43362.0
DKI Jakarta,Q,Jasa Kesehatan dan Kegiatan Sosial,ADHK,2023,45901.0
DKI Jakarta,Q,Jasa Kesehatan dan Kegiatan Sosial,ADHK,2024,48385.0
DKI Jakarta,"R,S,T,U",Jasa lainnya,ADHK,2020,69094.0
DKI Jakarta,"R,S,T,U",Jasa lainnya,ADHK,2021,67781.0
DKI Jakarta,"R,S,T,U",Jasa lainnya,ADHK,2022,78135.0
DKI Jakarta,"R,S,T,U",Jasa lainnya,ADHK,2023,87202.0
DKI Jakarta,"R,S,T,U",Jasa lainnya,ADHK,2024,91930.0
Jawa Barat,A,"Pertanian, Kehutanan, dan Perikanan",ADHB,2020,192112.0
Jawa Barat,A,"Pertanian, Kehutanan, dan Perikanan",ADHB,2021,188594.0
Jawa Barat,A,"Pertanian, Kehutanan, dan Perikanan",ADHB,2022,207717.0
Jawa Barat,A,"Pertanian, Kehutanan, dan Perikanan",ADHB,2023,221651.0
Jawa Barat,A,"Pertanian, Kehutanan, dan Perikanan",ADHB,2024,237632.0
Jawa Barat,B,Pertambangan dan Penggalian,ADHB,2020,23161.0
Jawa Barat,B,Pertambangan dan Penggalian,ADHB,2021,25536.0
Jawa Barat,B,Pertambangan dan Penggalian,ADHB,2022,27934.0
Jawa Barat,B,Pertambangan dan Penggalian,ADHB,2023,26089.0
Jawa Barat,B,Pertambangan dan Penggalian,ADHB,2024,27360.0
Jawa Barat,C,Industri Pengolahan,ADHB,2020,856104.0
Jawa Barat,C,Industri Pengolahan,ADHB,2021,921577.0
Jawa Barat,C,Industri Pengolahan,ADHB,2022,1023401.0
Jawa Barat,C,Industri Pengolahan,ADHB,2023,1099088.0
Jawa Barat,C,Industri Pengolahan,ADHB,2024,1168548.0
Jawa Barat,D,Pengadaan Listrik dan Gas,ADHB,2020,10070.0
Jawa Barat,D,Pengadaan Listrik dan Gas,ADHB,2021,11242.0
Jawa Barat,D,Pengadaan Listrik dan Gas,ADHB,2022,12162.0
Jawa Barat,D,Pengadaan Listrik dan Gas,ADHB,2023,12221.0
Jawa Barat,D,Pengadaan Listrik dan Gas,ADHB,2024,12059.0
Jawa Barat,E,"Pengadaan Air, Pengelolaan Sampah, Limbah dan Daur Ulang",ADHB,2020,2156.0
Jawa Barat,E,"Pengadaan Air, Pengelolaan Sampah, Limbah dan Daur Ulang",ADHB,2021,2374.0
Jawa Barat,E,"Pengadaan Air, Pengelolaan Sampah, Limbah dan Daur Ulang",ADHB,2022,2486.0
Jawa Barat,E,"Pengadaan Air, Pengelolaan Sampah, Limbah dan Daur Ulang",ADHB,2023,2576.0
Jawa Barat,E,"Pengadaan Air, Pengelolaan Sampah, Limbah dan Daur Ulang",ADHB,2024,2872.0
Jawa Barat,F,Konstruksi,ADHB,2020,171251.0
Jawa Barat,F,Konstruksi,ADHB,2021,191608.0
Jawa Barat,F,Konstruksi,ADHB,2022,202277.0
Jawa Barat,F,Konstruksi,ADHB,2023,221151.0
Jawa Barat,F,Konstruksi,ADHB,2024,238501.0
Jawa Barat,G,Perdagangan Besar dan Eceran; Reparasi Mobil dan Sepeda Motor,ADHB,2020,303861.0
Jawa Barat,G,Perdagangan Besar dan Eceran; Reparasi Mobil dan Sepeda Motor,ADHB,2021,319586.0
Jawa Barat,G,Perdagangan Besar dan Eceran; Reparasi Mobil dan Sepeda Motor,ADHB,2022,348997.0
Jawa Barat,G,Perdagangan Besar dan Eceran; Reparasi Mobil dan Sepeda Motor,ADHB,2023,378833.0
Jawa Barat,G,Perdagangan Besar dan Eceran; Reparasi Mobil dan Sepeda Motor,ADHB,2024,408257.0
Jawa Barat,H,Transportasi dan Pergudangan,ADHB,2020,109148.0
Jawa Barat,H,Transportasi dan Pergudangan,ADHB,2021,110379.0
Jawa Barat,H,Transportasi dan Pergudangan,ADHB,2022,130202.0
Jawa Barat,H,Transportasi dan Pergudangan,ADHB,2023,155100.0
Jawa Barat,H,Transportasi dan Pergudangan,ADHB,2024,176286.0
Jawa Barat,I,Penyediaan Akomodasi dan Makan Minum,ADHB,2020,59403.0
Jawa Barat,I,Penyediaan Akomodasi dan Makan Minum,ADHB,2021,60135.0
Jawa Barat,I,Penyediaan Akomodasi dan Makan Minum,ADHB,2022,69670.0
Jawa Barat,I,Penyediaan Akomodasi dan Makan Minum,ADHB,2023,79501.0
Jawa Barat,I,Penyediaan Akomodasi dan Makan Minum,ADHB,2024,86660.0
Jawa Barat,J,Informasi dan Komunikasi,ADHB,2020,81730.0
Jawa Barat,J,Informasi dan Komunikasi,ADHB,2021,87370.0
Jawa Barat,J,Informasi dan Komunikasi,ADHB,2022,92644.0
Jawa Barat,J,Informasi dan Komunikasi,ADHB,2023,100003.0
Jawa Barat,J,Informasi dan Komunikasi,ADHB,2024,108135.0
Jawa Barat,K,Jasa Keuangan dan Asuransi,ADHB,2020,58384.0
Jawa Barat,K,Jasa Keuangan dan Asuransi,ADHB,2021,64759.0
Jawa Barat,K,Jasa Keuangan dan Asuransi,ADHB,2022,69886.0
Jawa Barat,K,Jasa Keuangan dan Asuransi,ADHB,2023,74126.0
Jawa Barat,K,Jasa Keuangan dan Asuransi,ADHB,2024,78558.0
Jawa Barat,L,Real Estate,ADHB,2020,23561.0
Jawa Barat,L,Real Estate,ADHB,2021,26392.0
Jawa Barat,L,Real Estate,ADHB,2022,28413.0
Jawa Barat,L,Real Estate,ADHB,2023,30746.0
Jawa Barat,L,Real Estate,ADHB,2024,32865.0
Jawa Barat,"M,N",Jasa Perusahaan,ADHB,2020,8403.0
Jawa Barat,"M,N",Jasa Perusahaan,ADHB,2021,9170.0
Jawa Barat,"M,N",Jasa Perusahaan,ADHB,2022,10812.0
Jawa Barat,"M,N",Jasa Perusahaan,ADHB,2023,12091.0
Jawa Barat,"M,N",Jasa Perusahaan,ADHB,2024,13105.0
Jawa Barat,O,"Administrasi Pemerintahan, Pertahanan dan Jaminan Sosial Wajib",ADHB,2020,46031.0
Jawa Barat,O,"Administrasi Pemerintahan, Pertahanan dan Jaminan Sosial Wajib",ADHB,2021,45442.0
Jawa Barat,O,"Administrasi Pemerintahan, Pertahanan dan Jaminan Sosial Wajib",ADHB,2022,44535.0
Jawa Barat,O,"Administrasi Pemerintahan, Pertahanan dan Jaminan Sosial Wajib",ADHB,2023,46279.0
Jawa Barat,O,"Administrasi Pemerintahan, Pertahanan dan Jaminan Sosial Wajib",ADHB,2024,50520.0
Jawa Barat,P,Jasa Pendidikan,ADHB,2020,75468.0
Jawa Barat,P,Jasa Pendidikan,ADHB,2021,77341.0
Jawa Barat,P,Jasa Pendidikan,ADHB,2022,80336.0
Jawa Barat,P,Jasa Pendidikan,ADHB,2023,86302.0
Jawa Barat,P,Jasa Pendidikan,ADHB,2024,92230.0
Jawa Barat,Q,Jasa Kesehatan dan Kegiatan Sosial,ADHB,2020,16215.0
Jawa Barat,Q,Jasa Kesehatan dan Kegiatan Sosial,ADHB,2021,17787.0
Jawa Barat,Q,Jasa Kesehatan dan Kegiatan Sosial,ADHB,2022,19157.0
Jawa Barat,Q,Jasa Kesehatan dan Kegiatan Sosial,ADHB,2023,20978.0
Jawa Barat,Q,Jasa Kesehatan dan Kegiatan Sosial,ADHB,2024,22909.0
Jawa Barat,"R,S,T,U",Jasa lainnya,ADHB,2020,45050.0
Jawa Barat,"R,S,T,U",Jasa lainnya,ADHB,2021,45367.0
Jawa Barat,"R,S,T,U",Jasa lainnya,ADHB,2022,52154.0
Jawa Barat,"R,S,T,U",Jasa lainnya,ADHB,2023,58490.0
Jawa Barat,"R,S,T,U",Jasa lainnya,ADHB,2024,66840.0
Jawa Barat,A,"Pertanian, Kehutanan, dan Perikanan",ADHK,2020,107001.0
Jawa Barat,A,"Pertanian, Kehutanan, dan Perikanan",ADHK,2021,108407.0
Jawa Barat,A,"Pertanian, Kehutanan, dan Perikanan",ADHK,2022,113186.0
Jawa Barat,A,"Pertanian, Kehutanan, dan Perikanan",ADHK,2023,113309.0
Jawa Barat,A,"Pertanian, Kehutanan, dan Perikanan",ADHK,2024,115105.0
Jawa Barat,B,Pertambangan dan Penggalian,ADHK,2020,23771.0
Jawa Barat,B,Pertambangan dan Penggalian,ADHK,2021,23966.0
Jawa Barat,B,Pertambangan dan Penggalian,ADHK,2022,23880.0
Jawa Barat,B,Pertambangan dan Penggalian,ADHK,2023,23857.0
Jawa Barat,B,Pertambangan dan Penggalian,ADHK,2024,23790.0
Jawa Barat,C,Industri Pengolahan,ADHK,2020,612799.0
Jawa Barat,C,Industri Pengolahan,ADHK,2021,638689.0
Jawa Barat,C,Industri Pengolahan,ADHK,2022,683420.0
Jawa Barat,C,Industri Pengolahan,ADHK,2023,715811.0
Jawa Barat,C,Industri Pengolahan,ADHK,2024,741041.0
Jawa Barat,D,Pengadaan Listrik dan Gas,ADHK,2020,4964.0
Jawa Barat,D,Pengadaan Listrik dan Gas,ADHK,2021,5543.0
Jawa Barat,D,Pengadaan Listrik dan Gas,ADHK,2022,5843.0
Jawa Barat,D,Pengadaan Listrik dan Gas,ADHK,2023,5854.0
Jawa Barat,D,Pengadaan Listrik dan Gas,ADHK,2024,5819.0
Jawa Barat,E,"Pengadaan Air, Pengelolaan Sampah, Limbah dan Daur Ulang",ADHK,2020,1295.0
Jawa Barat,E,"Pengadaan Air, Pengelolaan Sampah, Limbah dan Daur Ulang",ADHK,2021,1420.0
Jawa Barat,E,"Pengadaan Air, Pengelolaan Sampah, Limbah dan Daur Ulang",ADHK,2022,1457.0
Jawa Barat,E,"Pengadaan Air, Pengelolaan Sampah, Limbah dan Daur Ulang",ADHK,2023,1495.0
Jawa Barat,E,"Pengadaan Air, Pengelolaan Sampah, Limbah dan Daur Ulang",ADHK,2024,1577.0
Jawa Barat,F,Konstruksi,ADHK,2020,119062.0
Jawa Barat,F,Konstruksi,ADHK,2021,126768.0
Jawa Barat,F,Konstruksi,ADHK,2022,126184.0
Jawa Barat,F,Konstruksi,ADHK,2023,133550.0
Jawa Barat,F,Konstruksi,ADHK,2024,143015.0
Jawa Barat,G,Perdagangan Besar dan Eceran; Reparasi Mobil dan Sepeda Motor,ADHK,2020,214375.0
Jawa Barat,G,Perdagangan Besar dan Eceran; Reparasi Mobil dan Sepeda Motor,ADHK,2021,221204.0
Jawa Barat,G,Perdagangan Besar dan Eceran; Reparasi Mobil dan Sepeda Motor,ADHK,2022,230533.0
Jawa Barat,G,Perdagangan Besar dan Eceran; Reparasi Mobil dan Sepeda Motor,ADHK,2023,240584.0
Jawa Barat,G,Perdagangan Besar dan Eceran; Reparasi Mobil dan Sepeda Motor,ADHK,2024,252245.0
Jawa Barat,H,Transportasi dan Pergudangan,ADHK,2020,68097.0
Jawa Barat,H,Transportasi dan Pergudangan,ADHK,2021,67981.0
Jawa Barat,H,Transportasi dan Pergudangan,ADHK,2022,75522.0
Jawa Barat,H,Transportasi dan Pergudangan,ADHK,2023,83777.0
Jawa Barat,H,Transportasi dan Pergudangan,ADHK,2024,94114.0
Jawa Barat,I,Penyediaan Akomodasi dan Makan Minum,ADHK,2020,38635.0
Jawa Barat,I,Penyediaan Akomodasi dan Makan Minum,ADHK,2021,38621.0
Jawa Barat,I,Penyediaan Akomodasi dan Makan Minum,ADHK,2022,42973.0
Jawa Barat,I,Penyediaan Akomodasi dan Makan Minum,ADHK,2023,46722.0
Jawa Barat,I,Penyediaan Akomodasi dan Makan Minum,ADHK,2024,49725.0
Jawa Barat,J,Informasi dan Komunikasi,ADHK,2020,85633.0
Jawa Barat,J,Informasi dan Komunikasi,ADHK,2021,91883.0
Jawa Barat,J,Informasi dan Komunikasi,ADHK,2022,97481.0
Jawa Barat,J,Informasi dan Komunikasi,ADHK,2023,105146.0
Jawa Barat,J,Informasi dan Komunikasi,ADHK,2024,113766.0
Jawa Barat,K,Jasa Keuangan dan Asuransi,ADHK,2020,36915.0
Jawa Barat,K,Jasa Keuangan dan Asuransi,ADHK,2021,39014.0
Jawa Barat,K,Jasa Keuangan dan Asuransi,ADHK,2022,38743.0
Jawa Barat,K,Jasa Keuangan dan Asuransi,ADHK,2023,40184.0
Jawa Barat,K,Jasa Keuangan dan Asuransi,ADHK,2024,41870.0
Jawa Barat,L,Real Estate,ADHK,2020,19716.0
Jawa Barat,L,Real Estate,ADHK,2021,22034.0
Jawa Barat,L,Real Estate,ADHK,2022,22993.0
Jawa Barat,L,Real Estate,ADHK,2023,24426.0
Jawa Barat,L,Real Estate,ADHK,2024,26047.0
Jawa Barat,"M,N",Jasa Perusahaan,ADHK,2020,5599.0
Jawa Barat,"M,N",Jasa Perusahaan,ADHK,2021,6077.0
Jawa Barat,"M,N",Jasa Perusahaan,ADHK,2022,6851.0
Jawa Barat,"M,N",Jasa Perusahaan,ADHK,2023,7351.0
Jawa Barat,"M,N",Jasa Perusahaan,ADHK,2024,7534.0
Jawa Barat,O,"Administrasi Pemerintahan, Pertahanan dan Jaminan Sosial Wajib",ADHK,2020,26717.0
Jawa Barat,O,"Administrasi Pemerintahan, Pertahanan dan Jaminan Sosial Wajib",ADHK,2021,26178.0
Jawa Barat,O,"Administrasi Pemerintahan, Pertahanan dan Jaminan Sosial Wajib",ADHK,2022,25710.0
Jawa Barat,O,"Administrasi Pemerintahan, Pertahanan dan Jaminan Sosial Wajib",ADHK,2023,26338.0
Jawa Barat,O,"Administrasi Pemerintahan, Pertahanan dan Jaminan Sosial Wajib",ADHK,2024,28636.0
Jawa Barat,P,Jasa Pendidikan,ADHK,2020,44978.0
Jawa Barat,P,Jasa Pendidikan,ADHK,2021,44988.0
Jawa Barat,P,Jasa Pendidikan,ADHK,2022,46245.0
Jawa Barat,P,Jasa Pendidikan,ADHK,2023,48575.0
Jawa Barat,P,Jasa Pendidikan,ADHK,2024,51464.0
Jawa Barat,Q,Jasa Kesehatan dan Kegiatan Sosial,ADHK,2020,11777.0
Jawa Barat,Q,Jasa Kesehatan dan Kegiatan Sosial,ADHK,2021,12667.0
Jawa Barat,Q,Jasa Kesehatan dan Kegiatan Sosial,ADHK,2022,13404.0
Jawa Barat,Q,Jasa Kesehatan dan Kegiatan Sosial,ADHK,2023,14189.0
Jawa Barat,Q,Jasa Kesehatan dan Kegiatan Sosial,ADHK,2024,15038.0
Jawa Barat,"R,S,T,U",Jasa lainnya,ADHK,2020,32045.0
Jawa Barat,"R,S,T,U",Jasa lainnya,ADHK,2021,32305.0
Jawa Barat,"R,S,T,U",Jasa lainnya,ADHK,2022,35559.0
Jawa Barat,"R,S,T,U",Jasa lainnya,ADHK,2023,38253.0
Jawa Barat,"R,S,T,U",Jasa lainnya,ADHK,2024,41286.0
Jawa Tengah,A,"Pertanian, Kehutanan, dan Perikanan",ADHB,2020,192607.0
Jawa Tengah,A,"Pertanian, Kehutanan, dan Perikanan",ADHB,2021,196835.0
Jawa Tengah,A,"Pertanian, Kehutanan, dan Perikanan",ADHB,2022,211491.0
Jawa Tengah,A,"Pertanian, Kehutanan, dan Perikanan",ADHB,2023,224386.0
Jawa Tengah,A,"Pertanian, Kehutanan, dan Perikanan",ADHB,2024,236883.0
Jawa Tengah,B,Pertambangan dan Penggalian,ADHB,2020,33072.0
Jawa Tengah,B,Pertambangan dan Penggalian,ADHB,2021,36628.0
Jawa Tengah,B,Pertambangan dan Penggalian,ADHB,2022,37724.0
Jawa Tengah,B,Pertambangan dan Penggalian,ADHB,2023,38103.0
Jawa Tengah,B,Pertambangan dan Penggalian,ADHB,2024,39212.0
Jawa Tengah,C,Industri Pengolahan,ADHB,2020,464020.0
Jawa Tengah,C,Industri Pengolahan,ADHB,2021,486958.0
Jawa Tengah,C,Industri Pengolahan,ADHB,2022,529182.0
Jawa Tengah,C,Industri Pengolahan,ADHB,2023,576301.0
Jawa Tengah,C,Industri Pengolahan,ADHB,2024,615196.0
Jawa Tengah,D,Pengadaan Listrik dan Gas,ADHB,2020,1309.0
Jawa Tengah,D,Pengadaan Listrik dan Gas,ADHB,2021,1378.0
Jawa Tengah,D,Pengadaan Listrik dan Gas,ADHB,2022,1438.0
Jawa Tengah,D,Pengadaan Listrik dan Gas,ADHB,2023,1557.0
Jawa Tengah,D,Pengadaan Listrik dan Gas,ADHB,2024,1676.0
Jawa Tengah,E,"Pengadaan Air, Pengelolaan Sampah, Limbah dan Daur Ulang",ADHB,2020,855.0
Jawa Tengah,E,"Pengadaan Air, Pengelolaan Sampah, Limbah dan Daur Ulang",ADHB,2021,915.0
Jawa Tengah,E,"Pengadaan Air, Pengelolaan Sampah, Limbah dan Daur Ulang",ADHB,2022,938.0
Jawa Tengah,E,"Pengadaan Air, Pengelolaan Sampah, Limbah dan Daur Ulang",ADHB,2023,986.0
Jawa Tengah,E,"Pengadaan Air, Pengelolaan Sampah, Limbah dan Daur Ulang",ADHB,2024,1065.0
Jawa Tengah,F,Konstruksi,ADHB,2020,142206.0
Jawa Tengah,F,Konstruksi,ADHB,2021,158056.0
Jawa Tengah,F,Konstruksi,ADHB,2022,172200.0
Jawa Tengah,F,Konstruksi,ADHB,2023,190384.0
Jawa Tengah,F,Konstruksi,ADHB,2024,207039.0
Jawa Tengah,G,Perdagangan Besar dan Eceran; Reparasi Mobil dan Sepeda Motor,ADHB,2020,181861.0
Jawa Tengah,G,Perdagangan Besar dan Eceran; Reparasi Mobil dan Sepeda Motor,ADHB,2021,195399.0
Jawa Tengah,G,Perdagangan Besar dan Eceran; Reparasi Mobil dan Sepeda Motor,ADHB,2022,212208.0
Jawa Tengah,G,Perdagangan Besar dan Eceran; Reparasi Mobil dan Sepeda Motor,ADHB,2023,230730.0
Jawa Tengah,G,Perdagangan Besar dan Eceran; Reparasi Mobil dan Sepeda Motor,ADHB,2024,245177.0
Jawa Tengah,H,Transportasi dan Pergudangan,ADHB,2020,30236.0
Jawa Tengah,H,Transportasi dan Pergudangan,ADHB,2021,32076.0
Jawa Tengah,H,Transportasi dan Pergudangan,ADHB,2022,59257.0
Jawa Tengah,H,Transportasi dan Pergudangan,ADHB,2023,69539.0
Jawa Tengah,H,Transportasi dan Pergudangan,ADHB,2024,74444.0
Jawa Tengah,I,Penyediaan Akomodasi dan Makan Minum,ADHB,2020,40290.0
Jawa Tengah,I,Penyediaan Akomodasi dan Makan Minum,ADHB,2021,43040.0
Jawa Tengah,I,Penyediaan Akomodasi dan Makan Minum,ADHB,2022,51316.0
Jawa Tengah,I,Penyediaan Akomodasi dan Makan Minum,ADHB,2023,57757.0
Jawa Tengah,I,Penyediaan Akomodasi dan Makan Minum,ADHB,2024,64731.0
Jawa Tengah,J,Informasi dan Komunikasi,ADHB,2020,57429.0
Jawa Tengah,J,Informasi dan Komunikasi,ADHB,2021,60911.0
Jawa Tengah,J,Informasi dan Komunikasi,ADHB,2022,62593.0
Jawa Tengah,J,Informasi dan Komunikasi,ADHB,2023,69421.0
Jawa Tengah,J,Informasi dan Komunikasi,ADHB,2024,76438.0
Jawa Tengah,K,Jasa Keuangan dan Asuransi,ADHB,2020,40268.0
Jawa Tengah,K,Jasa Keuangan dan Asuransi,ADHB,2021,42945.0
Jawa Tengah,K,Jasa Keuangan dan Asuransi,ADHB,2022,46921.0
Jawa Tengah,K,Jasa Keuangan dan Asuransi,ADHB,2023,48965.0
Jawa Tengah,K,Jasa Keuangan dan Asuransi,ADHB,2024,50560.0
Jawa Tengah,L,Real Estate,ADHB,2020,23011.0
Jawa Tengah,L,Real Estate,ADHB,2021,23742.0
Jawa Tengah,L,Real Estate,ADHB,2022,25421.0
Jawa Tengah,L,Real Estate,ADHB,2023,27456.0
Jawa Tengah,L,Real Estate,ADHB,2024,29154.0
Jawa Tengah,"M,N",Jasa Perusahaan,ADHB,2020,5418.0
Jawa Tengah,"M,N",Jasa Perusahaan,ADHB,2021,5650.0
Jawa Tengah,"M,N",Jasa Perusahaan,ADHB,2022,6260.0
Jawa Tengah,"M,N",Jasa Perusahaan,ADHB,2023,6976.0
Jawa Tengah,"M,N",Jasa Perusahaan,ADHB,2024,7784.0
Jawa Tengah,O,"Administrasi Pemerintahan, Pertahanan dan Jaminan Sosial Wajib",ADHB,2020,36457.0
Jawa Tengah,O,"Administrasi Pemerintahan, Pertahanan dan Jaminan Sosial Wajib",ADHB,2021,35853.0
Jawa Tengah,O,"Administrasi Pemerintahan, Pertahanan dan Jaminan Sosial Wajib",ADHB,2022,37421.0
Jawa Tengah,O,"Administrasi Pemerintahan, Pertahanan dan Jaminan Sosial Wajib",ADHB,2023,39955.0
Jawa Tengah,O,"Administrasi Pemerintahan, Pertahanan dan Jaminan Sosial Wajib",ADHB,2024,43919.0
Jawa Tengah,P,Jasa Pendidikan,ADHB,2020,63862.0
Jawa Tengah,P,Jasa Pendidikan,ADHB,2021,64584.0
Jawa Tengah,P,Jasa Pendidikan,ADHB,2022,65986.0
Jawa Tengah,P,Jasa Pendidikan,ADHB,2023,70550.0
Jawa Tengah,P,Jasa Pendidikan,ADHB,2024,77979.0
Jawa Tengah,Q,Jasa Kesehatan dan Kegiatan Sosial,ADHB,2020,13658.0
Jawa Tengah,Q,Jasa Kesehatan dan Kegiatan Sosial,ADHB,2021,13800.0
Jawa Tengah,Q,Jasa Kesehatan dan Kegiatan Sosial,ADHB,2022,14372.0
Jawa Tengah,Q,Jasa Kesehatan dan Kegiatan Sosial,ADHB,2023,15534.0
Jawa Tengah,Q,Jasa Kesehatan dan Kegiatan Sosial,ADHB,2024,16933.0
Jawa Tengah,"R,S,T,U",Jasa lainnya,ADHB,2020,20665.0
Jawa Tengah,"R,S,T,U",Jasa lainnya,ADHB,2021,20964.0
Jawa Tengah,"R,S,T,U",Jasa lainnya,ADHB,2022,24413.0
Jawa Tengah,"R,S,T,U",Jasa lainnya,ADHB,2023,27023.0
Jawa Tengah,"R,S,T,U",Jasa lainnya,ADHB,2024,29587.0
Jawa Tengah,A,"Pertanian, Kehutanan, dan Perikanan",ADHK,2020,126112.0
Jawa Tengah,A,"Pertanian, Kehutanan, dan Perikanan",ADHK,2021,127066.0
Jawa Tengah,A,"Pertanian, Kehutanan, dan Perikanan",ADHK,2022,130763.0
Jawa Tengah,A,"Pertanian, Kehutanan, dan Perikanan",ADHK,2023,131346.0
Jawa Tengah,A,"Pertanian, Kehutanan, dan Perikanan",ADHK,2024,133194.0
Jawa Tengah,B,Pertambangan dan Penggalian,ADHK,2020,21385.0
Jawa Tengah,B,Pertambangan dan Penggalian,ADHK,2021,22326.0
Jawa Tengah,B,Pertambangan dan Penggalian,ADHK,2022,20943.0
Jawa Tengah,B,Pertambangan dan Penggalian,ADHK,2023,21232.0
Jawa Tengah,B,Pertambangan dan Penggalian,ADHK,2024,21833.0
Jawa Tengah,C,Industri Pengolahan,ADHK,2020,325618.0
Jawa Tengah,C,Industri Pengolahan,ADHK,2021,333240.0
Jawa Tengah,C,Industri Pengolahan,ADHK,2022,346170.0
Jawa Tengah,C,Industri Pengolahan,ADHK,2023,361126.0
Jawa Tengah,C,Industri Pengolahan,ADHK,2024,373850.0
Jawa Tengah,D,Pengadaan Listrik dan Gas,ADHK,2020,1105.0
Jawa Tengah,D,Pengadaan Listrik dan Gas,ADHK,2021,1171.0
Jawa Tengah,D,Pengadaan Listrik dan Gas,ADHK,2022,1215.0
Jawa Tengah,D,Pengadaan Listrik dan Gas,ADHK,2023,1297.0
Jawa Tengah,D,Pengadaan Listrik dan Gas,ADHK,2024,1388.0
Jawa Tengah,E,"Pengadaan Air, Pengelolaan Sampah, Limbah dan Daur Ulang",ADHK,2020,703.0
Jawa Tengah,E,"Pengadaan Air, Pengelolaan Sampah, Limbah dan Daur Ulang",ADHK,2021,745.0
Jawa Tengah,E,"Pengadaan Air, Pengelolaan Sampah, Limbah dan Daur Ulang",ADHK,2022,752.0
Jawa Tengah,E,"Pengadaan Air, Pengelolaan Sampah, Limbah dan Daur Ulang",ADHK,2023,783.0
Jawa Tengah,E,"Pengadaan Air, Pengelolaan Sampah, Limbah dan Daur Ulang",ADHK,2024,800.0
Jawa Tengah,F,Konstruksi,ADHK,2020,99381.0
Jawa Tengah,F,Konstruksi,ADHK,2021,106701.0
Jawa Tengah,F,Konstruksi,ADHK,2022,108658.0
Jawa Tengah,F,Konstruksi,ADHK,2023,115251.0
Jawa Tengah,F,Konstruksi,ADHK,2024,124442.0
Jawa Tengah,G,Perdagangan Besar dan Eceran; Reparasi Mobil dan Sepeda Motor,ADHK,2020,139233.0
Jawa Tengah,G,Perdagangan Besar dan Eceran; Reparasi Mobil dan Sepeda Motor,ADHK,2021,147313.0
Jawa Tengah,G,Perdagangan Besar dan Eceran; Reparasi Mobil dan Sepeda Motor,ADHK,2022,153670.0
Jawa Tengah,G,Perdagangan Besar dan Eceran; Reparasi Mobil dan Sepeda Motor,ADHK,2023,161245.0
Jawa Tengah,G,Perdagangan Besar dan Eceran; Reparasi Mobil dan Sepeda Motor,ADHK,2024,167956.0
Jawa Tengah,H,Transportasi dan Pergudangan,ADHK,2020,23565.0
Jawa Tengah,H,Transportasi dan Pergudangan,ADHK,2021,24336.0
Jawa Tengah,H,Transportasi dan Pergudangan,ADHK,2022,42103.0
Jawa Tengah,H,Transportasi dan Pergudangan,ADHK,2023,45523.0
Jawa Tengah,H,Transportasi dan Pergudangan,ADHK,2024,48053.0
Jawa Tengah,I,Penyediaan Akomodasi dan Makan Minum,ADHK,2020,30774.0
Jawa Tengah,I,Penyediaan Akomodasi dan Makan Minum,ADHK,2021,32595.0
Jawa Tengah,I,Penyediaan Akomodasi dan Makan Minum,ADHK,2022,38132.0
Jawa Tengah,I,Penyediaan Akomodasi dan Makan Minum,ADHK,2023,42417.0
Jawa Tengah,I,Penyediaan Akomodasi dan Makan Minum,ADHK,2024,46670.0
Jawa Tengah,J,Informasi dan Komunikasi,ADHK,2020,58739.0
Jawa Tengah,J,Informasi dan Komunikasi,ADHK,2021,62289.0
Jawa Tengah,J,Informasi dan Komunikasi,ADHK,2022,63847.0
Jawa Tengah,J,Informasi dan Komunikasi,ADHK,2023,70659.0
Jawa Tengah,J,Informasi dan Komunikasi,ADHK,2024,77416.0
Jawa Tengah,K,Jasa Keuangan dan Asuransi,ADHK,2020,27106.0
Jawa Tengah,K,Jasa Keuangan dan Asuransi,ADHK,2021,27546.0
Jawa Tengah,K,Jasa Keuangan dan Asuransi,ADHK,2022,27691.0
Jawa Tengah,K,Jasa Keuangan dan Asuransi,ADHK,2023,28289.0
Jawa Tengah,K,Jasa Keuangan dan Asuransi,ADHK,2024,28900.0
Jawa Tengah,L,Real Estate,ADHK,2020,18730.0
Jawa Tengah,L,Real Estate,ADHK,2021,19133.0
Jawa Tengah,L,Real Estate,ADHK,2022,20107.0
Jawa Tengah,L,Real Estate,ADHK,2023,21495.0
Jawa Tengah,L,Real Estate,ADHK,2024,22764.0
Jawa Tengah,"M,N",Jasa Perusahaan,ADHK,2020,3703.0
Jawa Tengah,"M,N",Jasa Perusahaan,ADHK,2021,3817.0
Jawa Tengah,"M,N",Jasa Perusahaan,ADHK,2022,4051.0
Jawa Tengah,"M,N",Jasa Perusahaan,ADHK,2023,4344.0
Jawa Tengah,"M,N",Jasa Perusahaan,ADHK,2024,4742.0
Jawa Tengah,O,"Administrasi Pemerintahan, Pertahanan dan Jaminan Sosial Wajib",ADHK,2020,24687.0
Jawa Tengah,O,"Administrasi Pemerintahan, Pertahanan dan Jaminan Sosial Wajib",ADHK,2021,24529.0
Jawa Tengah,O,"Administrasi Pemerintahan, Pertahanan dan Jaminan Sosial Wajib",ADHK,2022,24915.0
Jawa Tengah,O,"Administrasi Pemerintahan, Pertahanan dan Jaminan Sosial Wajib",ADHK,2023,25944.0
Jawa Tengah,O,"Administrasi Pemerintahan, Pertahanan dan Jaminan Sosial Wajib",ADHK,2024,27856.0
Jawa Tengah,P,Jasa Pendidikan,ADHK,2020,38948.0
Jawa Tengah,P,Jasa Pendidikan,ADHK,2021,38975.0
Jawa Tengah,P,Jasa Pendidikan,ADHK,2022,39589.0
Jawa Tengah,P,Jasa Pendidikan,ADHK,2023,41952.0
Jawa Tengah,P,Jasa Pendidikan,ADHK,2024,45530.0
Jawa Tengah,Q,Jasa Kesehatan dan Kegiatan Sosial,ADHK,2020,9454.0
Jawa Tengah,Q,Jasa Kesehatan dan Kegiatan Sosial,ADHK,2021,9472.0
Jawa Tengah,Q,Jasa Kesehatan dan Kegiatan Sosial,ADHK,2022,9710.0
Jawa Tengah,Q,Jasa Kesehatan dan Kegiatan Sosial,ADHK,2023,10275.0
Jawa Tengah,Q,Jasa Kesehatan dan Kegiatan Sosial,ADHK,2024,11022.0
Jawa Tengah,"R,S,T,U",Jasa lainnya,ADHK,2020,15984.0
Jawa Tengah,"R,S,T,U",Jasa lainnya,ADHK,2021,16069.0
Jawa Tengah,"R,S,T,U",Jasa lainnya,ADHK,2022,17963.0
Jawa Tengah,"R,S,T,U",Jasa lainnya,ADHK,2023,19294.0
Jawa Tengah,"R,S,T,U",Jasa lainnya,ADHK,2024,20610.0
DI Yogyakarta,A,"Pertanian, Kehutanan, dan Perikanan",ADHB,2020,14057.0
DI Yogyakarta,A,"Pertanian, Kehutanan, dan Perikanan",ADHB,2021,14602.0
DI Yogyakarta,A,"Pertanian, Kehutanan, dan Perikanan",ADHB,2022,16526.0
DI Yogyakarta,A,"Pertanian, Kehutanan, dan Perikanan",ADHB,2023,18488.0
DI Yogyakarta,A,"Pertanian, Kehutanan, dan Perikanan",ADHB,2024,19201.0
DI Yogyakarta,B,Pertambangan dan Penggalian,ADHB,2020,657.0
DI Yogyakarta,B,Pertambangan dan Penggalian,ADHB,2021,665.0
DI Yogyakarta,B,Pertambangan dan Penggalian,ADHB,2022,714.0
DI Yogyakarta,B,Pertambangan dan Penggalian,ADHB,2023,800.0
DI Yogyakarta,B,Pertambangan dan Penggalian,ADHB,2024,870.0
DI Yogyakarta,C,Industri Pengolahan,ADHB,2020,17644.0
DI Yogyakarta,C,Industri Pengolahan,ADHB,2021,18449.0
DI Yogyakarta,C,Industri Pengolahan,ADHB,2022,19775.0
DI Yogyakarta,C,Industri Pengolahan,ADHB,2023,21353.0
DI Yogyakarta,C,Industri Pengolahan,ADHB,2024,22894.0
DI Yogyakarta,D,Pengadaan Listrik dan Gas,ADHB,2020,198.0
DI Yogyakarta,D,Pengadaan Listrik dan Gas,ADHB,2021,203.0
DI Yogyakarta,D,Pengadaan Listrik dan Gas,ADHB,2022,224.0
DI Yogyakarta,D,Pengadaan Listrik dan Gas,ADHB,2023,250.0
DI Yogyakarta,D,Pengadaan Listrik dan Gas,ADHB,2024,278.0
DI Yogyakarta,E,"Pengadaan Air, Pengelolaan Sampah, Limbah dan Daur Ulang",ADHB,2020,141.0
DI Yogyakarta,E,"Pengadaan Air, Pengelolaan Sampah, Limbah dan Daur Ulang",ADHB,2021,153.0
DI Yogyakarta,E,"Pengadaan Air, Pengelolaan Sampah, Limbah dan Daur Ulang",ADHB,2022,163.0
DI Yogyakarta,E,"Pengadaan Air, Pengelolaan Sampah, Limbah dan Daur Ulang",ADHB,2023,172.0
DI Yogyakarta,E,"Pengadaan Air, Pengelolaan Sampah, Limbah dan Daur Ulang",ADHB,2024,174.0
DI Yogyakarta,F,Konstruksi,ADHB,2020,13326.0
DI Yogyakarta,F,Konstruksi,ADHB,2021,15148.0
DI Yogyakarta,F,Konstruksi,ADHB,2022,16440.0
DI Yogyakarta,F,Konstruksi,ADHB,2023,17037.0
DI Yogyakarta,F,Konstruksi,ADHB,2024,18641.0
DI Yogyakarta,G,Perdagangan Besar dan Eceran; Reparasi Mobil dan Sepeda Motor,ADHB,2020,11639.0
DI Yogyakarta,G,Perdagangan Besar dan Eceran; Reparasi Mobil dan Sepeda Motor,ADHB,2021,12169.0
DI Yogyakarta,G,Perdagangan Besar dan Eceran; Reparasi Mobil dan Sepeda Motor,ADHB,2022,13678.0
DI Yogyakarta,G,Perdagangan Besar dan Eceran; Reparasi Mobil dan Sepeda Motor,ADHB,2023,14769.0
DI Yogyakarta,G,Perdagangan Besar dan Eceran; Reparasi Mobil dan Sepeda Motor,ADHB,2024,15619.0
DI Yogyakarta,H,Transportasi dan Pergudangan,ADHB,2020,6332.0
DI Yogyakarta,H,Transportasi dan Pergudangan,ADHB,2021,6650.0
DI Yogyakarta,H,Transportasi dan Pergudangan,ADHB,2022,8484.0
DI Yogyakarta,H,Transportasi dan Pergudangan,ADHB,2023,10148.0
DI Yogyakarta,H,Transportasi dan Pergudangan,ADHB,2024,11287.0
DI Yogyakarta,I,Penyediaan Akomodasi dan Makan Minum,ADHB,2020,12236.0
DI Yogyakarta,I,Penyediaan Akomodasi dan Makan Minum,ADHB,2021,13637.0
DI Yogyakarta,I,Penyediaan Akomodasi dan Makan Minum,ADHB,2022,16374.0
DI Yogyakarta,I,Penyediaan Akomodasi dan Makan Minum,ADHB,2023,18397.0
DI Yogyakarta,I,Penyediaan Akomodasi dan Makan Minum,ADHB,2024,20486.0
DI Yogyakarta,J,Informasi dan Komunikasi,ADHB,2020,13432.0
DI Yogyakarta,J,Informasi dan Komunikasi,ADHB,2021,16016.0
DI Yogyakarta,J,Informasi dan Komunikasi,ADHB,2022,17073.0
DI Yogyakarta,J,Informasi dan Komunikasi,ADHB,2023,18179.0
DI Yogyakarta,J,Informasi dan Komunikasi,ADHB,2024,18972.0
DI Yogyakarta,K,Jasa Keuangan dan Asuransi,ADHB,2020,5580.0
DI Yogyakarta,K,Jasa Keuangan dan Asuransi,ADHB,2021,5955.0
DI Yogyakarta,K,Jasa Keuangan dan Asuransi,ADHB,2022,6830.0
DI Yogyakarta,K,Jasa Keuangan dan Asuransi,ADHB,2023,7679.0
DI Yogyakarta,K,Jasa Keuangan dan Asuransi,ADHB,2024,8250.0
DI Yogyakarta,L,Real Estate,ADHB,2020,10198.0
DI Yogyakarta,L,Real Estate,ADHB,2021,10476.0
DI Yogyakarta,L,Real Estate,ADHB,2022,11196.0
DI Yogyakarta,L,Real Estate,ADHB,2023,11931.0
DI Yogyakarta,L,Real Estate,ADHB,2024,12541.0
DI Yogyakarta,"M,N",Jasa Perusahaan,ADHB,2020,1247.0
DI Yogyakarta,"M,N",Jasa Perusahaan,ADHB,2021,1380.0
DI Yogyakarta,"M,N",Jasa Perusahaan,ADHB,2022,1549.0
DI Yogyakarta,"M,N",Jasa Perusahaan,ADHB,2023,1744.0
DI Yogyakarta,"M,N",Jasa Perusahaan,ADHB,2024,1869.0
DI Yogyakarta,O,"Administrasi Pemerintahan, Pertahanan dan Jaminan Sosial Wajib",ADHB,2020,11680.0
DI Yogyakarta,O,"Administrasi Pemerintahan, Pertahanan dan Jaminan Sosial Wajib",ADHB,2021,12056.0
DI Yogyakarta,O,"Administrasi Pemerintahan, Pertahanan dan Jaminan Sosial Wajib",ADHB,2022,12933.0
DI Yogyakarta,O,"Administrasi Pemerintahan, Pertahanan dan Jaminan Sosial Wajib",ADHB,2023,13504.0
DI Yogyakarta,O,"Administrasi Pemerintahan, Pertahanan dan Jaminan Sosial Wajib",ADHB,2024,14567.0
DI Yogyakarta,P,Jasa Pendidikan,ADHB,2020,12246.0
DI Yogyakarta,P,Jasa Pendidikan,ADHB,2021,13234.0
DI Yogyakarta,P,Jasa Pendidikan,ADHB,2022,13914.0
DI Yogyakarta,P,Jasa Pendidikan,ADHB,2023,15165.0
DI Yogyakarta,P,Jasa Pendidikan,ADHB,2024,16072.0
DI Yogyakarta,Q,Jasa Kesehatan dan Kegiatan Sosial,ADHB,2020,4375.0
DI Yogyakarta,Q,Jasa Kesehatan dan Kegiatan Sosial,ADHB,2021,4729.0
DI Yogyakarta,Q,Jasa Kesehatan dan Kegiatan Sosial,ADHB,2022,5131.0
DI Yogyakarta,Q,Jasa Kesehatan dan Kegiatan Sosial,ADHB,2023,5789.0
DI Yogyakarta,Q,Jasa Kesehatan dan Kegiatan Sosial,ADHB,2024,6252.0
DI Yogyakarta,"R,S,T,U",Jasa lainnya,ADHB,2020,3130.0
DI Yogyakarta,"R,S,T,U",Jasa lainnya,ADHB,2021,3892.0
DI Yogyakarta,"R,S,T,U",Jasa lainnya,ADHB,2022,4722.0
DI Yogyakarta,"R,S,T,U",Jasa lainnya,ADHB,2023,5291.0
DI Yogyakarta,"R,S,T,U",Jasa lainnya,ADHB,2024,5543.0
DI Yogyakarta,A,"Pertanian, Kehutanan, dan Perikanan",ADHK,2020,8535.0
DI Yogyakarta,A,"Pertanian, Kehutanan, dan Perikanan",ADHK,2021,8638.0
DI Yogyakarta,A,"Pertanian, Kehutanan, dan Perikanan",ADHK,2022,9078.0
DI Yogyakarta,A,"Pertanian, Kehutanan, dan Perikanan",ADHK,2023,9170.0
DI Yogyakarta,A,"Pertanian, Kehutanan, dan Perikanan",ADHK,2024,9177.0
DI Yogyakarta,B,Pertambangan dan Penggalian,ADHK,2020,508.0
DI Yogyakarta,B,Pertambangan dan Penggalian,ADHK,2021,493.0
DI Yogyakarta,B,Pertambangan dan Penggalian,ADHK,2022,501.0
DI Yogyakarta,B,Pertambangan dan Penggalian,ADHK,2023,517.0
DI Yogyakarta,B,Pertambangan dan Penggalian,ADHK,2024,556.0
DI Yogyakarta,C,Industri Pengolahan,ADHK,2020,12632.0
DI Yogyakarta,C,Industri Pengolahan,ADHK,2021,12670.0
DI Yogyakarta,C,Industri Pengolahan,ADHK,2022,12890.0
DI Yogyakarta,C,Industri Pengolahan,ADHK,2023,13442.0
DI Yogyakarta,C,Industri Pengolahan,ADHK,2024,13930.0
DI Yogyakarta,D,Pengadaan Listrik dan Gas,ADHK,2020,163.0
DI Yogyakarta,D,Pengadaan Listrik dan Gas,ADHK,2021,167.0
DI Yogyakarta,D,Pengadaan Listrik dan Gas,ADHK,2022,178.0
DI Yogyakarta,D,Pengadaan Listrik dan Gas,ADHK,2023,191.0
DI Yogyakarta,D,Pengadaan Listrik dan Gas,ADHK,2024,212.0
DI Yogyakarta,E,"Pengadaan Air, Pengelolaan Sampah, Limbah dan Daur Ulang",ADHK,2020,104.0
DI Yogyakarta,E,"Pengadaan Air, Pengelolaan Sampah, Limbah dan Daur Ulang",ADHK,2021,111.0
DI Yogyakarta,E,"Pengadaan Air, Pengelolaan Sampah, Limbah dan Daur Ulang",ADHK,2022,115.0
DI Yogyakarta,E,"Pengadaan Air, Pengelolaan Sampah, Limbah dan Daur Ulang",ADHK,2023,119.0
DI Yogyakarta,E,"Pengadaan Air, Pengelolaan Sampah, Limbah dan Daur Ulang",ADHK,2024,120.0
DI Yogyakarta,F,Konstruksi,ADHK,2020,9637.0
DI Yogyakarta,F,Konstruksi,ADHK,2021,10679.0
DI Yogyakarta,F,Konstruksi,ADHK,2022,11193.0
DI Yogyakarta,F,Konstruksi,ADHK,2023,11732.0
DI Yogyakarta,F,Konstruksi,ADHK,2024,12722.0
DI Yogyakarta,G,Perdagangan Besar dan Eceran; Reparasi Mobil dan Sepeda Motor,ADHK,2020,8254.0
DI Yogyakarta,G,Perdagangan Besar dan Eceran; Reparasi Mobil dan Sepeda Motor,ADHK,2021,8379.0
DI Yogyakarta,G,Perdagangan Besar dan Eceran; Reparasi Mobil dan Sepeda Motor,ADHK,2022,8780.0
DI Yogyakarta,G,Perdagangan Besar dan Eceran; Reparasi Mobil dan Sepeda Motor,ADHK,2023,9159.0
DI Yogyakarta,G,Perdagangan Besar dan Eceran; Reparasi Mobil dan Sepeda Motor,ADHK,2024,9520.0
DI Yogyakarta,H,Transportasi dan Pergudangan,ADHK,2020,4383.0
DI Yogyakarta,H,Transportasi dan Pergudangan,ADHK,2021,4471.0
DI Yogyakarta,H,Transportasi dan Pergudangan,ADHK,2022,5288.0
DI Yogyakarta,H,Transportasi dan Pergudangan,ADHK,2023,5831.0
DI Yogyakarta,H,Transportasi dan Pergudangan,ADHK,2024,6188.0
DI Yogyakarta,I,Penyediaan Akomodasi dan Makan Minum,ADHK,2020,8494.0
DI Yogyakarta,I,Penyediaan Akomodasi dan Makan Minum,ADHK,2021,9131.0
DI Yogyakarta,I,Penyediaan Akomodasi dan Makan Minum,ADHK,2022,10260.0
DI Yogyakarta,I,Penyediaan Akomodasi dan Makan Minum,ADHK,2023,11158.0
DI Yogyakarta,I,Penyediaan Akomodasi dan Makan Minum,ADHK,2024,12102.0
DI Yogyakarta,J,Informasi dan Komunikasi,ADHK,2020,13994.0
DI Yogyakarta,J,Informasi dan Komunikasi,ADHK,2021,16330.0
DI Yogyakarta,J,Informasi dan Komunikasi,ADHK,2022,16907.0
DI Yogyakarta,J,Informasi dan Komunikasi,ADHK,2023,17699.0
DI Yogyakarta,J,Informasi dan Komunikasi,ADHK,2024,18437.0
DI Yogyakarta,K,Jasa Keuangan dan Asuransi,ADHK,2020,3764.0
DI Yogyakarta,K,Jasa Keuangan dan Asuransi,ADHK,2021,3819.0
DI Yogyakarta,K,Jasa Keuangan dan Asuransi,ADHK,2022,4019.0
DI Yogyakarta,K,Jasa Keuangan dan Asuransi,ADHK,2023,4432.0
DI Yogyakarta,K,Jasa Keuangan dan Asuransi,ADHK,2024,4721.0
DI Yogyakarta,L,Real Estate,ADHK,2020,7595.0
DI Yogyakarta,L,Real Estate,ADHK,2021,7634.0
DI Yogyakarta,L,Real Estate,ADHK,2022,7865.0
DI Yogyakarta,L,Real Estate,ADHK,2023,8156.0
DI Yogyakarta,L,Real Estate,ADHK,2024,8488.0
DI Yogyakarta,"M,N",Jasa Perusahaan,ADHK,2020,1042.0
DI Yogyakarta,"M,N",Jasa Perusahaan,ADHK,2021,1126.0
DI Yogyakarta,"M,N",Jasa Perusahaan,ADHK,2022,1207.0
DI Yogyakarta,"M,N",Jasa Perusahaan,ADHK,2023,1307.0
DI Yogyakarta,"M,N",Jasa Perusahaan,ADHK,2024,1377.0
DI Yogyakarta,O,"Administrasi Pemerintahan, Pertahanan dan Jaminan Sosial Wajib",ADHK,2020,7311.0
DI Yogyakarta,O,"Administrasi Pemerintahan, Pertahanan dan Jaminan Sosial Wajib",ADHK,2021,7282.0
DI Yogyakarta,O,"Administrasi Pemerintahan, Pertahanan dan Jaminan Sosial Wajib",ADHK,2022,7497.0
DI Yogyakarta,O,"Administrasi Pemerintahan, Pertahanan dan Jaminan Sosial Wajib",ADHK,2023,7680.0
DI Yogyakarta,O,"Administrasi Pemerintahan, Pertahanan dan Jaminan Sosial Wajib",ADHK,2024,8190.0
DI Yogyakarta,P,Jasa Pendidikan,ADHK,2020,9555.0
DI Yogyakarta,P,Jasa Pendidikan,ADHK,2021,10033.0
DI Yogyakarta,P,Jasa Pendidikan,ADHK,2022,10131.0
DI Yogyakarta,P,Jasa Pendidikan,ADHK,2023,10575.0
DI Yogyakarta,P,Jasa Pendidikan,ADHK,2024,11071.0
DI Yogyakarta,Q,Jasa Kesehatan dan Kegiatan Sosial,ADHK,2020,3295.0
DI Yogyakarta,Q,Jasa Kesehatan dan Kegiatan Sosial,ADHK,2021,3442.0
DI Yogyakarta,Q,Jasa Kesehatan dan Kegiatan Sosial,ADHK,2022,3580.0
DI Yogyakarta,Q,Jasa Kesehatan dan Kegiatan Sosial,ADHK,2023,3806.0
DI Yogyakarta,Q,Jasa Kesehatan dan Kegiatan Sosial,ADHK,2024,4008.0
DI Yogyakarta,"R,S,T,U",Jasa lainnya,ADHK,2020,2433.0
DI Yogyakarta,"R,S,T,U",Jasa lainnya,ADHK,2021,2967.0
DI Yogyakarta,"R,S,T,U",Jasa lainnya,ADHK,2022,3413.0
DI Yogyakarta,"R,S,T,U",Jasa lainnya,ADHK,2023,3651.0
DI Yogyakarta,"R,S,T,U",Jasa lainnya,ADHK,2024,3771.0
Jawa Timur,A,"Pertanian, Kehutanan, dan Perikanan",ADHB,2020,273246.0
Jawa Timur,A,"Pertanian, Kehutanan, dan Perikanan",ADHB,2021,281783.0
Jawa Timur,A,"Pertanian, Kehutanan, dan Perikanan",ADHB,2022,303510.0
Jawa Timur,A,"Pertanian, Kehutanan, dan Perikanan",ADHB,2023,326086.0
Jawa Timur,A,"Pertanian, Kehutanan, dan Perikanan",ADHB,2024,337661.0
Jawa Timur,B,Pertambangan dan Penggalian,ADHB,2020,81519.0
Jawa Timur,B,Pertambangan dan Penggalian,ADHB,2021,97862.0
Jawa Timur,B,Pertambangan dan Penggalian,ADHB,2022,119698.0
Jawa Timur,B,Pertambangan dan Penggalian,ADHB,2023,112674.0
Jawa Timur,B,Pertambangan dan Penggalian,ADHB,2024,113312.0
Jawa Timur,C,Industri Pengolahan,ADHB,2020,705263.0
Jawa Timur,C,Industri Pengolahan,ADHB,2021,753875.0
Jawa Timur,C,Industri Pengolahan,ADHB,2022,835393.0
Jawa Timur,C,Industri Pengolahan,ADHB,2023,901193.0
Jawa Timur,C,Industri Pengolahan,ADHB,2024,977562.0
Jawa Timur,D,Pengadaan Listrik dan Gas,ADHB,2020,6749.0
Jawa Timur,D,Pengadaan Listrik dan Gas,ADHB,2021,7258.0
Jawa Timur,D,Pengadaan Listrik dan Gas,ADHB,2022,8043.0
Jawa Timur,D,Pengadaan Listrik dan Gas,ADHB,2023,10392.0
Jawa Timur,D,Pengadaan Listrik dan Gas,ADHB,2024,11194.0
Jawa Timur,E,"Pengadaan Air, Pengelolaan Sampah, Limbah dan Daur Ulang",ADHB,2020,2125.0
Jawa Timur,E,"Pengadaan Air, Pengelolaan Sampah, Limbah dan Daur Ulang",ADHB,2021,2303.0
Jawa Timur,E,"Pengadaan Air, Pengelolaan Sampah, Limbah dan Daur Ulang",ADHB,2022,2443.0
Jawa Timur,E,"Pengadaan Air, Pengelolaan Sampah, Limbah dan Daur Ulang",ADHB,2023,2542.0
Jawa Timur,E,"Pengadaan Air, Pengelolaan Sampah, Limbah dan Daur Ulang",ADHB,2024,2627.0
Jawa Timur,F,Konstruksi,ADHB,2020,213813.0
Jawa Timur,F,Konstruksi,ADHB,2021,222709.0
Jawa Timur,F,Konstruksi,ADHB,2022,246876.0
Jawa Timur,F,Konstruksi,ADHB,2023,263244.0
Jawa Timur,F,Konstruksi,ADHB,2024,284110.0
Jawa Timur,G,Perdagangan Besar dan Eceran; Reparasi Mobil dan Sepeda Motor,ADHB,2020,412016.0
Jawa Timur,G,Perdagangan Besar dan Eceran; Reparasi Mobil dan Sepeda Motor,ADHB,2021,452684.0
Jawa Timur,G,Perdagangan Besar dan Eceran; Reparasi Mobil dan Sepeda Motor,ADHB,2022,509890.0
Jawa Timur,G,Perdagangan Besar dan Eceran; Reparasi Mobil dan Sepeda Motor,ADHB,2023,558402.0
Jawa Timur,G,Perdagangan Besar dan Eceran; Reparasi Mobil dan Sepeda Motor,ADHB,2024,596100.0
Jawa Timur,H,Transportasi dan Pergudangan,ADHB,2020,69058.0
Jawa Timur,H,Transportasi dan Pergudangan,ADHB,2021,71474.0
Jawa Timur,H,Transportasi dan Pergudangan,ADHB,2022,96435.0
Jawa Timur,H,Transportasi dan Pergudangan,ADHB,2023,119171.0
Jawa Timur,H,Transportasi dan Pergudangan,ADHB,2024,132257.0
Jawa Timur,I,Penyediaan Akomodasi dan Makan Minum,ADHB,2020,128154.0
Jawa Timur,I,Penyediaan Akomodasi dan Makan Minum,ADHB,2021,136439.0
Jawa Timur,I,Penyediaan Akomodasi dan Makan Minum,ADHB,2022,154142.0
Jawa Timur,I,Penyediaan Akomodasi dan Makan Minum,ADHB,2023,173189.0
Jawa Timur,I,Penyediaan Akomodasi dan Makan Minum,ADHB,2024,189717.0
Jawa Timur,J,Informasi dan Komunikasi,ADHB,2020,118382.0
Jawa Timur,J,Informasi dan Komunikasi,ADHB,2021,128713.0
Jawa Timur,J,Informasi dan Komunikasi,ADHB,2022,135673.0
Jawa Timur,J,Informasi dan Komunikasi,ADHB,2023,145543.0
Jawa Timur,J,Informasi dan Komunikasi,ADHB,2024,156367.0
Jawa Timur,K,Jasa Keuangan dan Asuransi,ADHB,2020,62415.0
Jawa Timur,K,Jasa Keuangan dan Asuransi,ADHB,2021,65979.0
Jawa Timur,K,Jasa Keuangan dan Asuransi,ADHB,2022,72593.0
Jawa Timur,K,Jasa Keuangan dan Asuransi,ADHB,2023,77074.0
Jawa Timur,K,Jasa Keuangan dan Asuransi,ADHB,2024,80979.0
Jawa Timur,L,Real Estate,ADHB,2020,41103.0
Jawa Timur,L,Real Estate,ADHB,2021,42247.0
Jawa Timur,L,Real Estate,ADHB,2022,44748.0
Jawa Timur,L,Real Estate,ADHB,2023,46496.0
Jawa Timur,L,Real Estate,ADHB,2024,48278.0
Jawa Timur,"M,N",Jasa Perusahaan,ADHB,2020,18906.0
Jawa Timur,"M,N",Jasa Perusahaan,ADHB,2021,19818.0
Jawa Timur,"M,N",Jasa Perusahaan,ADHB,2022,21397.0
Jawa Timur,"M,N",Jasa Perusahaan,ADHB,2023,23817.0
Jawa Timur,"M,N",Jasa Perusahaan,ADHB,2024,26187.0
Jawa Timur,O,"Administrasi Pemerintahan, Pertahanan dan Jaminan Sosial Wajib",ADHB,2020,57425.0
Jawa Timur,O,"Administrasi Pemerintahan, Pertahanan dan Jaminan Sosial Wajib",ADHB,2021,57422.0
Jawa Timur,O,"Administrasi Pemerintahan, Pertahanan dan Jaminan Sosial Wajib",ADHB,2022,58449.0
Jawa Timur,O,"Administrasi Pemerintahan, Pertahanan dan Jaminan Sosial Wajib",ADHB,2023,60370.0
Jawa Timur,O,"Administrasi Pemerintahan, Pertahanan dan Jaminan Sosial Wajib",ADHB,2024,68204.0
Jawa Timur,P,Jasa Pendidikan,ADHB,2020,65029.0
Jawa Timur,P,Jasa Pendidikan,ADHB,2021,65993.0
Jawa Timur,P,Jasa Pendidikan,ADHB,2022,67705.0
Jawa Timur,P,Jasa Pendidikan,ADHB,2023,72546.0
Jawa Timur,P,Jasa Pendidikan,ADHB,2024,77138.0
Jawa Timur,Q,Jasa Kesehatan dan Kegiatan Sosial,ADHB,2020,16430.0
Jawa Timur,Q,Jasa Kesehatan dan Kegiatan Sosial,ADHB,2021,17800.0
Jawa Timur,Q,Jasa Kesehatan dan Kegiatan Sosial,ADHB,2022,18875.0
Jawa Timur,Q,Jasa Kesehatan dan Kegiatan Sosial,ADHB,2023,20144.0
Jawa Timur,Q,Jasa Kesehatan dan Kegiatan Sosial,ADHB,2024,21461.0
Jawa Timur,"R,S,T,U",Jasa lainnya,ADHB,2020,28174.0
Jawa Timur,"R,S,T,U",Jasa lainnya,ADHB,2021,30433.0
Jawa Timur,"R,S,T,U",Jasa lainnya,ADHB,2022,35552.0
Jawa Timur,"R,S,T,U",Jasa lainnya,ADHB,2023,40664.0
Jawa Timur,"R,S,T,U",Jasa lainnya,ADHB,2024,45140.0
Jawa Timur,A,"Pertanian, Kehutanan, dan Perikanan",ADHK,2020,167631.0
Jawa Timur,A,"Pertanian, Kehutanan, dan Perikanan",ADHK,2021,170557.0
Jawa Timur,A,"Pertanian, Kehutanan, dan Perikanan",ADHK,2022,173748.0
Jawa Timur,A,"Pertanian, Kehutanan, dan Perikanan",ADHK,2023,177669.0
Jawa Timur,A,"Pertanian, Kehutanan, dan Perikanan",ADHK,2024,177790.0
Jawa Timur,B,Pertambangan dan Penggalian,ADHK,2020,80898.0
Jawa Timur,B,Pertambangan dan Penggalian,ADHK,2021,77270.0
Jawa Timur,B,Pertambangan dan Penggalian,ADHK,2022,71865.0
Jawa Timur,B,Pertambangan dan Penggalian,ADHK,2023,73051.0
Jawa Timur,B,Pertambangan dan Penggalian,ADHK,2024,72589.0
Jawa Timur,C,Industri Pengolahan,ADHK,2020,488377.0
Jawa Timur,C,Industri Pengolahan,ADHK,2021,504889.0
Jawa Timur,C,Industri Pengolahan,ADHK,2022,536394.0
Jawa Timur,C,Industri Pengolahan,ADHK,2023,558417.0
Jawa Timur,C,Industri Pengolahan,ADHK,2024,588589.0
Jawa Timur,D,Pengadaan Listrik dan Gas,ADHK,2020,4452.0
Jawa Timur,D,Pengadaan Listrik dan Gas,ADHK,2021,4711.0
Jawa Timur,D,Pengadaan Listrik dan Gas,ADHK,2022,5065.0
Jawa Timur,D,Pengadaan Listrik dan Gas,ADHK,2023,6292.0
Jawa Timur,D,Pengadaan Listrik dan Gas,ADHK,2024,6728.0
Jawa Timur,E,"Pengadaan Air, Pengelolaan Sampah, Limbah dan Daur Ulang",ADHK,2020,1667.0
Jawa Timur,E,"Pengadaan Air, Pengelolaan Sampah, Limbah dan Daur Ulang",ADHK,2021,1761.0
Jawa Timur,E,"Pengadaan Air, Pengelolaan Sampah, Limbah dan Daur Ulang",ADHK,2022,1801.0
Jawa Timur,E,"Pengadaan Air, Pengelolaan Sampah, Limbah dan Daur Ulang",ADHK,2023,1853.0
Jawa Timur,E,"Pengadaan Air, Pengelolaan Sampah, Limbah dan Daur Ulang",ADHK,2024,1899.0
Jawa Timur,F,Konstruksi,ADHK,2020,148652.0
Jawa Timur,F,Konstruksi,ADHK,2021,152418.0
Jawa Timur,F,Konstruksi,ADHK,2022,162019.0
Jawa Timur,F,Konstruksi,ADHK,2023,170216.0
Jawa Timur,F,Konstruksi,ADHK,2024,181968.0
Jawa Timur,G,Perdagangan Besar dan Eceran; Reparasi Mobil dan Sepeda Motor,ADHK,2020,289656.0
Jawa Timur,G,Perdagangan Besar dan Eceran; Reparasi Mobil dan Sepeda Motor,ADHK,2021,312155.0
Jawa Timur,G,Perdagangan Besar dan Eceran; Reparasi Mobil dan Sepeda Motor,ADHK,2022,333627.0
Jawa Timur,G,Perdagangan Besar dan Eceran; Reparasi Mobil dan Sepeda Motor,ADHK,2023,352848.0
Jawa Timur,G,Perdagangan Besar dan Eceran; Reparasi Mobil dan Sepeda Motor,ADHK,2024,368884.0
Jawa Timur,H,Transportasi dan Pergudangan,ADHK,2020,43466.0
Jawa Timur,H,Transportasi dan Pergudangan,ADHK,2021,44557.0
Jawa Timur,H,Transportasi dan Pergudangan,ADHK,2022,53240.0
Jawa Timur,H,Transportasi dan Pergudangan,ADHK,2023,60314.0
Jawa Timur,H,Transportasi dan Pergudangan,ADHK,2024,66044.0
Jawa Timur,I,Penyediaan Akomodasi dan Makan Minum,ADHK,2020,83549.0
Jawa Timur,I,Penyediaan Akomodasi dan Makan Minum,ADHK,2021,86108.0
Jawa Timur,I,Penyediaan Akomodasi dan Makan Minum,ADHK,2022,94152.0
Jawa Timur,I,Penyediaan Akomodasi dan Makan Minum,ADHK,2023,101732.0
Jawa Timur,I,Penyediaan Akomodasi dan Makan Minum,ADHK,2024,108833.0
Jawa Timur,J,Informasi dan Komunikasi,ADHK,2020,106613.0
Jawa Timur,J,Informasi dan Komunikasi,ADHK,2021,113957.0
Jawa Timur,J,Informasi dan Komunikasi,ADHK,2022,119126.0
Jawa Timur,J,Informasi dan Komunikasi,ADHK,2023,126989.0
Jawa Timur,J,Informasi dan Komunikasi,ADHK,2024,135144.0
Jawa Timur,K,Jasa Keuangan dan Asuransi,ADHK,2020,41449.0
Jawa Timur,K,Jasa Keuangan dan Asuransi,ADHK,2021,42116.0
Jawa Timur,K,Jasa Keuangan dan Asuransi,ADHK,2022,43096.0
Jawa Timur,K,Jasa Keuangan dan Asuransi,ADHK,2023,44736.0
Jawa Timur,K,Jasa Keuangan dan Asuransi,ADHK,2024,46484.0
Jawa Timur,L,Real Estate,ADHK,2020,29566.0
Jawa Timur,L,Real Estate,ADHK,2021,30241.0
Jawa Timur,L,Real Estate,ADHK,2022,31619.0
Jawa Timur,L,Real Estate,ADHK,2023,32469.0
Jawa Timur,L,Real Estate,ADHK,2024,33414.0
Jawa Timur,"M,N",Jasa Perusahaan,ADHK,2020,12180.0
Jawa Timur,"M,N",Jasa Perusahaan,ADHK,2021,12466.0
Jawa Timur,"M,N",Jasa Perusahaan,ADHK,2022,13113.0
Jawa Timur,"M,N",Jasa Perusahaan,ADHK,2023,14197.0
Jawa Timur,"M,N",Jasa Perusahaan,ADHK,2024,15316.0
Jawa Timur,O,"Administrasi Pemerintahan, Pertahanan dan Jaminan Sosial Wajib",ADHK,2020,34849.0
Jawa Timur,O,"Administrasi Pemerintahan, Pertahanan dan Jaminan Sosial Wajib",ADHK,2021,34949.0
Jawa Timur,O,"Administrasi Pemerintahan, Pertahanan dan Jaminan Sosial Wajib",ADHK,2022,35039.0
Jawa Timur,O,"Administrasi Pemerintahan, Pertahanan dan Jaminan Sosial Wajib",ADHK,2023,35054.0
Jawa Timur,O,"Administrasi Pemerintahan, Pertahanan dan Jaminan Sosial Wajib",ADHK,2024,37781.0
Jawa Timur,P,Jasa Pendidikan,ADHK,2020,45760.0
Jawa Timur,P,Jasa Pendidikan,ADHK,2021,46185.0
Jawa Timur,P,Jasa Pendidikan,ADHK,2022,46579.0
Jawa Timur,P,Jasa Pendidikan,ADHK,2023,48832.0
Jawa Timur,P,Jasa Pendidikan,ADHK,2024,51184.0
Jawa Timur,Q,Jasa Kesehatan dan Kegiatan Sosial,ADHK,2020,12239.0
Jawa Timur,Q,Jasa Kesehatan dan Kegiatan Sosial,ADHK,2021,12847.0
Jawa Timur,Q,Jasa Kesehatan dan Kegiatan Sosial,ADHK,2022,13143.0
Jawa Timur,Q,Jasa Kesehatan dan Kegiatan Sosial,ADHK,2023,13646.0
Jawa Timur,Q,Jasa Kesehatan dan Kegiatan Sosial,ADHK,2024,14399.0
Jawa Timur,"R,S,T,U",Jasa lainnya,ADHK,2020,20389.0
Jawa Timur,"R,S,T,U",Jasa lainnya,ADHK,2021,21567.0
Jawa Timur,"R,S,T,U",Jasa lainnya,ADHK,2022,24250.0
Jawa Timur,"R,S,T,U",Jasa lainnya,ADHK,2023,26492.0
Jawa Timur,"R,S,T,U",Jasa lainnya,ADHK,2024,28765.0
Banten,A,"Pertanian, Kehutanan, dan Perikanan",ADHB,2020,38998.0
Banten,A,"Pertanian, Kehutanan, dan Perikanan",ADHB,2021,40200.0
Banten,A,"Pertanian, Kehutanan, dan Perikanan",ADHB,2022,44058.0
Banten,A,"Pertanian, Kehutanan, dan Perikanan",ADHB,2023,46623.0
Banten,A,"Pertanian, Kehutanan, dan Perikanan",ADHB,2024,49368.0
Banten,B,Pertambangan dan Penggalian,ADHB,2020,4270.0
Banten,B,Pertambangan dan Penggalian,ADHB,2021,4659.0
Banten,B,Pertambangan dan Penggalian,ADHB,2022,4142.0
Banten,B,Pertambangan dan Penggalian,ADHB,2023,3504.0
Banten,B,Pertambangan dan Penggalian,ADHB,2024,3322.0
Banten,C,Industri Pengolahan,ADHB,2020,195332.0
Banten,C,Industri Pengolahan,ADHB,2021,209815.0
Banten,C,Industri Pengolahan,ADHB,2022,227700.0
Banten,C,Industri Pengolahan,ADHB,2023,246234.0
Banten,C,Industri Pengolahan,ADHB,2024,265141.0
Banten,D,Pengadaan Listrik dan Gas,ADHB,2020,10504.0
Banten,D,Pengadaan Listrik dan Gas,ADHB,2021,12141.0
Banten,D,Pengadaan Listrik dan Gas,ADHB,2022,13019.0
Banten,D,Pengadaan Listrik dan Gas,ADHB,2023,12788.0
Banten,D,Pengadaan Listrik dan Gas,ADHB,2024,10832.0
Banten,E,"Pengadaan Air, Pengelolaan Sampah, Limbah dan Daur Ulang",ADHB,2020,551.0
Banten,E,"Pengadaan Air, Pengelolaan Sampah, Limbah dan Daur Ulang",ADHB,2021,585.0
Banten,E,"Pengadaan Air, Pengelolaan Sampah, Limbah dan Daur Ulang",ADHB,2022,613.0
Banten,E,"Pengadaan Air, Pengelolaan Sampah, Limbah dan Daur Ulang",ADHB,2023,652.0
Banten,E,"Pengadaan Air, Pengelolaan Sampah, Limbah dan Daur Ulang",ADHB,2024,718.0
Banten,F,Konstruksi,ADHB,2020,71552.0
Banten,F,Konstruksi,ADHB,2021,82097.0
Banten,F,Konstruksi,ADHB,2022,91166.0
Banten,F,Konstruksi,ADHB,2023,95665.0
Banten,F,Konstruksi,ADHB,2024,102165.0
Banten,G,Perdagangan Besar dan Eceran; Reparasi Mobil dan Sepeda Motor,ADHB,2020,83241.0
Banten,G,Perdagangan Besar dan Eceran; Reparasi Mobil dan Sepeda Motor,ADHB,2021,85899.0
Banten,G,Perdagangan Besar dan Eceran; Reparasi Mobil dan Sepeda Motor,ADHB,2022,93526.0
Banten,G,Perdagangan Besar dan Eceran; Reparasi Mobil dan Sepeda Motor,ADHB,2023,100997.0
Banten,G,Perdagangan Besar dan Eceran; Reparasi Mobil dan Sepeda Motor,ADHB,2024,108164.0
Banten,H,Transportasi dan Pergudangan,ADHB,2020,40458.0
Banten,H,Transportasi dan Pergudangan,ADHB,2021,41694.0
Banten,H,Transportasi dan Pergudangan,ADHB,2022,71162.0
Banten,H,Transportasi dan Pergudangan,ADHB,2023,90566.0
Banten,H,Transportasi dan Pergudangan,ADHB,2024,100201.0
Banten,I,Penyediaan Akomodasi dan Makan Minum,ADHB,2020,15154.0
Banten,I,Penyediaan Akomodasi dan Makan Minum,ADHB,2021,15891.0
Banten,I,Penyediaan Akomodasi dan Makan Minum,ADHB,2022,17447.0
Banten,I,Penyediaan Akomodasi dan Makan Minum,ADHB,2023,19153.0
Banten,I,Penyediaan Akomodasi dan Makan Minum,ADHB,2024,21072.0
Banten,J,Informasi dan Komunikasi,ADHB,2020,25201.0
Banten,J,Informasi dan Komunikasi,ADHB,2021,26575.0
Banten,J,Informasi dan Komunikasi,ADHB,2022,28218.0
Banten,J,Informasi dan Komunikasi,ADHB,2023,30603.0
Banten,J,Informasi dan Komunikasi,ADHB,2024,32734.0
Banten,K,Jasa Keuangan dan Asuransi,ADHB,2020,20300.0
Banten,K,Jasa Keuangan dan Asuransi,ADHB,2021,22324.0
Banten,K,Jasa Keuangan dan Asuransi,ADHB,2022,25308.0
Banten,K,Jasa Keuangan dan Asuransi,ADHB,2023,25725.0
Banten,K,Jasa Keuangan dan Asuransi,ADHB,2024,26055.0
Banten,L,Real Estate,ADHB,2020,54258.0
Banten,L,Real Estate,ADHB,2021,56397.0
Banten,L,Real Estate,ADHB,2022,60284.0
Banten,L,Real Estate,ADHB,2023,64184.0
Banten,L,Real Estate,ADHB,2024,67427.0
Banten,"M,N",Jasa Perusahaan,ADHB,2020,7325.0
Banten,"M,N",Jasa Perusahaan,ADHB,2021,7329.0
Banten,"M,N",Jasa Perusahaan,ADHB,2022,7918.0
Banten,"M,N",Jasa Perusahaan,ADHB,2023,8820.0
Banten,"M,N",Jasa Perusahaan,ADHB,2024,9660.0
Banten,O,"Administrasi Pemerintahan, Pertahanan dan Jaminan Sosial Wajib",ADHB,2020,14210.0
Banten,O,"Administrasi Pemerintahan, Pertahanan dan Jaminan Sosial Wajib",ADHB,2021,14458.0
Banten,O,"Administrasi Pemerintahan, Pertahanan dan Jaminan Sosial Wajib",ADHB,2022,15227.0
Banten,O,"Administrasi Pemerintahan, Pertahanan dan Jaminan Sosial Wajib",ADHB,2023,16114.0
Banten,O,"Administrasi Pemerintahan, Pertahanan dan Jaminan Sosial Wajib",ADHB,2024,19203.0
Banten,P,Jasa Pendidikan,ADHB,2020,24496.0
Banten,P,Jasa Pendidikan,ADHB,2021,24346.0
Banten,P,Jasa Pendidikan,ADHB,2022,24581.0
Banten,P,Jasa Pendidikan,ADHB,2023,26680.0
Banten,P,Jasa Pendidikan,ADHB,2024,29453.0
Banten,Q,Jasa Kesehatan dan Kegiatan Sosial,ADHB,2020,9183.0
Banten,Q,Jasa Kesehatan dan Kegiatan Sosial,ADHB,2021,10298.0
Banten,Q,Jasa Kesehatan dan Kegiatan Sosial,ADHB,2022,10688.0
Banten,Q,Jasa Kesehatan dan Kegiatan Sosial,ADHB,2023,11841.0
Banten,Q,Jasa Kesehatan dan Kegiatan Sosial,ADHB,2024,13208.0
Banten,"R,S,T,U",Jasa lainnya,ADHB,2020,10862.0
Banten,"R,S,T,U",Jasa lainnya,ADHB,2021,11163.0
Banten,"R,S,T,U",Jasa lainnya,ADHB,2022,12163.0
Banten,"R,S,T,U",Jasa lainnya,ADHB,2023,13972.0
Banten,"R,S,T,U",Jasa lainnya,ADHB,2024,14904.0
Banten,A,"Pertanian, Kehutanan, dan Perikanan",ADHK,2020,25275.0
Banten,A,"Pertanian, Kehutanan, dan Perikanan",ADHK,2021,25417.0
Banten,A,"Pertanian, Kehutanan, dan Perikanan",ADHK,2022,26491.0
Banten,A,"Pertanian, Kehutanan, dan Perikanan",ADHK,2023,26532.0
Banten,A,"Pertanian, Kehutanan, dan Perikanan",ADHK,2024,26703.0
Banten,B,Pertambangan dan Penggalian,ADHK,2020,2641.0
Banten,B,Pertambangan dan Penggalian,ADHK,2021,2657.0
Banten,B,Pertambangan dan Penggalian,ADHK,2022,2208.0
Banten,B,Pertambangan dan Penggalian,ADHK,2023,1845.0
Banten,B,Pertambangan dan Penggalian,ADHK,2024,1714.0
Banten,C,Industri Pengolahan,ADHK,2020,147539.0
Banten,C,Industri Pengolahan,ADHK,2021,155028.0
Banten,C,Industri Pengolahan,ADHK,2022,160639.0
Banten,C,Industri Pengolahan,ADHK,2023,169934.0
Banten,C,Industri Pengolahan,ADHK,2024,178397.0
Banten,D,Pengadaan Listrik dan Gas,ADHK,2020,3832.0
Banten,D,Pengadaan Listrik dan Gas,ADHK,2021,4319.0
Banten,D,Pengadaan Listrik dan Gas,ADHK,2022,4640.0
Banten,D,Pengadaan Listrik dan Gas,ADHK,2023,4571.0
Banten,D,Pengadaan Listrik dan Gas,ADHK,2024,4156.0
Banten,E,"Pengadaan Air, Pengelolaan Sampah, Limbah dan Daur Ulang",ADHK,2020,471.0
Banten,E,"Pengadaan Air, Pengelolaan Sampah, Limbah dan Daur Ulang",ADHK,2021,494.0
Banten,E,"Pengadaan Air, Pengelolaan Sampah, Limbah dan Daur Ulang",ADHK,2022,513.0
Banten,E,"Pengadaan Air, Pengelolaan Sampah, Limbah dan Daur Ulang",ADHK,2023,540.0
Banten,E,"Pengadaan Air, Pengelolaan Sampah, Limbah dan Daur Ulang",ADHK,2024,561.0
Banten,F,Konstruksi,ADHK,2020,44727.0
Banten,F,Konstruksi,ADHK,2021,49552.0
Banten,F,Konstruksi,ADHK,2022,51933.0
Banten,F,Konstruksi,ADHK,2023,52701.0
Banten,F,Konstruksi,ADHK,2024,55804.0
Banten,G,Perdagangan Besar dan Eceran; Reparasi Mobil dan Sepeda Motor,ADHK,2020,60482.0
Banten,G,Perdagangan Besar dan Eceran; Reparasi Mobil dan Sepeda Motor,ADHK,2021,61595.0
Banten,G,Perdagangan Besar dan Eceran; Reparasi Mobil dan Sepeda Motor,ADHK,2022,64016.0
Banten,G,Perdagangan Besar dan Eceran; Reparasi Mobil dan Sepeda Motor,ADHK,2023,66575.0
Banten,G,Perdagangan Besar dan Eceran; Reparasi Mobil dan Sepeda Motor,ADHK,2024,69455.0
Banten,H,Transportasi dan Pergudangan,ADHK,2020,20871.0
Banten,H,Transportasi dan Pergudangan,ADHK,2021,22064.0
Banten,H,Transportasi dan Pergudangan,ADHK,2022,27948.0
Banten,H,Transportasi dan Pergudangan,ADHK,2023,31433.0
Banten,H,Transportasi dan Pergudangan,ADHK,2024,33429.0
Banten,I,Penyediaan Akomodasi dan Makan Minum,ADHK,2020,10866.0
Banten,I,Penyediaan Akomodasi dan Makan Minum,ADHK,2021,11333.0
Banten,I,Penyediaan Akomodasi dan Makan Minum,ADHK,2022,12250.0
Banten,I,Penyediaan Akomodasi dan Makan Minum,ADHK,2023,13284.0
Banten,I,Penyediaan Akomodasi dan Makan Minum,ADHK,2024,14221.0
Banten,J,Informasi dan Komunikasi,ADHK,2020,29736.0
Banten,J,Informasi dan Komunikasi,ADHK,2021,31372.0
Banten,J,Informasi dan Komunikasi,ADHK,2022,33161.0
Banten,J,Informasi dan Komunikasi,ADHK,2023,35735.0
Banten,J,Informasi dan Komunikasi,ADHK,2024,37823.0
Banten,K,Jasa Keuangan dan Asuransi,ADHK,2020,13492.0
Banten,K,Jasa Keuangan dan Asuransi,ADHK,2021,14244.0
Banten,K,Jasa Keuangan dan Asuransi,ADHK,2022,14912.0
Banten,K,Jasa Keuangan dan Asuransi,ADHK,2023,14810.0
Banten,K,Jasa Keuangan dan Asuransi,ADHK,2024,14851.0
Banten,L,Real Estate,ADHK,2020,41392.0
Banten,L,Real Estate,ADHK,2021,42635.0
Banten,L,Real Estate,ADHK,2022,44505.0
Banten,L,Real Estate,ADHK,2023,46072.0
Banten,L,Real Estate,ADHK,2024,47716.0
Banten,"M,N",Jasa Perusahaan,ADHK,2020,4627.0
Banten,"M,N",Jasa Perusahaan,ADHK,2021,4565.0
Banten,"M,N",Jasa Perusahaan,ADHK,2022,4735.0
Banten,"M,N",Jasa Perusahaan,ADHK,2023,5080.0
Banten,"M,N",Jasa Perusahaan,ADHK,2024,5412.0
Banten,O,"Administrasi Pemerintahan, Pertahanan dan Jaminan Sosial Wajib",ADHK,2020,8057.0
Banten,O,"Administrasi Pemerintahan, Pertahanan dan Jaminan Sosial Wajib",ADHK,2021,7990.0
Banten,O,"Administrasi Pemerintahan, Pertahanan dan Jaminan Sosial Wajib",ADHK,2022,8129.0
Banten,O,"Administrasi Pemerintahan, Pertahanan dan Jaminan Sosial Wajib",ADHK,2023,8285.0
Banten,O,"Administrasi Pemerintahan, Pertahanan dan Jaminan Sosial Wajib",ADHK,2024,9671.0
Banten,P,Jasa Pendidikan,ADHK,2020,14299.0
Banten,P,Jasa Pendidikan,ADHK,2021,14141.0
Banten,P,Jasa Pendidikan,ADHK,2022,13993.0
Banten,P,Jasa Pendidikan,ADHK,2023,14801.0
Banten,P,Jasa Pendidikan,ADHK,2024,15536.0
Banten,Q,Jasa Kesehatan dan Kegiatan Sosial,ADHK,2020,6126.0
Banten,Q,Jasa Kesehatan dan Kegiatan Sosial,ADHK,2021,6735.0
Banten,Q,Jasa Kesehatan dan Kegiatan Sosial,ADHK,2022,6858.0
Banten,Q,Jasa Kesehatan dan Kegiatan Sosial,ADHK,2023,7355.0
Banten,Q,Jasa Kesehatan dan Kegiatan Sosial,ADHK,2024,8015.0
Banten,"R,S,T,U",Jasa lainnya,ADHK,2020,6717.0
Banten,"R,S,T,U",Jasa lainnya,ADHK,2021,6813.0
Banten,"R,S,T,U",Jasa lainnya,ADHK,2022,7198.0
Banten,"R,S,T,U",Jasa lainnya,ADHK,2023,7873.0
Banten,"R,S,T,U",Jasa lainnya,ADHK,2024,8270.0
Bali,A,"Pertanian, Kehutanan, dan Perikanan",ADHB,2020,33832.0
Bali,A,"Pertanian, Kehutanan, dan Perikanan",ADHB,2021,34767.0
Bali,A,"Pertanian, Kehutanan, dan Perikanan",ADHB,2022,36014.0
Bali,A,"Pertanian, Kehutanan, dan Perikanan",ADHB,2023,37710.0
Bali,A,"Pertanian, Kehutanan, dan Perikanan",ADHB,2024,40059.0
Bali,B,Pertambangan dan Penggalian,ADHB,2020,2133.0
Bali,B,Pertambangan dan Penggalian,ADHB,2021,2148.0
Bali,B,Pertambangan dan Penggalian,ADHB,2022,2312.0
Bali,B,Pertambangan dan Penggalian,ADHB,2023,2437.0
Bali,B,Pertambangan dan Penggalian,ADHB,2024,2550.0
Bali,C,Industri Pengolahan,ADHB,2020,14436.0
Bali,C,Industri Pengolahan,ADHB,2021,14724.0
Bali,C,Industri Pengolahan,ADHB,2022,16143.0
Bali,C,Industri Pengolahan,ADHB,2023,17103.0
Bali,C,Industri Pengolahan,ADHB,2024,18637.0
Bali,D,Pengadaan Listrik dan Gas,ADHB,2020,494.0
Bali,D,Pengadaan Listrik dan Gas,ADHB,2021,468.0
Bali,D,Pengadaan Listrik dan Gas,ADHB,2022,554.0
Bali,D,Pengadaan Listrik dan Gas,ADHB,2023,641.0
Bali,D,Pengadaan Listrik dan Gas,ADHB,2024,717.0
Bali,E,"Pengadaan Air, Pengelolaan Sampah, Limbah dan Daur Ulang",ADHB,2020,426.0
Bali,E,"Pengadaan Air, Pengelolaan Sampah, Limbah dan Daur Ulang",ADHB,2021,415.0
Bali,E,"Pengadaan Air, Pengelolaan Sampah, Limbah dan Daur Ulang",ADHB,2022,422.0
Bali,E,"Pengadaan Air, Pengelolaan Sampah, Limbah dan Daur Ulang",ADHB,2023,447.0
Bali,E,"Pengadaan Air, Pengelolaan Sampah, Limbah dan Daur Ulang",ADHB,2024,459.0
Bali,F,Konstruksi,ADHB,2020,23597.0
Bali,F,Konstruksi,ADHB,2021,24175.0
Bali,F,Konstruksi,ADHB,2022,26129.0
Bali,F,Konstruksi,ADHB,2023,26806.0
Bali,F,Konstruksi,ADHB,2024,27567.0
Bali,G,Perdagangan Besar dan Eceran; Reparasi Mobil dan Sepeda Motor,ADHB,2020,20269.0
Bali,G,Perdagangan Besar dan Eceran; Reparasi Mobil dan Sepeda Motor,ADHB,2021,20323.0
Bali,G,Perdagangan Besar dan Eceran; Reparasi Mobil dan Sepeda Motor,ADHB,2022,22551.0
Bali,G,Perdagangan Besar dan Eceran; Reparasi Mobil dan Sepeda Motor,ADHB,2023,24591.0
Bali,G,Perdagangan Besar dan Eceran; Reparasi Mobil dan Sepeda Motor,ADHB,2024,25934.0
Bali,H,Transportasi dan Pergudangan,ADHB,2020,15578.0
Bali,H,Transportasi dan Pergudangan,ADHB,2021,12438.0
Bali,H,Transportasi dan Pergudangan,ADHB,2022,18897.0
Bali,H,Transportasi dan Pergudangan,ADHB,2023,27657.0
Bali,H,Transportasi dan Pergudangan,ADHB,2024,30616.0
Bali,I,Penyediaan Akomodasi dan Makan Minum,ADHB,2020,41093.0
Bali,I,Penyediaan Akomodasi dan Makan Minum,ADHB,2021,36602.0
Bali,I,Penyediaan Akomodasi dan Makan Minum,ADHB,2022,44112.0
Bali,I,Penyediaan Akomodasi dan Makan Minum,ADHB,2023,54680.0
Bali,I,Penyediaan Akomodasi dan Makan Minum,ADHB,2024,63913.0
Bali,J,Informasi dan Komunikasi,ADHB,2020,14257.0
Bali,J,Informasi dan Komunikasi,ADHB,2021,14837.0
Bali,J,Informasi dan Komunikasi,ADHB,2022,15029.0
Bali,J,Informasi dan Komunikasi,ADHB,2023,15517.0
Bali,J,Informasi dan Komunikasi,ADHB,2024,16101.0
Bali,K,Jasa Keuangan dan Asuransi,ADHB,2020,9534.0
Bali,K,Jasa Keuangan dan Asuransi,ADHB,2021,9686.0
Bali,K,Jasa Keuangan dan Asuransi,ADHB,2022,11486.0
Bali,K,Jasa Keuangan dan Asuransi,ADHB,2023,13277.0
Bali,K,Jasa Keuangan dan Asuransi,ADHB,2024,15458.0
Bali,L,Real Estate,ADHB,2020,9928.0
Bali,L,Real Estate,ADHB,2021,10092.0
Bali,L,Real Estate,ADHB,2022,10683.0
Bali,L,Real Estate,ADHB,2023,11056.0
Bali,L,Real Estate,ADHB,2024,11449.0
Bali,"M,N",Jasa Perusahaan,ADHB,2020,2573.0
Bali,"M,N",Jasa Perusahaan,ADHB,2021,2534.0
Bali,"M,N",Jasa Perusahaan,ADHB,2022,2867.0
Bali,"M,N",Jasa Perusahaan,ADHB,2023,3164.0
Bali,"M,N",Jasa Perusahaan,ADHB,2024,3455.0
Bali,O,"Administrasi Pemerintahan, Pertahanan dan Jaminan Sosial Wajib",ADHB,2020,13202.0
Bali,O,"Administrasi Pemerintahan, Pertahanan dan Jaminan Sosial Wajib",ADHB,2021,13690.0
Bali,O,"Administrasi Pemerintahan, Pertahanan dan Jaminan Sosial Wajib",ADHB,2022,13646.0
Bali,O,"Administrasi Pemerintahan, Pertahanan dan Jaminan Sosial Wajib",ADHB,2023,13889.0
Bali,O,"Administrasi Pemerintahan, Pertahanan dan Jaminan Sosial Wajib",ADHB,2024,14934.0
Bali,P,Jasa Pendidikan,ADHB,2020,13186.0
Bali,P,Jasa Pendidikan,ADHB,2021,13453.0
Bali,P,Jasa Pendidikan,ADHB,2022,13615.0
Bali,P,Jasa Pendidikan,ADHB,2023,13669.0
Bali,P,Jasa Pendidikan,ADHB,2024,14229.0
Bali,Q,Jasa Kesehatan dan Kegiatan Sosial,ADHB,2020,5780.0
Bali,Q,Jasa Kesehatan dan Kegiatan Sosial,ADHB,2021,6238.0
Bali,Q,Jasa Kesehatan dan Kegiatan Sosial,ADHB,2022,6486.0
Bali,Q,Jasa Kesehatan dan Kegiatan Sosial,ADHB,2023,6805.0
Bali,Q,Jasa Kesehatan dan Kegiatan Sosial,ADHB,2024,7067.0
Bali,"R,S,T,U",Jasa lainnya,ADHB,2020,3908.0
Bali,"R,S,T,U",Jasa lainnya,ADHB,2021,3876.0
Bali,"R,S,T,U",Jasa lainnya,ADHB,2022,4423.0
Bali,"R,S,T,U",Jasa lainnya,ADHB,2023,4909.0
Bali,"R,S,T,U",Jasa lainnya,ADHB,2024,5297.0
Bali,A,"Pertanian, Kehutanan, dan Perikanan",ADHK,2020,21269.0
Bali,A,"Pertanian, Kehutanan, dan Perikanan",ADHK,2021,21338.0
Bali,A,"Pertanian, Kehutanan, dan Perikanan",ADHK,2022,21157.0
Bali,A,"Pertanian, Kehutanan, dan Perikanan",ADHK,2023,21039.0
Bali,A,"Pertanian, Kehutanan, dan Perikanan",ADHK,2024,21580.0
Bali,B,Pertambangan dan Penggalian,ADHK,2020,1363.0
Bali,B,Pertambangan dan Penggalian,ADHK,2021,1364.0
Bali,B,Pertambangan dan Penggalian,ADHK,2022,1426.0
Bali,B,Pertambangan dan Penggalian,ADHK,2023,1447.0
Bali,B,Pertambangan dan Penggalian,ADHK,2024,1467.0
Bali,C,Industri Pengolahan,ADHK,2020,9695.0
Bali,C,Industri Pengolahan,ADHK,2021,9701.0
Bali,C,Industri Pengolahan,ADHK,2022,10240.0
Bali,C,Industri Pengolahan,ADHK,2023,10470.0
Bali,C,Industri Pengolahan,ADHK,2024,11004.0
Bali,D,Pengadaan Listrik dan Gas,ADHK,2020,283.0
Bali,D,Pengadaan Listrik dan Gas,ADHK,2021,268.0
Bali,D,Pengadaan Listrik dan Gas,ADHK,2022,311.0
Bali,D,Pengadaan Listrik dan Gas,ADHK,2023,355.0
Bali,D,Pengadaan Listrik dan Gas,ADHK,2024,396.0
Bali,E,"Pengadaan Air, Pengelolaan Sampah, Limbah dan Daur Ulang",ADHK,2020,337.0
Bali,E,"Pengadaan Air, Pengelolaan Sampah, Limbah dan Daur Ulang",ADHK,2021,324.0
Bali,E,"Pengadaan Air, Pengelolaan Sampah, Limbah dan Daur Ulang",ADHK,2022,322.0
Bali,E,"Pengadaan Air, Pengelolaan Sampah, Limbah dan Daur Ulang",ADHK,2023,333.0
Bali,E,"Pengadaan Air, Pengelolaan Sampah, Limbah dan Daur Ulang",ADHK,2024,338.0
Bali,F,Konstruksi,ADHK,2020,15856.0
Bali,F,Konstruksi,ADHK,2021,15843.0
Bali,F,Konstruksi,ADHK,2022,16437.0
Bali,F,Konstruksi,ADHK,2023,16584.0
Bali,F,Konstruksi,ADHK,2024,16888.0
Bali,G,Perdagangan Besar dan Eceran; Reparasi Mobil dan Sepeda Motor,ADHK,2020,14219.0
Bali,G,Perdagangan Besar dan Eceran; Reparasi Mobil dan Sepeda Motor,ADHK,2021,14016.0
Bali,G,Perdagangan Besar dan Eceran; Reparasi Mobil dan Sepeda Motor,ADHK,2022,14810.0
Bali,G,Perdagangan Besar dan Eceran; Reparasi Mobil dan Sepeda Motor,ADHK,2023,15610.0
Bali,G,Perdagangan Besar dan Eceran; Reparasi Mobil dan Sepeda Motor,ADHK,2024,16231.0
Bali,H,Transportasi dan Pergudangan,ADHK,2020,8063.0
Bali,H,Transportasi dan Pergudangan,ADHK,2021,6638.0
Bali,H,Transportasi dan Pergudangan,ADHK,2022,8071.0
Bali,H,Transportasi dan Pergudangan,ADHK,2023,10111.0
Bali,H,Transportasi dan Pergudangan,ADHK,2024,10714.0
Bali,I,Penyediaan Akomodasi dan Makan Minum,ADHK,2020,23903.0
Bali,I,Penyediaan Akomodasi dan Makan Minum,ADHK,2021,21460.0
Bali,I,Penyediaan Akomodasi dan Makan Minum,ADHK,2022,24442.0
Bali,I,Penyediaan Akomodasi dan Makan Minum,ADHK,2023,28391.0
Bali,I,Penyediaan Akomodasi dan Makan Minum,ADHK,2024,31784.0
Bali,J,Informasi dan Komunikasi,ADHK,2020,12375.0
Bali,J,Informasi dan Komunikasi,ADHK,2021,12714.0
Bali,J,Informasi dan Komunikasi,ADHK,2022,12640.0
Bali,J,Informasi dan Komunikasi,ADHK,2023,12858.0
Bali,J,Informasi dan Komunikasi,ADHK,2024,13104.0
Bali,K,Jasa Keuangan dan Asuransi,ADHK,2020,6457.0
Bali,K,Jasa Keuangan dan Asuransi,ADHK,2021,6245.0
Bali,K,Jasa Keuangan dan Asuransi,ADHK,2022,6750.0
Bali,K,Jasa Keuangan dan Asuransi,ADHK,2023,7651.0
Bali,K,Jasa Keuangan dan Asuransi,ADHK,2024,8805.0
Bali,L,Real Estate,ADHK,2020,7505.0
Bali,L,Real Estate,ADHK,2021,7542.0
Bali,L,Real Estate,ADHK,2022,7717.0
Bali,L,Real Estate,ADHK,2023,7756.0
Bali,L,Real Estate,ADHK,2024,7890.0
Bali,"M,N",Jasa Perusahaan,ADHK,2020,1737.0
Bali,"M,N",Jasa Perusahaan,ADHK,2021,1681.0
Bali,"M,N",Jasa Perusahaan,ADHK,2022,1824.0
Bali,"M,N",Jasa Perusahaan,ADHK,2023,1950.0
Bali,"M,N",Jasa Perusahaan,ADHK,2024,2082.0
Bali,O,"Administrasi Pemerintahan, Pertahanan dan Jaminan Sosial Wajib",ADHK,2020,8922.0
Bali,O,"Administrasi Pemerintahan, Pertahanan dan Jaminan Sosial Wajib",ADHK,2021,8974.0
Bali,O,"Administrasi Pemerintahan, Pertahanan dan Jaminan Sosial Wajib",ADHK,2022,8633.0
Bali,O,"Administrasi Pemerintahan, Pertahanan dan Jaminan Sosial Wajib",ADHK,2023,8540.0
Bali,O,"Administrasi Pemerintahan, Pertahanan dan Jaminan Sosial Wajib",ADHK,2024,9158.0
Bali,P,Jasa Pendidikan,ADHK,2020,8917.0
Bali,P,Jasa Pendidikan,ADHK,2021,8987.0
Bali,P,Jasa Pendidikan,ADHK,2022,8989.0
Bali,P,Jasa Pendidikan,ADHK,2023,8976.0
Bali,P,Jasa Pendidikan,ADHK,2024,9092.0
Bali,Q,Jasa Kesehatan dan Kegiatan Sosial,ADHK,2020,4042.0
Bali,Q,Jasa Kesehatan dan Kegiatan Sosial,ADHK,2021,4269.0
Bali,Q,Jasa Kesehatan dan Kegiatan Sosial,ADHK,2022,4315.0
Bali,Q,Jasa Kesehatan dan Kegiatan Sosial,ADHK,2023,4411.0
Bali,Q,Jasa Kesehatan dan Kegiatan Sosial,ADHK,2024,4506.0
Bali,"R,S,T,U",Jasa lainnya,ADHK,2020,2558.0
Bali,"R,S,T,U",Jasa lainnya,ADHK,2021,2506.0
Bali,"R,S,T,U",Jasa lainnya,ADHK,2022,2746.0
Bali,"R,S,T,U",Jasa lainnya,ADHK,2023,2966.0
Bali,"R,S,T,U",Jasa lainnya,ADHK,2024,3149.0
Nusa Tenggara Barat,A,"Pertanian, Kehutanan, dan Perikanan",ADHB,2020,30977.0
Nusa Tenggara Barat,A,"Pertanian, Kehutanan, dan Perikanan",ADHB,2021,31933.0
Nusa Tenggara Barat,A,"Pertanian, Kehutanan, dan Perikanan",ADHB,2022,33568.0
Nusa Tenggara Barat,A,"Pertanian, Kehutanan, dan Perikanan",ADHB,2023,36992.0
Nusa Tenggara Barat,A,"Pertanian, Kehutanan, dan Perikanan",ADHB,2024,39096.0
Nusa Tenggara Barat,B,Pertambangan dan Penggalian,ADHB,2020,23289.0
Nusa Tenggara Barat,B,Pertambangan dan Penggalian,ADHB,2021,24283.0
Nusa Tenggara Barat,B,Pertambangan dan Penggalian,ADHB,2022,31965.0
Nusa Tenggara Barat,B,Pertambangan dan Penggalian,ADHB,2023,29834.0
Nusa Tenggara Barat,B,Pertambangan dan Penggalian,ADHB,2024,36663.0
Nusa Tenggara Barat,C,Industri Pengolahan,ADHB,2020,5394.0
Nusa Tenggara Barat,C,Industri Pengolahan,ADHB,2021,5604.0
Nusa Tenggara Barat,C,Industri Pengolahan,ADHB,2022,5907.0
Nusa Tenggara Barat,C,Industri Pengolahan,ADHB,2023,6431.0
Nusa Tenggara Barat,C,Industri Pengolahan,ADHB,2024,7056.0
Nusa Tenggara Barat,D,Pengadaan Listrik dan Gas,ADHB,2020,113.0
Nusa Tenggara Barat,D,Pengadaan Listrik dan Gas,ADHB,2021,120.0
Nusa Tenggara Barat,D,Pengadaan Listrik dan Gas,ADHB,2022,133.0
Nusa Tenggara Barat,D,Pengadaan Listrik dan Gas,ADHB,2023,141.0
Nusa Tenggara Barat,D,Pengadaan Listrik dan Gas,ADHB,2024,154.0
Nusa Tenggara Barat,E,"Pengadaan Air, Pengelolaan Sampah, Limbah dan Daur Ulang",ADHB,2020,112.0
Nusa Tenggara Barat,E,"Pengadaan Air, Pengelolaan Sampah, Limbah dan Daur Ulang",ADHB,2021,114.0
Nusa Tenggara Barat,E,"Pengadaan Air, Pengelolaan Sampah, Limbah dan Daur Ulang",ADHB,2022,124.0
Nusa Tenggara Barat,E,"Pengadaan Air, Pengelolaan Sampah, Limbah dan Daur Ulang",ADHB,2023,130.0
Nusa Tenggara Barat,E,"Pengadaan Air, Pengelolaan Sampah, Limbah dan Daur Ulang",ADHB,2024,132.0
Nusa Tenggara Barat,F,Konstruksi,ADHB,2020,12142.0
Nusa Tenggara Barat,F,Konstruksi,ADHB,2021,13667.0
Nusa Tenggara Barat,F,Konstruksi,ADHB,2022,14127.0
Nusa Tenggara Barat,F,Konstruksi,ADHB,2023,16015.0
Nusa Tenggara Barat,F,Konstruksi,ADHB,2024,16604.0
Nusa Tenggara Barat,G,Perdagangan Besar dan Eceran; Reparasi Mobil dan Sepeda Motor,ADHB,2020,18962.0
Nusa Tenggara Barat,G,Perdagangan Besar dan Eceran; Reparasi Mobil dan Sepeda Motor,ADHB,2021,19597.0
Nusa Tenggara Barat,G,Perdagangan Besar dan Eceran; Reparasi Mobil dan Sepeda Motor,ADHB,2022,21743.0
Nusa Tenggara Barat,G,Perdagangan Besar dan Eceran; Reparasi Mobil dan Sepeda Motor,ADHB,2023,24055.0
Nusa Tenggara Barat,G,Perdagangan Besar dan Eceran; Reparasi Mobil dan Sepeda Motor,ADHB,2024,25884.0
Nusa Tenggara Barat,H,Transportasi dan Pergudangan,ADHB,2020,6626.0
Nusa Tenggara Barat,H,Transportasi dan Pergudangan,ADHB,2021,6996.0
Nusa Tenggara Barat,H,Transportasi dan Pergudangan,ADHB,2022,8663.0
Nusa Tenggara Barat,H,Transportasi dan Pergudangan,ADHB,2023,9809.0
Nusa Tenggara Barat,H,Transportasi dan Pergudangan,ADHB,2024,10627.0
Nusa Tenggara Barat,I,Penyediaan Akomodasi dan Makan Minum,ADHB,2020,1925.0
Nusa Tenggara Barat,I,Penyediaan Akomodasi dan Makan Minum,ADHB,2021,1973.0
Nusa Tenggara Barat,I,Penyediaan Akomodasi dan Makan Minum,ADHB,2022,2577.0
Nusa Tenggara Barat,I,Penyediaan Akomodasi dan Makan Minum,ADHB,2023,2882.0
Nusa Tenggara Barat,I,Penyediaan Akomodasi dan Makan Minum,ADHB,2024,3196.0
Nusa Tenggara Barat,J,Informasi dan Komunikasi,ADHB,2020,2934.0
Nusa Tenggara Barat,J,Informasi dan Komunikasi,ADHB,2021,3096.0
Nusa Tenggara Barat,J,Informasi dan Komunikasi,ADHB,2022,3249.0
Nusa Tenggara Barat,J,Informasi dan Komunikasi,ADHB,2023,3479.0
Nusa Tenggara Barat,J,Informasi dan Komunikasi,ADHB,2024,3643.0
Nusa Tenggara Barat,K,Jasa Keuangan dan Asuransi,ADHB,2020,5389.0
Nusa Tenggara Barat,K,Jasa Keuangan dan Asuransi,ADHB,2021,5944.0
Nusa Tenggara Barat,K,Jasa Keuangan dan Asuransi,ADHB,2022,6481.0
Nusa Tenggara Barat,K,Jasa Keuangan dan Asuransi,ADHB,2023,6518.0
Nusa Tenggara Barat,K,Jasa Keuangan dan Asuransi,ADHB,2024,6973.0
Nusa Tenggara Barat,L,Real Estate,ADHB,2020,4381.0
Nusa Tenggara Barat,L,Real Estate,ADHB,2021,4465.0
Nusa Tenggara Barat,L,Real Estate,ADHB,2022,4734.0
Nusa Tenggara Barat,L,Real Estate,ADHB,2023,5007.0
Nusa Tenggara Barat,L,Real Estate,ADHB,2024,5270.0
Nusa Tenggara Barat,"M,N",Jasa Perusahaan,ADHB,2020,239.0
Nusa Tenggara Barat,"M,N",Jasa Perusahaan,ADHB,2021,240.0
Nusa Tenggara Barat,"M,N",Jasa Perusahaan,ADHB,2022,272.0
Nusa Tenggara Barat,"M,N",Jasa Perusahaan,ADHB,2023,302.0
Nusa Tenggara Barat,"M,N",Jasa Perusahaan,ADHB,2024,324.0
Nusa Tenggara Barat,O,"Administrasi Pemerintahan, Pertahanan dan Jaminan Sosial Wajib",ADHB,2020,8773.0
Nusa Tenggara Barat,O,"Administrasi Pemerintahan, Pertahanan dan Jaminan Sosial Wajib",ADHB,2021,9096.0
Nusa Tenggara Barat,O,"Administrasi Pemerintahan, Pertahanan dan Jaminan Sosial Wajib",ADHB,2022,9492.0
Nusa Tenggara Barat,O,"Administrasi Pemerintahan, Pertahanan dan Jaminan Sosial Wajib",ADHB,2023,9805.0
Nusa Tenggara Barat,O,"Administrasi Pemerintahan, Pertahanan dan Jaminan Sosial Wajib",ADHB,2024,10602.0
Nusa Tenggara Barat,P,Jasa Pendidikan,ADHB,2020,6889.0
Nusa Tenggara Barat,P,Jasa Pendidikan,ADHB,2021,7168.0
Nusa Tenggara Barat,P,Jasa Pendidikan,ADHB,2022,7610.0
Nusa Tenggara Barat,P,Jasa Pendidikan,ADHB,2023,8173.0
Nusa Tenggara Barat,P,Jasa Pendidikan,ADHB,2024,8694.0
Nusa Tenggara Barat,Q,Jasa Kesehatan dan Kegiatan Sosial,ADHB,2020,2679.0
Nusa Tenggara Barat,Q,Jasa Kesehatan dan Kegiatan Sosial,ADHB,2021,2931.0
Nusa Tenggara Barat,Q,Jasa Kesehatan dan Kegiatan Sosial,ADHB,2022,3043.0
Nusa Tenggara Barat,Q,Jasa Kesehatan dan Kegiatan Sosial,ADHB,2023,3279.0
Nusa Tenggara Barat,Q,Jasa Kesehatan dan Kegiatan Sosial,ADHB,2024,3521.0
Nusa Tenggara Barat,"R,S,T,U",Jasa lainnya,ADHB,2020,2789.0
Nusa Tenggara Barat,"R,S,T,U",Jasa lainnya,ADHB,2021,2889.0
Nusa Tenggara Barat,"R,S,T,U",Jasa lainnya,ADHB,2022,3253.0
Nusa Tenggara Barat,"R,S,T,U",Jasa lainnya,ADHB,2023,3544.0
Nusa Tenggara Barat,"R,S,T,U",Jasa lainnya,ADHB,2024,3826.0
Nusa Tenggara Barat,A,"Pertanian, Kehutanan, dan Perikanan",ADHK,2020,21466.0
Nusa Tenggara Barat,A,"Pertanian, Kehutanan, dan Perikanan",ADHK,2021,21712.0
Nusa Tenggara Barat,A,"Pertanian, Kehutanan, dan Perikanan",ADHK,2022,22187.0
Nusa Tenggara Barat,A,"Pertanian, Kehutanan, dan Perikanan",ADHK,2023,22643.0
Nusa Tenggara Barat,A,"Pertanian, Kehutanan, dan Perikanan",ADHK,2024,22992.0
Nusa Tenggara Barat,B,Pertambangan dan Penggalian,ADHK,2020,16606.0
Nusa Tenggara Barat,B,Pertambangan dan Penggalian,ADHK,2021,16581.0
Nusa Tenggara Barat,B,Pertambangan dan Penggalian,ADHK,2022,20332.0
Nusa Tenggara Barat,B,Pertambangan dan Penggalian,ADHK,2023,18218.0
Nusa Tenggara Barat,B,Pertambangan dan Penggalian,ADHK,2024,20343.0
Nusa Tenggara Barat,C,Industri Pengolahan,ADHK,2020,4352.0
Nusa Tenggara Barat,C,Industri Pengolahan,ADHK,2021,4443.0
Nusa Tenggara Barat,C,Industri Pengolahan,ADHK,2022,4531.0
Nusa Tenggara Barat,C,Industri Pengolahan,ADHK,2023,4645.0
Nusa Tenggara Barat,C,Industri Pengolahan,ADHK,2024,4839.0
Nusa Tenggara Barat,D,Pengadaan Listrik dan Gas,ADHK,2020,96.0
Nusa Tenggara Barat,D,Pengadaan Listrik dan Gas,ADHK,2021,103.0
Nusa Tenggara Barat,D,Pengadaan Listrik dan Gas,ADHK,2022,113.0
Nusa Tenggara Barat,D,Pengadaan Listrik dan Gas,ADHK,2023,119.0
Nusa Tenggara Barat,D,Pengadaan Listrik dan Gas,ADHK,2024,129.0
Nusa Tenggara Barat,E,"Pengadaan Air, Pengelolaan Sampah, Limbah dan Daur Ulang",ADHK,2020,76.0
Nusa Tenggara Barat,E,"Pengadaan Air, Pengelolaan Sampah, Limbah dan Daur Ulang",ADHK,2021,76.0
Nusa Tenggara Barat,E,"Pengadaan Air, Pengelolaan Sampah, Limbah dan Daur Ulang",ADHK,2022,79.0
Nusa Tenggara Barat,E,"Pengadaan Air, Pengelolaan Sampah, Limbah dan Daur Ulang",ADHK,2023,80.0
Nusa Tenggara Barat,E,"Pengadaan Air, Pengelolaan Sampah, Limbah dan Daur Ulang",ADHK,2024,81.0
Nusa Tenggara Barat,F,Konstruksi,ADHK,2020,8925.0
Nusa Tenggara Barat,F,Konstruksi,ADHK,2021,9723.0
Nusa Tenggara Barat,F,Konstruksi,ADHK,2022,9539.0
Nusa Tenggara Barat,F,Konstruksi,ADHK,2023,10575.0
Nusa Tenggara Barat,F,Konstruksi,ADHK,2024,10885.0
Nusa Tenggara Barat,G,Perdagangan Besar dan Eceran; Reparasi Mobil dan Sepeda Motor,ADHK,2020,12909.0
Nusa Tenggara Barat,G,Perdagangan Besar dan Eceran; Reparasi Mobil dan Sepeda Motor,ADHK,2021,13131.0
Nusa Tenggara Barat,G,Perdagangan Besar dan Eceran; Reparasi Mobil dan Sepeda Motor,ADHK,2022,13782.0
Nusa Tenggara Barat,G,Perdagangan Besar dan Eceran; Reparasi Mobil dan Sepeda Motor,ADHK,2023,14738.0
Nusa Tenggara Barat,G,Perdagangan Besar dan Eceran; Reparasi Mobil dan Sepeda Motor,ADHK,2024,15603.0
Nusa Tenggara Barat,H,Transportasi dan Pergudangan,ADHK,2020,4527.0
Nusa Tenggara Barat,H,Transportasi dan Pergudangan,ADHK,2021,4624.0
Nusa Tenggara Barat,H,Transportasi dan Pergudangan,ADHK,2022,5404.0
Nusa Tenggara Barat,H,Transportasi dan Pergudangan,ADHK,2023,5844.0
Nusa Tenggara Barat,H,Transportasi dan Pergudangan,ADHK,2024,6090.0
Nusa Tenggara Barat,I,Penyediaan Akomodasi dan Makan Minum,ADHK,2020,1130.0
Nusa Tenggara Barat,I,Penyediaan Akomodasi dan Makan Minum,ADHK,2021,1145.0
Nusa Tenggara Barat,I,Penyediaan Akomodasi dan Makan Minum,ADHK,2022,1428.0
Nusa Tenggara Barat,I,Penyediaan Akomodasi dan Makan Minum,ADHK,2023,1556.0
Nusa Tenggara Barat,I,Penyediaan Akomodasi dan Makan Minum,ADHK,2024,1686.0
Nusa Tenggara Barat,J,Informasi dan Komunikasi,ADHK,2020,2656.0
Nusa Tenggara Barat,J,Informasi dan Komunikasi,ADHK,2021,2788.0
Nusa Tenggara Barat,J,Informasi dan Komunikasi,ADHK,2022,2875.0
Nusa Tenggara Barat,J,Informasi dan Komunikasi,ADHK,2023,3015.0
Nusa Tenggara Barat,J,Informasi dan Komunikasi,ADHK,2024,3146.0
Nusa Tenggara Barat,K,Jasa Keuangan dan Asuransi,ADHK,2020,3688.0
Nusa Tenggara Barat,K,Jasa Keuangan dan Asuransi,ADHK,2021,3850.0
Nusa Tenggara Barat,K,Jasa Keuangan dan Asuransi,ADHK,2022,3865.0
Nusa Tenggara Barat,K,Jasa Keuangan dan Asuransi,ADHK,2023,3819.0
Nusa Tenggara Barat,K,Jasa Keuangan dan Asuransi,ADHK,2024,4037.0
Nusa Tenggara Barat,L,Real Estate,ADHK,2020,2963.0
Nusa Tenggara Barat,L,Real Estate,ADHK,2021,3006.0
Nusa Tenggara Barat,L,Real Estate,ADHK,2022,3130.0
Nusa Tenggara Barat,L,Real Estate,ADHK,2023,3268.0
Nusa Tenggara Barat,L,Real Estate,ADHK,2024,3399.0
Nusa Tenggara Barat,"M,N",Jasa Perusahaan,ADHK,2020,168.0
Nusa Tenggara Barat,"M,N",Jasa Perusahaan,ADHK,2021,168.0
Nusa Tenggara Barat,"M,N",Jasa Perusahaan,ADHK,2022,182.0
Nusa Tenggara Barat,"M,N",Jasa Perusahaan,ADHK,2023,196.0
Nusa Tenggara Barat,"M,N",Jasa Perusahaan,ADHK,2024,206.0
Nusa Tenggara Barat,O,"Administrasi Pemerintahan, Pertahanan dan Jaminan Sosial Wajib",ADHK,2020,5001.0
Nusa Tenggara Barat,O,"Administrasi Pemerintahan, Pertahanan dan Jaminan Sosial Wajib",ADHK,2021,5088.0
Nusa Tenggara Barat,O,"Administrasi Pemerintahan, Pertahanan dan Jaminan Sosial Wajib",ADHK,2022,5205.0
Nusa Tenggara Barat,O,"Administrasi Pemerintahan, Pertahanan dan Jaminan Sosial Wajib",ADHK,2023,5233.0
Nusa Tenggara Barat,O,"Administrasi Pemerintahan, Pertahanan dan Jaminan Sosial Wajib",ADHK,2024,5577.0
Nusa Tenggara Barat,P,Jasa Pendidikan,ADHK,2020,4610.0
Nusa Tenggara Barat,P,Jasa Pendidikan,ADHK,2021,4686.0
Nusa Tenggara Barat,P,Jasa Pendidikan,ADHK,2022,4833.0
Nusa Tenggara Barat,P,Jasa Pendidikan,ADHK,2023,5080.0
Nusa Tenggara Barat,P,Jasa Pendidikan,ADHK,2024,5256.0
Nusa Tenggara Barat,Q,Jasa Kesehatan dan Kegiatan Sosial,ADHK,2020,2042.0
Nusa Tenggara Barat,Q,Jasa Kesehatan dan Kegiatan Sosial,ADHK,2021,2202.0
Nusa Tenggara Barat,Q,Jasa Kesehatan dan Kegiatan Sosial,ADHK,2022,2256.0
Nusa Tenggara Barat,Q,Jasa Kesehatan dan Kegiatan Sosial,ADHK,2023,2393.0
Nusa Tenggara Barat,Q,Jasa Kesehatan dan Kegiatan Sosial,ADHK,2024,2541.0
Nusa Tenggara Barat,"R,S,T,U",Jasa lainnya,ADHK,2020,2076.0
Nusa Tenggara Barat,"R,S,T,U",Jasa lainnya,ADHK,2021,2111.0
Nusa Tenggara Barat,"R,S,T,U",Jasa lainnya,ADHK,2022,2333.0
Nusa Tenggara Barat,"R,S,T,U",Jasa lainnya,ADHK,2023,2485.0
Nusa Tenggara Barat,"R,S,T,U",Jasa lainnya,ADHK,2024,2604.0
Nusa Tenggara Timur,A,"Pertanian, Kehutanan, dan Perikanan",ADHB,2020,30356.0
Nusa Tenggara Timur,A,"Pertanian, Kehutanan, dan Perikanan",ADHB,2021,32339.0
Nusa Tenggara Timur,A,"Pertanian, Kehutanan, dan Perikanan",ADHB,2022,35136.0
Nusa Tenggara Timur,A,"Pertanian, Kehutanan, dan Perikanan",ADHB,2023,37677.0
Nusa Tenggara Timur,A,"Pertanian, Kehutanan, dan Perikanan",ADHB,2024,39627.0
Nusa Tenggara Timur,B,Pertambangan dan Penggalian,ADHB,2020,1155.0
Nusa Tenggara Timur,B,Pertambangan dan Penggalian,ADHB,2021,1189.0
Nusa Tenggara Timur,B,Pertambangan dan Penggalian,ADHB,2022,1253.0
Nusa Tenggara Timur,B,Pertambangan dan Penggalian,ADHB,2023,1344.0
Nusa Tenggara Timur,B,Pertambangan dan Penggalian,ADHB,2024,1406.0
Nusa Tenggara Timur,C,Industri Pengolahan,ADHB,2020,1367.0
Nusa Tenggara Timur,C,Industri Pengolahan,ADHB,2021,1313.0
Nusa Tenggara Timur,C,Industri Pengolahan,ADHB,2022,1434.0
Nusa Tenggara Timur,C,Industri Pengolahan,ADHB,2023,1688.0
Nusa Tenggara Timur,C,Industri Pengolahan,ADHB,2024,1916.0
Nusa Tenggara Timur,D,Pengadaan Listrik dan Gas,ADHB,2020,85.0
Nusa Tenggara Timur,D,Pengadaan Listrik dan Gas,ADHB,2021,91.0
Nusa Tenggara Timur,D,Pengadaan Listrik dan Gas,ADHB,2022,101.0
Nusa Tenggara Timur,D,Pengadaan Listrik dan Gas,ADHB,2023,117.0
Nusa Tenggara Timur,D,Pengadaan Listrik dan Gas,ADHB,2024,126.0
Nusa Tenggara Timur,E,"Pengadaan Air, Pengelolaan Sampah, Limbah dan Daur Ulang",ADHB,2020,60.0
Nusa Tenggara Timur,E,"Pengadaan Air, Pengelolaan Sampah, Limbah dan Daur Ulang",ADHB,2021,68.0
Nusa Tenggara Timur,E,"Pengadaan Air, Pengelolaan Sampah, Limbah dan Daur Ulang",ADHB,2022,70.0
Nusa Tenggara Timur,E,"Pengadaan Air, Pengelolaan Sampah, Limbah dan Daur Ulang",ADHB,2023,72.0
Nusa Tenggara Timur,E,"Pengadaan Air, Pengelolaan Sampah, Limbah dan Daur Ulang",ADHB,2024,76.0
Nusa Tenggara Timur,F,Konstruksi,ADHB,2020,10452.0
Nusa Tenggara Timur,F,Konstruksi,ADHB,2021,11485.0
Nusa Tenggara Timur,F,Konstruksi,ADHB,2022,12113.0
Nusa Tenggara Timur,F,Konstruksi,ADHB,2023,13567.0
Nusa Tenggara Timur,F,Konstruksi,ADHB,2024,13962.0
Nusa Tenggara Timur,G,Perdagangan Besar dan Eceran; Reparasi Mobil dan Sepeda Motor,ADHB,2020,11888.0
Nusa Tenggara Timur,G,Perdagangan Besar dan Eceran; Reparasi Mobil dan Sepeda Motor,ADHB,2021,12724.0
Nusa Tenggara Timur,G,Perdagangan Besar dan Eceran; Reparasi Mobil dan Sepeda Motor,ADHB,2022,14303.0
Nusa Tenggara Timur,G,Perdagangan Besar dan Eceran; Reparasi Mobil dan Sepeda Motor,ADHB,2023,16091.0
Nusa Tenggara Timur,G,Perdagangan Besar dan Eceran; Reparasi Mobil dan Sepeda Motor,ADHB,2024,17572.0
Nusa Tenggara Timur,H,Transportasi dan Pergudangan,ADHB,2020,4917.0
Nusa Tenggara Timur,H,Transportasi dan Pergudangan,ADHB,2021,5059.0
Nusa Tenggara Timur,H,Transportasi dan Pergudangan,ADHB,2022,5747.0
Nusa Tenggara Timur,H,Transportasi dan Pergudangan,ADHB,2023,6510.0
Nusa Tenggara Timur,H,Transportasi dan Pergudangan,ADHB,2024,7143.0
Nusa Tenggara Timur,I,Penyediaan Akomodasi dan Makan Minum,ADHB,2020,593.0
Nusa Tenggara Timur,I,Penyediaan Akomodasi dan Makan Minum,ADHB,2021,614.0
Nusa Tenggara Timur,I,Penyediaan Akomodasi dan Makan Minum,ADHB,2022,741.0
Nusa Tenggara Timur,I,Penyediaan Akomodasi dan Makan Minum,ADHB,2023,852.0
Nusa Tenggara Timur,I,Penyediaan Akomodasi dan Makan Minum,ADHB,2024,973.0
Nusa Tenggara Timur,J,Informasi dan Komunikasi,ADHB,2020,7924.0
Nusa Tenggara Timur,J,Informasi dan Komunikasi,ADHB,2021,8222.0
Nusa Tenggara Timur,J,Informasi dan Komunikasi,ADHB,2022,8641.0
Nusa Tenggara Timur,J,Informasi dan Komunikasi,ADHB,2023,8966.0
Nusa Tenggara Timur,J,Informasi dan Komunikasi,ADHB,2024,9433.0
Nusa Tenggara Timur,K,Jasa Keuangan dan Asuransi,ADHB,2020,4640.0
Nusa Tenggara Timur,K,Jasa Keuangan dan Asuransi,ADHB,2021,4947.0
Nusa Tenggara Timur,K,Jasa Keuangan dan Asuransi,ADHB,2022,5383.0
Nusa Tenggara Timur,K,Jasa Keuangan dan Asuransi,ADHB,2023,5607.0
Nusa Tenggara Timur,K,Jasa Keuangan dan Asuransi,ADHB,2024,5893.0
Nusa Tenggara Timur,L,Real Estate,ADHB,2020,2426.0
Nusa Tenggara Timur,L,Real Estate,ADHB,2021,2467.0
Nusa Tenggara Timur,L,Real Estate,ADHB,2022,2757.0
Nusa Tenggara Timur,L,Real Estate,ADHB,2023,3057.0
Nusa Tenggara Timur,L,Real Estate,ADHB,2024,3413.0
Nusa Tenggara Timur,"M,N",Jasa Perusahaan,ADHB,2020,191.0
Nusa Tenggara Timur,"M,N",Jasa Perusahaan,ADHB,2021,165.0
Nusa Tenggara Timur,"M,N",Jasa Perusahaan,ADHB,2022,179.0
Nusa Tenggara Timur,"M,N",Jasa Perusahaan,ADHB,2023,191.0
Nusa Tenggara Timur,"M,N",Jasa Perusahaan,ADHB,2024,205.0
Nusa Tenggara Timur,O,"Administrasi Pemerintahan, Pertahanan dan Jaminan Sosial Wajib",ADHB,2020,15184.0
Nusa Tenggara Timur,O,"Administrasi Pemerintahan, Pertahanan dan Jaminan Sosial Wajib",ADHB,2021,14866.0
Nusa Tenggara Timur,O,"Administrasi Pemerintahan, Pertahanan dan Jaminan Sosial Wajib",ADHB,2022,15219.0
Nusa Tenggara Timur,O,"Administrasi Pemerintahan, Pertahanan dan Jaminan Sosial Wajib",ADHB,2023,15944.0
Nusa Tenggara Timur,O,"Administrasi Pemerintahan, Pertahanan dan Jaminan Sosial Wajib",ADHB,2024,17485.0
Nusa Tenggara Timur,P,Jasa Pendidikan,ADHB,2020,10738.0
Nusa Tenggara Timur,P,Jasa Pendidikan,ADHB,2021,10599.0
Nusa Tenggara Timur,P,Jasa Pendidikan,ADHB,2022,10765.0
Nusa Tenggara Timur,P,Jasa Pendidikan,ADHB,2023,11442.0
Nusa Tenggara Timur,P,Jasa Pendidikan,ADHB,2024,12195.0
Nusa Tenggara Timur,Q,Jasa Kesehatan dan Kegiatan Sosial,ADHB,2020,2560.0
Nusa Tenggara Timur,Q,Jasa Kesehatan dan Kegiatan Sosial,ADHB,2021,2864.0
Nusa Tenggara Timur,Q,Jasa Kesehatan dan Kegiatan Sosial,ADHB,2022,2897.0
Nusa Tenggara Timur,Q,Jasa Kesehatan dan Kegiatan Sosial,ADHB,2023,3274.0
Nusa Tenggara Timur,Q,Jasa Kesehatan dan Kegiatan Sosial,ADHB,2024,3679.0
Nusa Tenggara Timur,"R,S,T,U",Jasa lainnya,ADHB,2020,1947.0
Nusa Tenggara Timur,"R,S,T,U",Jasa lainnya,ADHB,2021,1870.0
Nusa Tenggara Timur,"R,S,T,U",Jasa lainnya,ADHB,2022,1983.0
Nusa Tenggara Timur,"R,S,T,U",Jasa lainnya,ADHB,2023,2125.0
Nusa Tenggara Timur,"R,S,T,U",Jasa lainnya,ADHB,2024,2178.0
Nusa Tenggara Timur,A,"Pertanian, Kehutanan, dan Perikanan",ADHK,2020,18681.0
Nusa Tenggara Timur,A,"Pertanian, Kehutanan, dan Perikanan",ADHK,2021,19602.0
Nusa Tenggara Timur,A,"Pertanian, Kehutanan, dan Perikanan",ADHK,2022,20342.0
Nusa Tenggara Timur,A,"Pertanian, Kehutanan, dan Perikanan",ADHK,2023,20842.0
Nusa Tenggara Timur,A,"Pertanian, Kehutanan, dan Perikanan",ADHK,2024,21208.0
Nusa Tenggara Timur,B,Pertambangan dan Penggalian,ADHK,2020,814.0
Nusa Tenggara Timur,B,Pertambangan dan Penggalian,ADHK,2021,829.0
Nusa Tenggara Timur,B,Pertambangan dan Penggalian,ADHK,2022,846.0
Nusa Tenggara Timur,B,Pertambangan dan Penggalian,ADHK,2023,877.0
Nusa Tenggara Timur,B,Pertambangan dan Penggalian,ADHK,2024,921.0
Nusa Tenggara Timur,C,Industri Pengolahan,ADHK,2020,867.0
Nusa Tenggara Timur,C,Industri Pengolahan,ADHK,2021,823.0
Nusa Tenggara Timur,C,Industri Pengolahan,ADHK,2022,878.0
Nusa Tenggara Timur,C,Industri Pengolahan,ADHK,2023,942.0
Nusa Tenggara Timur,C,Industri Pengolahan,ADHK,2024,1002.0
Nusa Tenggara Timur,D,Pengadaan Listrik dan Gas,ADHK,2020,59.0
Nusa Tenggara Timur,D,Pengadaan Listrik dan Gas,ADHK,2021,61.0
Nusa Tenggara Timur,D,Pengadaan Listrik dan Gas,ADHK,2022,65.0
Nusa Tenggara Timur,D,Pengadaan Listrik dan Gas,ADHK,2023,73.0
Nusa Tenggara Timur,D,Pengadaan Listrik dan Gas,ADHK,2024,79.0
Nusa Tenggara Timur,E,"Pengadaan Air, Pengelolaan Sampah, Limbah dan Daur Ulang",ADHK,2020,48.0
Nusa Tenggara Timur,E,"Pengadaan Air, Pengelolaan Sampah, Limbah dan Daur Ulang",ADHK,2021,53.0
Nusa Tenggara Timur,E,"Pengadaan Air, Pengelolaan Sampah, Limbah dan Daur Ulang",ADHK,2022,55.0
Nusa Tenggara Timur,E,"Pengadaan Air, Pengelolaan Sampah, Limbah dan Daur Ulang",ADHK,2023,56.0
Nusa Tenggara Timur,E,"Pengadaan Air, Pengelolaan Sampah, Limbah dan Daur Ulang",ADHK,2024,58.0
Nusa Tenggara Timur,F,Konstruksi,ADHK,2020,6832.0
Nusa Tenggara Timur,F,Konstruksi,ADHK,2021,7311.0
Nusa Tenggara Timur,F,Konstruksi,ADHK,2022,7279.0
Nusa Tenggara Timur,F,Konstruksi,ADHK,2023,7835.0
Nusa Tenggara Timur,F,Konstruksi,ADHK,2024,7976.0
Nusa Tenggara Timur,G,Perdagangan Besar dan Eceran; Reparasi Mobil dan Sepeda Motor,ADHK,2020,7880.0
Nusa Tenggara Timur,G,Perdagangan Besar dan Eceran; Reparasi Mobil dan Sepeda Motor,ADHK,2021,8217.0
Nusa Tenggara Timur,G,Perdagangan Besar dan Eceran; Reparasi Mobil dan Sepeda Motor,ADHK,2022,8798.0
Nusa Tenggara Timur,G,Perdagangan Besar dan Eceran; Reparasi Mobil dan Sepeda Motor,ADHK,2023,9283.0
Nusa Tenggara Timur,G,Perdagangan Besar dan Eceran; Reparasi Mobil dan Sepeda Motor,ADHK,2024,9848.0
Nusa Tenggara Timur,H,Transportasi dan Pergudangan,ADHK,2020,3203.0
Nusa Tenggara Timur,H,Transportasi dan Pergudangan,ADHK,2021,3282.0
Nusa Tenggara Timur,H,Transportasi dan Pergudangan,ADHK,2022,3437.0
Nusa Tenggara Timur,H,Transportasi dan Pergudangan,ADHK,2023,3560.0
Nusa Tenggara Timur,H,Transportasi dan Pergudangan,ADHK,2024,3757.0
Nusa Tenggara Timur,I,Penyediaan Akomodasi dan Makan Minum,ADHK,2020,382.0
Nusa Tenggara Timur,I,Penyediaan Akomodasi dan Makan Minum,ADHK,2021,400.0
Nusa Tenggara Timur,I,Penyediaan Akomodasi dan Makan Minum,ADHK,2022,473.0
Nusa Tenggara Timur,I,Penyediaan Akomodasi dan Makan Minum,ADHK,2023,524.0
Nusa Tenggara Timur,I,Penyediaan Akomodasi dan Makan Minum,ADHK,2024,587.0
Nusa Tenggara Timur,J,Informasi dan Komunikasi,ADHK,2020,6850.0
Nusa Tenggara Timur,J,Informasi dan Komunikasi,ADHK,2021,7041.0
Nusa Tenggara Timur,J,Informasi dan Komunikasi,ADHK,2022,7354.0
Nusa Tenggara Timur,J,Informasi dan Komunikasi,ADHK,2023,7582.0
Nusa Tenggara Timur,J,Informasi dan Komunikasi,ADHK,2024,7819.0
Nusa Tenggara Timur,K,Jasa Keuangan dan Asuransi,ADHK,2020,2901.0
Nusa Tenggara Timur,K,Jasa Keuangan dan Asuransi,ADHK,2021,2976.0
Nusa Tenggara Timur,K,Jasa Keuangan dan Asuransi,ADHK,2022,3013.0
Nusa Tenggara Timur,K,Jasa Keuangan dan Asuransi,ADHK,2023,3069.0
Nusa Tenggara Timur,K,Jasa Keuangan dan Asuransi,ADHK,2024,3197.0
Nusa Tenggara Timur,L,Real Estate,ADHK,2020,1632.0
Nusa Tenggara Timur,L,Real Estate,ADHK,2021,1681.0
Nusa Tenggara Timur,L,Real Estate,ADHK,2022,1731.0
Nusa Tenggara Timur,L,Real Estate,ADHK,2023,1771.0
Nusa Tenggara Timur,L,Real Estate,ADHK,2024,1808.0
Nusa Tenggara Timur,"M,N",Jasa Perusahaan,ADHK,2020,110.0
Nusa Tenggara Timur,"M,N",Jasa Perusahaan,ADHK,2021,94.0
Nusa Tenggara Timur,"M,N",Jasa Perusahaan,ADHK,2022,97.0
Nusa Tenggara Timur,"M,N",Jasa Perusahaan,ADHK,2023,101.0
Nusa Tenggara Timur,"M,N",Jasa Perusahaan,ADHK,2024,106.0
Nusa Tenggara Timur,O,"Administrasi Pemerintahan, Pertahanan dan Jaminan Sosial Wajib",ADHK,2020,9599.0
Nusa Tenggara Timur,O,"Administrasi Pemerintahan, Pertahanan dan Jaminan Sosial Wajib",ADHK,2021,9268.0
Nusa Tenggara Timur,O,"Administrasi Pemerintahan, Pertahanan dan Jaminan Sosial Wajib",ADHK,2022,9445.0
Nusa Tenggara Timur,O,"Administrasi Pemerintahan, Pertahanan dan Jaminan Sosial Wajib",ADHK,2023,9540.0
Nusa Tenggara Timur,O,"Administrasi Pemerintahan, Pertahanan dan Jaminan Sosial Wajib",ADHK,2024,10146.0
Nusa Tenggara Timur,P,Jasa Pendidikan,ADHK,2020,6025.0
Nusa Tenggara Timur,P,Jasa Pendidikan,ADHK,2021,5890.0
Nusa Tenggara Timur,P,Jasa Pendidikan,ADHK,2022,5859.0
Nusa Tenggara Timur,P,Jasa Pendidikan,ADHK,2023,6015.0
Nusa Tenggara Timur,P,Jasa Pendidikan,ADHK,2024,6259.0
Nusa Tenggara Timur,Q,Jasa Kesehatan dan Kegiatan Sosial,ADHK,2020,1633.0
Nusa Tenggara Timur,Q,Jasa Kesehatan dan Kegiatan Sosial,ADHK,2021,1780.0
Nusa Tenggara Timur,Q,Jasa Kesehatan dan Kegiatan Sosial,ADHK,2022,1798.0
Nusa Tenggara Timur,Q,Jasa Kesehatan dan Kegiatan Sosial,ADHK,2023,1871.0
Nusa Tenggara Timur,Q,Jasa Kesehatan dan Kegiatan Sosial,ADHK,2024,1951.0
Nusa Tenggara Timur,"R,S,T,U",Jasa lainnya,ADHK,2020,1294.0
Nusa Tenggara Timur,"R,S,T,U",Jasa lainnya,ADHK,2021,1233.0
Nusa Tenggara Timur,"R,S,T,U",Jasa lainnya,ADHK,2022,1239.0
Nusa Tenggara Timur,"R,S,T,U",Jasa lainnya,ADHK,2023,1293.0
Nusa Tenggara Timur,"R,S,T,U",Jasa lainnya,ADHK,2024,1322.0
Kalimantan Barat,A,"Pertanian, Kehutanan, dan Perikanan",ADHB,2020,44735.0
Kalimantan Barat,A,"Pertanian, Kehutanan, dan Perikanan",ADHB,2021,49220.0
Kalimantan Barat,A,"Pertanian, Kehutanan, dan Perikanan",ADHB,2022,53976.0
Kalimantan Barat,A,"Pertanian, Kehutanan, dan Perikanan",ADHB,2023,57096.0
Kalimantan Barat,A,"Pertanian, Kehutanan, dan Perikanan",ADHB,2024,65236.0
Kalimantan Barat,B,Pertambangan dan Penggalian,ADHB,2020,14715.0
Kalimantan Barat,B,Pertambangan dan Penggalian,ADHB,2021,16066.0
Kalimantan Barat,B,Pertambangan dan Penggalian,ADHB,2022,16777.0
Kalimantan Barat,B,Pertambangan dan Penggalian,ADHB,2023,14674.0
Kalimantan Barat,B,Pertambangan dan Penggalian,ADHB,2024,15329.0
Kalimantan Barat,C,Industri Pengolahan,ADHB,2020,34756.0
Kalimantan Barat,C,Industri Pengolahan,ADHB,2021,38038.0
Kalimantan Barat,C,Industri Pengolahan,ADHB,2022,42105.0
Kalimantan Barat,C,Industri Pengolahan,ADHB,2023,43017.0
Kalimantan Barat,C,Industri Pengolahan,ADHB,2024,46846.0
Kalimantan Barat,D,Pengadaan Listrik dan Gas,ADHB,2020,266.0
Kalimantan Barat,D,Pengadaan Listrik dan Gas,ADHB,2021,277.0
Kalimantan Barat,D,Pengadaan Listrik dan Gas,ADHB,2022,299.0
Kalimantan Barat,D,Pengadaan Listrik dan Gas,ADHB,2023,364.0
Kalimantan Barat,D,Pengadaan Listrik dan Gas,ADHB,2024,392.0
Kalimantan Barat,E,"Pengadaan Air, Pengelolaan Sampah, Limbah dan Daur Ulang",ADHB,2020,263.0
Kalimantan Barat,E,"Pengadaan Air, Pengelolaan Sampah, Limbah dan Daur Ulang",ADHB,2021,284.0
Kalimantan Barat,E,"Pengadaan Air, Pengelolaan Sampah, Limbah dan Daur Ulang",ADHB,2022,306.0
Kalimantan Barat,E,"Pengadaan Air, Pengelolaan Sampah, Limbah dan Daur Ulang",ADHB,2023,328.0
Kalimantan Barat,E,"Pengadaan Air, Pengelolaan Sampah, Limbah dan Daur Ulang",ADHB,2024,343.0
Kalimantan Barat,F,Konstruksi,ADHB,2020,26210.0
Kalimantan Barat,F,Konstruksi,ADHB,2021,29716.0
Kalimantan Barat,F,Konstruksi,ADHB,2022,32041.0
Kalimantan Barat,F,Konstruksi,ADHB,2023,34851.0
Kalimantan Barat,F,Konstruksi,ADHB,2024,36830.0
Kalimantan Barat,G,Perdagangan Besar dan Eceran; Reparasi Mobil dan Sepeda Motor,ADHB,2020,28363.0
Kalimantan Barat,G,Perdagangan Besar dan Eceran; Reparasi Mobil dan Sepeda Motor,ADHB,2021,29600.0
Kalimantan Barat,G,Perdagangan Besar dan Eceran; Reparasi Mobil dan Sepeda Motor,ADHB,2022,35051.0
Kalimantan Barat,G,Perdagangan Besar dan Eceran; Reparasi Mobil dan Sepeda Motor,ADHB,2023,39437.0
Kalimantan Barat,G,Perdagangan Besar dan Eceran; Reparasi Mobil dan Sepeda Motor,ADHB,2024,43188.0
Kalimantan Barat,H,Transportasi dan Pergudangan,ADHB,2020,8322.0
Kalimantan Barat,H,Transportasi dan Pergudangan,ADHB,2021,7937.0
Kalimantan Barat,H,Transportasi dan Pergudangan,ADHB,2022,10907.0
Kalimantan Barat,H,Transportasi dan Pergudangan,ADHB,2023,12821.0
Kalimantan Barat,H,Transportasi dan Pergudangan,ADHB,2024,13842.0
Kalimantan Barat,I,Penyediaan Akomodasi dan Makan Minum,ADHB,2020,4292.0
Kalimantan Barat,I,Penyediaan Akomodasi dan Makan Minum,ADHB,2021,4739.0
Kalimantan Barat,I,Penyediaan Akomodasi dan Makan Minum,ADHB,2022,5337.0
Kalimantan Barat,I,Penyediaan Akomodasi dan Makan Minum,ADHB,2023,5911.0
Kalimantan Barat,I,Penyediaan Akomodasi dan Makan Minum,ADHB,2024,6430.0
Kalimantan Barat,J,Informasi dan Komunikasi,ADHB,2020,8823.0
Kalimantan Barat,J,Informasi dan Komunikasi,ADHB,2021,9510.0
Kalimantan Barat,J,Informasi dan Komunikasi,ADHB,2022,10255.0
Kalimantan Barat,J,Informasi dan Komunikasi,ADHB,2023,11322.0
Kalimantan Barat,J,Informasi dan Komunikasi,ADHB,2024,12179.0
Kalimantan Barat,K,Jasa Keuangan dan Asuransi,ADHB,2020,7277.0
Kalimantan Barat,K,Jasa Keuangan dan Asuransi,ADHB,2021,7936.0
Kalimantan Barat,K,Jasa Keuangan dan Asuransi,ADHB,2022,8543.0
Kalimantan Barat,K,Jasa Keuangan dan Asuransi,ADHB,2023,9105.0
Kalimantan Barat,K,Jasa Keuangan dan Asuransi,ADHB,2024,9620.0
Kalimantan Barat,L,Real Estate,ADHB,2020,6154.0
Kalimantan Barat,L,Real Estate,ADHB,2021,6294.0
Kalimantan Barat,L,Real Estate,ADHB,2022,6436.0
Kalimantan Barat,L,Real Estate,ADHB,2023,7362.0
Kalimantan Barat,L,Real Estate,ADHB,2024,8122.0
Kalimantan Barat,"M,N",Jasa Perusahaan,ADHB,2020,886.0
Kalimantan Barat,"M,N",Jasa Perusahaan,ADHB,2021,885.0
Kalimantan Barat,"M,N",Jasa Perusahaan,ADHB,2022,1033.0
Kalimantan Barat,"M,N",Jasa Perusahaan,ADHB,2023,1201.0
Kalimantan Barat,"M,N",Jasa Perusahaan,ADHB,2024,1299.0
Kalimantan Barat,O,"Administrasi Pemerintahan, Pertahanan dan Jaminan Sosial Wajib",ADHB,2020,15757.0
Kalimantan Barat,O,"Administrasi Pemerintahan, Pertahanan dan Jaminan Sosial Wajib",ADHB,2021,15848.0
Kalimantan Barat,O,"Administrasi Pemerintahan, Pertahanan dan Jaminan Sosial Wajib",ADHB,2022,16257.0
Kalimantan Barat,O,"Administrasi Pemerintahan, Pertahanan dan Jaminan Sosial Wajib",ADHB,2023,17860.0
Kalimantan Barat,O,"Administrasi Pemerintahan, Pertahanan dan Jaminan Sosial Wajib",ADHB,2024,19690.0
Kalimantan Barat,P,Jasa Pendidikan,ADHB,2020,7466.0
Kalimantan Barat,P,Jasa Pendidikan,ADHB,2021,7848.0
Kalimantan Barat,P,Jasa Pendidikan,ADHB,2022,8540.0
Kalimantan Barat,P,Jasa Pendidikan,ADHB,2023,9478.0
Kalimantan Barat,P,Jasa Pendidikan,ADHB,2024,10481.0
Kalimantan Barat,Q,Jasa Kesehatan dan Kegiatan Sosial,ADHB,2020,3939.0
Kalimantan Barat,Q,Jasa Kesehatan dan Kegiatan Sosial,ADHB,2021,5471.0
Kalimantan Barat,Q,Jasa Kesehatan dan Kegiatan Sosial,ADHB,2022,5999.0
Kalimantan Barat,Q,Jasa Kesehatan dan Kegiatan Sosial,ADHB,2023,7370.0
Kalimantan Barat,Q,Jasa Kesehatan dan Kegiatan Sosial,ADHB,2024,7890.0
Kalimantan Barat,"R,S,T,U",Jasa lainnya,ADHB,2020,1728.0
Kalimantan Barat,"R,S,T,U",Jasa lainnya,ADHB,2021,1652.0
Kalimantan Barat,"R,S,T,U",Jasa lainnya,ADHB,2022,1934.0
Kalimantan Barat,"R,S,T,U",Jasa lainnya,ADHB,2023,2271.0
Kalimantan Barat,"R,S,T,U",Jasa lainnya,ADHB,2024,2449.0
Kalimantan Barat,A,"Pertanian, Kehutanan, dan Perikanan",ADHK,2020,32371.0
Kalimantan Barat,A,"Pertanian, Kehutanan, dan Perikanan",ADHK,2021,33812.0
Kalimantan Barat,A,"Pertanian, Kehutanan, dan Perikanan",ADHK,2022,34548.0
Kalimantan Barat,A,"Pertanian, Kehutanan, dan Perikanan",ADHK,2023,35109.0
Kalimantan Barat,A,"Pertanian, Kehutanan, dan Perikanan",ADHK,2024,36151.0
Kalimantan Barat,B,Pertambangan dan Penggalian,ADHK,2020,7926.0
Kalimantan Barat,B,Pertambangan dan Penggalian,ADHK,2021,8136.0
Kalimantan Barat,B,Pertambangan dan Penggalian,ADHK,2022,8334.0
Kalimantan Barat,B,Pertambangan dan Penggalian,ADHK,2023,7017.0
Kalimantan Barat,B,Pertambangan dan Penggalian,ADHK,2024,7168.0
Kalimantan Barat,C,Industri Pengolahan,ADHK,2020,21678.0
Kalimantan Barat,C,Industri Pengolahan,ADHK,2021,22728.0
Kalimantan Barat,C,Industri Pengolahan,ADHK,2022,23649.0
Kalimantan Barat,C,Industri Pengolahan,ADHK,2023,24257.0
Kalimantan Barat,C,Industri Pengolahan,ADHK,2024,25034.0
Kalimantan Barat,D,Pengadaan Listrik dan Gas,ADHK,2020,158.0
Kalimantan Barat,D,Pengadaan Listrik dan Gas,ADHK,2021,160.0
Kalimantan Barat,D,Pengadaan Listrik dan Gas,ADHK,2022,167.0
Kalimantan Barat,D,Pengadaan Listrik dan Gas,ADHK,2023,196.0
Kalimantan Barat,D,Pengadaan Listrik dan Gas,ADHK,2024,211.0
Kalimantan Barat,E,"Pengadaan Air, Pengelolaan Sampah, Limbah dan Daur Ulang",ADHK,2020,207.0
Kalimantan Barat,E,"Pengadaan Air, Pengelolaan Sampah, Limbah dan Daur Ulang",ADHK,2021,220.0
Kalimantan Barat,E,"Pengadaan Air, Pengelolaan Sampah, Limbah dan Daur Ulang",ADHK,2022,234.0
Kalimantan Barat,E,"Pengadaan Air, Pengelolaan Sampah, Limbah dan Daur Ulang",ADHK,2023,250.0
Kalimantan Barat,E,"Pengadaan Air, Pengelolaan Sampah, Limbah dan Daur Ulang",ADHK,2024,258.0
Kalimantan Barat,F,Konstruksi,ADHK,2020,13816.0
Kalimantan Barat,F,Konstruksi,ADHK,2021,14949.0
Kalimantan Barat,F,Konstruksi,ADHK,2022,15077.0
Kalimantan Barat,F,Konstruksi,ADHK,2023,15911.0
Kalimantan Barat,F,Konstruksi,ADHK,2024,16665.0
Kalimantan Barat,G,Perdagangan Besar dan Eceran; Reparasi Mobil dan Sepeda Motor,ADHK,2020,18504.0
Kalimantan Barat,G,Perdagangan Besar dan Eceran; Reparasi Mobil dan Sepeda Motor,ADHK,2021,19259.0
Kalimantan Barat,G,Perdagangan Besar dan Eceran; Reparasi Mobil dan Sepeda Motor,ADHK,2022,21662.0
Kalimantan Barat,G,Perdagangan Besar dan Eceran; Reparasi Mobil dan Sepeda Motor,ADHK,2023,23338.0
Kalimantan Barat,G,Perdagangan Besar dan Eceran; Reparasi Mobil dan Sepeda Motor,ADHK,2024,24810.0
Kalimantan Barat,H,Transportasi dan Pergudangan,ADHK,2020,4742.0
Kalimantan Barat,H,Transportasi dan Pergudangan,ADHK,2021,4437.0
Kalimantan Barat,H,Transportasi dan Pergudangan,ADHK,2022,5506.0
Kalimantan Barat,H,Transportasi dan Pergudangan,ADHK,2023,5822.0
Kalimantan Barat,H,Transportasi dan Pergudangan,ADHK,2024,6067.0
Kalimantan Barat,I,Penyediaan Akomodasi dan Makan Minum,ADHK,2020,2618.0
Kalimantan Barat,I,Penyediaan Akomodasi dan Makan Minum,ADHK,2021,2846.0
Kalimantan Barat,I,Penyediaan Akomodasi dan Makan Minum,ADHK,2022,3147.0
Kalimantan Barat,I,Penyediaan Akomodasi dan Makan Minum,ADHK,2023,3418.0
Kalimantan Barat,I,Penyediaan Akomodasi dan Makan Minum,ADHK,2024,3630.0
Kalimantan Barat,J,Informasi dan Komunikasi,ADHK,2020,7713.0
Kalimantan Barat,J,Informasi dan Komunikasi,ADHK,2021,8217.0
Kalimantan Barat,J,Informasi dan Komunikasi,ADHK,2022,8850.0
Kalimantan Barat,J,Informasi dan Komunikasi,ADHK,2023,9731.0
Kalimantan Barat,J,Informasi dan Komunikasi,ADHK,2024,10401.0
Kalimantan Barat,K,Jasa Keuangan dan Asuransi,ADHK,2020,5002.0
Kalimantan Barat,K,Jasa Keuangan dan Asuransi,ADHK,2021,5227.0
Kalimantan Barat,K,Jasa Keuangan dan Asuransi,ADHK,2022,5276.0
Kalimantan Barat,K,Jasa Keuangan dan Asuransi,ADHK,2023,5599.0
Kalimantan Barat,K,Jasa Keuangan dan Asuransi,ADHK,2024,5874.0
Kalimantan Barat,L,Real Estate,ADHK,2020,3824.0
Kalimantan Barat,L,Real Estate,ADHK,2021,3956.0
Kalimantan Barat,L,Real Estate,ADHK,2022,3977.0
Kalimantan Barat,L,Real Estate,ADHK,2023,4488.0
Kalimantan Barat,L,Real Estate,ADHK,2024,4891.0
Kalimantan Barat,"M,N",Jasa Perusahaan,ADHK,2020,602.0
Kalimantan Barat,"M,N",Jasa Perusahaan,ADHK,2021,605.0
Kalimantan Barat,"M,N",Jasa Perusahaan,ADHK,2022,679.0
Kalimantan Barat,"M,N",Jasa Perusahaan,ADHK,2023,763.0
Kalimantan Barat,"M,N",Jasa Perusahaan,ADHK,2024,809.0
Kalimantan Barat,O,"Administrasi Pemerintahan, Pertahanan dan Jaminan Sosial Wajib",ADHK,2020,6883.0
Kalimantan Barat,O,"Administrasi Pemerintahan, Pertahanan dan Jaminan Sosial Wajib",ADHK,2021,6807.0
Kalimantan Barat,O,"Administrasi Pemerintahan, Pertahanan dan Jaminan Sosial Wajib",ADHK,2022,6687.0
Kalimantan Barat,O,"Administrasi Pemerintahan, Pertahanan dan Jaminan Sosial Wajib",ADHK,2023,7085.0
Kalimantan Barat,O,"Administrasi Pemerintahan, Pertahanan dan Jaminan Sosial Wajib",ADHK,2024,7697.0
Kalimantan Barat,P,Jasa Pendidikan,ADHK,2020,4880.0
Kalimantan Barat,P,Jasa Pendidikan,ADHK,2021,5100.0
Kalimantan Barat,P,Jasa Pendidikan,ADHK,2022,5409.0
Kalimantan Barat,P,Jasa Pendidikan,ADHK,2023,5889.0
Kalimantan Barat,P,Jasa Pendidikan,ADHK,2024,6448.0
Kalimantan Barat,Q,Jasa Kesehatan dan Kegiatan Sosial,ADHK,2020,2518.0
Kalimantan Barat,Q,Jasa Kesehatan dan Kegiatan Sosial,ADHK,2021,3437.0
Kalimantan Barat,Q,Jasa Kesehatan dan Kegiatan Sosial,ADHK,2022,3673.0
Kalimantan Barat,Q,Jasa Kesehatan dan Kegiatan Sosial,ADHK,2023,4398.0
Kalimantan Barat,Q,Jasa Kesehatan dan Kegiatan Sosial,ADHK,2024,4643.0
Kalimantan Barat,"R,S,T,U",Jasa lainnya,ADHK,2020,1301.0
Kalimantan Barat,"R,S,T,U",Jasa lainnya,ADHK,2021,1316.0
Kalimantan Barat,"R,S,T,U",Jasa lainnya,ADHK,2022,1495.0
Kalimantan Barat,"R,S,T,U",Jasa lainnya,ADHK,2023,1709.0
Kalimantan Barat,"R,S,T,U",Jasa lainnya,ADHK,2024,1816.0
Kalimantan Tengah,A,"Pertanian, Kehutanan, dan Perikanan",ADHB,2020,33054.0
Kalimantan Tengah,A,"Pertanian, Kehutanan, dan Perikanan",ADHB,2021,37616.0
Kalimantan Tengah,A,"Pertanian, Kehutanan, dan Perikanan",ADHB,2022,40831.0
Kalimantan Tengah,A,"Pertanian, Kehutanan, dan Perikanan",ADHB,2023,44775.0
Kalimantan Tengah,A,"Pertanian, Kehutanan, dan Perikanan",ADHB,2024,49837.0
Kalimantan Tengah,B,Pertambangan dan Penggalian,ADHB,2020,13651.0
Kalimantan Tengah,B,Pertambangan dan Penggalian,ADHB,2021,17314.0
Kalimantan Tengah,B,Pertambangan dan Penggalian,ADHB,2022,32476.0
Kalimantan Tengah,B,Pertambangan dan Penggalian,ADHB,2023,26433.0
Kalimantan Tengah,B,Pertambangan dan Penggalian,ADHB,2024,23813.0
Kalimantan Tengah,C,Industri Pengolahan,ADHB,2020,24364.0
Kalimantan Tengah,C,Industri Pengolahan,ADHB,2021,28453.0
Kalimantan Tengah,C,Industri Pengolahan,ADHB,2022,30916.0
Kalimantan Tengah,C,Industri Pengolahan,ADHB,2023,32539.0
Kalimantan Tengah,C,Industri Pengolahan,ADHB,2024,35105.0
Kalimantan Tengah,D,Pengadaan Listrik dan Gas,ADHB,2020,153.0
Kalimantan Tengah,D,Pengadaan Listrik dan Gas,ADHB,2021,165.0
Kalimantan Tengah,D,Pengadaan Listrik dan Gas,ADHB,2022,180.0
Kalimantan Tengah,D,Pengadaan Listrik dan Gas,ADHB,2023,201.0
Kalimantan Tengah,D,Pengadaan Listrik dan Gas,ADHB,2024,213.0
Kalimantan Tengah,E,"Pengadaan Air, Pengelolaan Sampah, Limbah dan Daur Ulang",ADHB,2020,152.0
Kalimantan Tengah,E,"Pengadaan Air, Pengelolaan Sampah, Limbah dan Daur Ulang",ADHB,2021,169.0
Kalimantan Tengah,E,"Pengadaan Air, Pengelolaan Sampah, Limbah dan Daur Ulang",ADHB,2022,181.0
Kalimantan Tengah,E,"Pengadaan Air, Pengelolaan Sampah, Limbah dan Daur Ulang",ADHB,2023,193.0
Kalimantan Tengah,E,"Pengadaan Air, Pengelolaan Sampah, Limbah dan Daur Ulang",ADHB,2024,219.0
Kalimantan Tengah,F,Konstruksi,ADHB,2020,13590.0
Kalimantan Tengah,F,Konstruksi,ADHB,2021,15212.0
Kalimantan Tengah,F,Konstruksi,ADHB,2022,16876.0
Kalimantan Tengah,F,Konstruksi,ADHB,2023,18496.0
Kalimantan Tengah,F,Konstruksi,ADHB,2024,19578.0
Kalimantan Tengah,G,Perdagangan Besar dan Eceran; Reparasi Mobil dan Sepeda Motor,ADHB,2020,20072.0
Kalimantan Tengah,G,Perdagangan Besar dan Eceran; Reparasi Mobil dan Sepeda Motor,ADHB,2021,21099.0
Kalimantan Tengah,G,Perdagangan Besar dan Eceran; Reparasi Mobil dan Sepeda Motor,ADHB,2022,23688.0
Kalimantan Tengah,G,Perdagangan Besar dan Eceran; Reparasi Mobil dan Sepeda Motor,ADHB,2023,26123.0
Kalimantan Tengah,G,Perdagangan Besar dan Eceran; Reparasi Mobil dan Sepeda Motor,ADHB,2024,27812.0
Kalimantan Tengah,H,Transportasi dan Pergudangan,ADHB,2020,10811.0
Kalimantan Tengah,H,Transportasi dan Pergudangan,ADHB,2021,11236.0
Kalimantan Tengah,H,Transportasi dan Pergudangan,ADHB,2022,13086.0
Kalimantan Tengah,H,Transportasi dan Pergudangan,ADHB,2023,14706.0
Kalimantan Tengah,H,Transportasi dan Pergudangan,ADHB,2024,16239.0
Kalimantan Tengah,I,Penyediaan Akomodasi dan Makan Minum,ADHB,2020,2831.0
Kalimantan Tengah,I,Penyediaan Akomodasi dan Makan Minum,ADHB,2021,2972.0
Kalimantan Tengah,I,Penyediaan Akomodasi dan Makan Minum,ADHB,2022,3367.0
Kalimantan Tengah,I,Penyediaan Akomodasi dan Makan Minum,ADHB,2023,3713.0
Kalimantan Tengah,I,Penyediaan Akomodasi dan Makan Minum,ADHB,2024,4163.0
Kalimantan Tengah,J,Informasi dan Komunikasi,ADHB,2020,1679.0
Kalimantan Tengah,J,Informasi dan Komunikasi,ADHB,2021,1959.0
Kalimantan Tengah,J,Informasi dan Komunikasi,ADHB,2022,2049.0
Kalimantan Tengah,J,Informasi dan Komunikasi,ADHB,2023,2176.0
Kalimantan Tengah,J,Informasi dan Komunikasi,ADHB,2024,2302.0
Kalimantan Tengah,K,Jasa Keuangan dan Asuransi,ADHB,2020,5258.0
Kalimantan Tengah,K,Jasa Keuangan dan Asuransi,ADHB,2021,5825.0
Kalimantan Tengah,K,Jasa Keuangan dan Asuransi,ADHB,2022,6342.0
Kalimantan Tengah,K,Jasa Keuangan dan Asuransi,ADHB,2023,6857.0
Kalimantan Tengah,K,Jasa Keuangan dan Asuransi,ADHB,2024,7338.0
Kalimantan Tengah,L,Real Estate,ADHB,2020,3410.0
Kalimantan Tengah,L,Real Estate,ADHB,2021,3568.0
Kalimantan Tengah,L,Real Estate,ADHB,2022,3812.0
Kalimantan Tengah,L,Real Estate,ADHB,2023,4124.0
Kalimantan Tengah,L,Real Estate,ADHB,2024,4447.0
Kalimantan Tengah,"M,N",Jasa Perusahaan,ADHB,2020,54.0
Kalimantan Tengah,"M,N",Jasa Perusahaan,ADHB,2021,56.0
Kalimantan Tengah,"M,N",Jasa Perusahaan,ADHB,2022,65.0
Kalimantan Tengah,"M,N",Jasa Perusahaan,ADHB,2023,75.0
Kalimantan Tengah,"M,N",Jasa Perusahaan,ADHB,2024,83.0
Kalimantan Tengah,O,"Administrasi Pemerintahan, Pertahanan dan Jaminan Sosial Wajib",ADHB,2020,10311.0
Kalimantan Tengah,O,"Administrasi Pemerintahan, Pertahanan dan Jaminan Sosial Wajib",ADHB,2021,10171.0
Kalimantan Tengah,O,"Administrasi Pemerintahan, Pertahanan dan Jaminan Sosial Wajib",ADHB,2022,10853.0
Kalimantan Tengah,O,"Administrasi Pemerintahan, Pertahanan dan Jaminan Sosial Wajib",ADHB,2023,11732.0
Kalimantan Tengah,O,"Administrasi Pemerintahan, Pertahanan dan Jaminan Sosial Wajib",ADHB,2024,13048.0
Kalimantan Tengah,P,Jasa Pendidikan,ADHB,2020,7830.0
Kalimantan Tengah,P,Jasa Pendidikan,ADHB,2021,8197.0
Kalimantan Tengah,P,Jasa Pendidikan,ADHB,2022,8862.0
Kalimantan Tengah,P,Jasa Pendidikan,ADHB,2023,9768.0
Kalimantan Tengah,P,Jasa Pendidikan,ADHB,2024,11036.0
Kalimantan Tengah,Q,Jasa Kesehatan dan Kegiatan Sosial,ADHB,2020,3434.0
Kalimantan Tengah,Q,Jasa Kesehatan dan Kegiatan Sosial,ADHB,2021,4064.0
Kalimantan Tengah,Q,Jasa Kesehatan dan Kegiatan Sosial,ADHB,2022,4439.0
Kalimantan Tengah,Q,Jasa Kesehatan dan Kegiatan Sosial,ADHB,2023,4968.0
Kalimantan Tengah,Q,Jasa Kesehatan dan Kegiatan Sosial,ADHB,2024,5560.0
Kalimantan Tengah,"R,S,T,U",Jasa lainnya,ADHB,2020,1533.0
Kalimantan Tengah,"R,S,T,U",Jasa lainnya,ADHB,2021,1580.0
Kalimantan Tengah,"R,S,T,U",Jasa lainnya,ADHB,2022,1720.0
Kalimantan Tengah,"R,S,T,U",Jasa lainnya,ADHB,2023,1906.0
Kalimantan Tengah,"R,S,T,U",Jasa lainnya,ADHB,2024,2072.0
Kalimantan Tengah,A,"Pertanian, Kehutanan, dan Perikanan",ADHK,2020,21305.0
Kalimantan Tengah,A,"Pertanian, Kehutanan, dan Perikanan",ADHK,2021,22073.0
Kalimantan Tengah,A,"Pertanian, Kehutanan, dan Perikanan",ADHK,2022,22834.0
Kalimantan Tengah,A,"Pertanian, Kehutanan, dan Perikanan",ADHK,2023,23837.0
Kalimantan Tengah,A,"Pertanian, Kehutanan, dan Perikanan",ADHK,2024,24148.0
Kalimantan Tengah,B,Pertambangan dan Penggalian,ADHK,2020,14290.0
Kalimantan Tengah,B,Pertambangan dan Penggalian,ADHK,2021,14399.0
Kalimantan Tengah,B,Pertambangan dan Penggalian,ADHK,2022,16653.0
Kalimantan Tengah,B,Pertambangan dan Penggalian,ADHK,2023,15799.0
Kalimantan Tengah,B,Pertambangan dan Penggalian,ADHK,2024,17240.0
Kalimantan Tengah,C,Industri Pengolahan,ADHK,2020,15381.0
Kalimantan Tengah,C,Industri Pengolahan,ADHK,2021,16183.0
Kalimantan Tengah,C,Industri Pengolahan,ADHK,2022,16913.0
Kalimantan Tengah,C,Industri Pengolahan,ADHK,2023,17887.0
Kalimantan Tengah,C,Industri Pengolahan,ADHK,2024,17884.0
Kalimantan Tengah,D,Pengadaan Listrik dan Gas,ADHK,2020,103.0
Kalimantan Tengah,D,Pengadaan Listrik dan Gas,ADHK,2021,106.0
Kalimantan Tengah,D,Pengadaan Listrik dan Gas,ADHK,2022,113.0
Kalimantan Tengah,D,Pengadaan Listrik dan Gas,ADHK,2023,122.0
Kalimantan Tengah,D,Pengadaan Listrik dan Gas,ADHK,2024,129.0
Kalimantan Tengah,E,"Pengadaan Air, Pengelolaan Sampah, Limbah dan Daur Ulang",ADHK,2020,85.0
Kalimantan Tengah,E,"Pengadaan Air, Pengelolaan Sampah, Limbah dan Daur Ulang",ADHK,2021,91.0
Kalimantan Tengah,E,"Pengadaan Air, Pengelolaan Sampah, Limbah dan Daur Ulang",ADHK,2022,92.0
Kalimantan Tengah,E,"Pengadaan Air, Pengelolaan Sampah, Limbah dan Daur Ulang",ADHK,2023,96.0
Kalimantan Tengah,E,"Pengadaan Air, Pengelolaan Sampah, Limbah dan Daur Ulang",ADHK,2024,105.0
Kalimantan Tengah,F,Konstruksi,ADHK,2020,7725.0
Kalimantan Tengah,F,Konstruksi,ADHK,2021,8383.0
Kalimantan Tengah,F,Konstruksi,ADHK,2022,8861.0
Kalimantan Tengah,F,Konstruksi,ADHK,2023,9524.0
Kalimantan Tengah,F,Konstruksi,ADHK,2024,9996.0
Kalimantan Tengah,G,Perdagangan Besar dan Eceran; Reparasi Mobil dan Sepeda Motor,ADHK,2020,11911.0
Kalimantan Tengah,G,Perdagangan Besar dan Eceran; Reparasi Mobil dan Sepeda Motor,ADHK,2021,12229.0
Kalimantan Tengah,G,Perdagangan Besar dan Eceran; Reparasi Mobil dan Sepeda Motor,ADHK,2022,13029.0
Kalimantan Tengah,G,Perdagangan Besar dan Eceran; Reparasi Mobil dan Sepeda Motor,ADHK,2023,13913.0
Kalimantan Tengah,G,Perdagangan Besar dan Eceran; Reparasi Mobil dan Sepeda Motor,ADHK,2024,14535.0
Kalimantan Tengah,H,Transportasi dan Pergudangan,ADHK,2020,6253.0
Kalimantan Tengah,H,Transportasi dan Pergudangan,ADHK,2021,6479.0
Kalimantan Tengah,H,Transportasi dan Pergudangan,ADHK,2022,7150.0
Kalimantan Tengah,H,Transportasi dan Pergudangan,ADHK,2023,7503.0
Kalimantan Tengah,H,Transportasi dan Pergudangan,ADHK,2024,7927.0
Kalimantan Tengah,I,Penyediaan Akomodasi dan Makan Minum,ADHK,2020,1644.0
Kalimantan Tengah,I,Penyediaan Akomodasi dan Makan Minum,ADHK,2021,1687.0
Kalimantan Tengah,I,Penyediaan Akomodasi dan Makan Minum,ADHK,2022,1846.0
Kalimantan Tengah,I,Penyediaan Akomodasi dan Makan Minum,ADHK,2023,1998.0
Kalimantan Tengah,I,Penyediaan Akomodasi dan Makan Minum,ADHK,2024,2167.0
Kalimantan Tengah,J,Informasi dan Komunikasi,ADHK,2020,1341.0
Kalimantan Tengah,J,Informasi dan Komunikasi,ADHK,2021,1560.0
Kalimantan Tengah,J,Informasi dan Komunikasi,ADHK,2022,1597.0
Kalimantan Tengah,J,Informasi dan Komunikasi,ADHK,2023,1657.0
Kalimantan Tengah,J,Informasi dan Komunikasi,ADHK,2024,1747.0
Kalimantan Tengah,K,Jasa Keuangan dan Asuransi,ADHK,2020,3456.0
Kalimantan Tengah,K,Jasa Keuangan dan Asuransi,ADHK,2021,3684.0
Kalimantan Tengah,K,Jasa Keuangan dan Asuransi,ADHK,2022,3744.0
Kalimantan Tengah,K,Jasa Keuangan dan Asuransi,ADHK,2023,3974.0
Kalimantan Tengah,K,Jasa Keuangan dan Asuransi,ADHK,2024,4190.0
Kalimantan Tengah,L,Real Estate,ADHK,2020,1960.0
Kalimantan Tengah,L,Real Estate,ADHK,2021,1997.0
Kalimantan Tengah,L,Real Estate,ADHK,2022,2075.0
Kalimantan Tengah,L,Real Estate,ADHK,2023,2173.0
Kalimantan Tengah,L,Real Estate,ADHK,2024,2299.0
Kalimantan Tengah,"M,N",Jasa Perusahaan,ADHK,2020,32.0
Kalimantan Tengah,"M,N",Jasa Perusahaan,ADHK,2021,33.0
Kalimantan Tengah,"M,N",Jasa Perusahaan,ADHK,2022,36.0
Kalimantan Tengah,"M,N",Jasa Perusahaan,ADHK,2023,40.0
Kalimantan Tengah,"M,N",Jasa Perusahaan,ADHK,2024,43.0
Kalimantan Tengah,O,"Administrasi Pemerintahan, Pertahanan dan Jaminan Sosial Wajib",ADHK,2020,6092.0
Kalimantan Tengah,O,"Administrasi Pemerintahan, Pertahanan dan Jaminan Sosial Wajib",ADHK,2021,5892.0
Kalimantan Tengah,O,"Administrasi Pemerintahan, Pertahanan dan Jaminan Sosial Wajib",ADHK,2022,6150.0
Kalimantan Tengah,O,"Administrasi Pemerintahan, Pertahanan dan Jaminan Sosial Wajib",ADHK,2023,6483.0
Kalimantan Tengah,O,"Administrasi Pemerintahan, Pertahanan dan Jaminan Sosial Wajib",ADHK,2024,7079.0
Kalimantan Tengah,P,Jasa Pendidikan,ADHK,2020,4565.0
Kalimantan Tengah,P,Jasa Pendidikan,ADHK,2021,4641.0
Kalimantan Tengah,P,Jasa Pendidikan,ADHK,2022,4794.0
Kalimantan Tengah,P,Jasa Pendidikan,ADHK,2023,5120.0
Kalimantan Tengah,P,Jasa Pendidikan,ADHK,2024,5504.0
Kalimantan Tengah,Q,Jasa Kesehatan dan Kegiatan Sosial,ADHK,2020,1899.0
Kalimantan Tengah,Q,Jasa Kesehatan dan Kegiatan Sosial,ADHK,2021,2140.0
Kalimantan Tengah,Q,Jasa Kesehatan dan Kegiatan Sosial,ADHK,2022,2258.0
Kalimantan Tengah,Q,Jasa Kesehatan dan Kegiatan Sosial,ADHK,2023,2451.0
Kalimantan Tengah,Q,Jasa Kesehatan dan Kegiatan Sosial,ADHK,2024,2604.0
Kalimantan Tengah,"R,S,T,U",Jasa lainnya,ADHK,2020,891.0
Kalimantan Tengah,"R,S,T,U",Jasa lainnya,ADHK,2021,905.0
Kalimantan Tengah,"R,S,T,U",Jasa lainnya,ADHK,2022,949.0
Kalimantan Tengah,"R,S,T,U",Jasa lainnya,ADHK,2023,1034.0
Kalimantan Tengah,"R,S,T,U",Jasa lainnya,ADHK,2024,1087.0
Kalimantan Selatan,A,"Pertanian, Kehutanan, dan Perikanan",ADHB,2020,25799.0
Kalimantan Selatan,A,"Pertanian, Kehutanan, dan Perikanan",ADHB,2021,26864.0
Kalimantan Selatan,A,"Pertanian, Kehutanan, dan Perikanan",ADHB,2022,28680.0
Kalimantan Selatan,A,"Pertanian, Kehutanan, dan Perikanan",ADHB,2023,30679.0
Kalimantan Selatan,A,"Pertanian, Kehutanan, dan Perikanan",ADHB,2024,33119.0
Kalimantan Selatan,B,Pertambangan dan Penggalian,ADHB,2020,32753.0
Kalimantan Selatan,B,Pertambangan dan Penggalian,ADHB,2021,42459.0
Kalimantan Selatan,B,Pertambangan dan Penggalian,ADHB,2022,80558.0
Kalimantan Selatan,B,Pertambangan dan Penggalian,ADHB,2023,83007.0
Kalimantan Selatan,B,Pertambangan dan Penggalian,ADHB,2024,84512.0
Kalimantan Selatan,C,Industri Pengolahan,ADHB,2020,24218.0
Kalimantan Selatan,C,Industri Pengolahan,ADHB,2021,26810.0
Kalimantan Selatan,C,Industri Pengolahan,ADHB,2022,28577.0
Kalimantan Selatan,C,Industri Pengolahan,ADHB,2023,28949.0
Kalimantan Selatan,C,Industri Pengolahan,ADHB,2024,31410.0
Kalimantan Selatan,D,Pengadaan Listrik dan Gas,ADHB,2020,275.0
Kalimantan Selatan,D,Pengadaan Listrik dan Gas,ADHB,2021,295.0
Kalimantan Selatan,D,Pengadaan Listrik dan Gas,ADHB,2022,321.0
Kalimantan Selatan,D,Pengadaan Listrik dan Gas,ADHB,2023,351.0
Kalimantan Selatan,D,Pengadaan Listrik dan Gas,ADHB,2024,379.0
Kalimantan Selatan,E,"Pengadaan Air, Pengelolaan Sampah, Limbah dan Daur Ulang",ADHB,2020,806.0
Kalimantan Selatan,E,"Pengadaan Air, Pengelolaan Sampah, Limbah dan Daur Ulang",ADHB,2021,855.0
Kalimantan Selatan,E,"Pengadaan Air, Pengelolaan Sampah, Limbah dan Daur Ulang",ADHB,2022,913.0
Kalimantan Selatan,E,"Pengadaan Air, Pengelolaan Sampah, Limbah dan Daur Ulang",ADHB,2023,985.0
Kalimantan Selatan,E,"Pengadaan Air, Pengelolaan Sampah, Limbah dan Daur Ulang",ADHB,2024,1061.0
Kalimantan Selatan,F,Konstruksi,ADHB,2020,14803.0
Kalimantan Selatan,F,Konstruksi,ADHB,2021,15742.0
Kalimantan Selatan,F,Konstruksi,ADHB,2022,17233.0
Kalimantan Selatan,F,Konstruksi,ADHB,2023,18848.0
Kalimantan Selatan,F,Konstruksi,ADHB,2024,20321.0
Kalimantan Selatan,G,Perdagangan Besar dan Eceran; Reparasi Mobil dan Sepeda Motor,ADHB,2020,18730.0
Kalimantan Selatan,G,Perdagangan Besar dan Eceran; Reparasi Mobil dan Sepeda Motor,ADHB,2021,19936.0
Kalimantan Selatan,G,Perdagangan Besar dan Eceran; Reparasi Mobil dan Sepeda Motor,ADHB,2022,22759.0
Kalimantan Selatan,G,Perdagangan Besar dan Eceran; Reparasi Mobil dan Sepeda Motor,ADHB,2023,26027.0
Kalimantan Selatan,G,Perdagangan Besar dan Eceran; Reparasi Mobil dan Sepeda Motor,ADHB,2024,28179.0
Kalimantan Selatan,H,Transportasi dan Pergudangan,ADHB,2020,11796.0
Kalimantan Selatan,H,Transportasi dan Pergudangan,ADHB,2021,12127.0
Kalimantan Selatan,H,Transportasi dan Pergudangan,ADHB,2022,15596.0
Kalimantan Selatan,H,Transportasi dan Pergudangan,ADHB,2023,19073.0
Kalimantan Selatan,H,Transportasi dan Pergudangan,ADHB,2024,20816.0
Kalimantan Selatan,I,Penyediaan Akomodasi dan Makan Minum,ADHB,2020,3846.0
Kalimantan Selatan,I,Penyediaan Akomodasi dan Makan Minum,ADHB,2021,4031.0
Kalimantan Selatan,I,Penyediaan Akomodasi dan Makan Minum,ADHB,2022,4507.0
Kalimantan Selatan,I,Penyediaan Akomodasi dan Makan Minum,ADHB,2023,5004.0
Kalimantan Selatan,I,Penyediaan Akomodasi dan Makan Minum,ADHB,2024,5534.0
Kalimantan Selatan,J,Informasi dan Komunikasi,ADHB,2020,7032.0
Kalimantan Selatan,J,Informasi dan Komunikasi,ADHB,2021,7586.0
Kalimantan Selatan,J,Informasi dan Komunikasi,ADHB,2022,8299.0
Kalimantan Selatan,J,Informasi dan Komunikasi,ADHB,2023,8936.0
Kalimantan Selatan,J,Informasi dan Komunikasi,ADHB,2024,9657.0
Kalimantan Selatan,K,Jasa Keuangan dan Asuransi,ADHB,2020,6569.0
Kalimantan Selatan,K,Jasa Keuangan dan Asuransi,ADHB,2021,6934.0
Kalimantan Selatan,K,Jasa Keuangan dan Asuransi,ADHB,2022,7462.0
Kalimantan Selatan,K,Jasa Keuangan dan Asuransi,ADHB,2023,8261.0
Kalimantan Selatan,K,Jasa Keuangan dan Asuransi,ADHB,2024,8925.0
Kalimantan Selatan,L,Real Estate,ADHB,2020,4353.0
Kalimantan Selatan,L,Real Estate,ADHB,2021,4688.0
Kalimantan Selatan,L,Real Estate,ADHB,2022,5072.0
Kalimantan Selatan,L,Real Estate,ADHB,2023,5524.0
Kalimantan Selatan,L,Real Estate,ADHB,2024,5992.0
Kalimantan Selatan,"M,N",Jasa Perusahaan,ADHB,2020,1310.0
Kalimantan Selatan,"M,N",Jasa Perusahaan,ADHB,2021,1379.0
Kalimantan Selatan,"M,N",Jasa Perusahaan,ADHB,2022,1543.0
Kalimantan Selatan,"M,N",Jasa Perusahaan,ADHB,2023,1746.0
Kalimantan Selatan,"M,N",Jasa Perusahaan,ADHB,2024,1924.0
Kalimantan Selatan,O,"Administrasi Pemerintahan, Pertahanan dan Jaminan Sosial Wajib",ADHB,2020,11397.0
Kalimantan Selatan,O,"Administrasi Pemerintahan, Pertahanan dan Jaminan Sosial Wajib",ADHB,2021,11732.0
Kalimantan Selatan,O,"Administrasi Pemerintahan, Pertahanan dan Jaminan Sosial Wajib",ADHB,2022,12025.0
Kalimantan Selatan,O,"Administrasi Pemerintahan, Pertahanan dan Jaminan Sosial Wajib",ADHB,2023,12864.0
Kalimantan Selatan,O,"Administrasi Pemerintahan, Pertahanan dan Jaminan Sosial Wajib",ADHB,2024,14276.0
Kalimantan Selatan,P,Jasa Pendidikan,ADHB,2020,9093.0
Kalimantan Selatan,P,Jasa Pendidikan,ADHB,2021,9464.0
Kalimantan Selatan,P,Jasa Pendidikan,ADHB,2022,9932.0
Kalimantan Selatan,P,Jasa Pendidikan,ADHB,2023,10538.0
Kalimantan Selatan,P,Jasa Pendidikan,ADHB,2024,11513.0
Kalimantan Selatan,Q,Jasa Kesehatan dan Kegiatan Sosial,ADHB,2020,3984.0
Kalimantan Selatan,Q,Jasa Kesehatan dan Kegiatan Sosial,ADHB,2021,4508.0
Kalimantan Selatan,Q,Jasa Kesehatan dan Kegiatan Sosial,ADHB,2022,4865.0
Kalimantan Selatan,Q,Jasa Kesehatan dan Kegiatan Sosial,ADHB,2023,5297.0
Kalimantan Selatan,Q,Jasa Kesehatan dan Kegiatan Sosial,ADHB,2024,5756.0
Kalimantan Selatan,"R,S,T,U",Jasa lainnya,ADHB,2020,2397.0
Kalimantan Selatan,"R,S,T,U",Jasa lainnya,ADHB,2021,2471.0
Kalimantan Selatan,"R,S,T,U",Jasa lainnya,ADHB,2022,2756.0
Kalimantan Selatan,"R,S,T,U",Jasa lainnya,ADHB,2023,3104.0
Kalimantan Selatan,"R,S,T,U",Jasa lainnya,ADHB,2024,3442.0
Kalimantan Selatan,A,"Pertanian, Kehutanan, dan Perikanan",ADHK,2020,18399.0
Kalimantan Selatan,A,"Pertanian, Kehutanan, dan Perikanan",ADHK,2021,18614.0
Kalimantan Selatan,A,"Pertanian, Kehutanan, dan Perikanan",ADHK,2022,18911.0
Kalimantan Selatan,A,"Pertanian, Kehutanan, dan Perikanan",ADHK,2023,19537.0
Kalimantan Selatan,A,"Pertanian, Kehutanan, dan Perikanan",ADHK,2024,20351.0
Kalimantan Selatan,B,Pertambangan dan Penggalian,ADHK,2020,31906.0
Kalimantan Selatan,B,Pertambangan dan Penggalian,ADHK,2021,33227.0
Kalimantan Selatan,B,Pertambangan dan Penggalian,ADHK,2022,35094.0
Kalimantan Selatan,B,Pertambangan dan Penggalian,ADHK,2023,36176.0
Kalimantan Selatan,B,Pertambangan dan Penggalian,ADHK,2024,37271.0
Kalimantan Selatan,C,Industri Pengolahan,ADHK,2020,16299.0
Kalimantan Selatan,C,Industri Pengolahan,ADHK,2021,17278.0
Kalimantan Selatan,C,Industri Pengolahan,ADHK,2022,17855.0
Kalimantan Selatan,C,Industri Pengolahan,ADHK,2023,18395.0
Kalimantan Selatan,C,Industri Pengolahan,ADHK,2024,19283.0
Kalimantan Selatan,D,Pengadaan Listrik dan Gas,ADHK,2020,164.0
Kalimantan Selatan,D,Pengadaan Listrik dan Gas,ADHK,2021,171.0
Kalimantan Selatan,D,Pengadaan Listrik dan Gas,ADHK,2022,185.0
Kalimantan Selatan,D,Pengadaan Listrik dan Gas,ADHK,2023,200.0
Kalimantan Selatan,D,Pengadaan Listrik dan Gas,ADHK,2024,213.0
Kalimantan Selatan,E,"Pengadaan Air, Pengelolaan Sampah, Limbah dan Daur Ulang",ADHK,2020,573.0
Kalimantan Selatan,E,"Pengadaan Air, Pengelolaan Sampah, Limbah dan Daur Ulang",ADHK,2021,602.0
Kalimantan Selatan,E,"Pengadaan Air, Pengelolaan Sampah, Limbah dan Daur Ulang",ADHK,2022,631.0
Kalimantan Selatan,E,"Pengadaan Air, Pengelolaan Sampah, Limbah dan Daur Ulang",ADHK,2023,661.0
Kalimantan Selatan,E,"Pengadaan Air, Pengelolaan Sampah, Limbah dan Daur Ulang",ADHK,2024,692.0
Kalimantan Selatan,F,Konstruksi,ADHK,2020,10075.0
Kalimantan Selatan,F,Konstruksi,ADHK,2021,10364.0
Kalimantan Selatan,F,Konstruksi,ADHK,2022,10791.0
Kalimantan Selatan,F,Konstruksi,ADHK,2023,11470.0
Kalimantan Selatan,F,Konstruksi,ADHK,2024,12150.0
Kalimantan Selatan,G,Perdagangan Besar dan Eceran; Reparasi Mobil dan Sepeda Motor,ADHK,2020,11972.0
Kalimantan Selatan,G,Perdagangan Besar dan Eceran; Reparasi Mobil dan Sepeda Motor,ADHK,2021,12321.0
Kalimantan Selatan,G,Perdagangan Besar dan Eceran; Reparasi Mobil dan Sepeda Motor,ADHK,2022,13202.0
Kalimantan Selatan,G,Perdagangan Besar dan Eceran; Reparasi Mobil dan Sepeda Motor,ADHK,2023,14017.0
Kalimantan Selatan,G,Perdagangan Besar dan Eceran; Reparasi Mobil dan Sepeda Motor,ADHK,2024,14908.0
Kalimantan Selatan,H,Transportasi dan Pergudangan,ADHK,2020,7773.0
Kalimantan Selatan,H,Transportasi dan Pergudangan,ADHK,2021,7920.0
Kalimantan Selatan,H,Transportasi dan Pergudangan,ADHK,2022,9282.0
Kalimantan Selatan,H,Transportasi dan Pergudangan,ADHK,2023,10299.0
Kalimantan Selatan,H,Transportasi dan Pergudangan,ADHK,2024,10934.0
Kalimantan Selatan,I,Penyediaan Akomodasi dan Makan Minum,ADHK,2020,2628.0
Kalimantan Selatan,I,Penyediaan Akomodasi dan Makan Minum,ADHK,2021,2706.0
Kalimantan Selatan,I,Penyediaan Akomodasi dan Makan Minum,ADHK,2022,2966.0
Kalimantan Selatan,I,Penyediaan Akomodasi dan Makan Minum,ADHK,2023,3242.0
Kalimantan Selatan,I,Penyediaan Akomodasi dan Makan Minum,ADHK,2024,3503.0
Kalimantan Selatan,J,Informasi dan Komunikasi,ADHK,2020,5511.0
Kalimantan Selatan,J,Informasi dan Komunikasi,ADHK,2021,5909.0
Kalimantan Selatan,J,Informasi dan Komunikasi,ADHK,2022,6319.0
Kalimantan Selatan,J,Informasi dan Komunikasi,ADHK,2023,6734.0
Kalimantan Selatan,J,Informasi dan Komunikasi,ADHK,2024,7187.0
Kalimantan Selatan,K,Jasa Keuangan dan Asuransi,ADHK,2020,4316.0
Kalimantan Selatan,K,Jasa Keuangan dan Asuransi,ADHK,2021,4368.0
Kalimantan Selatan,K,Jasa Keuangan dan Asuransi,ADHK,2022,4385.0
Kalimantan Selatan,K,Jasa Keuangan dan Asuransi,ADHK,2023,4763.0
Kalimantan Selatan,K,Jasa Keuangan dan Asuransi,ADHK,2024,5100.0
Kalimantan Selatan,L,Real Estate,ADHK,2020,3144.0
Kalimantan Selatan,L,Real Estate,ADHK,2021,3319.0
Kalimantan Selatan,L,Real Estate,ADHK,2022,3513.0
Kalimantan Selatan,L,Real Estate,ADHK,2023,3735.0
Kalimantan Selatan,L,Real Estate,ADHK,2024,3949.0
Kalimantan Selatan,"M,N",Jasa Perusahaan,ADHK,2020,806.0
Kalimantan Selatan,"M,N",Jasa Perusahaan,ADHK,2021,835.0
Kalimantan Selatan,"M,N",Jasa Perusahaan,ADHK,2022,898.0
Kalimantan Selatan,"M,N",Jasa Perusahaan,ADHK,2023,966.0
Kalimantan Selatan,"M,N",Jasa Perusahaan,ADHK,2024,1033.0
Kalimantan Selatan,O,"Administrasi Pemerintahan, Pertahanan dan Jaminan Sosial Wajib",ADHK,2020,7033.0
Kalimantan Selatan,O,"Administrasi Pemerintahan, Pertahanan dan Jaminan Sosial Wajib",ADHK,2021,7144.0
Kalimantan Selatan,O,"Administrasi Pemerintahan, Pertahanan dan Jaminan Sosial Wajib",ADHK,2022,7182.0
Kalimantan Selatan,O,"Administrasi Pemerintahan, Pertahanan dan Jaminan Sosial Wajib",ADHK,2023,7392.0
Kalimantan Selatan,O,"Administrasi Pemerintahan, Pertahanan dan Jaminan Sosial Wajib",ADHK,2024,7906.0
Kalimantan Selatan,P,Jasa Pendidikan,ADHK,2020,6117.0
Kalimantan Selatan,P,Jasa Pendidikan,ADHK,2021,6211.0
Kalimantan Selatan,P,Jasa Pendidikan,ADHK,2022,6429.0
Kalimantan Selatan,P,Jasa Pendidikan,ADHK,2023,6657.0
Kalimantan Selatan,P,Jasa Pendidikan,ADHK,2024,6986.0
Kalimantan Selatan,Q,Jasa Kesehatan dan Kegiatan Sosial,ADHK,2020,2630.0
Kalimantan Selatan,Q,Jasa Kesehatan dan Kegiatan Sosial,ADHK,2021,2894.0
Kalimantan Selatan,Q,Jasa Kesehatan dan Kegiatan Sosial,ADHK,2022,3047.0
Kalimantan Selatan,Q,Jasa Kesehatan dan Kegiatan Sosial,ADHK,2023,3221.0
Kalimantan Selatan,Q,Jasa Kesehatan dan Kegiatan Sosial,ADHK,2024,3400.0
Kalimantan Selatan,"R,S,T,U",Jasa lainnya,ADHK,2020,1516.0
Kalimantan Selatan,"R,S,T,U",Jasa lainnya,ADHK,2021,1542.0
Kalimantan Selatan,"R,S,T,U",Jasa lainnya,ADHK,2022,1647.0
Kalimantan Selatan,"R,S,T,U",Jasa lainnya,ADHK,2023,1761.0
Kalimantan Selatan,"R,S,T,U",Jasa lainnya,ADHK,2024,1892.0
Kalimantan Timur,A,"Pertanian, Kehutanan, dan Perikanan",ADHB,2020,53455.0
Kalimantan Timur,A,"Pertanian, Kehutanan, dan Perikanan",ADHB,2021,59133.0
Kalimantan Timur,A,"Pertanian, Kehutanan, dan Perikanan",ADHB,2022,64995.0
Kalimantan Timur,A,"Pertanian, Kehutanan, dan Perikanan",ADHB,2023,67688.0
Kalimantan Timur,A,"Pertanian, Kehutanan, dan Perikanan",ADHB,2024,74363.0
Kalimantan Timur,B,Pertambangan dan Penggalian,ADHB,2020,250846.0
Kalimantan Timur,B,Pertambangan dan Penggalian,ADHB,2021,314195.0
Kalimantan Timur,B,Pertambangan dan Penggalian,ADHB,2022,490046.0
Kalimantan Timur,B,Pertambangan dan Penggalian,ADHB,2023,364258.0
Kalimantan Timur,B,Pertambangan dan Penggalian,ADHB,2024,329459.0
Kalimantan Timur,C,Industri Pengolahan,ADHB,2020,115564.0
Kalimantan Timur,C,Industri Pengolahan,ADHB,2021,123817.0
Kalimantan Timur,C,Industri Pengolahan,ADHB,2022,138607.0
Kalimantan Timur,C,Industri Pengolahan,ADHB,2023,149707.0
Kalimantan Timur,C,Industri Pengolahan,ADHB,2024,156781.0
Kalimantan Timur,D,Pengadaan Listrik dan Gas,ADHB,2020,385.0
Kalimantan Timur,D,Pengadaan Listrik dan Gas,ADHB,2021,395.0
Kalimantan Timur,D,Pengadaan Listrik dan Gas,ADHB,2022,423.0
Kalimantan Timur,D,Pengadaan Listrik dan Gas,ADHB,2023,503.0
Kalimantan Timur,D,Pengadaan Listrik dan Gas,ADHB,2024,589.0
Kalimantan Timur,E,"Pengadaan Air, Pengelolaan Sampah, Limbah dan Daur Ulang",ADHB,2020,327.0
Kalimantan Timur,E,"Pengadaan Air, Pengelolaan Sampah, Limbah dan Daur Ulang",ADHB,2021,348.0
Kalimantan Timur,E,"Pengadaan Air, Pengelolaan Sampah, Limbah dan Daur Ulang",ADHB,2022,380.0
Kalimantan Timur,E,"Pengadaan Air, Pengelolaan Sampah, Limbah dan Daur Ulang",ADHB,2023,415.0
Kalimantan Timur,E,"Pengadaan Air, Pengelolaan Sampah, Limbah dan Daur Ulang",ADHB,2024,472.0
Kalimantan Timur,F,Konstruksi,ADHB,2020,58308.0
Kalimantan Timur,F,Konstruksi,ADHB,2021,62319.0
Kalimantan Timur,F,Konstruksi,ADHB,2022,71495.0
Kalimantan Timur,F,Konstruksi,ADHB,2023,87004.0
Kalimantan Timur,F,Konstruksi,ADHB,2024,101874.0
Kalimantan Timur,G,Perdagangan Besar dan Eceran; Reparasi Mobil dan Sepeda Motor,ADHB,2020,39053.0
Kalimantan Timur,G,Perdagangan Besar dan Eceran; Reparasi Mobil dan Sepeda Motor,ADHB,2021,41475.0
Kalimantan Timur,G,Perdagangan Besar dan Eceran; Reparasi Mobil dan Sepeda Motor,ADHB,2022,47596.0
Kalimantan Timur,G,Perdagangan Besar dan Eceran; Reparasi Mobil dan Sepeda Motor,ADHB,2023,53173.0
Kalimantan Timur,G,Perdagangan Besar dan Eceran; Reparasi Mobil dan Sepeda Motor,ADHB,2024,59196.0
Kalimantan Timur,H,Transportasi dan Pergudangan,ADHB,2020,22067.0
Kalimantan Timur,H,Transportasi dan Pergudangan,ADHB,2021,23220.0
Kalimantan Timur,H,Transportasi dan Pergudangan,ADHB,2022,28896.0
Kalimantan Timur,H,Transportasi dan Pergudangan,ADHB,2023,34223.0
Kalimantan Timur,H,Transportasi dan Pergudangan,ADHB,2024,38655.0
Kalimantan Timur,I,Penyediaan Akomodasi dan Makan Minum,ADHB,2020,6479.0
Kalimantan Timur,I,Penyediaan Akomodasi dan Makan Minum,ADHB,2021,6708.0
Kalimantan Timur,I,Penyediaan Akomodasi dan Makan Minum,ADHB,2022,7521.0
Kalimantan Timur,I,Penyediaan Akomodasi dan Makan Minum,ADHB,2023,8373.0
Kalimantan Timur,I,Penyediaan Akomodasi dan Makan Minum,ADHB,2024,9628.0
Kalimantan Timur,J,Informasi dan Komunikasi,ADHB,2020,9391.0
Kalimantan Timur,J,Informasi dan Komunikasi,ADHB,2021,10207.0
Kalimantan Timur,J,Informasi dan Komunikasi,ADHB,2022,11052.0
Kalimantan Timur,J,Informasi dan Komunikasi,ADHB,2023,11896.0
Kalimantan Timur,J,Informasi dan Komunikasi,ADHB,2024,12952.0
Kalimantan Timur,K,Jasa Keuangan dan Asuransi,ADHB,2020,10490.0
Kalimantan Timur,K,Jasa Keuangan dan Asuransi,ADHB,2021,11244.0
Kalimantan Timur,K,Jasa Keuangan dan Asuransi,ADHB,2022,13378.0
Kalimantan Timur,K,Jasa Keuangan dan Asuransi,ADHB,2023,15329.0
Kalimantan Timur,K,Jasa Keuangan dan Asuransi,ADHB,2024,16613.0
Kalimantan Timur,L,Real Estate,ADHB,2020,5869.0
Kalimantan Timur,L,Real Estate,ADHB,2021,5891.0
Kalimantan Timur,L,Real Estate,ADHB,2022,6153.0
Kalimantan Timur,L,Real Estate,ADHB,2023,6527.0
Kalimantan Timur,L,Real Estate,ADHB,2024,6978.0
Kalimantan Timur,"M,N",Jasa Perusahaan,ADHB,2020,1335.0
Kalimantan Timur,"M,N",Jasa Perusahaan,ADHB,2021,1385.0
Kalimantan Timur,"M,N",Jasa Perusahaan,ADHB,2022,1516.0
Kalimantan Timur,"M,N",Jasa Perusahaan,ADHB,2023,1702.0
Kalimantan Timur,"M,N",Jasa Perusahaan,ADHB,2024,1889.0
Kalimantan Timur,O,"Administrasi Pemerintahan, Pertahanan dan Jaminan Sosial Wajib",ADHB,2020,12751.0
Kalimantan Timur,O,"Administrasi Pemerintahan, Pertahanan dan Jaminan Sosial Wajib",ADHB,2021,13198.0
Kalimantan Timur,O,"Administrasi Pemerintahan, Pertahanan dan Jaminan Sosial Wajib",ADHB,2022,14463.0
Kalimantan Timur,O,"Administrasi Pemerintahan, Pertahanan dan Jaminan Sosial Wajib",ADHB,2023,15665.0
Kalimantan Timur,O,"Administrasi Pemerintahan, Pertahanan dan Jaminan Sosial Wajib",ADHB,2024,18963.0
Kalimantan Timur,P,Jasa Pendidikan,ADHB,2020,11724.0
Kalimantan Timur,P,Jasa Pendidikan,ADHB,2021,12340.0
Kalimantan Timur,P,Jasa Pendidikan,ADHB,2022,13172.0
Kalimantan Timur,P,Jasa Pendidikan,ADHB,2023,14104.0
Kalimantan Timur,P,Jasa Pendidikan,ADHB,2024,15538.0
Kalimantan Timur,Q,Jasa Kesehatan dan Kegiatan Sosial,ADHB,2020,5331.0
Kalimantan Timur,Q,Jasa Kesehatan dan Kegiatan Sosial,ADHB,2021,6205.0
Kalimantan Timur,Q,Jasa Kesehatan dan Kegiatan Sosial,ADHB,2022,6685.0
Kalimantan Timur,Q,Jasa Kesehatan dan Kegiatan Sosial,ADHB,2023,7295.0
Kalimantan Timur,Q,Jasa Kesehatan dan Kegiatan Sosial,ADHB,2024,7866.0
Kalimantan Timur,"R,S,T,U",Jasa lainnya,ADHB,2020,4369.0
Kalimantan Timur,"R,S,T,U",Jasa lainnya,ADHB,2021,4552.0
Kalimantan Timur,"R,S,T,U",Jasa lainnya,ADHB,2022,5072.0
Kalimantan Timur,"R,S,T,U",Jasa lainnya,ADHB,2023,5709.0
Kalimantan Timur,"R,S,T,U",Jasa lainnya,ADHB,2024,6615.0
Kalimantan Timur,A,"Pertanian, Kehutanan, dan Perikanan",ADHK,2020,33027.0
Kalimantan Timur,A,"Pertanian, Kehutanan, dan Perikanan",ADHK,2021,33004.0
Kalimantan Timur,A,"Pertanian, Kehutanan, dan Perikanan",ADHK,2022,33713.0
Kalimantan Timur,A,"Pertanian, Kehutanan, dan Perikanan",ADHK,2023,34551.0
Kalimantan Timur,A,"Pertanian, Kehutanan, dan Perikanan",ADHK,2024,35373.0
Kalimantan Timur,B,Pertambangan dan Penggalian,ADHK,2020,222909.0
Kalimantan Timur,B,Pertambangan dan Penggalian,ADHK,2021,227989.0
Kalimantan Timur,B,Pertambangan dan Penggalian,ADHK,2022,235975.0
Kalimantan Timur,B,Pertambangan dan Penggalian,ADHK,2023,248180.0
Kalimantan Timur,B,Pertambangan dan Penggalian,ADHK,2024,264961.0
Kalimantan Timur,C,Industri Pengolahan,ADHK,2020,93910.0
Kalimantan Timur,C,Industri Pengolahan,ADHK,2021,96210.0
Kalimantan Timur,C,Industri Pengolahan,ADHK,2022,99658.0
Kalimantan Timur,C,Industri Pengolahan,ADHK,2023,104364.0
Kalimantan Timur,C,Industri Pengolahan,ADHK,2024,104607.0
Kalimantan Timur,D,Pengadaan Listrik dan Gas,ADHK,2020,317.0
Kalimantan Timur,D,Pengadaan Listrik dan Gas,ADHK,2021,325.0
Kalimantan Timur,D,Pengadaan Listrik dan Gas,ADHK,2022,337.0
Kalimantan Timur,D,Pengadaan Listrik dan Gas,ADHK,2023,391.0
Kalimantan Timur,D,Pengadaan Listrik dan Gas,ADHK,2024,456.0
Kalimantan Timur,E,"Pengadaan Air, Pengelolaan Sampah, Limbah dan Daur Ulang",ADHK,2020,248.0
Kalimantan Timur,E,"Pengadaan Air, Pengelolaan Sampah, Limbah dan Daur Ulang",ADHK,2021,259.0
Kalimantan Timur,E,"Pengadaan Air, Pengelolaan Sampah, Limbah dan Daur Ulang",ADHK,2022,278.0
Kalimantan Timur,E,"Pengadaan Air, Pengelolaan Sampah, Limbah dan Daur Ulang",ADHK,2023,299.0
Kalimantan Timur,E,"Pengadaan Air, Pengelolaan Sampah, Limbah dan Daur Ulang",ADHK,2024,322.0
Kalimantan Timur,F,Konstruksi,ADHK,2020,35601.0
Kalimantan Timur,F,Konstruksi,ADHK,2021,37005.0
Kalimantan Timur,F,Konstruksi,ADHK,2022,39881.0
Kalimantan Timur,F,Konstruksi,ADHK,2023,46190.0
Kalimantan Timur,F,Konstruksi,ADHK,2024,52472.0
Kalimantan Timur,G,Perdagangan Besar dan Eceran; Reparasi Mobil dan Sepeda Motor,ADHK,2020,27070.0
Kalimantan Timur,G,Perdagangan Besar dan Eceran; Reparasi Mobil dan Sepeda Motor,ADHK,2021,28217.0
Kalimantan Timur,G,Perdagangan Besar dan Eceran; Reparasi Mobil dan Sepeda Motor,ADHK,2022,30116.0
Kalimantan Timur,G,Perdagangan Besar dan Eceran; Reparasi Mobil dan Sepeda Motor,ADHK,2023,32196.0
Kalimantan Timur,G,Perdagangan Besar dan Eceran; Reparasi Mobil dan Sepeda Motor,ADHK,2024,34955.0
Kalimantan Timur,H,Transportasi dan Pergudangan,ADHK,2020,13281.0
Kalimantan Timur,H,Transportasi dan Pergudangan,ADHK,2021,13667.0
Kalimantan Timur,H,Transportasi dan Pergudangan,ADHK,2022,15274.0
Kalimantan Timur,H,Transportasi dan Pergudangan,ADHK,2023,16742.0
Kalimantan Timur,H,Transportasi dan Pergudangan,ADHK,2024,18103.0
Kalimantan Timur,I,Penyediaan Akomodasi dan Makan Minum,ADHK,2020,4108.0
Kalimantan Timur,I,Penyediaan Akomodasi dan Makan Minum,ADHK,2021,4193.0
Kalimantan Timur,I,Penyediaan Akomodasi dan Makan Minum,ADHK,2022,4572.0
Kalimantan Timur,I,Penyediaan Akomodasi dan Makan Minum,ADHK,2023,4924.0
Kalimantan Timur,I,Penyediaan Akomodasi dan Makan Minum,ADHK,2024,5498.0
Kalimantan Timur,J,Informasi dan Komunikasi,ADHK,2020,8338.0
Kalimantan Timur,J,Informasi dan Komunikasi,ADHK,2021,8994.0
Kalimantan Timur,J,Informasi dan Komunikasi,ADHK,2022,9682.0
Kalimantan Timur,J,Informasi dan Komunikasi,ADHK,2023,10348.0
Kalimantan Timur,J,Informasi dan Komunikasi,ADHK,2024,11169.0
Kalimantan Timur,K,Jasa Keuangan dan Asuransi,ADHK,2020,7138.0
Kalimantan Timur,K,Jasa Keuangan dan Asuransi,ADHK,2021,7320.0
Kalimantan Timur,K,Jasa Keuangan dan Asuransi,ADHK,2022,8012.0
Kalimantan Timur,K,Jasa Keuangan dan Asuransi,ADHK,2023,8952.0
Kalimantan Timur,K,Jasa Keuangan dan Asuransi,ADHK,2024,9552.0
Kalimantan Timur,L,Real Estate,ADHK,2020,4321.0
Kalimantan Timur,L,Real Estate,ADHK,2021,4290.0
Kalimantan Timur,L,Real Estate,ADHK,2022,4398.0
Kalimantan Timur,L,Real Estate,ADHK,2023,4591.0
Kalimantan Timur,L,Real Estate,ADHK,2024,4861.0
Kalimantan Timur,"M,N",Jasa Perusahaan,ADHK,2020,890.0
Kalimantan Timur,"M,N",Jasa Perusahaan,ADHK,2021,912.0
Kalimantan Timur,"M,N",Jasa Perusahaan,ADHK,2022,960.0
Kalimantan Timur,"M,N",Jasa Perusahaan,ADHK,2023,1024.0
Kalimantan Timur,"M,N",Jasa Perusahaan,ADHK,2024,1102.0
Kalimantan Timur,O,"Administrasi Pemerintahan, Pertahanan dan Jaminan Sosial Wajib",ADHK,2020,7951.0
Kalimantan Timur,O,"Administrasi Pemerintahan, Pertahanan dan Jaminan Sosial Wajib",ADHK,2021,8108.0
Kalimantan Timur,O,"Administrasi Pemerintahan, Pertahanan dan Jaminan Sosial Wajib",ADHK,2022,8727.0
Kalimantan Timur,O,"Administrasi Pemerintahan, Pertahanan dan Jaminan Sosial Wajib",ADHK,2023,9426.0
Kalimantan Timur,O,"Administrasi Pemerintahan, Pertahanan dan Jaminan Sosial Wajib",ADHK,2024,10978.0
Kalimantan Timur,P,Jasa Pendidikan,ADHK,2020,7245.0
Kalimantan Timur,P,Jasa Pendidikan,ADHK,2021,7420.0
Kalimantan Timur,P,Jasa Pendidikan,ADHK,2022,7680.0
Kalimantan Timur,P,Jasa Pendidikan,ADHK,2023,8051.0
Kalimantan Timur,P,Jasa Pendidikan,ADHK,2024,8482.0
Kalimantan Timur,Q,Jasa Kesehatan dan Kegiatan Sosial,ADHK,2020,3404.0
Kalimantan Timur,Q,Jasa Kesehatan dan Kegiatan Sosial,ADHK,2021,3861.0
Kalimantan Timur,Q,Jasa Kesehatan dan Kegiatan Sosial,ADHK,2022,4043.0
Kalimantan Timur,Q,Jasa Kesehatan dan Kegiatan Sosial,ADHK,2023,4321.0
Kalimantan Timur,Q,Jasa Kesehatan dan Kegiatan Sosial,ADHK,2024,4536.0
Kalimantan Timur,"R,S,T,U",Jasa lainnya,ADHK,2020,2635.0
Kalimantan Timur,"R,S,T,U",Jasa lainnya,ADHK,2021,2666.0
Kalimantan Timur,"R,S,T,U",Jasa lainnya,ADHK,2022,2851.0
Kalimantan Timur,"R,S,T,U",Jasa lainnya,ADHK,2023,3078.0
Kalimantan Timur,"R,S,T,U",Jasa lainnya,ADHK,2024,3399.0
Kalimantan Utara,A,"Pertanian, Kehutanan, dan Perikanan",ADHB,2020,16536.0
Kalimantan Utara,A,"Pertanian, Kehutanan, dan Perikanan",ADHB,2021,18085.0
Kalimantan Utara,A,"Pertanian, Kehutanan, dan Perikanan",ADHB,2022,19554.0
Kalimantan Utara,A,"Pertanian, Kehutanan, dan Perikanan",ADHB,2023,20957.0
Kalimantan Utara,A,"Pertanian, Kehutanan, dan Perikanan",ADHB,2024,21699.0
Kalimantan Utara,B,Pertambangan dan Penggalian,ADHB,2020,25572.0
Kalimantan Utara,B,Pertambangan dan Penggalian,ADHB,2021,30398.0
Kalimantan Utara,B,Pertambangan dan Penggalian,ADHB,2022,50200.0
Kalimantan Utara,B,Pertambangan dan Penggalian,ADHB,2023,50338.0
Kalimantan Utara,B,Pertambangan dan Penggalian,ADHB,2024,42164.0
Kalimantan Utara,C,Industri Pengolahan,ADHB,2020,9209.0
Kalimantan Utara,C,Industri Pengolahan,ADHB,2021,9930.0
Kalimantan Utara,C,Industri Pengolahan,ADHB,2022,10774.0
Kalimantan Utara,C,Industri Pengolahan,ADHB,2023,11297.0
Kalimantan Utara,C,Industri Pengolahan,ADHB,2024,11970.0
Kalimantan Utara,D,Pengadaan Listrik dan Gas,ADHB,2020,59.0
Kalimantan Utara,D,Pengadaan Listrik dan Gas,ADHB,2021,61.0
Kalimantan Utara,D,Pengadaan Listrik dan Gas,ADHB,2022,69.0
Kalimantan Utara,D,Pengadaan Listrik dan Gas,ADHB,2023,86.0
Kalimantan Utara,D,Pengadaan Listrik dan Gas,ADHB,2024,87.0
Kalimantan Utara,E,"Pengadaan Air, Pengelolaan Sampah, Limbah dan Daur Ulang",ADHB,2020,63.0
Kalimantan Utara,E,"Pengadaan Air, Pengelolaan Sampah, Limbah dan Daur Ulang",ADHB,2021,68.0
Kalimantan Utara,E,"Pengadaan Air, Pengelolaan Sampah, Limbah dan Daur Ulang",ADHB,2022,73.0
Kalimantan Utara,E,"Pengadaan Air, Pengelolaan Sampah, Limbah dan Daur Ulang",ADHB,2023,78.0
Kalimantan Utara,E,"Pengadaan Air, Pengelolaan Sampah, Limbah dan Daur Ulang",ADHB,2024,86.0
Kalimantan Utara,F,Konstruksi,ADHB,2020,14329.0
Kalimantan Utara,F,Konstruksi,ADHB,2021,15135.0
Kalimantan Utara,F,Konstruksi,ADHB,2022,15200.0
Kalimantan Utara,F,Konstruksi,ADHB,2023,16892.0
Kalimantan Utara,F,Konstruksi,ADHB,2024,18994.0
Kalimantan Utara,G,Perdagangan Besar dan Eceran; Reparasi Mobil dan Sepeda Motor,ADHB,2020,12232.0
Kalimantan Utara,G,Perdagangan Besar dan Eceran; Reparasi Mobil dan Sepeda Motor,ADHB,2021,13858.0
Kalimantan Utara,G,Perdagangan Besar dan Eceran; Reparasi Mobil dan Sepeda Motor,ADHB,2022,15476.0
Kalimantan Utara,G,Perdagangan Besar dan Eceran; Reparasi Mobil dan Sepeda Motor,ADHB,2023,17053.0
Kalimantan Utara,G,Perdagangan Besar dan Eceran; Reparasi Mobil dan Sepeda Motor,ADHB,2024,19062.0
Kalimantan Utara,H,Transportasi dan Pergudangan,ADHB,2020,6782.0
Kalimantan Utara,H,Transportasi dan Pergudangan,ADHB,2021,6987.0
Kalimantan Utara,H,Transportasi dan Pergudangan,ADHB,2022,8715.0
Kalimantan Utara,H,Transportasi dan Pergudangan,ADHB,2023,10366.0
Kalimantan Utara,H,Transportasi dan Pergudangan,ADHB,2024,11066.0
Kalimantan Utara,I,Penyediaan Akomodasi dan Makan Minum,ADHB,2020,1538.0
Kalimantan Utara,I,Penyediaan Akomodasi dan Makan Minum,ADHB,2021,1668.0
Kalimantan Utara,I,Penyediaan Akomodasi dan Makan Minum,ADHB,2022,1914.0
Kalimantan Utara,I,Penyediaan Akomodasi dan Makan Minum,ADHB,2023,2133.0
Kalimantan Utara,I,Penyediaan Akomodasi dan Makan Minum,ADHB,2024,2445.0
Kalimantan Utara,J,Informasi dan Komunikasi,ADHB,2020,2560.0
Kalimantan Utara,J,Informasi dan Komunikasi,ADHB,2021,2941.0
Kalimantan Utara,J,Informasi dan Komunikasi,ADHB,2022,3334.0
Kalimantan Utara,J,Informasi dan Komunikasi,ADHB,2023,3627.0
Kalimantan Utara,J,Informasi dan Komunikasi,ADHB,2024,3857.0
Kalimantan Utara,K,Jasa Keuangan dan Asuransi,ADHB,2020,1120.0
Kalimantan Utara,K,Jasa Keuangan dan Asuransi,ADHB,2021,1248.0
Kalimantan Utara,K,Jasa Keuangan dan Asuransi,ADHB,2022,1409.0
Kalimantan Utara,K,Jasa Keuangan dan Asuransi,ADHB,2023,1608.0
Kalimantan Utara,K,Jasa Keuangan dan Asuransi,ADHB,2024,1731.0
Kalimantan Utara,L,Real Estate,ADHB,2020,766.0
Kalimantan Utara,L,Real Estate,ADHB,2021,821.0
Kalimantan Utara,L,Real Estate,ADHB,2022,869.0
Kalimantan Utara,L,Real Estate,ADHB,2023,905.0
Kalimantan Utara,L,Real Estate,ADHB,2024,959.0
Kalimantan Utara,"M,N",Jasa Perusahaan,ADHB,2020,227.0
Kalimantan Utara,"M,N",Jasa Perusahaan,ADHB,2021,245.0
Kalimantan Utara,"M,N",Jasa Perusahaan,ADHB,2022,268.0
Kalimantan Utara,"M,N",Jasa Perusahaan,ADHB,2023,281.0
Kalimantan Utara,"M,N",Jasa Perusahaan,ADHB,2024,296.0
Kalimantan Utara,O,"Administrasi Pemerintahan, Pertahanan dan Jaminan Sosial Wajib",ADHB,2020,4978.0
Kalimantan Utara,O,"Administrasi Pemerintahan, Pertahanan dan Jaminan Sosial Wajib",ADHB,2021,5193.0
Kalimantan Utara,O,"Administrasi Pemerintahan, Pertahanan dan Jaminan Sosial Wajib",ADHB,2022,5531.0
Kalimantan Utara,O,"Administrasi Pemerintahan, Pertahanan dan Jaminan Sosial Wajib",ADHB,2023,5926.0
Kalimantan Utara,O,"Administrasi Pemerintahan, Pertahanan dan Jaminan Sosial Wajib",ADHB,2024,6239.0
Kalimantan Utara,P,Jasa Pendidikan,ADHB,2020,2590.0
Kalimantan Utara,P,Jasa Pendidikan,ADHB,2021,2823.0
Kalimantan Utara,P,Jasa Pendidikan,ADHB,2022,3088.0
Kalimantan Utara,P,Jasa Pendidikan,ADHB,2023,3363.0
Kalimantan Utara,P,Jasa Pendidikan,ADHB,2024,3626.0
Kalimantan Utara,Q,Jasa Kesehatan dan Kegiatan Sosial,ADHB,2020,1139.0
Kalimantan Utara,Q,Jasa Kesehatan dan Kegiatan Sosial,ADHB,2021,1262.0
Kalimantan Utara,Q,Jasa Kesehatan dan Kegiatan Sosial,ADHB,2022,1304.0
Kalimantan Utara,Q,Jasa Kesehatan dan Kegiatan Sosial,ADHB,2023,1380.0
Kalimantan Utara,Q,Jasa Kesehatan dan Kegiatan Sosial,ADHB,2024,1443.0
Kalimantan Utara,"R,S,T,U",Jasa lainnya,ADHB,2020,723.0
Kalimantan Utara,"R,S,T,U",Jasa lainnya,ADHB,2021,808.0
Kalimantan Utara,"R,S,T,U",Jasa lainnya,ADHB,2022,898.0
Kalimantan Utara,"R,S,T,U",Jasa lainnya,ADHB,2023,986.0
Kalimantan Utara,"R,S,T,U",Jasa lainnya,ADHB,2024,1070.0
Kalimantan Utara,A,"Pertanian, Kehutanan, dan Perikanan",ADHK,2020,10926.0
Kalimantan Utara,A,"Pertanian, Kehutanan, dan Perikanan",ADHK,2021,11301.0
Kalimantan Utara,A,"Pertanian, Kehutanan, dan Perikanan",ADHK,2022,11723.0
Kalimantan Utara,A,"Pertanian, Kehutanan, dan Perikanan",ADHK,2023,12230.0
Kalimantan Utara,A,"Pertanian, Kehutanan, dan Perikanan",ADHK,2024,12444.0
Kalimantan Utara,B,Pertambangan dan Penggalian,ADHK,2020,15664.0
Kalimantan Utara,B,Pertambangan dan Penggalian,ADHK,2021,16726.0
Kalimantan Utara,B,Pertambangan dan Penggalian,ADHK,2022,17918.0
Kalimantan Utara,B,Pertambangan dan Penggalian,ADHK,2023,18561.0
Kalimantan Utara,B,Pertambangan dan Penggalian,ADHK,2024,18614.0
Kalimantan Utara,C,Industri Pengolahan,ADHK,2020,5413.0
Kalimantan Utara,C,Industri Pengolahan,ADHK,2021,5555.0
Kalimantan Utara,C,Industri Pengolahan,ADHK,2022,5768.0
Kalimantan Utara,C,Industri Pengolahan,ADHK,2023,5865.0
Kalimantan Utara,C,Industri Pengolahan,ADHK,2024,6062.0
Kalimantan Utara,D,Pengadaan Listrik dan Gas,ADHK,2020,44.0
Kalimantan Utara,D,Pengadaan Listrik dan Gas,ADHK,2021,47.0
Kalimantan Utara,D,Pengadaan Listrik dan Gas,ADHK,2022,50.0
Kalimantan Utara,D,Pengadaan Listrik dan Gas,ADHK,2023,59.0
Kalimantan Utara,D,Pengadaan Listrik dan Gas,ADHK,2024,59.0
Kalimantan Utara,E,"Pengadaan Air, Pengelolaan Sampah, Limbah dan Daur Ulang",ADHK,2020,43.0
Kalimantan Utara,E,"Pengadaan Air, Pengelolaan Sampah, Limbah dan Daur Ulang",ADHK,2021,44.0
Kalimantan Utara,E,"Pengadaan Air, Pengelolaan Sampah, Limbah dan Daur Ulang",ADHK,2022,46.0
Kalimantan Utara,E,"Pengadaan Air, Pengelolaan Sampah, Limbah dan Daur Ulang",ADHK,2023,49.0
Kalimantan Utara,E,"Pengadaan Air, Pengelolaan Sampah, Limbah dan Daur Ulang",ADHK,2024,52.0
Kalimantan Utara,F,Konstruksi,ADHK,2020,7905.0
Kalimantan Utara,F,Konstruksi,ADHK,2021,7839.0
Kalimantan Utara,F,Konstruksi,ADHK,2022,7701.0
Kalimantan Utara,F,Konstruksi,ADHK,2023,8352.0
Kalimantan Utara,F,Konstruksi,ADHK,2024,9350.0
Kalimantan Utara,G,Perdagangan Besar dan Eceran; Reparasi Mobil dan Sepeda Motor,ADHK,2020,6800.0
Kalimantan Utara,G,Perdagangan Besar dan Eceran; Reparasi Mobil dan Sepeda Motor,ADHK,2021,7287.0
Kalimantan Utara,G,Perdagangan Besar dan Eceran; Reparasi Mobil dan Sepeda Motor,ADHK,2022,7930.0
Kalimantan Utara,G,Perdagangan Besar dan Eceran; Reparasi Mobil dan Sepeda Motor,ADHK,2023,8454.0
Kalimantan Utara,G,Perdagangan Besar dan Eceran; Reparasi Mobil dan Sepeda Motor,ADHK,2024,9282.0
Kalimantan Utara,H,Transportasi dan Pergudangan,ADHK,2020,3821.0
Kalimantan Utara,H,Transportasi dan Pergudangan,ADHK,2021,3826.0
Kalimantan Utara,H,Transportasi dan Pergudangan,ADHK,2022,4223.0
Kalimantan Utara,H,Transportasi dan Pergudangan,ADHK,2023,4457.0
Kalimantan Utara,H,Transportasi dan Pergudangan,ADHK,2024,4703.0
Kalimantan Utara,I,Penyediaan Akomodasi dan Makan Minum,ADHK,2020,858.0
Kalimantan Utara,I,Penyediaan Akomodasi dan Makan Minum,ADHK,2021,882.0
Kalimantan Utara,I,Penyediaan Akomodasi dan Makan Minum,ADHK,2022,978.0
Kalimantan Utara,I,Penyediaan Akomodasi dan Makan Minum,ADHK,2023,1059.0
Kalimantan Utara,I,Penyediaan Akomodasi dan Makan Minum,ADHK,2024,1185.0
Kalimantan Utara,J,Informasi dan Komunikasi,ADHK,2020,1938.0
Kalimantan Utara,J,Informasi dan Komunikasi,ADHK,2021,2090.0
Kalimantan Utara,J,Informasi dan Komunikasi,ADHK,2022,2267.0
Kalimantan Utara,J,Informasi dan Komunikasi,ADHK,2023,2414.0
Kalimantan Utara,J,Informasi dan Komunikasi,ADHK,2024,2538.0
Kalimantan Utara,K,Jasa Keuangan dan Asuransi,ADHK,2020,696.0
Kalimantan Utara,K,Jasa Keuangan dan Asuransi,ADHK,2021,746.0
Kalimantan Utara,K,Jasa Keuangan dan Asuransi,ADHK,2022,814.0
Kalimantan Utara,K,Jasa Keuangan dan Asuransi,ADHK,2023,915.0
Kalimantan Utara,K,Jasa Keuangan dan Asuransi,ADHK,2024,974.0
Kalimantan Utara,L,Real Estate,ADHK,2020,575.0
Kalimantan Utara,L,Real Estate,ADHK,2021,588.0
Kalimantan Utara,L,Real Estate,ADHK,2022,615.0
Kalimantan Utara,L,Real Estate,ADHK,2023,638.0
Kalimantan Utara,L,Real Estate,ADHK,2024,666.0
Kalimantan Utara,"M,N",Jasa Perusahaan,ADHK,2020,146.0
Kalimantan Utara,"M,N",Jasa Perusahaan,ADHK,2021,149.0
Kalimantan Utara,"M,N",Jasa Perusahaan,ADHK,2022,159.0
Kalimantan Utara,"M,N",Jasa Perusahaan,ADHK,2023,164.0
Kalimantan Utara,"M,N",Jasa Perusahaan,ADHK,2024,169.0
Kalimantan Utara,O,"Administrasi Pemerintahan, Pertahanan dan Jaminan Sosial Wajib",ADHK,2020,3164.0
Kalimantan Utara,O,"Administrasi Pemerintahan, Pertahanan dan Jaminan Sosial Wajib",ADHK,2021,3172.0
Kalimantan Utara,O,"Administrasi Pemerintahan, Pertahanan dan Jaminan Sosial Wajib",ADHK,2022,3269.0
Kalimantan Utara,O,"Administrasi Pemerintahan, Pertahanan dan Jaminan Sosial Wajib",ADHK,2023,3371.0
Kalimantan Utara,O,"Administrasi Pemerintahan, Pertahanan dan Jaminan Sosial Wajib",ADHK,2024,3518.0
Kalimantan Utara,P,Jasa Pendidikan,ADHK,2020,1597.0
Kalimantan Utara,P,Jasa Pendidikan,ADHK,2021,1671.0
Kalimantan Utara,P,Jasa Pendidikan,ADHK,2022,1768.0
Kalimantan Utara,P,Jasa Pendidikan,ADHK,2023,1876.0
Kalimantan Utara,P,Jasa Pendidikan,ADHK,2024,1978.0
Kalimantan Utara,Q,Jasa Kesehatan dan Kegiatan Sosial,ADHK,2020,754.0
Kalimantan Utara,Q,Jasa Kesehatan dan Kegiatan Sosial,ADHK,2021,818.0
Kalimantan Utara,Q,Jasa Kesehatan dan Kegiatan Sosial,ADHK,2022,829.0
Kalimantan Utara,Q,Jasa Kesehatan dan Kegiatan Sosial,ADHK,2023,849.0
Kalimantan Utara,Q,Jasa Kesehatan dan Kegiatan Sosial,ADHK,2024,875.0
Kalimantan Utara,"R,S,T,U",Jasa lainnya,ADHK,2020,402.0
Kalimantan Utara,"R,S,T,U",Jasa lainnya,ADHK,2021,429.0
Kalimantan Utara,"R,S,T,U",Jasa lainnya,ADHK,2022,470.0
Kalimantan Utara,"R,S,T,U",Jasa lainnya,ADHK,2023,504.0
Kalimantan Utara,"R,S,T,U",Jasa lainnya,ADHK,2024,539.0
Sulawesi Utara,A,"Pertanian, Kehutanan, dan Perikanan",ADHB,2020,28449.0
Sulawesi Utara,A,"Pertanian, Kehutanan, dan Perikanan",ADHB,2021,30075.0
Sulawesi Utara,A,"Pertanian, Kehutanan, dan Perikanan",ADHB,2022,32816.0
Sulawesi Utara,A,"Pertanian, Kehutanan, dan Perikanan",ADHB,2023,35165.0
Sulawesi Utara,A,"Pertanian, Kehutanan, dan Perikanan",ADHB,2024,38586.0
Sulawesi Utara,B,Pertambangan dan Penggalian,ADHB,2020,7159.0
Sulawesi Utara,B,Pertambangan dan Penggalian,ADHB,2021,7739.0
Sulawesi Utara,B,Pertambangan dan Penggalian,ADHB,2022,8175.0
Sulawesi Utara,B,Pertambangan dan Penggalian,ADHB,2023,8506.0
Sulawesi Utara,B,Pertambangan dan Penggalian,ADHB,2024,9163.0
Sulawesi Utara,C,Industri Pengolahan,ADHB,2020,12624.0
Sulawesi Utara,C,Industri Pengolahan,ADHB,2021,14797.0
Sulawesi Utara,C,Industri Pengolahan,ADHB,2022,16744.0
Sulawesi Utara,C,Industri Pengolahan,ADHB,2023,18295.0
Sulawesi Utara,C,Industri Pengolahan,ADHB,2024,19900.0
Sulawesi Utara,D,Pengadaan Listrik dan Gas,ADHB,2020,134.0
Sulawesi Utara,D,Pengadaan Listrik dan Gas,ADHB,2021,142.0
Sulawesi Utara,D,Pengadaan Listrik dan Gas,ADHB,2022,160.0
Sulawesi Utara,D,Pengadaan Listrik dan Gas,ADHB,2023,172.0
Sulawesi Utara,D,Pengadaan Listrik dan Gas,ADHB,2024,187.0
Sulawesi Utara,E,"Pengadaan Air, Pengelolaan Sampah, Limbah dan Daur Ulang",ADHB,2020,157.0
Sulawesi Utara,E,"Pengadaan Air, Pengelolaan Sampah, Limbah dan Daur Ulang",ADHB,2021,162.0
Sulawesi Utara,E,"Pengadaan Air, Pengelolaan Sampah, Limbah dan Daur Ulang",ADHB,2022,165.0
Sulawesi Utara,E,"Pengadaan Air, Pengelolaan Sampah, Limbah dan Daur Ulang",ADHB,2023,170.0
Sulawesi Utara,E,"Pengadaan Air, Pengelolaan Sampah, Limbah dan Daur Ulang",ADHB,2024,180.0
Sulawesi Utara,F,Konstruksi,ADHB,2020,14978.0
Sulawesi Utara,F,Konstruksi,ADHB,2021,16781.0
Sulawesi Utara,F,Konstruksi,ADHB,2022,18035.0
Sulawesi Utara,F,Konstruksi,ADHB,2023,19265.0
Sulawesi Utara,F,Konstruksi,ADHB,2024,20042.0
Sulawesi Utara,G,Perdagangan Besar dan Eceran; Reparasi Mobil dan Sepeda Motor,ADHB,2020,17252.0
Sulawesi Utara,G,Perdagangan Besar dan Eceran; Reparasi Mobil dan Sepeda Motor,ADHB,2021,18669.0
Sulawesi Utara,G,Perdagangan Besar dan Eceran; Reparasi Mobil dan Sepeda Motor,ADHB,2022,20835.0
Sulawesi Utara,G,Perdagangan Besar dan Eceran; Reparasi Mobil dan Sepeda Motor,ADHB,2023,23331.0
Sulawesi Utara,G,Perdagangan Besar dan Eceran; Reparasi Mobil dan Sepeda Motor,ADHB,2024,25583.0
Sulawesi Utara,H,Transportasi dan Pergudangan,ADHB,2020,12410.0
Sulawesi Utara,H,Transportasi dan Pergudangan,ADHB,2021,12853.0
Sulawesi Utara,H,Transportasi dan Pergudangan,ADHB,2022,16155.0
Sulawesi Utara,H,Transportasi dan Pergudangan,ADHB,2023,19960.0
Sulawesi Utara,H,Transportasi dan Pergudangan,ADHB,2024,21769.0
Sulawesi Utara,I,Penyediaan Akomodasi dan Makan Minum,ADHB,2020,1982.0
Sulawesi Utara,I,Penyediaan Akomodasi dan Makan Minum,ADHB,2021,2257.0
Sulawesi Utara,I,Penyediaan Akomodasi dan Makan Minum,ADHB,2022,2583.0
Sulawesi Utara,I,Penyediaan Akomodasi dan Makan Minum,ADHB,2023,2868.0
Sulawesi Utara,I,Penyediaan Akomodasi dan Makan Minum,ADHB,2024,3152.0
Sulawesi Utara,J,Informasi dan Komunikasi,ADHB,2020,5737.0
Sulawesi Utara,J,Informasi dan Komunikasi,ADHB,2021,5926.0
Sulawesi Utara,J,Informasi dan Komunikasi,ADHB,2022,6326.0
Sulawesi Utara,J,Informasi dan Komunikasi,ADHB,2023,6874.0
Sulawesi Utara,J,Informasi dan Komunikasi,ADHB,2024,7491.0
Sulawesi Utara,K,Jasa Keuangan dan Asuransi,ADHB,2020,5194.0
Sulawesi Utara,K,Jasa Keuangan dan Asuransi,ADHB,2021,5740.0
Sulawesi Utara,K,Jasa Keuangan dan Asuransi,ADHB,2022,5941.0
Sulawesi Utara,K,Jasa Keuangan dan Asuransi,ADHB,2023,5983.0
Sulawesi Utara,K,Jasa Keuangan dan Asuransi,ADHB,2024,6360.0
Sulawesi Utara,L,Real Estate,ADHB,2020,4489.0
Sulawesi Utara,L,Real Estate,ADHB,2021,4572.0
Sulawesi Utara,L,Real Estate,ADHB,2022,4732.0
Sulawesi Utara,L,Real Estate,ADHB,2023,5047.0
Sulawesi Utara,L,Real Estate,ADHB,2024,5589.0
Sulawesi Utara,"M,N",Jasa Perusahaan,ADHB,2020,130.0
Sulawesi Utara,"M,N",Jasa Perusahaan,ADHB,2021,140.0
Sulawesi Utara,"M,N",Jasa Perusahaan,ADHB,2022,149.0
Sulawesi Utara,"M,N",Jasa Perusahaan,ADHB,2023,159.0
Sulawesi Utara,"M,N",Jasa Perusahaan,ADHB,2024,173.0
Sulawesi Utara,O,"Administrasi Pemerintahan, Pertahanan dan Jaminan Sosial Wajib",ADHB,2020,9916.0
Sulawesi Utara,O,"Administrasi Pemerintahan, Pertahanan dan Jaminan Sosial Wajib",ADHB,2021,10283.0
Sulawesi Utara,O,"Administrasi Pemerintahan, Pertahanan dan Jaminan Sosial Wajib",ADHB,2022,10734.0
Sulawesi Utara,O,"Administrasi Pemerintahan, Pertahanan dan Jaminan Sosial Wajib",ADHB,2023,11350.0
Sulawesi Utara,O,"Administrasi Pemerintahan, Pertahanan dan Jaminan Sosial Wajib",ADHB,2024,12719.0
Sulawesi Utara,P,Jasa Pendidikan,ADHB,2020,4017.0
Sulawesi Utara,P,Jasa Pendidikan,ADHB,2021,4160.0
Sulawesi Utara,P,Jasa Pendidikan,ADHB,2022,4527.0
Sulawesi Utara,P,Jasa Pendidikan,ADHB,2023,5028.0
Sulawesi Utara,P,Jasa Pendidikan,ADHB,2024,5661.0
Sulawesi Utara,Q,Jasa Kesehatan dan Kegiatan Sosial,ADHB,2020,5325.0
Sulawesi Utara,Q,Jasa Kesehatan dan Kegiatan Sosial,ADHB,2021,5921.0
Sulawesi Utara,Q,Jasa Kesehatan dan Kegiatan Sosial,ADHB,2022,6370.0
Sulawesi Utara,Q,Jasa Kesehatan dan Kegiatan Sosial,ADHB,2023,6858.0
Sulawesi Utara,Q,Jasa Kesehatan dan Kegiatan Sosial,ADHB,2024,7431.0
Sulawesi Utara,"R,S,T,U",Jasa lainnya,ADHB,2020,2277.0
Sulawesi Utara,"R,S,T,U",Jasa lainnya,ADHB,2021,2403.0
Sulawesi Utara,"R,S,T,U",Jasa lainnya,ADHB,2022,2591.0
Sulawesi Utara,"R,S,T,U",Jasa lainnya,ADHB,2023,2938.0
Sulawesi Utara,"R,S,T,U",Jasa lainnya,ADHB,2024,3390.0
Sulawesi Utara,A,"Pertanian, Kehutanan, dan Perikanan",ADHK,2020,17705.0
Sulawesi Utara,A,"Pertanian, Kehutanan, dan Perikanan",ADHK,2021,18040.0
Sulawesi Utara,A,"Pertanian, Kehutanan, dan Perikanan",ADHK,2022,19187.0
Sulawesi Utara,A,"Pertanian, Kehutanan, dan Perikanan",ADHK,2023,20045.0
Sulawesi Utara,A,"Pertanian, Kehutanan, dan Perikanan",ADHK,2024,21114.0
Sulawesi Utara,B,Pertambangan dan Penggalian,ADHK,2020,4631.0
Sulawesi Utara,B,Pertambangan dan Penggalian,ADHK,2021,4869.0
Sulawesi Utara,B,Pertambangan dan Penggalian,ADHK,2022,4882.0
Sulawesi Utara,B,Pertambangan dan Penggalian,ADHK,2023,4895.0
Sulawesi Utara,B,Pertambangan dan Penggalian,ADHK,2024,5043.0
Sulawesi Utara,C,Industri Pengolahan,ADHK,2020,8788.0
Sulawesi Utara,C,Industri Pengolahan,ADHK,2021,9534.0
Sulawesi Utara,C,Industri Pengolahan,ADHK,2022,10230.0
Sulawesi Utara,C,Industri Pengolahan,ADHK,2023,10949.0
Sulawesi Utara,C,Industri Pengolahan,ADHK,2024,11411.0
Sulawesi Utara,D,Pengadaan Listrik dan Gas,ADHK,2020,120.0
Sulawesi Utara,D,Pengadaan Listrik dan Gas,ADHK,2021,128.0
Sulawesi Utara,D,Pengadaan Listrik dan Gas,ADHK,2022,141.0
Sulawesi Utara,D,Pengadaan Listrik dan Gas,ADHK,2023,148.0
Sulawesi Utara,D,Pengadaan Listrik dan Gas,ADHK,2024,156.0
Sulawesi Utara,E,"Pengadaan Air, Pengelolaan Sampah, Limbah dan Daur Ulang",ADHK,2020,113.0
Sulawesi Utara,E,"Pengadaan Air, Pengelolaan Sampah, Limbah dan Daur Ulang",ADHK,2021,114.0
Sulawesi Utara,E,"Pengadaan Air, Pengelolaan Sampah, Limbah dan Daur Ulang",ADHK,2022,115.0
Sulawesi Utara,E,"Pengadaan Air, Pengelolaan Sampah, Limbah dan Daur Ulang",ADHK,2023,117.0
Sulawesi Utara,E,"Pengadaan Air, Pengelolaan Sampah, Limbah dan Daur Ulang",ADHK,2024,117.0
Sulawesi Utara,F,Konstruksi,ADHK,2020,11495.0
Sulawesi Utara,F,Konstruksi,ADHK,2021,12312.0
Sulawesi Utara,F,Konstruksi,ADHK,2022,12780.0
Sulawesi Utara,F,Konstruksi,ADHK,2023,13414.0
Sulawesi Utara,F,Konstruksi,ADHK,2024,13812.0
Sulawesi Utara,G,Perdagangan Besar dan Eceran; Reparasi Mobil dan Sepeda Motor,ADHK,2020,11446.0
Sulawesi Utara,G,Perdagangan Besar dan Eceran; Reparasi Mobil dan Sepeda Motor,ADHK,2021,11847.0
Sulawesi Utara,G,Perdagangan Besar dan Eceran; Reparasi Mobil dan Sepeda Motor,ADHK,2022,12730.0
Sulawesi Utara,G,Perdagangan Besar dan Eceran; Reparasi Mobil dan Sepeda Motor,ADHK,2023,13570.0
Sulawesi Utara,G,Perdagangan Besar dan Eceran; Reparasi Mobil dan Sepeda Motor,ADHK,2024,14349.0
Sulawesi Utara,H,Transportasi dan Pergudangan,ADHK,2020,6813.0
Sulawesi Utara,H,Transportasi dan Pergudangan,ADHK,2021,6914.0
Sulawesi Utara,H,Transportasi dan Pergudangan,ADHK,2022,7728.0
Sulawesi Utara,H,Transportasi dan Pergudangan,ADHK,2023,8649.0
Sulawesi Utara,H,Transportasi dan Pergudangan,ADHK,2024,9165.0
Sulawesi Utara,I,Penyediaan Akomodasi dan Makan Minum,ADHK,2020,1494.0
Sulawesi Utara,I,Penyediaan Akomodasi dan Makan Minum,ADHK,2021,1689.0
Sulawesi Utara,I,Penyediaan Akomodasi dan Makan Minum,ADHK,2022,1898.0
Sulawesi Utara,I,Penyediaan Akomodasi dan Makan Minum,ADHK,2023,2070.0
Sulawesi Utara,I,Penyediaan Akomodasi dan Makan Minum,ADHK,2024,2209.0
Sulawesi Utara,J,Informasi dan Komunikasi,ADHK,2020,4836.0
Sulawesi Utara,J,Informasi dan Komunikasi,ADHK,2021,4956.0
Sulawesi Utara,J,Informasi dan Komunikasi,ADHK,2022,5198.0
Sulawesi Utara,J,Informasi dan Komunikasi,ADHK,2023,5474.0
Sulawesi Utara,J,Informasi dan Komunikasi,ADHK,2024,5803.0
Sulawesi Utara,K,Jasa Keuangan dan Asuransi,ADHK,2020,3520.0
Sulawesi Utara,K,Jasa Keuangan dan Asuransi,ADHK,2021,3706.0
Sulawesi Utara,K,Jasa Keuangan dan Asuransi,ADHK,2022,3586.0
Sulawesi Utara,K,Jasa Keuangan dan Asuransi,ADHK,2023,3556.0
Sulawesi Utara,K,Jasa Keuangan dan Asuransi,ADHK,2024,3734.0
Sulawesi Utara,L,Real Estate,ADHK,2020,3330.0
Sulawesi Utara,L,Real Estate,ADHK,2021,3329.0
Sulawesi Utara,L,Real Estate,ADHK,2022,3400.0
Sulawesi Utara,L,Real Estate,ADHK,2023,3528.0
Sulawesi Utara,L,Real Estate,ADHK,2024,3730.0
Sulawesi Utara,"M,N",Jasa Perusahaan,ADHK,2020,75.0
Sulawesi Utara,"M,N",Jasa Perusahaan,ADHK,2021,77.0
Sulawesi Utara,"M,N",Jasa Perusahaan,ADHK,2022,80.0
Sulawesi Utara,"M,N",Jasa Perusahaan,ADHK,2023,83.0
Sulawesi Utara,"M,N",Jasa Perusahaan,ADHK,2024,88.0
Sulawesi Utara,O,"Administrasi Pemerintahan, Pertahanan dan Jaminan Sosial Wajib",ADHK,2020,5806.0
Sulawesi Utara,O,"Administrasi Pemerintahan, Pertahanan dan Jaminan Sosial Wajib",ADHK,2021,5951.0
Sulawesi Utara,O,"Administrasi Pemerintahan, Pertahanan dan Jaminan Sosial Wajib",ADHK,2022,6056.0
Sulawesi Utara,O,"Administrasi Pemerintahan, Pertahanan dan Jaminan Sosial Wajib",ADHK,2023,6250.0
Sulawesi Utara,O,"Administrasi Pemerintahan, Pertahanan dan Jaminan Sosial Wajib",ADHK,2024,6865.0
Sulawesi Utara,P,Jasa Pendidikan,ADHK,2020,2451.0
Sulawesi Utara,P,Jasa Pendidikan,ADHK,2021,2483.0
Sulawesi Utara,P,Jasa Pendidikan,ADHK,2022,2610.0
Sulawesi Utara,P,Jasa Pendidikan,ADHK,2023,2786.0
Sulawesi Utara,P,Jasa Pendidikan,ADHK,2024,2978.0
Sulawesi Utara,Q,Jasa Kesehatan dan Kegiatan Sosial,ADHK,2020,3999.0
Sulawesi Utara,Q,Jasa Kesehatan dan Kegiatan Sosial,ADHK,2021,4293.0
Sulawesi Utara,Q,Jasa Kesehatan dan Kegiatan Sosial,ADHK,2022,4515.0
Sulawesi Utara,Q,Jasa Kesehatan dan Kegiatan Sosial,ADHK,2023,4730.0
Sulawesi Utara,Q,Jasa Kesehatan dan Kegiatan Sosial,ADHK,2024,4993.0
Sulawesi Utara,"R,S,T,U",Jasa lainnya,ADHK,2020,1504.0
Sulawesi Utara,"R,S,T,U",Jasa lainnya,ADHK,2021,1548.0
Sulawesi Utara,"R,S,T,U",Jasa lainnya,ADHK,2022,1631.0
Sulawesi Utara,"R,S,T,U",Jasa lainnya,ADHK,2023,1810.0
Sulawesi Utara,"R,S,T,U",Jasa lainnya,ADHK,2024,2008.0
Sulawesi Tengah,A,"Pertanian, Kehutanan, dan Perikanan",ADHB,2020,42962.0
Sulawesi Tengah,A,"Pertanian, Kehutanan, dan Perikanan",ADHB,2021,46500.0
Sulawesi Tengah,A,"Pertanian, Kehutanan, dan Perikanan",ADHB,2022,51207.0
Sulawesi Tengah,A,"Pertanian, Kehutanan, dan Perikanan",ADHB,2023,54803.0
Sulawesi Tengah,A,"Pertanian, Kehutanan, dan Perikanan",ADHB,2024,59568.0
Sulawesi Tengah,B,Pertambangan dan Penggalian,ADHB,2020,26456.0
Sulawesi Tengah,B,Pertambangan dan Penggalian,ADHB,2021,34898.0
Sulawesi Tengah,B,Pertambangan dan Penggalian,ADHB,2022,49644.0
Sulawesi Tengah,B,Pertambangan dan Penggalian,ADHB,2023,53102.0
Sulawesi Tengah,B,Pertambangan dan Penggalian,ADHB,2024,55198.0
Sulawesi Tengah,C,Industri Pengolahan,ADHB,2020,54517.0
Sulawesi Tengah,C,Industri Pengolahan,ADHB,2021,83547.0
Sulawesi Tengah,C,Industri Pengolahan,ADHB,2022,130495.0
Sulawesi Tengah,C,Industri Pengolahan,ADHB,2023,140088.0
Sulawesi Tengah,C,Industri Pengolahan,ADHB,2024,155242.0
Sulawesi Tengah,D,Pengadaan Listrik dan Gas,ADHB,2020,54.0
Sulawesi Tengah,D,Pengadaan Listrik dan Gas,ADHB,2021,56.0
Sulawesi Tengah,D,Pengadaan Listrik dan Gas,ADHB,2022,63.0
Sulawesi Tengah,D,Pengadaan Listrik dan Gas,ADHB,2023,68.0
Sulawesi Tengah,D,Pengadaan Listrik dan Gas,ADHB,2024,74.0
Sulawesi Tengah,E,"Pengadaan Air, Pengelolaan Sampah, Limbah dan Daur Ulang",ADHB,2020,200.0
Sulawesi Tengah,E,"Pengadaan Air, Pengelolaan Sampah, Limbah dan Daur Ulang",ADHB,2021,213.0
Sulawesi Tengah,E,"Pengadaan Air, Pengelolaan Sampah, Limbah dan Daur Ulang",ADHB,2022,227.0
Sulawesi Tengah,E,"Pengadaan Air, Pengelolaan Sampah, Limbah dan Daur Ulang",ADHB,2023,239.0
Sulawesi Tengah,E,"Pengadaan Air, Pengelolaan Sampah, Limbah dan Daur Ulang",ADHB,2024,254.0
Sulawesi Tengah,F,Konstruksi,ADHB,2020,20028.0
Sulawesi Tengah,F,Konstruksi,ADHB,2021,24031.0
Sulawesi Tengah,F,Konstruksi,ADHB,2022,27211.0
Sulawesi Tengah,F,Konstruksi,ADHB,2023,28842.0
Sulawesi Tengah,F,Konstruksi,ADHB,2024,31346.0
Sulawesi Tengah,G,Perdagangan Besar dan Eceran; Reparasi Mobil dan Sepeda Motor,ADHB,2020,13972.0
Sulawesi Tengah,G,Perdagangan Besar dan Eceran; Reparasi Mobil dan Sepeda Motor,ADHB,2021,15847.0
Sulawesi Tengah,G,Perdagangan Besar dan Eceran; Reparasi Mobil dan Sepeda Motor,ADHB,2022,18464.0
Sulawesi Tengah,G,Perdagangan Besar dan Eceran; Reparasi Mobil dan Sepeda Motor,ADHB,2023,20191.0
Sulawesi Tengah,G,Perdagangan Besar dan Eceran; Reparasi Mobil dan Sepeda Motor,ADHB,2024,21766.0
Sulawesi Tengah,H,Transportasi dan Pergudangan,ADHB,2020,4462.0
Sulawesi Tengah,H,Transportasi dan Pergudangan,ADHB,2021,4823.0
Sulawesi Tengah,H,Transportasi dan Pergudangan,ADHB,2022,6707.0
Sulawesi Tengah,H,Transportasi dan Pergudangan,ADHB,2023,7488.0
Sulawesi Tengah,H,Transportasi dan Pergudangan,ADHB,2024,8028.0
Sulawesi Tengah,I,Penyediaan Akomodasi dan Makan Minum,ADHB,2020,754.0
Sulawesi Tengah,I,Penyediaan Akomodasi dan Makan Minum,ADHB,2021,865.0
Sulawesi Tengah,I,Penyediaan Akomodasi dan Makan Minum,ADHB,2022,985.0
Sulawesi Tengah,I,Penyediaan Akomodasi dan Makan Minum,ADHB,2023,1095.0
Sulawesi Tengah,I,Penyediaan Akomodasi dan Makan Minum,ADHB,2024,1202.0
Sulawesi Tengah,J,Informasi dan Komunikasi,ADHB,2020,6060.0
Sulawesi Tengah,J,Informasi dan Komunikasi,ADHB,2021,6636.0
Sulawesi Tengah,J,Informasi dan Komunikasi,ADHB,2022,6967.0
Sulawesi Tengah,J,Informasi dan Komunikasi,ADHB,2023,7430.0
Sulawesi Tengah,J,Informasi dan Komunikasi,ADHB,2024,7803.0
Sulawesi Tengah,K,Jasa Keuangan dan Asuransi,ADHB,2020,3688.0
Sulawesi Tengah,K,Jasa Keuangan dan Asuransi,ADHB,2021,4279.0
Sulawesi Tengah,K,Jasa Keuangan dan Asuransi,ADHB,2022,4599.0
Sulawesi Tengah,K,Jasa Keuangan dan Asuransi,ADHB,2023,4735.0
Sulawesi Tengah,K,Jasa Keuangan dan Asuransi,ADHB,2024,5339.0
Sulawesi Tengah,L,Real Estate,ADHB,2020,2863.0
Sulawesi Tengah,L,Real Estate,ADHB,2021,2954.0
Sulawesi Tengah,L,Real Estate,ADHB,2022,3302.0
Sulawesi Tengah,L,Real Estate,ADHB,2023,3832.0
Sulawesi Tengah,L,Real Estate,ADHB,2024,4246.0
Sulawesi Tengah,"M,N",Jasa Perusahaan,ADHB,2020,392.0
Sulawesi Tengah,"M,N",Jasa Perusahaan,ADHB,2021,407.0
Sulawesi Tengah,"M,N",Jasa Perusahaan,ADHB,2022,452.0
Sulawesi Tengah,"M,N",Jasa Perusahaan,ADHB,2023,496.0
Sulawesi Tengah,"M,N",Jasa Perusahaan,ADHB,2024,539.0
Sulawesi Tengah,O,"Administrasi Pemerintahan, Pertahanan dan Jaminan Sosial Wajib",ADHB,2020,10961.0
Sulawesi Tengah,O,"Administrasi Pemerintahan, Pertahanan dan Jaminan Sosial Wajib",ADHB,2021,11707.0
Sulawesi Tengah,O,"Administrasi Pemerintahan, Pertahanan dan Jaminan Sosial Wajib",ADHB,2022,12159.0
Sulawesi Tengah,O,"Administrasi Pemerintahan, Pertahanan dan Jaminan Sosial Wajib",ADHB,2023,12771.0
Sulawesi Tengah,O,"Administrasi Pemerintahan, Pertahanan dan Jaminan Sosial Wajib",ADHB,2024,13756.0
Sulawesi Tengah,P,Jasa Pendidikan,ADHB,2020,6125.0
Sulawesi Tengah,P,Jasa Pendidikan,ADHB,2021,6235.0
Sulawesi Tengah,P,Jasa Pendidikan,ADHB,2022,6555.0
Sulawesi Tengah,P,Jasa Pendidikan,ADHB,2023,6931.0
Sulawesi Tengah,P,Jasa Pendidikan,ADHB,2024,7309.0
Sulawesi Tengah,Q,Jasa Kesehatan dan Kegiatan Sosial,ADHB,2020,2589.0
Sulawesi Tengah,Q,Jasa Kesehatan dan Kegiatan Sosial,ADHB,2021,2874.0
Sulawesi Tengah,Q,Jasa Kesehatan dan Kegiatan Sosial,ADHB,2022,3067.0
Sulawesi Tengah,Q,Jasa Kesehatan dan Kegiatan Sosial,ADHB,2023,3367.0
Sulawesi Tengah,Q,Jasa Kesehatan dan Kegiatan Sosial,ADHB,2024,3518.0
Sulawesi Tengah,"R,S,T,U",Jasa lainnya,ADHB,2020,1359.0
Sulawesi Tengah,"R,S,T,U",Jasa lainnya,ADHB,2021,1407.0
Sulawesi Tengah,"R,S,T,U",Jasa lainnya,ADHB,2022,1527.0
Sulawesi Tengah,"R,S,T,U",Jasa lainnya,ADHB,2023,1658.0
Sulawesi Tengah,"R,S,T,U",Jasa lainnya,ADHB,2024,1762.0
Sulawesi Tengah,A,"Pertanian, Kehutanan, dan Perikanan",ADHK,2020,29594.0
Sulawesi Tengah,A,"Pertanian, Kehutanan, dan Perikanan",ADHK,2021,30793.0
Sulawesi Tengah,A,"Pertanian, Kehutanan, dan Perikanan",ADHK,2022,31640.0
Sulawesi Tengah,A,"Pertanian, Kehutanan, dan Perikanan",ADHK,2023,32225.0
Sulawesi Tengah,A,"Pertanian, Kehutanan, dan Perikanan",ADHK,2024,32848.0
Sulawesi Tengah,B,Pertambangan dan Penggalian,ADHK,2020,22040.0
Sulawesi Tengah,B,Pertambangan dan Penggalian,ADHK,2021,24739.0
Sulawesi Tengah,B,Pertambangan dan Penggalian,ADHK,2022,29820.0
Sulawesi Tengah,B,Pertambangan dan Penggalian,ADHK,2023,33238.0
Sulawesi Tengah,B,Pertambangan dan Penggalian,ADHK,2024,35296.0
Sulawesi Tengah,C,Industri Pengolahan,ADHK,2020,36465.0
Sulawesi Tengah,C,Industri Pengolahan,ADHK,2021,43618.0
Sulawesi Tengah,C,Industri Pengolahan,ADHK,2022,56659.0
Sulawesi Tengah,C,Industri Pengolahan,ADHK,2023,71086.0
Sulawesi Tengah,C,Industri Pengolahan,ADHK,2024,84676.0
Sulawesi Tengah,D,Pengadaan Listrik dan Gas,ADHK,2020,53.0
Sulawesi Tengah,D,Pengadaan Listrik dan Gas,ADHK,2021,55.0
Sulawesi Tengah,D,Pengadaan Listrik dan Gas,ADHK,2022,60.0
Sulawesi Tengah,D,Pengadaan Listrik dan Gas,ADHK,2023,64.0
Sulawesi Tengah,D,Pengadaan Listrik dan Gas,ADHK,2024,69.0
Sulawesi Tengah,E,"Pengadaan Air, Pengelolaan Sampah, Limbah dan Daur Ulang",ADHK,2020,136.0
Sulawesi Tengah,E,"Pengadaan Air, Pengelolaan Sampah, Limbah dan Daur Ulang",ADHK,2021,142.0
Sulawesi Tengah,E,"Pengadaan Air, Pengelolaan Sampah, Limbah dan Daur Ulang",ADHK,2022,146.0
Sulawesi Tengah,E,"Pengadaan Air, Pengelolaan Sampah, Limbah dan Daur Ulang",ADHK,2023,151.0
Sulawesi Tengah,E,"Pengadaan Air, Pengelolaan Sampah, Limbah dan Daur Ulang",ADHK,2024,157.0
Sulawesi Tengah,F,Konstruksi,ADHK,2020,11746.0
Sulawesi Tengah,F,Konstruksi,ADHK,2021,13889.0
Sulawesi Tengah,F,Konstruksi,ADHK,2022,15153.0
Sulawesi Tengah,F,Konstruksi,ADHK,2023,15308.0
Sulawesi Tengah,F,Konstruksi,ADHK,2024,15897.0
Sulawesi Tengah,G,Perdagangan Besar dan Eceran; Reparasi Mobil dan Sepeda Motor,ADHK,2020,8687.0
Sulawesi Tengah,G,Perdagangan Besar dan Eceran; Reparasi Mobil dan Sepeda Motor,ADHK,2021,9671.0
Sulawesi Tengah,G,Perdagangan Besar dan Eceran; Reparasi Mobil dan Sepeda Motor,ADHK,2022,10777.0
Sulawesi Tengah,G,Perdagangan Besar dan Eceran; Reparasi Mobil dan Sepeda Motor,ADHK,2023,11398.0
Sulawesi Tengah,G,Perdagangan Besar dan Eceran; Reparasi Mobil dan Sepeda Motor,ADHK,2024,12031.0
Sulawesi Tengah,H,Transportasi dan Pergudangan,ADHK,2020,2755.0
Sulawesi Tengah,H,Transportasi dan Pergudangan,ADHK,2021,2934.0
Sulawesi Tengah,H,Transportasi dan Pergudangan,ADHK,2022,3704.0
Sulawesi Tengah,H,Transportasi dan Pergudangan,ADHK,2023,3931.0
Sulawesi Tengah,H,Transportasi dan Pergudangan,ADHK,2024,4114.0
Sulawesi Tengah,I,Penyediaan Akomodasi dan Makan Minum,ADHK,2020,463.0
Sulawesi Tengah,I,Penyediaan Akomodasi dan Makan Minum,ADHK,2021,525.0
Sulawesi Tengah,I,Penyediaan Akomodasi dan Makan Minum,ADHK,2022,587.0
Sulawesi Tengah,I,Penyediaan Akomodasi dan Makan Minum,ADHK,2023,644.0
Sulawesi Tengah,I,Penyediaan Akomodasi dan Makan Minum,ADHK,2024,693.0
Sulawesi Tengah,J,Informasi dan Komunikasi,ADHK,2020,4843.0
Sulawesi Tengah,J,Informasi dan Komunikasi,ADHK,2021,5255.0
Sulawesi Tengah,J,Informasi dan Komunikasi,ADHK,2022,5505.0
Sulawesi Tengah,J,Informasi dan Komunikasi,ADHK,2023,5881.0
Sulawesi Tengah,J,Informasi dan Komunikasi,ADHK,2024,6167.0
Sulawesi Tengah,K,Jasa Keuangan dan Asuransi,ADHK,2020,2459.0
Sulawesi Tengah,K,Jasa Keuangan dan Asuransi,ADHK,2021,2712.0
Sulawesi Tengah,K,Jasa Keuangan dan Asuransi,ADHK,2022,2684.0
Sulawesi Tengah,K,Jasa Keuangan dan Asuransi,ADHK,2023,2715.0
Sulawesi Tengah,K,Jasa Keuangan dan Asuransi,ADHK,2024,3027.0
Sulawesi Tengah,L,Real Estate,ADHK,2020,1902.0
Sulawesi Tengah,L,Real Estate,ADHK,2021,1948.0
Sulawesi Tengah,L,Real Estate,ADHK,2022,2121.0
Sulawesi Tengah,L,Real Estate,ADHK,2023,2281.0
Sulawesi Tengah,L,Real Estate,ADHK,2024,2387.0
Sulawesi Tengah,"M,N",Jasa Perusahaan,ADHK,2020,255.0
Sulawesi Tengah,"M,N",Jasa Perusahaan,ADHK,2021,263.0
Sulawesi Tengah,"M,N",Jasa Perusahaan,ADHK,2022,281.0
Sulawesi Tengah,"M,N",Jasa Perusahaan,ADHK,2023,297.0
Sulawesi Tengah,"M,N",Jasa Perusahaan,ADHK,2024,312.0
Sulawesi Tengah,O,"Administrasi Pemerintahan, Pertahanan dan Jaminan Sosial Wajib",ADHK,2020,6467.0
Sulawesi Tengah,O,"Administrasi Pemerintahan, Pertahanan dan Jaminan Sosial Wajib",ADHK,2021,6848.0
Sulawesi Tengah,O,"Administrasi Pemerintahan, Pertahanan dan Jaminan Sosial Wajib",ADHK,2022,6835.0
Sulawesi Tengah,O,"Administrasi Pemerintahan, Pertahanan dan Jaminan Sosial Wajib",ADHK,2023,6977.0
Sulawesi Tengah,O,"Administrasi Pemerintahan, Pertahanan dan Jaminan Sosial Wajib",ADHK,2024,7349.0
Sulawesi Tengah,P,Jasa Pendidikan,ADHK,2020,3828.0
Sulawesi Tengah,P,Jasa Pendidikan,ADHK,2021,3858.0
Sulawesi Tengah,P,Jasa Pendidikan,ADHK,2022,3986.0
Sulawesi Tengah,P,Jasa Pendidikan,ADHK,2023,4165.0
Sulawesi Tengah,P,Jasa Pendidikan,ADHK,2024,4325.0
Sulawesi Tengah,Q,Jasa Kesehatan dan Kegiatan Sosial,ADHK,2020,1633.0
Sulawesi Tengah,Q,Jasa Kesehatan dan Kegiatan Sosial,ADHK,2021,1718.0
Sulawesi Tengah,Q,Jasa Kesehatan dan Kegiatan Sosial,ADHK,2022,1759.0
Sulawesi Tengah,Q,Jasa Kesehatan dan Kegiatan Sosial,ADHK,2023,1861.0
Sulawesi Tengah,Q,Jasa Kesehatan dan Kegiatan Sosial,ADHK,2024,1935.0
Sulawesi Tengah,"R,S,T,U",Jasa lainnya,ADHK,2020,825.0
Sulawesi Tengah,"R,S,T,U",Jasa lainnya,ADHK,2021,849.0
Sulawesi Tengah,"R,S,T,U",Jasa lainnya,ADHK,2022,906.0
Sulawesi Tengah,"R,S,T,U",Jasa lainnya,ADHK,2023,960.0
Sulawesi Tengah,"R,S,T,U",Jasa lainnya,ADHK,2024,1000.0
Sulawesi Selatan,A,"Pertanian, Kehutanan, dan Perikanan",ADHB,2020,109460.0
Sulawesi Selatan,A,"Pertanian, Kehutanan, dan Perikanan",ADHB,2021,122835.0
Sulawesi Selatan,A,"Pertanian, Kehutanan, dan Perikanan",ADHB,2022,133923.0
Sulawesi Selatan,A,"Pertanian, Kehutanan, dan Perikanan",ADHB,2023,141545.0
Sulawesi Selatan,A,"Pertanian, Kehutanan, dan Perikanan",ADHB,2024,152048.0
Sulawesi Selatan,B,Pertambangan dan Penggalian,ADHB,2020,23541.0
Sulawesi Selatan,B,Pertambangan dan Penggalian,ADHB,2021,25905.0
Sulawesi Selatan,B,Pertambangan dan Penggalian,ADHB,2022,30875.0
Sulawesi Selatan,B,Pertambangan dan Penggalian,ADHB,2023,33488.0
Sulawesi Selatan,B,Pertambangan dan Penggalian,ADHB,2024,31688.0
Sulawesi Selatan,C,Industri Pengolahan,ADHB,2020,64317.0
Sulawesi Selatan,C,Industri Pengolahan,ADHB,2021,68093.0
Sulawesi Selatan,C,Industri Pengolahan,ADHB,2022,77997.0
Sulawesi Selatan,C,Industri Pengolahan,ADHB,2023,83858.0
Sulawesi Selatan,C,Industri Pengolahan,ADHB,2024,90665.0
Sulawesi Selatan,D,Pengadaan Listrik dan Gas,ADHB,2020,323.0
Sulawesi Selatan,D,Pengadaan Listrik dan Gas,ADHB,2021,368.0
Sulawesi Selatan,D,Pengadaan Listrik dan Gas,ADHB,2022,428.0
Sulawesi Selatan,D,Pengadaan Listrik dan Gas,ADHB,2023,479.0
Sulawesi Selatan,D,Pengadaan Listrik dan Gas,ADHB,2024,499.0
Sulawesi Selatan,E,"Pengadaan Air, Pengelolaan Sampah, Limbah dan Daur Ulang",ADHB,2020,510.0
Sulawesi Selatan,E,"Pengadaan Air, Pengelolaan Sampah, Limbah dan Daur Ulang",ADHB,2021,541.0
Sulawesi Selatan,E,"Pengadaan Air, Pengelolaan Sampah, Limbah dan Daur Ulang",ADHB,2022,592.0
Sulawesi Selatan,E,"Pengadaan Air, Pengelolaan Sampah, Limbah dan Daur Ulang",ADHB,2023,616.0
Sulawesi Selatan,E,"Pengadaan Air, Pengelolaan Sampah, Limbah dan Daur Ulang",ADHB,2024,646.0
Sulawesi Selatan,F,Konstruksi,ADHB,2020,72416.0
Sulawesi Selatan,F,Konstruksi,ADHB,2021,78561.0
Sulawesi Selatan,F,Konstruksi,ADHB,2022,85233.0
Sulawesi Selatan,F,Konstruksi,ADHB,2023,92442.0
Sulawesi Selatan,F,Konstruksi,ADHB,2024,94073.0
Sulawesi Selatan,G,Perdagangan Besar dan Eceran; Reparasi Mobil dan Sepeda Motor,ADHB,2020,72983.0
Sulawesi Selatan,G,Perdagangan Besar dan Eceran; Reparasi Mobil dan Sepeda Motor,ADHB,2021,79491.0
Sulawesi Selatan,G,Perdagangan Besar dan Eceran; Reparasi Mobil dan Sepeda Motor,ADHB,2022,88597.0
Sulawesi Selatan,G,Perdagangan Besar dan Eceran; Reparasi Mobil dan Sepeda Motor,ADHB,2023,95895.0
Sulawesi Selatan,G,Perdagangan Besar dan Eceran; Reparasi Mobil dan Sepeda Motor,ADHB,2024,103079.0
Sulawesi Selatan,H,Transportasi dan Pergudangan,ADHB,2020,15483.0
Sulawesi Selatan,H,Transportasi dan Pergudangan,ADHB,2021,16765.0
Sulawesi Selatan,H,Transportasi dan Pergudangan,ADHB,2022,23912.0
Sulawesi Selatan,H,Transportasi dan Pergudangan,ADHB,2023,29169.0
Sulawesi Selatan,H,Transportasi dan Pergudangan,ADHB,2024,32220.0
Sulawesi Selatan,I,Penyediaan Akomodasi dan Makan Minum,ADHB,2020,6302.0
Sulawesi Selatan,I,Penyediaan Akomodasi dan Makan Minum,ADHB,2021,6566.0
Sulawesi Selatan,I,Penyediaan Akomodasi dan Makan Minum,ADHB,2022,8019.0
Sulawesi Selatan,I,Penyediaan Akomodasi dan Makan Minum,ADHB,2023,8762.0
Sulawesi Selatan,I,Penyediaan Akomodasi dan Makan Minum,ADHB,2024,9497.0
Sulawesi Selatan,J,Informasi dan Komunikasi,ADHB,2020,28310.0
Sulawesi Selatan,J,Informasi dan Komunikasi,ADHB,2021,30297.0
Sulawesi Selatan,J,Informasi dan Komunikasi,ADHB,2022,32346.0
Sulawesi Selatan,J,Informasi dan Komunikasi,ADHB,2023,34921.0
Sulawesi Selatan,J,Informasi dan Komunikasi,ADHB,2024,37619.0
Sulawesi Selatan,K,Jasa Keuangan dan Asuransi,ADHB,2020,18915.0
Sulawesi Selatan,K,Jasa Keuangan dan Asuransi,ADHB,2021,19793.0
Sulawesi Selatan,K,Jasa Keuangan dan Asuransi,ADHB,2022,21675.0
Sulawesi Selatan,K,Jasa Keuangan dan Asuransi,ADHB,2023,23015.0
Sulawesi Selatan,K,Jasa Keuangan dan Asuransi,ADHB,2024,24964.0
Sulawesi Selatan,L,Real Estate,ADHB,2020,19214.0
Sulawesi Selatan,L,Real Estate,ADHB,2021,19748.0
Sulawesi Selatan,L,Real Estate,ADHB,2022,21122.0
Sulawesi Selatan,L,Real Estate,ADHB,2023,22522.0
Sulawesi Selatan,L,Real Estate,ADHB,2024,24348.0
Sulawesi Selatan,"M,N",Jasa Perusahaan,ADHB,2020,2177.0
Sulawesi Selatan,"M,N",Jasa Perusahaan,ADHB,2021,2355.0
Sulawesi Selatan,"M,N",Jasa Perusahaan,ADHB,2022,2809.0
Sulawesi Selatan,"M,N",Jasa Perusahaan,ADHB,2023,3191.0
Sulawesi Selatan,"M,N",Jasa Perusahaan,ADHB,2024,3462.0
Sulawesi Selatan,O,"Administrasi Pemerintahan, Pertahanan dan Jaminan Sosial Wajib",ADHB,2020,23749.0
Sulawesi Selatan,O,"Administrasi Pemerintahan, Pertahanan dan Jaminan Sosial Wajib",ADHB,2021,24454.0
Sulawesi Selatan,O,"Administrasi Pemerintahan, Pertahanan dan Jaminan Sosial Wajib",ADHB,2022,24942.0
Sulawesi Selatan,O,"Administrasi Pemerintahan, Pertahanan dan Jaminan Sosial Wajib",ADHB,2023,26166.0
Sulawesi Selatan,O,"Administrasi Pemerintahan, Pertahanan dan Jaminan Sosial Wajib",ADHB,2024,27943.0
Sulawesi Selatan,P,Jasa Pendidikan,ADHB,2020,28238.0
Sulawesi Selatan,P,Jasa Pendidikan,ADHB,2021,29215.0
Sulawesi Selatan,P,Jasa Pendidikan,ADHB,2022,30607.0
Sulawesi Selatan,P,Jasa Pendidikan,ADHB,2023,32012.0
Sulawesi Selatan,P,Jasa Pendidikan,ADHB,2024,35046.0
Sulawesi Selatan,Q,Jasa Kesehatan dan Kegiatan Sosial,ADHB,2020,11635.0
Sulawesi Selatan,Q,Jasa Kesehatan dan Kegiatan Sosial,ADHB,2021,12802.0
Sulawesi Selatan,Q,Jasa Kesehatan dan Kegiatan Sosial,ADHB,2022,14045.0
Sulawesi Selatan,Q,Jasa Kesehatan dan Kegiatan Sosial,ADHB,2023,15353.0
Sulawesi Selatan,Q,Jasa Kesehatan dan Kegiatan Sosial,ADHB,2024,17811.0
Sulawesi Selatan,"R,S,T,U",Jasa lainnya,ADHB,2020,6481.0
Sulawesi Selatan,"R,S,T,U",Jasa lainnya,ADHB,2021,7070.0
Sulawesi Selatan,"R,S,T,U",Jasa lainnya,ADHB,2022,8053.0
Sulawesi Selatan,"R,S,T,U",Jasa lainnya,ADHB,2023,9214.0
Sulawesi Selatan,"R,S,T,U",Jasa lainnya,ADHB,2024,10646.0
Sulawesi Selatan,A,"Pertanian, Kehutanan, dan Perikanan",ADHK,2020,66140.0
Sulawesi Selatan,A,"Pertanian, Kehutanan, dan Perikanan",ADHK,2021,70358.0
Sulawesi Selatan,A,"Pertanian, Kehutanan, dan Perikanan",ADHK,2022,72163.0
Sulawesi Selatan,A,"Pertanian, Kehutanan, dan Perikanan",ADHK,2023,72226.0
Sulawesi Selatan,A,"Pertanian, Kehutanan, dan Perikanan",ADHK,2024,75167.0
Sulawesi Selatan,B,Pertambangan dan Penggalian,ADHK,2020,17331.0
Sulawesi Selatan,B,Pertambangan dan Penggalian,ADHK,2021,17228.0
Sulawesi Selatan,B,Pertambangan dan Penggalian,ADHK,2022,17284.0
Sulawesi Selatan,B,Pertambangan dan Penggalian,ADHK,2023,19639.0
Sulawesi Selatan,B,Pertambangan dan Penggalian,ADHK,2024,20128.0
Sulawesi Selatan,C,Industri Pengolahan,ADHK,2020,42782.0
Sulawesi Selatan,C,Industri Pengolahan,ADHK,2021,44075.0
Sulawesi Selatan,C,Industri Pengolahan,ADHK,2022,48363.0
Sulawesi Selatan,C,Industri Pengolahan,ADHK,2023,50445.0
Sulawesi Selatan,C,Industri Pengolahan,ADHK,2024,52887.0
Sulawesi Selatan,D,Pengadaan Listrik dan Gas,ADHK,2020,319.0
Sulawesi Selatan,D,Pengadaan Listrik dan Gas,ADHK,2021,353.0
Sulawesi Selatan,D,Pengadaan Listrik dan Gas,ADHK,2022,405.0
Sulawesi Selatan,D,Pengadaan Listrik dan Gas,ADHK,2023,440.0
Sulawesi Selatan,D,Pengadaan Listrik dan Gas,ADHK,2024,447.0
Sulawesi Selatan,E,"Pengadaan Air, Pengelolaan Sampah, Limbah dan Daur Ulang",ADHK,2020,394.0
Sulawesi Selatan,E,"Pengadaan Air, Pengelolaan Sampah, Limbah dan Daur Ulang",ADHK,2021,410.0
Sulawesi Selatan,E,"Pengadaan Air, Pengelolaan Sampah, Limbah dan Daur Ulang",ADHK,2022,437.0
Sulawesi Selatan,E,"Pengadaan Air, Pengelolaan Sampah, Limbah dan Daur Ulang",ADHK,2023,450.0
Sulawesi Selatan,E,"Pengadaan Air, Pengelolaan Sampah, Limbah dan Daur Ulang",ADHK,2024,472.0
Sulawesi Selatan,F,Konstruksi,ADHK,2020,41875.0
Sulawesi Selatan,F,Konstruksi,ADHK,2021,43610.0
Sulawesi Selatan,F,Konstruksi,ADHK,2022,44304.0
Sulawesi Selatan,F,Konstruksi,ADHK,2023,46609.0
Sulawesi Selatan,F,Konstruksi,ADHK,2024,47095.0
Sulawesi Selatan,G,Perdagangan Besar dan Eceran; Reparasi Mobil dan Sepeda Motor,ADHK,2020,49799.0
Sulawesi Selatan,G,Perdagangan Besar dan Eceran; Reparasi Mobil dan Sepeda Motor,ADHK,2021,53035.0
Sulawesi Selatan,G,Perdagangan Besar dan Eceran; Reparasi Mobil dan Sepeda Motor,ADHK,2022,56510.0
Sulawesi Selatan,G,Perdagangan Besar dan Eceran; Reparasi Mobil dan Sepeda Motor,ADHK,2023,59196.0
Sulawesi Selatan,G,Perdagangan Besar dan Eceran; Reparasi Mobil dan Sepeda Motor,ADHK,2024,62512.0
Sulawesi Selatan,H,Transportasi dan Pergudangan,ADHK,2020,9411.0
Sulawesi Selatan,H,Transportasi dan Pergudangan,ADHK,2021,9901.0
Sulawesi Selatan,H,Transportasi dan Pergudangan,ADHK,2022,12000.0
Sulawesi Selatan,H,Transportasi dan Pergudangan,ADHK,2023,13024.0
Sulawesi Selatan,H,Transportasi dan Pergudangan,ADHK,2024,13687.0
Sulawesi Selatan,I,Penyediaan Akomodasi dan Makan Minum,ADHK,2020,4237.0
Sulawesi Selatan,I,Penyediaan Akomodasi dan Makan Minum,ADHK,2021,4362.0
Sulawesi Selatan,I,Penyediaan Akomodasi dan Makan Minum,ADHK,2022,5153.0
Sulawesi Selatan,I,Penyediaan Akomodasi dan Makan Minum,ADHK,2023,5499.0
Sulawesi Selatan,I,Penyediaan Akomodasi dan Makan Minum,ADHK,2024,5848.0
Sulawesi Selatan,J,Informasi dan Komunikasi,ADHK,2020,25870.0
Sulawesi Selatan,J,Informasi dan Komunikasi,ADHK,2021,27522.0
Sulawesi Selatan,J,Informasi dan Komunikasi,ADHK,2022,28966.0
Sulawesi Selatan,J,Informasi dan Komunikasi,ADHK,2023,30953.0
Sulawesi Selatan,J,Informasi dan Komunikasi,ADHK,2024,33097.0
Sulawesi Selatan,K,Jasa Keuangan dan Asuransi,ADHK,2020,11458.0
Sulawesi Selatan,K,Jasa Keuangan dan Asuransi,ADHK,2021,11588.0
Sulawesi Selatan,K,Jasa Keuangan dan Asuransi,ADHK,2022,11721.0
Sulawesi Selatan,K,Jasa Keuangan dan Asuransi,ADHK,2023,12062.0
Sulawesi Selatan,K,Jasa Keuangan dan Asuransi,ADHK,2024,12848.0
Sulawesi Selatan,L,Real Estate,ADHK,2020,11704.0
Sulawesi Selatan,L,Real Estate,ADHK,2021,12005.0
Sulawesi Selatan,L,Real Estate,ADHK,2022,12469.0
Sulawesi Selatan,L,Real Estate,ADHK,2023,13094.0
Sulawesi Selatan,L,Real Estate,ADHK,2024,13887.0
Sulawesi Selatan,"M,N",Jasa Perusahaan,ADHK,2020,1356.0
Sulawesi Selatan,"M,N",Jasa Perusahaan,ADHK,2021,1440.0
Sulawesi Selatan,"M,N",Jasa Perusahaan,ADHK,2022,1644.0
Sulawesi Selatan,"M,N",Jasa Perusahaan,ADHK,2023,1797.0
Sulawesi Selatan,"M,N",Jasa Perusahaan,ADHK,2024,1912.0
Sulawesi Selatan,O,"Administrasi Pemerintahan, Pertahanan dan Jaminan Sosial Wajib",ADHK,2020,14417.0
Sulawesi Selatan,O,"Administrasi Pemerintahan, Pertahanan dan Jaminan Sosial Wajib",ADHK,2021,14838.0
Sulawesi Selatan,O,"Administrasi Pemerintahan, Pertahanan dan Jaminan Sosial Wajib",ADHK,2022,15133.0
Sulawesi Selatan,O,"Administrasi Pemerintahan, Pertahanan dan Jaminan Sosial Wajib",ADHK,2023,15641.0
Sulawesi Selatan,O,"Administrasi Pemerintahan, Pertahanan dan Jaminan Sosial Wajib",ADHK,2024,16329.0
Sulawesi Selatan,P,Jasa Pendidikan,ADHK,2020,19465.0
Sulawesi Selatan,P,Jasa Pendidikan,ADHK,2021,20179.0
Sulawesi Selatan,P,Jasa Pendidikan,ADHK,2022,20750.0
Sulawesi Selatan,P,Jasa Pendidikan,ADHK,2023,21330.0
Sulawesi Selatan,P,Jasa Pendidikan,ADHK,2024,22956.0
Sulawesi Selatan,Q,Jasa Kesehatan dan Kegiatan Sosial,ADHK,2020,7383.0
Sulawesi Selatan,Q,Jasa Kesehatan dan Kegiatan Sosial,ADHK,2021,7956.0
Sulawesi Selatan,Q,Jasa Kesehatan dan Kegiatan Sosial,ADHK,2022,8644.0
Sulawesi Selatan,Q,Jasa Kesehatan dan Kegiatan Sosial,ADHK,2023,9278.0
Sulawesi Selatan,Q,Jasa Kesehatan dan Kegiatan Sosial,ADHK,2024,10541.0
Sulawesi Selatan,"R,S,T,U",Jasa lainnya,ADHK,2020,4215.0
Sulawesi Selatan,"R,S,T,U",Jasa lainnya,ADHK,2021,4534.0
Sulawesi Selatan,"R,S,T,U",Jasa lainnya,ADHK,2022,4967.0
Sulawesi Selatan,"R,S,T,U",Jasa lainnya,ADHK,2023,5525.0
Sulawesi Selatan,"R,S,T,U",Jasa lainnya,ADHK,2024,6330.0
Sulawesi Tenggara,A,"Pertanian, Kehutanan, dan Perikanan",ADHB,2020,31395.0
Sulawesi Tenggara,A,"Pertanian, Kehutanan, dan Perikanan",ADHB,2021,32925.0
Sulawesi Tenggara,A,"Pertanian, Kehutanan, dan Perikanan",ADHB,2022,36964.0
Sulawesi Tenggara,A,"Pertanian, Kehutanan, dan Perikanan",ADHB,2023,40544.0
Sulawesi Tenggara,A,"Pertanian, Kehutanan, dan Perikanan",ADHB,2024,44495.0
Sulawesi Tenggara,B,Pertambangan dan Penggalian,ADHB,2020,25749.0
Sulawesi Tenggara,B,Pertambangan dan Penggalian,ADHB,2021,26989.0
Sulawesi Tenggara,B,Pertambangan dan Penggalian,ADHB,2022,32163.0
Sulawesi Tenggara,B,Pertambangan dan Penggalian,ADHB,2023,37767.0
Sulawesi Tenggara,B,Pertambangan dan Penggalian,ADHB,2024,40028.0
Sulawesi Tenggara,C,Industri Pengolahan,ADHB,2020,9430.0
Sulawesi Tenggara,C,Industri Pengolahan,ADHB,2021,10641.0
Sulawesi Tenggara,C,Industri Pengolahan,ADHB,2022,13283.0
Sulawesi Tenggara,C,Industri Pengolahan,ADHB,2023,15455.0
Sulawesi Tenggara,C,Industri Pengolahan,ADHB,2024,17805.0
Sulawesi Tenggara,D,Pengadaan Listrik dan Gas,ADHB,2020,51.0
Sulawesi Tenggara,D,Pengadaan Listrik dan Gas,ADHB,2021,56.0
Sulawesi Tenggara,D,Pengadaan Listrik dan Gas,ADHB,2022,64.0
Sulawesi Tenggara,D,Pengadaan Listrik dan Gas,ADHB,2023,69.0
Sulawesi Tenggara,D,Pengadaan Listrik dan Gas,ADHB,2024,71.0
Sulawesi Tenggara,E,"Pengadaan Air, Pengelolaan Sampah, Limbah dan Daur Ulang",ADHB,2020,224.0
Sulawesi Tenggara,E,"Pengadaan Air, Pengelolaan Sampah, Limbah dan Daur Ulang",ADHB,2021,231.0
Sulawesi Tenggara,E,"Pengadaan Air, Pengelolaan Sampah, Limbah dan Daur Ulang",ADHB,2022,236.0
Sulawesi Tenggara,E,"Pengadaan Air, Pengelolaan Sampah, Limbah dan Daur Ulang",ADHB,2023,252.0
Sulawesi Tenggara,E,"Pengadaan Air, Pengelolaan Sampah, Limbah dan Daur Ulang",ADHB,2024,257.0
Sulawesi Tenggara,F,Konstruksi,ADHB,2020,17668.0
Sulawesi Tenggara,F,Konstruksi,ADHB,2021,20244.0
Sulawesi Tenggara,F,Konstruksi,ADHB,2022,21512.0
Sulawesi Tenggara,F,Konstruksi,ADHB,2023,22238.0
Sulawesi Tenggara,F,Konstruksi,ADHB,2024,23018.0
Sulawesi Tenggara,G,Perdagangan Besar dan Eceran; Reparasi Mobil dan Sepeda Motor,ADHB,2020,16319.0
Sulawesi Tenggara,G,Perdagangan Besar dan Eceran; Reparasi Mobil dan Sepeda Motor,ADHB,2021,17822.0
Sulawesi Tenggara,G,Perdagangan Besar dan Eceran; Reparasi Mobil dan Sepeda Motor,ADHB,2022,20360.0
Sulawesi Tenggara,G,Perdagangan Besar dan Eceran; Reparasi Mobil dan Sepeda Motor,ADHB,2023,22398.0
Sulawesi Tenggara,G,Perdagangan Besar dan Eceran; Reparasi Mobil dan Sepeda Motor,ADHB,2024,23733.0
Sulawesi Tenggara,H,Transportasi dan Pergudangan,ADHB,2020,5299.0
Sulawesi Tenggara,H,Transportasi dan Pergudangan,ADHB,2021,5328.0
Sulawesi Tenggara,H,Transportasi dan Pergudangan,ADHB,2022,6879.0
Sulawesi Tenggara,H,Transportasi dan Pergudangan,ADHB,2023,8122.0
Sulawesi Tenggara,H,Transportasi dan Pergudangan,ADHB,2024,8597.0
Sulawesi Tenggara,I,Penyediaan Akomodasi dan Makan Minum,ADHB,2020,710.0
Sulawesi Tenggara,I,Penyediaan Akomodasi dan Makan Minum,ADHB,2021,745.0
Sulawesi Tenggara,I,Penyediaan Akomodasi dan Makan Minum,ADHB,2022,827.0
Sulawesi Tenggara,I,Penyediaan Akomodasi dan Makan Minum,ADHB,2023,885.0
Sulawesi Tenggara,I,Penyediaan Akomodasi dan Makan Minum,ADHB,2024,945.0
Sulawesi Tenggara,J,Informasi dan Komunikasi,ADHB,2020,2469.0
Sulawesi Tenggara,J,Informasi dan Komunikasi,ADHB,2021,2458.0
Sulawesi Tenggara,J,Informasi dan Komunikasi,ADHB,2022,2683.0
Sulawesi Tenggara,J,Informasi dan Komunikasi,ADHB,2023,2825.0
Sulawesi Tenggara,J,Informasi dan Komunikasi,ADHB,2024,3017.0
Sulawesi Tenggara,K,Jasa Keuangan dan Asuransi,ADHB,2020,3114.0
Sulawesi Tenggara,K,Jasa Keuangan dan Asuransi,ADHB,2021,3489.0
Sulawesi Tenggara,K,Jasa Keuangan dan Asuransi,ADHB,2022,3850.0
Sulawesi Tenggara,K,Jasa Keuangan dan Asuransi,ADHB,2023,4158.0
Sulawesi Tenggara,K,Jasa Keuangan dan Asuransi,ADHB,2024,4204.0
Sulawesi Tenggara,L,Real Estate,ADHB,2020,1749.0
Sulawesi Tenggara,L,Real Estate,ADHB,2021,1810.0
Sulawesi Tenggara,L,Real Estate,ADHB,2022,1934.0
Sulawesi Tenggara,L,Real Estate,ADHB,2023,1990.0
Sulawesi Tenggara,L,Real Estate,ADHB,2024,2086.0
Sulawesi Tenggara,"M,N",Jasa Perusahaan,ADHB,2020,258.0
Sulawesi Tenggara,"M,N",Jasa Perusahaan,ADHB,2021,268.0
Sulawesi Tenggara,"M,N",Jasa Perusahaan,ADHB,2022,317.0
Sulawesi Tenggara,"M,N",Jasa Perusahaan,ADHB,2023,352.0
Sulawesi Tenggara,"M,N",Jasa Perusahaan,ADHB,2024,385.0
Sulawesi Tenggara,O,"Administrasi Pemerintahan, Pertahanan dan Jaminan Sosial Wajib",ADHB,2020,6737.0
Sulawesi Tenggara,O,"Administrasi Pemerintahan, Pertahanan dan Jaminan Sosial Wajib",ADHB,2021,6955.0
Sulawesi Tenggara,O,"Administrasi Pemerintahan, Pertahanan dan Jaminan Sosial Wajib",ADHB,2022,7301.0
Sulawesi Tenggara,O,"Administrasi Pemerintahan, Pertahanan dan Jaminan Sosial Wajib",ADHB,2023,7780.0
Sulawesi Tenggara,O,"Administrasi Pemerintahan, Pertahanan dan Jaminan Sosial Wajib",ADHB,2024,8912.0
Sulawesi Tenggara,P,Jasa Pendidikan,ADHB,2020,6071.0
Sulawesi Tenggara,P,Jasa Pendidikan,ADHB,2021,6458.0
Sulawesi Tenggara,P,Jasa Pendidikan,ADHB,2022,7147.0
Sulawesi Tenggara,P,Jasa Pendidikan,ADHB,2023,7803.0
Sulawesi Tenggara,P,Jasa Pendidikan,ADHB,2024,8269.0
Sulawesi Tenggara,Q,Jasa Kesehatan dan Kegiatan Sosial,ADHB,2020,1303.0
Sulawesi Tenggara,Q,Jasa Kesehatan dan Kegiatan Sosial,ADHB,2021,1421.0
Sulawesi Tenggara,Q,Jasa Kesehatan dan Kegiatan Sosial,ADHB,2022,1476.0
Sulawesi Tenggara,Q,Jasa Kesehatan dan Kegiatan Sosial,ADHB,2023,1510.0
Sulawesi Tenggara,Q,Jasa Kesehatan dan Kegiatan Sosial,ADHB,2024,1597.0
Sulawesi Tenggara,"R,S,T,U",Jasa lainnya,ADHB,2020,1559.0
Sulawesi Tenggara,"R,S,T,U",Jasa lainnya,ADHB,2021,1637.0
Sulawesi Tenggara,"R,S,T,U",Jasa lainnya,ADHB,2022,1805.0
Sulawesi Tenggara,"R,S,T,U",Jasa lainnya,ADHB,2023,2029.0
Sulawesi Tenggara,"R,S,T,U",Jasa lainnya,ADHB,2024,2062.0
Sulawesi Tenggara,A,"Pertanian, Kehutanan, dan Perikanan",ADHK,2020,21728.0
Sulawesi Tenggara,A,"Pertanian, Kehutanan, dan Perikanan",ADHK,2021,22247.0
Sulawesi Tenggara,A,"Pertanian, Kehutanan, dan Perikanan",ADHK,2022,23755.0
Sulawesi Tenggara,A,"Pertanian, Kehutanan, dan Perikanan",ADHK,2023,24780.0
Sulawesi Tenggara,A,"Pertanian, Kehutanan, dan Perikanan",ADHK,2024,25735.0
Sulawesi Tenggara,B,Pertambangan dan Penggalian,ADHK,2020,18505.0
Sulawesi Tenggara,B,Pertambangan dan Penggalian,ADHK,2021,18559.0
Sulawesi Tenggara,B,Pertambangan dan Penggalian,ADHK,2022,18838.0
Sulawesi Tenggara,B,Pertambangan dan Penggalian,ADHK,2023,20347.0
Sulawesi Tenggara,B,Pertambangan dan Penggalian,ADHK,2024,21617.0
Sulawesi Tenggara,C,Industri Pengolahan,ADHK,2020,6709.0
Sulawesi Tenggara,C,Industri Pengolahan,ADHK,2021,7137.0
Sulawesi Tenggara,C,Industri Pengolahan,ADHK,2022,8337.0
Sulawesi Tenggara,C,Industri Pengolahan,ADHK,2023,9404.0
Sulawesi Tenggara,C,Industri Pengolahan,ADHK,2024,10625.0
Sulawesi Tenggara,D,Pengadaan Listrik dan Gas,ADHK,2020,47.0
Sulawesi Tenggara,D,Pengadaan Listrik dan Gas,ADHK,2021,51.0
Sulawesi Tenggara,D,Pengadaan Listrik dan Gas,ADHK,2022,55.0
Sulawesi Tenggara,D,Pengadaan Listrik dan Gas,ADHK,2023,58.0
Sulawesi Tenggara,D,Pengadaan Listrik dan Gas,ADHK,2024,60.0
Sulawesi Tenggara,E,"Pengadaan Air, Pengelolaan Sampah, Limbah dan Daur Ulang",ADHK,2020,177.0
Sulawesi Tenggara,E,"Pengadaan Air, Pengelolaan Sampah, Limbah dan Daur Ulang",ADHK,2021,181.0
Sulawesi Tenggara,E,"Pengadaan Air, Pengelolaan Sampah, Limbah dan Daur Ulang",ADHK,2022,178.0
Sulawesi Tenggara,E,"Pengadaan Air, Pengelolaan Sampah, Limbah dan Daur Ulang",ADHK,2023,187.0
Sulawesi Tenggara,E,"Pengadaan Air, Pengelolaan Sampah, Limbah dan Daur Ulang",ADHK,2024,185.0
Sulawesi Tenggara,F,Konstruksi,ADHK,2020,12010.0
Sulawesi Tenggara,F,Konstruksi,ADHK,2021,13227.0
Sulawesi Tenggara,F,Konstruksi,ADHK,2022,13198.0
Sulawesi Tenggara,F,Konstruksi,ADHK,2023,13204.0
Sulawesi Tenggara,F,Konstruksi,ADHK,2024,13570.0
Sulawesi Tenggara,G,Perdagangan Besar dan Eceran; Reparasi Mobil dan Sepeda Motor,ADHK,2020,11677.0
Sulawesi Tenggara,G,Perdagangan Besar dan Eceran; Reparasi Mobil dan Sepeda Motor,ADHK,2021,12607.0
Sulawesi Tenggara,G,Perdagangan Besar dan Eceran; Reparasi Mobil dan Sepeda Motor,ADHK,2022,13588.0
Sulawesi Tenggara,G,Perdagangan Besar dan Eceran; Reparasi Mobil dan Sepeda Motor,ADHK,2023,14262.0
Sulawesi Tenggara,G,Perdagangan Besar dan Eceran; Reparasi Mobil dan Sepeda Motor,ADHK,2024,14791.0
Sulawesi Tenggara,H,Transportasi dan Pergudangan,ADHK,2020,4164.0
Sulawesi Tenggara,H,Transportasi dan Pergudangan,ADHK,2021,4170.0
Sulawesi Tenggara,H,Transportasi dan Pergudangan,ADHK,2022,4595.0
Sulawesi Tenggara,H,Transportasi dan Pergudangan,ADHK,2023,4835.0
Sulawesi Tenggara,H,Transportasi dan Pergudangan,ADHK,2024,5044.0
Sulawesi Tenggara,I,Penyediaan Akomodasi dan Makan Minum,ADHK,2020,519.0
Sulawesi Tenggara,I,Penyediaan Akomodasi dan Makan Minum,ADHK,2021,541.0
Sulawesi Tenggara,I,Penyediaan Akomodasi dan Makan Minum,ADHK,2022,587.0
Sulawesi Tenggara,I,Penyediaan Akomodasi dan Makan Minum,ADHK,2023,617.0
Sulawesi Tenggara,I,Penyediaan Akomodasi dan Makan Minum,ADHK,2024,643.0
Sulawesi Tenggara,J,Informasi dan Komunikasi,ADHK,2020,2529.0
Sulawesi Tenggara,J,Informasi dan Komunikasi,ADHK,2021,2621.0
Sulawesi Tenggara,J,Informasi dan Komunikasi,ADHK,2022,2864.0
Sulawesi Tenggara,J,Informasi dan Komunikasi,ADHK,2023,3030.0
Sulawesi Tenggara,J,Informasi dan Komunikasi,ADHK,2024,3267.0
Sulawesi Tenggara,K,Jasa Keuangan dan Asuransi,ADHK,2020,2151.0
Sulawesi Tenggara,K,Jasa Keuangan dan Asuransi,ADHK,2021,2299.0
Sulawesi Tenggara,K,Jasa Keuangan dan Asuransi,ADHK,2022,2366.0
Sulawesi Tenggara,K,Jasa Keuangan dan Asuransi,ADHK,2023,2516.0
Sulawesi Tenggara,K,Jasa Keuangan dan Asuransi,ADHK,2024,2516.0
Sulawesi Tenggara,L,Real Estate,ADHK,2020,1386.0
Sulawesi Tenggara,L,Real Estate,ADHK,2021,1425.0
Sulawesi Tenggara,L,Real Estate,ADHK,2022,1458.0
Sulawesi Tenggara,L,Real Estate,ADHK,2023,1471.0
Sulawesi Tenggara,L,Real Estate,ADHK,2024,1535.0
Sulawesi Tenggara,"M,N",Jasa Perusahaan,ADHK,2020,190.0
Sulawesi Tenggara,"M,N",Jasa Perusahaan,ADHK,2021,193.0
Sulawesi Tenggara,"M,N",Jasa Perusahaan,ADHK,2022,217.0
Sulawesi Tenggara,"M,N",Jasa Perusahaan,ADHK,2023,229.0
Sulawesi Tenggara,"M,N",Jasa Perusahaan,ADHK,2024,246.0
Sulawesi Tenggara,O,"Administrasi Pemerintahan, Pertahanan dan Jaminan Sosial Wajib",ADHK,2020,4747.0
Sulawesi Tenggara,O,"Administrasi Pemerintahan, Pertahanan dan Jaminan Sosial Wajib",ADHK,2021,4838.0
Sulawesi Tenggara,O,"Administrasi Pemerintahan, Pertahanan dan Jaminan Sosial Wajib",ADHK,2022,5062.0
Sulawesi Tenggara,O,"Administrasi Pemerintahan, Pertahanan dan Jaminan Sosial Wajib",ADHK,2023,5301.0
Sulawesi Tenggara,O,"Administrasi Pemerintahan, Pertahanan dan Jaminan Sosial Wajib",ADHK,2024,5936.0
Sulawesi Tenggara,P,Jasa Pendidikan,ADHK,2020,4648.0
Sulawesi Tenggara,P,Jasa Pendidikan,ADHK,2021,4818.0
Sulawesi Tenggara,P,Jasa Pendidikan,ADHK,2022,5076.0
Sulawesi Tenggara,P,Jasa Pendidikan,ADHK,2023,5296.0
Sulawesi Tenggara,P,Jasa Pendidikan,ADHK,2024,5504.0
Sulawesi Tenggara,Q,Jasa Kesehatan dan Kegiatan Sosial,ADHK,2020,992.0
Sulawesi Tenggara,Q,Jasa Kesehatan dan Kegiatan Sosial,ADHK,2021,1066.0
Sulawesi Tenggara,Q,Jasa Kesehatan dan Kegiatan Sosial,ADHK,2022,1091.0
Sulawesi Tenggara,Q,Jasa Kesehatan dan Kegiatan Sosial,ADHK,2023,1097.0
Sulawesi Tenggara,Q,Jasa Kesehatan dan Kegiatan Sosial,ADHK,2024,1156.0
Sulawesi Tenggara,"R,S,T,U",Jasa lainnya,ADHK,2020,1265.0
Sulawesi Tenggara,"R,S,T,U",Jasa lainnya,ADHK,2021,1296.0
Sulawesi Tenggara,"R,S,T,U",Jasa lainnya,ADHK,2022,1392.0
Sulawesi Tenggara,"R,S,T,U",Jasa lainnya,ADHK,2023,1519.0
Sulawesi Tenggara,"R,S,T,U",Jasa lainnya,ADHK,2024,1559.0
Gorontalo,A,"Pertanian, Kehutanan, dan Perikanan",ADHB,2020,16188.0
Gorontalo,A,"Pertanian, Kehutanan, dan Perikanan",ADHB,2021,17082.0
Gorontalo,A,"Pertanian, Kehutanan, dan Perikanan",ADHB,2022,18073.0
Gorontalo,A,"Pertanian, Kehutanan, dan Perikanan",ADHB,2023,19387.0
Gorontalo,A,"Pertanian, Kehutanan, dan Perikanan",ADHB,2024,20344.0
Gorontalo,B,Pertambangan dan Penggalian,ADHB,2020,468.0
Gorontalo,B,Pertambangan dan Penggalian,ADHB,2021,483.0
Gorontalo,B,Pertambangan dan Penggalian,ADHB,2022,519.0
Gorontalo,B,Pertambangan dan Penggalian,ADHB,2023,562.0
Gorontalo,B,Pertambangan dan Penggalian,ADHB,2024,609.0
Gorontalo,C,Industri Pengolahan,ADHB,2020,1800.0
Gorontalo,C,Industri Pengolahan,ADHB,2021,1936.0
Gorontalo,C,Industri Pengolahan,ADHB,2022,2171.0
Gorontalo,C,Industri Pengolahan,ADHB,2023,2274.0
Gorontalo,C,Industri Pengolahan,ADHB,2024,2397.0
Gorontalo,D,Pengadaan Listrik dan Gas,ADHB,2020,21.0
Gorontalo,D,Pengadaan Listrik dan Gas,ADHB,2021,22.0
Gorontalo,D,Pengadaan Listrik dan Gas,ADHB,2022,24.0
Gorontalo,D,Pengadaan Listrik dan Gas,ADHB,2023,26.0
Gorontalo,D,Pengadaan Listrik dan Gas,ADHB,2024,26.0
Gorontalo,E,"Pengadaan Air, Pengelolaan Sampah, Limbah dan Daur Ulang",ADHB,2020,26.0
Gorontalo,E,"Pengadaan Air, Pengelolaan Sampah, Limbah dan Daur Ulang",ADHB,2021,27.0
Gorontalo,E,"Pengadaan Air, Pengelolaan Sampah, Limbah dan Daur Ulang",ADHB,2022,28.0
Gorontalo,E,"Pengadaan Air, Pengelolaan Sampah, Limbah dan Daur Ulang",ADHB,2023,29.0
Gorontalo,E,"Pengadaan Air, Pengelolaan Sampah, Limbah dan Daur Ulang",ADHB,2024,31.0
Gorontalo,F,Konstruksi,ADHB,2020,4399.0
Gorontalo,F,Konstruksi,ADHB,2021,4597.0
Gorontalo,F,Konstruksi,ADHB,2022,5190.0
Gorontalo,F,Konstruksi,ADHB,2023,5717.0
Gorontalo,F,Konstruksi,ADHB,2024,6186.0
Gorontalo,G,Perdagangan Besar dan Eceran; Reparasi Mobil dan Sepeda Motor,ADHB,2020,5100.0
Gorontalo,G,Perdagangan Besar dan Eceran; Reparasi Mobil dan Sepeda Motor,ADHB,2021,5387.0
Gorontalo,G,Perdagangan Besar dan Eceran; Reparasi Mobil dan Sepeda Motor,ADHB,2022,6220.0
Gorontalo,G,Perdagangan Besar dan Eceran; Reparasi Mobil dan Sepeda Motor,ADHB,2023,7075.0
Gorontalo,G,Perdagangan Besar dan Eceran; Reparasi Mobil dan Sepeda Motor,ADHB,2024,7757.0
Gorontalo,H,Transportasi dan Pergudangan,ADHB,2020,2246.0
Gorontalo,H,Transportasi dan Pergudangan,ADHB,2021,2325.0
Gorontalo,H,Transportasi dan Pergudangan,ADHB,2022,2669.0
Gorontalo,H,Transportasi dan Pergudangan,ADHB,2023,3040.0
Gorontalo,H,Transportasi dan Pergudangan,ADHB,2024,3296.0
Gorontalo,I,Penyediaan Akomodasi dan Makan Minum,ADHB,2020,964.0
Gorontalo,I,Penyediaan Akomodasi dan Makan Minum,ADHB,2021,1009.0
Gorontalo,I,Penyediaan Akomodasi dan Makan Minum,ADHB,2022,1076.0
Gorontalo,I,Penyediaan Akomodasi dan Makan Minum,ADHB,2023,1156.0
Gorontalo,I,Penyediaan Akomodasi dan Makan Minum,ADHB,2024,1250.0
Gorontalo,J,Informasi dan Komunikasi,ADHB,2020,1145.0
Gorontalo,J,Informasi dan Komunikasi,ADHB,2021,1184.0
Gorontalo,J,Informasi dan Komunikasi,ADHB,2022,1286.0
Gorontalo,J,Informasi dan Komunikasi,ADHB,2023,1371.0
Gorontalo,J,Informasi dan Komunikasi,ADHB,2024,1463.0
Gorontalo,K,Jasa Keuangan dan Asuransi,ADHB,2020,1870.0
Gorontalo,K,Jasa Keuangan dan Asuransi,ADHB,2021,2141.0
Gorontalo,K,Jasa Keuangan dan Asuransi,ADHB,2022,2192.0
Gorontalo,K,Jasa Keuangan dan Asuransi,ADHB,2023,2070.0
Gorontalo,K,Jasa Keuangan dan Asuransi,ADHB,2024,2123.0
Gorontalo,L,Real Estate,ADHB,2020,779.0
Gorontalo,L,Real Estate,ADHB,2021,756.0
Gorontalo,L,Real Estate,ADHB,2022,821.0
Gorontalo,L,Real Estate,ADHB,2023,820.0
Gorontalo,L,Real Estate,ADHB,2024,863.0
Gorontalo,"M,N",Jasa Perusahaan,ADHB,2020,36.0
Gorontalo,"M,N",Jasa Perusahaan,ADHB,2021,38.0
Gorontalo,"M,N",Jasa Perusahaan,ADHB,2022,43.0
Gorontalo,"M,N",Jasa Perusahaan,ADHB,2023,42.0
Gorontalo,"M,N",Jasa Perusahaan,ADHB,2024,43.0
Gorontalo,O,"Administrasi Pemerintahan, Pertahanan dan Jaminan Sosial Wajib",ADHB,2020,2628.0
Gorontalo,O,"Administrasi Pemerintahan, Pertahanan dan Jaminan Sosial Wajib",ADHB,2021,2645.0
Gorontalo,O,"Administrasi Pemerintahan, Pertahanan dan Jaminan Sosial Wajib",ADHB,2022,2803.0
Gorontalo,O,"Administrasi Pemerintahan, Pertahanan dan Jaminan Sosial Wajib",ADHB,2023,2985.0
Gorontalo,O,"Administrasi Pemerintahan, Pertahanan dan Jaminan Sosial Wajib",ADHB,2024,3140.0
Gorontalo,P,Jasa Pendidikan,ADHB,2020,1948.0
Gorontalo,P,Jasa Pendidikan,ADHB,2021,2018.0
Gorontalo,P,Jasa Pendidikan,ADHB,2022,2124.0
Gorontalo,P,Jasa Pendidikan,ADHB,2023,2250.0
Gorontalo,P,Jasa Pendidikan,ADHB,2024,2277.0
Gorontalo,Q,Jasa Kesehatan dan Kegiatan Sosial,ADHB,2020,1529.0
Gorontalo,Q,Jasa Kesehatan dan Kegiatan Sosial,ADHB,2021,1642.0
Gorontalo,Q,Jasa Kesehatan dan Kegiatan Sosial,ADHB,2022,1712.0
Gorontalo,Q,Jasa Kesehatan dan Kegiatan Sosial,ADHB,2023,1897.0
Gorontalo,Q,Jasa Kesehatan dan Kegiatan Sosial,ADHB,2024,2050.0
Gorontalo,"R,S,T,U",Jasa lainnya,ADHB,2020,581.0
Gorontalo,"R,S,T,U",Jasa lainnya,ADHB,2021,601.0
Gorontalo,"R,S,T,U",Jasa lainnya,ADHB,2022,616.0
Gorontalo,"R,S,T,U",Jasa lainnya,ADHB,2023,665.0
Gorontalo,"R,S,T,U",Jasa lainnya,ADHB,2024,699.0
Gorontalo,A,"Pertanian, Kehutanan, dan Perikanan",ADHK,2020,10479.0
Gorontalo,A,"Pertanian, Kehutanan, dan Perikanan",ADHK,2021,10664.0
Gorontalo,A,"Pertanian, Kehutanan, dan Perikanan",ADHK,2022,10908.0
Gorontalo,A,"Pertanian, Kehutanan, dan Perikanan",ADHK,2023,11366.0
Gorontalo,A,"Pertanian, Kehutanan, dan Perikanan",ADHK,2024,11719.0
Gorontalo,B,Pertambangan dan Penggalian,ADHK,2020,332.0
Gorontalo,B,Pertambangan dan Penggalian,ADHK,2021,339.0
Gorontalo,B,Pertambangan dan Penggalian,ADHK,2022,354.0
Gorontalo,B,Pertambangan dan Penggalian,ADHK,2023,376.0
Gorontalo,B,Pertambangan dan Penggalian,ADHK,2024,399.0
Gorontalo,C,Industri Pengolahan,ADHK,2020,1173.0
Gorontalo,C,Industri Pengolahan,ADHK,2021,1235.0
Gorontalo,C,Industri Pengolahan,ADHK,2022,1332.0
Gorontalo,C,Industri Pengolahan,ADHK,2023,1338.0
Gorontalo,C,Industri Pengolahan,ADHK,2024,1382.0
Gorontalo,D,Pengadaan Listrik dan Gas,ADHK,2020,25.0
Gorontalo,D,Pengadaan Listrik dan Gas,ADHK,2021,26.0
Gorontalo,D,Pengadaan Listrik dan Gas,ADHK,2022,27.0
Gorontalo,D,Pengadaan Listrik dan Gas,ADHK,2023,29.0
Gorontalo,D,Pengadaan Listrik dan Gas,ADHK,2024,29.0
Gorontalo,E,"Pengadaan Air, Pengelolaan Sampah, Limbah dan Daur Ulang",ADHK,2020,18.0
Gorontalo,E,"Pengadaan Air, Pengelolaan Sampah, Limbah dan Daur Ulang",ADHK,2021,18.0
Gorontalo,E,"Pengadaan Air, Pengelolaan Sampah, Limbah dan Daur Ulang",ADHK,2022,18.0
Gorontalo,E,"Pengadaan Air, Pengelolaan Sampah, Limbah dan Daur Ulang",ADHK,2023,19.0
Gorontalo,E,"Pengadaan Air, Pengelolaan Sampah, Limbah dan Daur Ulang",ADHK,2024,20.0
Gorontalo,F,Konstruksi,ADHK,2020,3060.0
Gorontalo,F,Konstruksi,ADHK,2021,3098.0
Gorontalo,F,Konstruksi,ADHK,2022,3274.0
Gorontalo,F,Konstruksi,ADHK,2023,3464.0
Gorontalo,F,Konstruksi,ADHK,2024,3686.0
Gorontalo,G,Perdagangan Besar dan Eceran; Reparasi Mobil dan Sepeda Motor,ADHK,2020,3326.0
Gorontalo,G,Perdagangan Besar dan Eceran; Reparasi Mobil dan Sepeda Motor,ADHK,2021,3439.0
Gorontalo,G,Perdagangan Besar dan Eceran; Reparasi Mobil dan Sepeda Motor,ADHK,2022,3757.0
Gorontalo,G,Perdagangan Besar dan Eceran; Reparasi Mobil dan Sepeda Motor,ADHK,2023,4128.0
Gorontalo,G,Perdagangan Besar dan Eceran; Reparasi Mobil dan Sepeda Motor,ADHK,2024,4437.0
Gorontalo,H,Transportasi dan Pergudangan,ADHK,2020,1551.0
Gorontalo,H,Transportasi dan Pergudangan,ADHK,2021,1578.0
Gorontalo,H,Transportasi dan Pergudangan,ADHK,2022,1694.0
Gorontalo,H,Transportasi dan Pergudangan,ADHK,2023,1799.0
Gorontalo,H,Transportasi dan Pergudangan,ADHK,2024,1888.0
Gorontalo,I,Penyediaan Akomodasi dan Makan Minum,ADHK,2020,660.0
Gorontalo,I,Penyediaan Akomodasi dan Makan Minum,ADHK,2021,686.0
Gorontalo,I,Penyediaan Akomodasi dan Makan Minum,ADHK,2022,721.0
Gorontalo,I,Penyediaan Akomodasi dan Makan Minum,ADHK,2023,762.0
Gorontalo,I,Penyediaan Akomodasi dan Makan Minum,ADHK,2024,811.0
Gorontalo,J,Informasi dan Komunikasi,ADHK,2020,997.0
Gorontalo,J,Informasi dan Komunikasi,ADHK,2021,1030.0
Gorontalo,J,Informasi dan Komunikasi,ADHK,2022,1096.0
Gorontalo,J,Informasi dan Komunikasi,ADHK,2023,1141.0
Gorontalo,J,Informasi dan Komunikasi,ADHK,2024,1194.0
Gorontalo,K,Jasa Keuangan dan Asuransi,ADHK,2020,1267.0
Gorontalo,K,Jasa Keuangan dan Asuransi,ADHK,2021,1380.0
Gorontalo,K,Jasa Keuangan dan Asuransi,ADHK,2022,1303.0
Gorontalo,K,Jasa Keuangan dan Asuransi,ADHK,2023,1206.0
Gorontalo,K,Jasa Keuangan dan Asuransi,ADHK,2024,1216.0
Gorontalo,L,Real Estate,ADHK,2020,564.0
Gorontalo,L,Real Estate,ADHK,2021,544.0
Gorontalo,L,Real Estate,ADHK,2022,566.0
Gorontalo,L,Real Estate,ADHK,2023,557.0
Gorontalo,L,Real Estate,ADHK,2024,576.0
Gorontalo,"M,N",Jasa Perusahaan,ADHK,2020,25.0
Gorontalo,"M,N",Jasa Perusahaan,ADHK,2021,25.0
Gorontalo,"M,N",Jasa Perusahaan,ADHK,2022,28.0
Gorontalo,"M,N",Jasa Perusahaan,ADHK,2023,27.0
Gorontalo,"M,N",Jasa Perusahaan,ADHK,2024,27.0
Gorontalo,O,"Administrasi Pemerintahan, Pertahanan dan Jaminan Sosial Wajib",ADHK,2020,2078.0
Gorontalo,O,"Administrasi Pemerintahan, Pertahanan dan Jaminan Sosial Wajib",ADHK,2021,2077.0
Gorontalo,O,"Administrasi Pemerintahan, Pertahanan dan Jaminan Sosial Wajib",ADHK,2022,2165.0
Gorontalo,O,"Administrasi Pemerintahan, Pertahanan dan Jaminan Sosial Wajib",ADHK,2023,2245.0
Gorontalo,O,"Administrasi Pemerintahan, Pertahanan dan Jaminan Sosial Wajib",ADHK,2024,2319.0
Gorontalo,P,Jasa Pendidikan,ADHK,2020,1328.0
Gorontalo,P,Jasa Pendidikan,ADHK,2021,1361.0
Gorontalo,P,Jasa Pendidikan,ADHK,2022,1415.0
Gorontalo,P,Jasa Pendidikan,ADHK,2023,1475.0
Gorontalo,P,Jasa Pendidikan,ADHK,2024,1456.0
Gorontalo,Q,Jasa Kesehatan dan Kegiatan Sosial,ADHK,2020,1106.0
Gorontalo,Q,Jasa Kesehatan dan Kegiatan Sosial,ADHK,2021,1161.0
Gorontalo,Q,Jasa Kesehatan dan Kegiatan Sosial,ADHK,2022,1175.0
Gorontalo,Q,Jasa Kesehatan dan Kegiatan Sosial,ADHK,2023,1238.0
Gorontalo,Q,Jasa Kesehatan dan Kegiatan Sosial,ADHK,2024,1302.0
Gorontalo,"R,S,T,U",Jasa lainnya,ADHK,2020,437.0
Gorontalo,"R,S,T,U",Jasa lainnya,ADHK,2021,447.0
Gorontalo,"R,S,T,U",Jasa lainnya,ADHK,2022,448.0
Gorontalo,"R,S,T,U",Jasa lainnya,ADHK,2023,475.0
Gorontalo,"R,S,T,U",Jasa lainnya,ADHK,2024,488.0
Sulawesi Barat,A,"Pertanian, Kehutanan, dan Perikanan",ADHB,2020,19951.0
Sulawesi Barat,A,"Pertanian, Kehutanan, dan Perikanan",ADHB,2021,22162.0
Sulawesi Barat,A,"Pertanian, Kehutanan, dan Perikanan",ADHB,2022,23914.0
Sulawesi Barat,A,"Pertanian, Kehutanan, dan Perikanan",ADHB,2023,26173.0
Sulawesi Barat,A,"Pertanian, Kehutanan, dan Perikanan",ADHB,2024,29610.0
Sulawesi Barat,B,Pertambangan dan Penggalian,ADHB,2020,1007.0
Sulawesi Barat,B,Pertambangan dan Penggalian,ADHB,2021,1112.0
Sulawesi Barat,B,Pertambangan dan Penggalian,ADHB,2022,1161.0
Sulawesi Barat,B,Pertambangan dan Penggalian,ADHB,2023,1288.0
Sulawesi Barat,B,Pertambangan dan Penggalian,ADHB,2024,1416.0
Sulawesi Barat,C,Industri Pengolahan,ADHB,2020,4686.0
Sulawesi Barat,C,Industri Pengolahan,ADHB,2021,5395.0
Sulawesi Barat,C,Industri Pengolahan,ADHB,2022,5843.0
Sulawesi Barat,C,Industri Pengolahan,ADHB,2023,6534.0
Sulawesi Barat,C,Industri Pengolahan,ADHB,2024,6685.0
Sulawesi Barat,D,Pengadaan Listrik dan Gas,ADHB,2020,18.0
Sulawesi Barat,D,Pengadaan Listrik dan Gas,ADHB,2021,19.0
Sulawesi Barat,D,Pengadaan Listrik dan Gas,ADHB,2022,21.0
Sulawesi Barat,D,Pengadaan Listrik dan Gas,ADHB,2023,23.0
Sulawesi Barat,D,Pengadaan Listrik dan Gas,ADHB,2024,25.0
Sulawesi Barat,E,"Pengadaan Air, Pengelolaan Sampah, Limbah dan Daur Ulang",ADHB,2020,72.0
Sulawesi Barat,E,"Pengadaan Air, Pengelolaan Sampah, Limbah dan Daur Ulang",ADHB,2021,72.0
Sulawesi Barat,E,"Pengadaan Air, Pengelolaan Sampah, Limbah dan Daur Ulang",ADHB,2022,71.0
Sulawesi Barat,E,"Pengadaan Air, Pengelolaan Sampah, Limbah dan Daur Ulang",ADHB,2023,75.0
Sulawesi Barat,E,"Pengadaan Air, Pengelolaan Sampah, Limbah dan Daur Ulang",ADHB,2024,82.0
Sulawesi Barat,F,Konstruksi,ADHB,2020,3347.0
Sulawesi Barat,F,Konstruksi,ADHB,2021,3890.0
Sulawesi Barat,F,Konstruksi,ADHB,2022,4032.0
Sulawesi Barat,F,Konstruksi,ADHB,2023,4295.0
Sulawesi Barat,F,Konstruksi,ADHB,2024,4619.0
Sulawesi Barat,G,Perdagangan Besar dan Eceran; Reparasi Mobil dan Sepeda Motor,ADHB,2020,4677.0
Sulawesi Barat,G,Perdagangan Besar dan Eceran; Reparasi Mobil dan Sepeda Motor,ADHB,2021,4999.0
Sulawesi Barat,G,Perdagangan Besar dan Eceran; Reparasi Mobil dan Sepeda Motor,ADHB,2022,5360.0
Sulawesi Barat,G,Perdagangan Besar dan Eceran; Reparasi Mobil dan Sepeda Motor,ADHB,2023,5821.0
Sulawesi Barat,G,Perdagangan Besar dan Eceran; Reparasi Mobil dan Sepeda Motor,ADHB,2024,6242.0
Sulawesi Barat,H,Transportasi dan Pergudangan,ADHB,2020,620.0
Sulawesi Barat,H,Transportasi dan Pergudangan,ADHB,2021,645.0
Sulawesi Barat,H,Transportasi dan Pergudangan,ADHB,2022,758.0
Sulawesi Barat,H,Transportasi dan Pergudangan,ADHB,2023,893.0
Sulawesi Barat,H,Transportasi dan Pergudangan,ADHB,2024,967.0
Sulawesi Barat,I,Penyediaan Akomodasi dan Makan Minum,ADHB,2020,105.0
Sulawesi Barat,I,Penyediaan Akomodasi dan Makan Minum,ADHB,2021,111.0
Sulawesi Barat,I,Penyediaan Akomodasi dan Makan Minum,ADHB,2022,126.0
Sulawesi Barat,I,Penyediaan Akomodasi dan Makan Minum,ADHB,2023,142.0
Sulawesi Barat,I,Penyediaan Akomodasi dan Makan Minum,ADHB,2024,156.0
Sulawesi Barat,J,Informasi dan Komunikasi,ADHB,2020,2078.0
Sulawesi Barat,J,Informasi dan Komunikasi,ADHB,2021,2077.0
Sulawesi Barat,J,Informasi dan Komunikasi,ADHB,2022,2129.0
Sulawesi Barat,J,Informasi dan Komunikasi,ADHB,2023,2335.0
Sulawesi Barat,J,Informasi dan Komunikasi,ADHB,2024,2490.0
Sulawesi Barat,K,Jasa Keuangan dan Asuransi,ADHB,2020,1066.0
Sulawesi Barat,K,Jasa Keuangan dan Asuransi,ADHB,2021,1190.0
Sulawesi Barat,K,Jasa Keuangan dan Asuransi,ADHB,2022,1273.0
Sulawesi Barat,K,Jasa Keuangan dan Asuransi,ADHB,2023,1236.0
Sulawesi Barat,K,Jasa Keuangan dan Asuransi,ADHB,2024,1280.0
Sulawesi Barat,L,Real Estate,ADHB,2020,1243.0
Sulawesi Barat,L,Real Estate,ADHB,2021,1237.0
Sulawesi Barat,L,Real Estate,ADHB,2022,1346.0
Sulawesi Barat,L,Real Estate,ADHB,2023,1471.0
Sulawesi Barat,L,Real Estate,ADHB,2024,1620.0
Sulawesi Barat,"M,N",Jasa Perusahaan,ADHB,2020,30.0
Sulawesi Barat,"M,N",Jasa Perusahaan,ADHB,2021,31.0
Sulawesi Barat,"M,N",Jasa Perusahaan,ADHB,2022,33.0
Sulawesi Barat,"M,N",Jasa Perusahaan,ADHB,2023,36.0
Sulawesi Barat,"M,N",Jasa Perusahaan,ADHB,2024,40.0
Sulawesi Barat,O,"Administrasi Pemerintahan, Pertahanan dan Jaminan Sosial Wajib",ADHB,2020,3559.0
Sulawesi Barat,O,"Administrasi Pemerintahan, Pertahanan dan Jaminan Sosial Wajib",ADHB,2021,3573.0
Sulawesi Barat,O,"Administrasi Pemerintahan, Pertahanan dan Jaminan Sosial Wajib",ADHB,2022,3650.0
Sulawesi Barat,O,"Administrasi Pemerintahan, Pertahanan dan Jaminan Sosial Wajib",ADHB,2023,3731.0
Sulawesi Barat,O,"Administrasi Pemerintahan, Pertahanan dan Jaminan Sosial Wajib",ADHB,2024,3990.0
Sulawesi Barat,P,Jasa Pendidikan,ADHB,2020,2297.0
Sulawesi Barat,P,Jasa Pendidikan,ADHB,2021,2303.0
Sulawesi Barat,P,Jasa Pendidikan,ADHB,2022,2412.0
Sulawesi Barat,P,Jasa Pendidikan,ADHB,2023,2490.0
Sulawesi Barat,P,Jasa Pendidikan,ADHB,2024,2766.0
Sulawesi Barat,Q,Jasa Kesehatan dan Kegiatan Sosial,ADHB,2020,916.0
Sulawesi Barat,Q,Jasa Kesehatan dan Kegiatan Sosial,ADHB,2021,918.0
Sulawesi Barat,Q,Jasa Kesehatan dan Kegiatan Sosial,ADHB,2022,1001.0
Sulawesi Barat,Q,Jasa Kesehatan dan Kegiatan Sosial,ADHB,2023,1054.0
Sulawesi Barat,Q,Jasa Kesehatan dan Kegiatan Sosial,ADHB,2024,1188.0
Sulawesi Barat,"R,S,T,U",Jasa lainnya,ADHB,2020,795.0
Sulawesi Barat,"R,S,T,U",Jasa lainnya,ADHB,2021,833.0
Sulawesi Barat,"R,S,T,U",Jasa lainnya,ADHB,2022,898.0
Sulawesi Barat,"R,S,T,U",Jasa lainnya,ADHB,2023,974.0
Sulawesi Barat,"R,S,T,U",Jasa lainnya,ADHB,2024,1038.0
Sulawesi Barat,A,"Pertanian, Kehutanan, dan Perikanan",ADHK,2020,12762.0
Sulawesi Barat,A,"Pertanian, Kehutanan, dan Perikanan",ADHK,2021,12910.0
Sulawesi Barat,A,"Pertanian, Kehutanan, dan Perikanan",ADHK,2022,13343.0
Sulawesi Barat,A,"Pertanian, Kehutanan, dan Perikanan",ADHK,2023,13879.0
Sulawesi Barat,A,"Pertanian, Kehutanan, dan Perikanan",ADHK,2024,14543.0
Sulawesi Barat,B,Pertambangan dan Penggalian,ADHK,2020,713.0
Sulawesi Barat,B,Pertambangan dan Penggalian,ADHK,2021,778.0
Sulawesi Barat,B,Pertambangan dan Penggalian,ADHK,2022,782.0
Sulawesi Barat,B,Pertambangan dan Penggalian,ADHK,2023,819.0
Sulawesi Barat,B,Pertambangan dan Penggalian,ADHK,2024,898.0
Sulawesi Barat,C,Industri Pengolahan,ADHK,2020,3406.0
Sulawesi Barat,C,Industri Pengolahan,ADHK,2021,3607.0
Sulawesi Barat,C,Industri Pengolahan,ADHK,2022,3580.0
Sulawesi Barat,C,Industri Pengolahan,ADHK,2023,4102.0
Sulawesi Barat,C,Industri Pengolahan,ADHK,2024,4033.0
Sulawesi Barat,D,Pengadaan Listrik dan Gas,ADHK,2020,26.0
Sulawesi Barat,D,Pengadaan Listrik dan Gas,ADHK,2021,26.0
Sulawesi Barat,D,Pengadaan Listrik dan Gas,ADHK,2022,28.0
Sulawesi Barat,D,Pengadaan Listrik dan Gas,ADHK,2023,31.0
Sulawesi Barat,D,Pengadaan Listrik dan Gas,ADHK,2024,34.0
Sulawesi Barat,E,"Pengadaan Air, Pengelolaan Sampah, Limbah dan Daur Ulang",ADHK,2020,61.0
Sulawesi Barat,E,"Pengadaan Air, Pengelolaan Sampah, Limbah dan Daur Ulang",ADHK,2021,61.0
Sulawesi Barat,E,"Pengadaan Air, Pengelolaan Sampah, Limbah dan Daur Ulang",ADHK,2022,60.0
Sulawesi Barat,E,"Pengadaan Air, Pengelolaan Sampah, Limbah dan Daur Ulang",ADHK,2023,63.0
Sulawesi Barat,E,"Pengadaan Air, Pengelolaan Sampah, Limbah dan Daur Ulang",ADHK,2024,67.0
Sulawesi Barat,F,Konstruksi,ADHK,2020,2305.0
Sulawesi Barat,F,Konstruksi,ADHK,2021,2572.0
Sulawesi Barat,F,Konstruksi,ADHK,2022,2531.0
Sulawesi Barat,F,Konstruksi,ADHK,2023,2626.0
Sulawesi Barat,F,Konstruksi,ADHK,2024,2797.0
Sulawesi Barat,G,Perdagangan Besar dan Eceran; Reparasi Mobil dan Sepeda Motor,ADHK,2020,3119.0
Sulawesi Barat,G,Perdagangan Besar dan Eceran; Reparasi Mobil dan Sepeda Motor,ADHK,2021,3230.0
Sulawesi Barat,G,Perdagangan Besar dan Eceran; Reparasi Mobil dan Sepeda Motor,ADHK,2022,3284.0
Sulawesi Barat,G,Perdagangan Besar dan Eceran; Reparasi Mobil dan Sepeda Motor,ADHK,2023,3465.0
Sulawesi Barat,G,Perdagangan Besar dan Eceran; Reparasi Mobil dan Sepeda Motor,ADHK,2024,3673.0
Sulawesi Barat,H,Transportasi dan Pergudangan,ADHK,2020,487.0
Sulawesi Barat,H,Transportasi dan Pergudangan,ADHK,2021,495.0
Sulawesi Barat,H,Transportasi dan Pergudangan,ADHK,2022,536.0
Sulawesi Barat,H,Transportasi dan Pergudangan,ADHK,2023,591.0
Sulawesi Barat,H,Transportasi dan Pergudangan,ADHK,2024,642.0
Sulawesi Barat,I,Penyediaan Akomodasi dan Makan Minum,ADHK,2020,76.0
Sulawesi Barat,I,Penyediaan Akomodasi dan Makan Minum,ADHK,2021,79.0
Sulawesi Barat,I,Penyediaan Akomodasi dan Makan Minum,ADHK,2022,89.0
Sulawesi Barat,I,Penyediaan Akomodasi dan Makan Minum,ADHK,2023,98.0
Sulawesi Barat,I,Penyediaan Akomodasi dan Makan Minum,ADHK,2024,105.0
Sulawesi Barat,J,Informasi dan Komunikasi,ADHK,2020,1775.0
Sulawesi Barat,J,Informasi dan Komunikasi,ADHK,2021,1768.0
Sulawesi Barat,J,Informasi dan Komunikasi,ADHK,2022,1810.0
Sulawesi Barat,J,Informasi dan Komunikasi,ADHK,2023,1982.0
Sulawesi Barat,J,Informasi dan Komunikasi,ADHK,2024,2111.0
Sulawesi Barat,K,Jasa Keuangan dan Asuransi,ADHK,2020,733.0
Sulawesi Barat,K,Jasa Keuangan dan Asuransi,ADHK,2021,777.0
Sulawesi Barat,K,Jasa Keuangan dan Asuransi,ADHK,2022,767.0
Sulawesi Barat,K,Jasa Keuangan dan Asuransi,ADHK,2023,736.0
Sulawesi Barat,K,Jasa Keuangan dan Asuransi,ADHK,2024,757.0
Sulawesi Barat,L,Real Estate,ADHK,2020,929.0
Sulawesi Barat,L,Real Estate,ADHK,2021,917.0
Sulawesi Barat,L,Real Estate,ADHK,2022,965.0
Sulawesi Barat,L,Real Estate,ADHK,2023,1014.0
Sulawesi Barat,L,Real Estate,ADHK,2024,1094.0
Sulawesi Barat,"M,N",Jasa Perusahaan,ADHK,2020,27.0
Sulawesi Barat,"M,N",Jasa Perusahaan,ADHK,2021,27.0
Sulawesi Barat,"M,N",Jasa Perusahaan,ADHK,2022,28.0
Sulawesi Barat,"M,N",Jasa Perusahaan,ADHK,2023,30.0
Sulawesi Barat,"M,N",Jasa Perusahaan,ADHK,2024,33.0
Sulawesi Barat,O,"Administrasi Pemerintahan, Pertahanan dan Jaminan Sosial Wajib",ADHK,2020,2635.0
Sulawesi Barat,O,"Administrasi Pemerintahan, Pertahanan dan Jaminan Sosial Wajib",ADHK,2021,2638.0
Sulawesi Barat,O,"Administrasi Pemerintahan, Pertahanan dan Jaminan Sosial Wajib",ADHK,2022,2683.0
Sulawesi Barat,O,"Administrasi Pemerintahan, Pertahanan dan Jaminan Sosial Wajib",ADHK,2023,2725.0
Sulawesi Barat,O,"Administrasi Pemerintahan, Pertahanan dan Jaminan Sosial Wajib",ADHK,2024,2834.0
Sulawesi Barat,P,Jasa Pendidikan,ADHK,2020,1687.0
Sulawesi Barat,P,Jasa Pendidikan,ADHK,2021,1657.0
Sulawesi Barat,P,Jasa Pendidikan,ADHK,2022,1712.0
Sulawesi Barat,P,Jasa Pendidikan,ADHK,2023,1761.0
Sulawesi Barat,P,Jasa Pendidikan,ADHK,2024,1872.0
Sulawesi Barat,Q,Jasa Kesehatan dan Kegiatan Sosial,ADHK,2020,697.0
Sulawesi Barat,Q,Jasa Kesehatan dan Kegiatan Sosial,ADHK,2021,695.0
Sulawesi Barat,Q,Jasa Kesehatan dan Kegiatan Sosial,ADHK,2022,749.0
Sulawesi Barat,Q,Jasa Kesehatan dan Kegiatan Sosial,ADHK,2023,754.0
Sulawesi Barat,Q,Jasa Kesehatan dan Kegiatan Sosial,ADHK,2024,824.0
Sulawesi Barat,"R,S,T,U",Jasa lainnya,ADHK,2020,637.0
Sulawesi Barat,"R,S,T,U",Jasa lainnya,ADHK,2021,660.0
Sulawesi Barat,"R,S,T,U",Jasa lainnya,ADHK,2022,694.0
Sulawesi Barat,"R,S,T,U",Jasa lainnya,ADHK,2023,727.0
Sulawesi Barat,"R,S,T,U",Jasa lainnya,ADHK,2024,769.0
Maluku,A,"Pertanian, Kehutanan, dan Perikanan",ADHB,2020,11103.0
Maluku,A,"Pertanian, Kehutanan, dan Perikanan",ADHB,2021,11281.0
Maluku,A,"Pertanian, Kehutanan, dan Perikanan",ADHB,2022,12651.0
Maluku,A,"Pertanian, Kehutanan, dan Perikanan",ADHB,2023,13950.0
Maluku,A,"Pertanian, Kehutanan, dan Perikanan",ADHB,2024,14781.0
Maluku,B,Pertambangan dan Penggalian,ADHB,2020,1016.0
Maluku,B,Pertambangan dan Penggalian,ADHB,2021,1177.0
Maluku,B,Pertambangan dan Penggalian,ADHB,2022,1410.0
Maluku,B,Pertambangan dan Penggalian,ADHB,2023,1082.0
Maluku,B,Pertambangan dan Penggalian,ADHB,2024,1051.0
Maluku,C,Industri Pengolahan,ADHB,2020,2363.0
Maluku,C,Industri Pengolahan,ADHB,2021,2659.0
Maluku,C,Industri Pengolahan,ADHB,2022,3093.0
Maluku,C,Industri Pengolahan,ADHB,2023,3663.0
Maluku,C,Industri Pengolahan,ADHB,2024,3950.0
Maluku,D,Pengadaan Listrik dan Gas,ADHB,2020,44.0
Maluku,D,Pengadaan Listrik dan Gas,ADHB,2021,48.0
Maluku,D,Pengadaan Listrik dan Gas,ADHB,2022,51.0
Maluku,D,Pengadaan Listrik dan Gas,ADHB,2023,56.0
Maluku,D,Pengadaan Listrik dan Gas,ADHB,2024,60.0
Maluku,E,"Pengadaan Air, Pengelolaan Sampah, Limbah dan Daur Ulang",ADHB,2020,191.0
Maluku,E,"Pengadaan Air, Pengelolaan Sampah, Limbah dan Daur Ulang",ADHB,2021,203.0
Maluku,E,"Pengadaan Air, Pengelolaan Sampah, Limbah dan Daur Ulang",ADHB,2022,213.0
Maluku,E,"Pengadaan Air, Pengelolaan Sampah, Limbah dan Daur Ulang",ADHB,2023,229.0
Maluku,E,"Pengadaan Air, Pengelolaan Sampah, Limbah dan Daur Ulang",ADHB,2024,237.0
Maluku,F,Konstruksi,ADHB,2020,3633.0
Maluku,F,Konstruksi,ADHB,2021,3871.0
Maluku,F,Konstruksi,ADHB,2022,4163.0
Maluku,F,Konstruksi,ADHB,2023,4543.0
Maluku,F,Konstruksi,ADHB,2024,4871.0
Maluku,G,Perdagangan Besar dan Eceran; Reparasi Mobil dan Sepeda Motor,ADHB,2020,6121.0
Maluku,G,Perdagangan Besar dan Eceran; Reparasi Mobil dan Sepeda Motor,ADHB,2021,6494.0
Maluku,G,Perdagangan Besar dan Eceran; Reparasi Mobil dan Sepeda Motor,ADHB,2022,7198.0
Maluku,G,Perdagangan Besar dan Eceran; Reparasi Mobil dan Sepeda Motor,ADHB,2023,7939.0
Maluku,G,Perdagangan Besar dan Eceran; Reparasi Mobil dan Sepeda Motor,ADHB,2024,8774.0
Maluku,H,Transportasi dan Pergudangan,ADHB,2020,2097.0
Maluku,H,Transportasi dan Pergudangan,ADHB,2021,2366.0
Maluku,H,Transportasi dan Pergudangan,ADHB,2022,2814.0
Maluku,H,Transportasi dan Pergudangan,ADHB,2023,3183.0
Maluku,H,Transportasi dan Pergudangan,ADHB,2024,3401.0
Maluku,I,Penyediaan Akomodasi dan Makan Minum,ADHB,2020,727.0
Maluku,I,Penyediaan Akomodasi dan Makan Minum,ADHB,2021,747.0
Maluku,I,Penyediaan Akomodasi dan Makan Minum,ADHB,2022,798.0
Maluku,I,Penyediaan Akomodasi dan Makan Minum,ADHB,2023,849.0
Maluku,I,Penyediaan Akomodasi dan Makan Minum,ADHB,2024,909.0
Maluku,J,Informasi dan Komunikasi,ADHB,2020,1408.0
Maluku,J,Informasi dan Komunikasi,ADHB,2021,1534.0
Maluku,J,Informasi dan Komunikasi,ADHB,2022,1693.0
Maluku,J,Informasi dan Komunikasi,ADHB,2023,1842.0
Maluku,J,Informasi dan Komunikasi,ADHB,2024,1941.0
Maluku,K,Jasa Keuangan dan Asuransi,ADHB,2020,1912.0
Maluku,K,Jasa Keuangan dan Asuransi,ADHB,2021,2080.0
Maluku,K,Jasa Keuangan dan Asuransi,ADHB,2022,2237.0
Maluku,K,Jasa Keuangan dan Asuransi,ADHB,2023,2375.0
Maluku,K,Jasa Keuangan dan Asuransi,ADHB,2024,2483.0
Maluku,L,Real Estate,ADHB,2020,131.0
Maluku,L,Real Estate,ADHB,2021,138.0
Maluku,L,Real Estate,ADHB,2022,146.0
Maluku,L,Real Estate,ADHB,2023,155.0
Maluku,L,Real Estate,ADHB,2024,163.0
Maluku,"M,N",Jasa Perusahaan,ADHB,2020,451.0
Maluku,"M,N",Jasa Perusahaan,ADHB,2021,475.0
Maluku,"M,N",Jasa Perusahaan,ADHB,2022,521.0
Maluku,"M,N",Jasa Perusahaan,ADHB,2023,556.0
Maluku,"M,N",Jasa Perusahaan,ADHB,2024,591.0
Maluku,O,"Administrasi Pemerintahan, Pertahanan dan Jaminan Sosial Wajib",ADHB,2020,10577.0
Maluku,O,"Administrasi Pemerintahan, Pertahanan dan Jaminan Sosial Wajib",ADHB,2021,11102.0
Maluku,O,"Administrasi Pemerintahan, Pertahanan dan Jaminan Sosial Wajib",ADHB,2022,11970.0
Maluku,O,"Administrasi Pemerintahan, Pertahanan dan Jaminan Sosial Wajib",ADHB,2023,12577.0
Maluku,O,"Administrasi Pemerintahan, Pertahanan dan Jaminan Sosial Wajib",ADHB,2024,13485.0
Maluku,P,Jasa Pendidikan,ADHB,2020,2689.0
Maluku,P,Jasa Pendidikan,ADHB,2021,2823.0
Maluku,P,Jasa Pendidikan,ADHB,2022,3015.0
Maluku,P,Jasa Pendidikan,ADHB,2023,3137.0
Maluku,P,Jasa Pendidikan,ADHB,2024,3351.0
Maluku,Q,Jasa Kesehatan dan Kegiatan Sosial,ADHB,2020,1042.0
Maluku,Q,Jasa Kesehatan dan Kegiatan Sosial,ADHB,2021,1115.0
Maluku,Q,Jasa Kesehatan dan Kegiatan Sosial,ADHB,2022,1243.0
Maluku,Q,Jasa Kesehatan dan Kegiatan Sosial,ADHB,2023,1402.0
Maluku,Q,Jasa Kesehatan dan Kegiatan Sosial,ADHB,2024,1556.0
Maluku,"R,S,T,U",Jasa lainnya,ADHB,2020,757.0
Maluku,"R,S,T,U",Jasa lainnya,ADHB,2021,780.0
Maluku,"R,S,T,U",Jasa lainnya,ADHB,2022,864.0
Maluku,"R,S,T,U",Jasa lainnya,ADHB,2023,951.0
Maluku,"R,S,T,U",Jasa lainnya,ADHB,2024,1040.0
Maluku,A,"Pertanian, Kehutanan, dan Perikanan",ADHK,2020,7354.0
Maluku,A,"Pertanian, Kehutanan, dan Perikanan",ADHK,2021,7409.0
Maluku,A,"Pertanian, Kehutanan, dan Perikanan",ADHK,2022,7833.0
Maluku,A,"Pertanian, Kehutanan, dan Perikanan",ADHK,2023,8277.0
Maluku,A,"Pertanian, Kehutanan, dan Perikanan",ADHK,2024,8558.0
Maluku,B,Pertambangan dan Penggalian,ADHK,2020,742.0
Maluku,B,Pertambangan dan Penggalian,ADHK,2021,725.0
Maluku,B,Pertambangan dan Penggalian,ADHK,2022,717.0
Maluku,B,Pertambangan dan Penggalian,ADHK,2023,727.0
Maluku,B,Pertambangan dan Penggalian,ADHK,2024,725.0
Maluku,C,Industri Pengolahan,ADHK,2020,1613.0
Maluku,C,Industri Pengolahan,ADHK,2021,1799.0
Maluku,C,Industri Pengolahan,ADHK,2022,2020.0
Maluku,C,Industri Pengolahan,ADHK,2023,2350.0
Maluku,C,Industri Pengolahan,ADHK,2024,2444.0
Maluku,D,Pengadaan Listrik dan Gas,ADHK,2020,32.0
Maluku,D,Pengadaan Listrik dan Gas,ADHK,2021,34.0
Maluku,D,Pengadaan Listrik dan Gas,ADHK,2022,36.0
Maluku,D,Pengadaan Listrik dan Gas,ADHK,2023,39.0
Maluku,D,Pengadaan Listrik dan Gas,ADHK,2024,40.0
Maluku,E,"Pengadaan Air, Pengelolaan Sampah, Limbah dan Daur Ulang",ADHK,2020,144.0
Maluku,E,"Pengadaan Air, Pengelolaan Sampah, Limbah dan Daur Ulang",ADHK,2021,150.0
Maluku,E,"Pengadaan Air, Pengelolaan Sampah, Limbah dan Daur Ulang",ADHK,2022,152.0
Maluku,E,"Pengadaan Air, Pengelolaan Sampah, Limbah dan Daur Ulang",ADHK,2023,161.0
Maluku,E,"Pengadaan Air, Pengelolaan Sampah, Limbah dan Daur Ulang",ADHK,2024,164.0
Maluku,F,Konstruksi,ADHK,2020,2189.0
Maluku,F,Konstruksi,ADHK,2021,2297.0
Maluku,F,Konstruksi,ADHK,2022,2374.0
Maluku,F,Konstruksi,ADHK,2023,2470.0
Maluku,F,Konstruksi,ADHK,2024,2591.0
Maluku,G,Perdagangan Besar dan Eceran; Reparasi Mobil dan Sepeda Motor,ADHK,2020,4460.0
Maluku,G,Perdagangan Besar dan Eceran; Reparasi Mobil dan Sepeda Motor,ADHK,2021,4657.0
Maluku,G,Perdagangan Besar dan Eceran; Reparasi Mobil dan Sepeda Motor,ADHK,2022,4970.0
Maluku,G,Perdagangan Besar dan Eceran; Reparasi Mobil dan Sepeda Motor,ADHK,2023,5302.0
Maluku,G,Perdagangan Besar dan Eceran; Reparasi Mobil dan Sepeda Motor,ADHK,2024,5749.0
Maluku,H,Transportasi dan Pergudangan,ADHK,2020,1422.0
Maluku,H,Transportasi dan Pergudangan,ADHK,2021,1510.0
Maluku,H,Transportasi dan Pergudangan,ADHK,2022,1591.0
Maluku,H,Transportasi dan Pergudangan,ADHK,2023,1657.0
Maluku,H,Transportasi dan Pergudangan,ADHK,2024,1773.0
Maluku,I,Penyediaan Akomodasi dan Makan Minum,ADHK,2020,486.0
Maluku,I,Penyediaan Akomodasi dan Makan Minum,ADHK,2021,495.0
Maluku,I,Penyediaan Akomodasi dan Makan Minum,ADHK,2022,515.0
Maluku,I,Penyediaan Akomodasi dan Makan Minum,ADHK,2023,533.0
Maluku,I,Penyediaan Akomodasi dan Makan Minum,ADHK,2024,556.0
Maluku,J,Informasi dan Komunikasi,ADHK,2020,1239.0
Maluku,J,Informasi dan Komunikasi,ADHK,2021,1316.0
Maluku,J,Informasi dan Komunikasi,ADHK,2022,1408.0
Maluku,J,Informasi dan Komunikasi,ADHK,2023,1493.0
Maluku,J,Informasi dan Komunikasi,ADHK,2024,1559.0
Maluku,K,Jasa Keuangan dan Asuransi,ADHK,2020,1282.0
Maluku,K,Jasa Keuangan dan Asuransi,ADHK,2021,1328.0
Maluku,K,Jasa Keuangan dan Asuransi,ADHK,2022,1317.0
Maluku,K,Jasa Keuangan dan Asuransi,ADHK,2023,1374.0
Maluku,K,Jasa Keuangan dan Asuransi,ADHK,2024,1425.0
Maluku,L,Real Estate,ADHK,2020,95.0
Maluku,L,Real Estate,ADHK,2021,99.0
Maluku,L,Real Estate,ADHK,2022,103.0
Maluku,L,Real Estate,ADHK,2023,107.0
Maluku,L,Real Estate,ADHK,2024,112.0
Maluku,"M,N",Jasa Perusahaan,ADHK,2020,304.0
Maluku,"M,N",Jasa Perusahaan,ADHK,2021,316.0
Maluku,"M,N",Jasa Perusahaan,ADHK,2022,337.0
Maluku,"M,N",Jasa Perusahaan,ADHK,2023,351.0
Maluku,"M,N",Jasa Perusahaan,ADHK,2024,367.0
Maluku,O,"Administrasi Pemerintahan, Pertahanan dan Jaminan Sosial Wajib",ADHK,2020,6416.0
Maluku,O,"Administrasi Pemerintahan, Pertahanan dan Jaminan Sosial Wajib",ADHK,2021,6640.0
Maluku,O,"Administrasi Pemerintahan, Pertahanan dan Jaminan Sosial Wajib",ADHK,2022,6907.0
Maluku,O,"Administrasi Pemerintahan, Pertahanan dan Jaminan Sosial Wajib",ADHK,2023,7019.0
Maluku,O,"Administrasi Pemerintahan, Pertahanan dan Jaminan Sosial Wajib",ADHK,2024,7477.0
Maluku,P,Jasa Pendidikan,ADHK,2020,1777.0
Maluku,P,Jasa Pendidikan,ADHK,2021,1845.0
Maluku,P,Jasa Pendidikan,ADHK,2022,1946.0
Maluku,P,Jasa Pendidikan,ADHK,2023,2018.0
Maluku,P,Jasa Pendidikan,ADHK,2024,2125.0
Maluku,Q,Jasa Kesehatan dan Kegiatan Sosial,ADHK,2020,698.0
Maluku,Q,Jasa Kesehatan dan Kegiatan Sosial,ADHK,2021,737.0
Maluku,Q,Jasa Kesehatan dan Kegiatan Sosial,ADHK,2022,792.0
Maluku,Q,Jasa Kesehatan dan Kegiatan Sosial,ADHK,2023,856.0
Maluku,Q,Jasa Kesehatan dan Kegiatan Sosial,ADHK,2024,922.0
Maluku,"R,S,T,U",Jasa lainnya,ADHK,2020,514.0
Maluku,"R,S,T,U",Jasa lainnya,ADHK,2021,524.0
Maluku,"R,S,T,U",Jasa lainnya,ADHK,2022,558.0
Maluku,"R,S,T,U",Jasa lainnya,ADHK,2023,588.0
Maluku,"R,S,T,U",Jasa lainnya,ADHK,2024,623.0
Maluku Utara,A,"Pertanian, Kehutanan, dan Perikanan",ADHB,2020,8896.0
Maluku Utara,A,"Pertanian, Kehutanan, dan Perikanan",ADHB,2021,9431.0
Maluku Utara,A,"Pertanian, Kehutanan, dan Perikanan",ADHB,2022,10164.0
Maluku Utara,A,"Pertanian, Kehutanan, dan Perikanan",ADHB,2023,10874.0
Maluku Utara,A,"Pertanian, Kehutanan, dan Perikanan",ADHB,2024,11920.0
Maluku Utara,B,Pertambangan dan Penggalian,ADHB,2020,4891.0
Maluku Utara,B,Pertambangan dan Penggalian,ADHB,2021,7682.0
Maluku Utara,B,Pertambangan dan Penggalian,ADHB,2022,12444.0
Maluku Utara,B,Pertambangan dan Penggalian,ADHB,2023,17112.0
Maluku Utara,B,Pertambangan dan Penggalian,ADHB,2024,17742.0
Maluku Utara,C,Industri Pengolahan,ADHB,2020,4844.0
Maluku Utara,C,Industri Pengolahan,ADHB,2021,10737.0
Maluku Utara,C,Industri Pengolahan,ADHB,2022,20634.0
Maluku Utara,C,Industri Pengolahan,ADHB,2023,27505.0
Maluku Utara,C,Industri Pengolahan,ADHB,2024,32487.0
Maluku Utara,D,Pengadaan Listrik dan Gas,ADHB,2020,38.0
Maluku Utara,D,Pengadaan Listrik dan Gas,ADHB,2021,41.0
Maluku Utara,D,Pengadaan Listrik dan Gas,ADHB,2022,46.0
Maluku Utara,D,Pengadaan Listrik dan Gas,ADHB,2023,53.0
Maluku Utara,D,Pengadaan Listrik dan Gas,ADHB,2024,69.0
Maluku Utara,E,"Pengadaan Air, Pengelolaan Sampah, Limbah dan Daur Ulang",ADHB,2020,31.0
Maluku Utara,E,"Pengadaan Air, Pengelolaan Sampah, Limbah dan Daur Ulang",ADHB,2021,33.0
Maluku Utara,E,"Pengadaan Air, Pengelolaan Sampah, Limbah dan Daur Ulang",ADHB,2022,35.0
Maluku Utara,E,"Pengadaan Air, Pengelolaan Sampah, Limbah dan Daur Ulang",ADHB,2023,37.0
Maluku Utara,E,"Pengadaan Air, Pengelolaan Sampah, Limbah dan Daur Ulang",ADHB,2024,41.0
Maluku Utara,F,Konstruksi,ADHB,2020,2931.0
Maluku Utara,F,Konstruksi,ADHB,2021,3203.0
Maluku Utara,F,Konstruksi,ADHB,2022,3615.0
Maluku Utara,F,Konstruksi,ADHB,2023,3731.0
Maluku Utara,F,Konstruksi,ADHB,2024,4065.0
Maluku Utara,G,Perdagangan Besar dan Eceran; Reparasi Mobil dan Sepeda Motor,ADHB,2020,6722.0
Maluku Utara,G,Perdagangan Besar dan Eceran; Reparasi Mobil dan Sepeda Motor,ADHB,2021,6946.0
Maluku Utara,G,Perdagangan Besar dan Eceran; Reparasi Mobil dan Sepeda Motor,ADHB,2022,7850.0
Maluku Utara,G,Perdagangan Besar dan Eceran; Reparasi Mobil dan Sepeda Motor,ADHB,2023,8628.0
Maluku Utara,G,Perdagangan Besar dan Eceran; Reparasi Mobil dan Sepeda Motor,ADHB,2024,9992.0
Maluku Utara,H,Transportasi dan Pergudangan,ADHB,2020,1966.0
Maluku Utara,H,Transportasi dan Pergudangan,ADHB,2021,1960.0
Maluku Utara,H,Transportasi dan Pergudangan,ADHB,2022,2642.0
Maluku Utara,H,Transportasi dan Pergudangan,ADHB,2023,3000.0
Maluku Utara,H,Transportasi dan Pergudangan,ADHB,2024,3377.0
Maluku Utara,I,Penyediaan Akomodasi dan Makan Minum,ADHB,2020,164.0
Maluku Utara,I,Penyediaan Akomodasi dan Makan Minum,ADHB,2021,177.0
Maluku Utara,I,Penyediaan Akomodasi dan Makan Minum,ADHB,2022,189.0
Maluku Utara,I,Penyediaan Akomodasi dan Makan Minum,ADHB,2023,197.0
Maluku Utara,I,Penyediaan Akomodasi dan Makan Minum,ADHB,2024,212.0
Maluku Utara,J,Informasi dan Komunikasi,ADHB,2020,1450.0
Maluku Utara,J,Informasi dan Komunikasi,ADHB,2021,1574.0
Maluku Utara,J,Informasi dan Komunikasi,ADHB,2022,1706.0
Maluku Utara,J,Informasi dan Komunikasi,ADHB,2023,1814.0
Maluku Utara,J,Informasi dan Komunikasi,ADHB,2024,1941.0
Maluku Utara,K,Jasa Keuangan dan Asuransi,ADHB,2020,1272.0
Maluku Utara,K,Jasa Keuangan dan Asuransi,ADHB,2021,1463.0
Maluku Utara,K,Jasa Keuangan dan Asuransi,ADHB,2022,1639.0
Maluku Utara,K,Jasa Keuangan dan Asuransi,ADHB,2023,1734.0
Maluku Utara,K,Jasa Keuangan dan Asuransi,ADHB,2024,2035.0
Maluku Utara,L,Real Estate,ADHB,2020,43.0
Maluku Utara,L,Real Estate,ADHB,2021,44.0
Maluku Utara,L,Real Estate,ADHB,2022,46.0
Maluku Utara,L,Real Estate,ADHB,2023,51.0
Maluku Utara,L,Real Estate,ADHB,2024,57.0
Maluku Utara,"M,N",Jasa Perusahaan,ADHB,2020,120.0
Maluku Utara,"M,N",Jasa Perusahaan,ADHB,2021,131.0
Maluku Utara,"M,N",Jasa Perusahaan,ADHB,2022,149.0
Maluku Utara,"M,N",Jasa Perusahaan,ADHB,2023,156.0
Maluku Utara,"M,N",Jasa Perusahaan,ADHB,2024,170.0
Maluku Utara,O,"Administrasi Pemerintahan, Pertahanan dan Jaminan Sosial Wajib",ADHB,2020,6358.0
Maluku Utara,O,"Administrasi Pemerintahan, Pertahanan dan Jaminan Sosial Wajib",ADHB,2021,6372.0
Maluku Utara,O,"Administrasi Pemerintahan, Pertahanan dan Jaminan Sosial Wajib",ADHB,2022,6898.0
Maluku Utara,O,"Administrasi Pemerintahan, Pertahanan dan Jaminan Sosial Wajib",ADHB,2023,7218.0
Maluku Utara,O,"Administrasi Pemerintahan, Pertahanan dan Jaminan Sosial Wajib",ADHB,2024,8400.0
Maluku Utara,P,Jasa Pendidikan,ADHB,2020,1373.0
Maluku Utara,P,Jasa Pendidikan,ADHB,2021,1419.0
Maluku Utara,P,Jasa Pendidikan,ADHB,2022,1513.0
Maluku Utara,P,Jasa Pendidikan,ADHB,2023,1599.0
Maluku Utara,P,Jasa Pendidikan,ADHB,2024,1742.0
Maluku Utara,Q,Jasa Kesehatan dan Kegiatan Sosial,ADHB,2020,892.0
Maluku Utara,Q,Jasa Kesehatan dan Kegiatan Sosial,ADHB,2021,944.0
Maluku Utara,Q,Jasa Kesehatan dan Kegiatan Sosial,ADHB,2022,992.0
Maluku Utara,Q,Jasa Kesehatan dan Kegiatan Sosial,ADHB,2023,1073.0
Maluku Utara,Q,Jasa Kesehatan dan Kegiatan Sosial,ADHB,2024,1144.0
Maluku Utara,"R,S,T,U",Jasa lainnya,ADHB,2020,308.0
Maluku Utara,"R,S,T,U",Jasa lainnya,ADHB,2021,324.0
Maluku Utara,"R,S,T,U",Jasa lainnya,ADHB,2022,342.0
Maluku Utara,"R,S,T,U",Jasa lainnya,ADHB,2023,360.0
Maluku Utara,"R,S,T,U",Jasa lainnya,ADHB,2024,392.0
Maluku Utara,A,"Pertanian, Kehutanan, dan Perikanan",ADHK,2020,5595.0
Maluku Utara,A,"Pertanian, Kehutanan, dan Perikanan",ADHK,2021,5727.0
Maluku Utara,A,"Pertanian, Kehutanan, dan Perikanan",ADHK,2022,5912.0
Maluku Utara,A,"Pertanian, Kehutanan, dan Perikanan",ADHK,2023,6163.0
Maluku Utara,A,"Pertanian, Kehutanan, dan Perikanan",ADHK,2024,6441.0
Maluku Utara,B,Pertambangan dan Penggalian,ADHK,2020,3008.0
Maluku Utara,B,Pertambangan dan Penggalian,ADHK,2021,4595.0
Maluku Utara,B,Pertambangan dan Penggalian,ADHK,2022,6536.0
Maluku Utara,B,Pertambangan dan Penggalian,ADHK,2023,9743.0
Maluku Utara,B,Pertambangan dan Penggalian,ADHK,2024,10708.0
Maluku Utara,C,Industri Pengolahan,ADHK,2020,3213.0
Maluku Utara,C,Industri Pengolahan,ADHK,2021,5843.0
Maluku Utara,C,Industri Pengolahan,ADHK,2022,10326.0
Maluku Utara,C,Industri Pengolahan,ADHK,2023,14593.0
Maluku Utara,C,Industri Pengolahan,ADHK,2024,18197.0
Maluku Utara,D,Pengadaan Listrik dan Gas,ADHK,2020,29.0
Maluku Utara,D,Pengadaan Listrik dan Gas,ADHK,2021,31.0
Maluku Utara,D,Pengadaan Listrik dan Gas,ADHK,2022,33.0
Maluku Utara,D,Pengadaan Listrik dan Gas,ADHK,2023,38.0
Maluku Utara,D,Pengadaan Listrik dan Gas,ADHK,2024,49.0
Maluku Utara,E,"Pengadaan Air, Pengelolaan Sampah, Limbah dan Daur Ulang",ADHK,2020,24.0
Maluku Utara,E,"Pengadaan Air, Pengelolaan Sampah, Limbah dan Daur Ulang",ADHK,2021,25.0
Maluku Utara,E,"Pengadaan Air, Pengelolaan Sampah, Limbah dan Daur Ulang",ADHK,2022,26.0
Maluku Utara,E,"Pengadaan Air, Pengelolaan Sampah, Limbah dan Daur Ulang",ADHK,2023,27.0
Maluku Utara,E,"Pengadaan Air, Pengelolaan Sampah, Limbah dan Daur Ulang",ADHK,2024,29.0
Maluku Utara,F,Konstruksi,ADHK,2020,1965.0
Maluku Utara,F,Konstruksi,ADHK,2021,2006.0
Maluku Utara,F,Konstruksi,ADHK,2022,2126.0
Maluku Utara,F,Konstruksi,ADHK,2023,2118.0
Maluku Utara,F,Konstruksi,ADHK,2024,2291.0
Maluku Utara,G,Perdagangan Besar dan Eceran; Reparasi Mobil dan Sepeda Motor,ADHK,2020,4595.0
Maluku Utara,G,Perdagangan Besar dan Eceran; Reparasi Mobil dan Sepeda Motor,ADHK,2021,4692.0
Maluku Utara,G,Perdagangan Besar dan Eceran; Reparasi Mobil dan Sepeda Motor,ADHK,2022,5035.0
Maluku Utara,G,Perdagangan Besar dan Eceran; Reparasi Mobil dan Sepeda Motor,ADHK,2023,5326.0
Maluku Utara,G,Perdagangan Besar dan Eceran; Reparasi Mobil dan Sepeda Motor,ADHK,2024,6084.0
Maluku Utara,H,Transportasi dan Pergudangan,ADHK,2020,1265.0
Maluku Utara,H,Transportasi dan Pergudangan,ADHK,2021,1237.0
Maluku Utara,H,Transportasi dan Pergudangan,ADHK,2022,1513.0
Maluku Utara,H,Transportasi dan Pergudangan,ADHK,2023,1563.0
Maluku Utara,H,Transportasi dan Pergudangan,ADHK,2024,1664.0
Maluku Utara,I,Penyediaan Akomodasi dan Makan Minum,ADHK,2020,117.0
Maluku Utara,I,Penyediaan Akomodasi dan Makan Minum,ADHK,2021,125.0
Maluku Utara,I,Penyediaan Akomodasi dan Makan Minum,ADHK,2022,129.0
Maluku Utara,I,Penyediaan Akomodasi dan Makan Minum,ADHK,2023,131.0
Maluku Utara,I,Penyediaan Akomodasi dan Makan Minum,ADHK,2024,136.0
Maluku Utara,J,Informasi dan Komunikasi,ADHK,2020,1264.0
Maluku Utara,J,Informasi dan Komunikasi,ADHK,2021,1372.0
Maluku Utara,J,Informasi dan Komunikasi,ADHK,2022,1448.0
Maluku Utara,J,Informasi dan Komunikasi,ADHK,2023,1480.0
Maluku Utara,J,Informasi dan Komunikasi,ADHK,2024,1530.0
Maluku Utara,K,Jasa Keuangan dan Asuransi,ADHK,2020,847.0
Maluku Utara,K,Jasa Keuangan dan Asuransi,ADHK,2021,924.0
Maluku Utara,K,Jasa Keuangan dan Asuransi,ADHK,2022,945.0
Maluku Utara,K,Jasa Keuangan dan Asuransi,ADHK,2023,983.0
Maluku Utara,K,Jasa Keuangan dan Asuransi,ADHK,2024,1140.0
Maluku Utara,L,Real Estate,ADHK,2020,31.0
Maluku Utara,L,Real Estate,ADHK,2021,32.0
Maluku Utara,L,Real Estate,ADHK,2022,32.0
Maluku Utara,L,Real Estate,ADHK,2023,34.0
Maluku Utara,L,Real Estate,ADHK,2024,37.0
Maluku Utara,"M,N",Jasa Perusahaan,ADHK,2020,86.0
Maluku Utara,"M,N",Jasa Perusahaan,ADHK,2021,91.0
Maluku Utara,"M,N",Jasa Perusahaan,ADHK,2022,96.0
Maluku Utara,"M,N",Jasa Perusahaan,ADHK,2023,97.0
Maluku Utara,"M,N",Jasa Perusahaan,ADHK,2024,102.0
Maluku Utara,O,"Administrasi Pemerintahan, Pertahanan dan Jaminan Sosial Wajib",ADHK,2020,4268.0
Maluku Utara,O,"Administrasi Pemerintahan, Pertahanan dan Jaminan Sosial Wajib",ADHK,2021,4276.0
Maluku Utara,O,"Administrasi Pemerintahan, Pertahanan dan Jaminan Sosial Wajib",ADHK,2022,4289.0
Maluku Utara,O,"Administrasi Pemerintahan, Pertahanan dan Jaminan Sosial Wajib",ADHK,2023,4352.0
Maluku Utara,O,"Administrasi Pemerintahan, Pertahanan dan Jaminan Sosial Wajib",ADHK,2024,4845.0
Maluku Utara,P,Jasa Pendidikan,ADHK,2020,882.0
Maluku Utara,P,Jasa Pendidikan,ADHK,2021,894.0
Maluku Utara,P,Jasa Pendidikan,ADHK,2022,920.0
Maluku Utara,P,Jasa Pendidikan,ADHK,2023,937.0
Maluku Utara,P,Jasa Pendidikan,ADHK,2024,957.0
Maluku Utara,Q,Jasa Kesehatan dan Kegiatan Sosial,ADHK,2020,611.0
Maluku Utara,Q,Jasa Kesehatan dan Kegiatan Sosial,ADHK,2021,633.0
Maluku Utara,Q,Jasa Kesehatan dan Kegiatan Sosial,ADHK,2022,639.0
Maluku Utara,Q,Jasa Kesehatan dan Kegiatan Sosial,ADHK,2023,662.0
Maluku Utara,Q,Jasa Kesehatan dan Kegiatan Sosial,ADHK,2024,681.0
Maluku Utara,"R,S,T,U",Jasa lainnya,ADHK,2020,231.0
Maluku Utara,"R,S,T,U",Jasa lainnya,ADHK,2021,237.0
Maluku Utara,"R,S,T,U",Jasa lainnya,ADHK,2022,244.0
Maluku Utara,"R,S,T,U",Jasa lainnya,ADHK,2023,248.0
Maluku Utara,"R,S,T,U",Jasa lainnya,ADHK,2024,261.0
Papua Barat,A,"Pertanian, Kehutanan, dan Perikanan",ADHB,2020,9068.0
Papua Barat,A,"Pertanian, Kehutanan, dan Perikanan",ADHB,2021,9342.0
Papua Barat,A,"Pertanian, Kehutanan, dan Perikanan",ADHB,2022,9549.0
Papua Barat,A,"Pertanian, Kehutanan, dan Perikanan",ADHB,2023,5091.0
Papua Barat,A,"Pertanian, Kehutanan, dan Perikanan",ADHB,2024,5124.0
Papua Barat,B,Pertambangan dan Penggalian,ADHB,2020,14463.0
Papua Barat,B,Pertambangan dan Penggalian,ADHB,2021,15048.0
Papua Barat,B,Pertambangan dan Penggalian,ADHB,2022,16660.0
Papua Barat,B,Pertambangan dan Penggalian,ADHB,2023,14411.0
Papua Barat,B,Pertambangan dan Penggalian,ADHB,2024,19337.0
Papua Barat,C,Industri Pengolahan,ADHB,2020,21470.0
Papua Barat,C,Industri Pengolahan,ADHB,2021,21531.0
Papua Barat,C,Industri Pengolahan,ADHB,2022,24505.0
Papua Barat,C,Industri Pengolahan,ADHB,2023,21972.0
Papua Barat,C,Industri Pengolahan,ADHB,2024,29653.0
Papua Barat,D,Pengadaan Listrik dan Gas,ADHB,2020,45.0
Papua Barat,D,Pengadaan Listrik dan Gas,ADHB,2021,50.0
Papua Barat,D,Pengadaan Listrik dan Gas,ADHB,2022,55.0
Papua Barat,D,Pengadaan Listrik dan Gas,ADHB,2023,29.0
Papua Barat,D,Pengadaan Listrik dan Gas,ADHB,2024,32.0
Papua Barat,E,"Pengadaan Air, Pengelolaan Sampah, Limbah dan Daur Ulang",ADHB,2020,92.0
Papua Barat,E,"Pengadaan Air, Pengelolaan Sampah, Limbah dan Daur Ulang",ADHB,2021,96.0
Papua Barat,E,"Pengadaan Air, Pengelolaan Sampah, Limbah dan Daur Ulang",ADHB,2022,96.0
Papua Barat,E,"Pengadaan Air, Pengelolaan Sampah, Limbah dan Daur Ulang",ADHB,2023,48.0
Papua Barat,E,"Pengadaan Air, Pengelolaan Sampah, Limbah dan Daur Ulang",ADHB,2024,52.0
Papua Barat,F,Konstruksi,ADHB,2020,12625.0
Papua Barat,F,Konstruksi,ADHB,2021,12589.0
Papua Barat,F,Konstruksi,ADHB,2022,12327.0
Papua Barat,F,Konstruksi,ADHB,2023,5783.0
Papua Barat,F,Konstruksi,ADHB,2024,6009.0
Papua Barat,G,Perdagangan Besar dan Eceran; Reparasi Mobil dan Sepeda Motor,ADHB,2020,6528.0
Papua Barat,G,Perdagangan Besar dan Eceran; Reparasi Mobil dan Sepeda Motor,ADHB,2021,6789.0
Papua Barat,G,Perdagangan Besar dan Eceran; Reparasi Mobil dan Sepeda Motor,ADHB,2022,7306.0
Papua Barat,G,Perdagangan Besar dan Eceran; Reparasi Mobil dan Sepeda Motor,ADHB,2023,3322.0
Papua Barat,G,Perdagangan Besar dan Eceran; Reparasi Mobil dan Sepeda Motor,ADHB,2024,3589.0
Papua Barat,H,Transportasi dan Pergudangan,ADHB,2020,2254.0
Papua Barat,H,Transportasi dan Pergudangan,ADHB,2021,2183.0
Papua Barat,H,Transportasi dan Pergudangan,ADHB,2022,2430.0
Papua Barat,H,Transportasi dan Pergudangan,ADHB,2023,1161.0
Papua Barat,H,Transportasi dan Pergudangan,ADHB,2024,1251.0
Papua Barat,I,Penyediaan Akomodasi dan Makan Minum,ADHB,2020,557.0
Papua Barat,I,Penyediaan Akomodasi dan Makan Minum,ADHB,2021,588.0
Papua Barat,I,Penyediaan Akomodasi dan Makan Minum,ADHB,2022,678.0
Papua Barat,I,Penyediaan Akomodasi dan Makan Minum,ADHB,2023,337.0
Papua Barat,I,Penyediaan Akomodasi dan Makan Minum,ADHB,2024,368.0
Papua Barat,J,Informasi dan Komunikasi,ADHB,2020,1683.0
Papua Barat,J,Informasi dan Komunikasi,ADHB,2021,1703.0
Papua Barat,J,Informasi dan Komunikasi,ADHB,2022,1793.0
Papua Barat,J,Informasi dan Komunikasi,ADHB,2023,730.0
Papua Barat,J,Informasi dan Komunikasi,ADHB,2024,763.0
Papua Barat,K,Jasa Keuangan dan Asuransi,ADHB,2020,1432.0
Papua Barat,K,Jasa Keuangan dan Asuransi,ADHB,2021,1558.0
Papua Barat,K,Jasa Keuangan dan Asuransi,ADHB,2022,1706.0
Papua Barat,K,Jasa Keuangan dan Asuransi,ADHB,2023,943.0
Papua Barat,K,Jasa Keuangan dan Asuransi,ADHB,2024,907.0
Papua Barat,L,Real Estate,ADHB,2020,1137.0
Papua Barat,L,Real Estate,ADHB,2021,1171.0
Papua Barat,L,Real Estate,ADHB,2022,1242.0
Papua Barat,L,Real Estate,ADHB,2023,636.0
Papua Barat,L,Real Estate,ADHB,2024,690.0
Papua Barat,"M,N",Jasa Perusahaan,ADHB,2020,96.0
Papua Barat,"M,N",Jasa Perusahaan,ADHB,2021,95.0
Papua Barat,"M,N",Jasa Perusahaan,ADHB,2022,101.0
Papua Barat,"M,N",Jasa Perusahaan,ADHB,2023,44.0
Papua Barat,"M,N",Jasa Perusahaan,ADHB,2024,47.0
Papua Barat,O,"Administrasi Pemerintahan, Pertahanan dan Jaminan Sosial Wajib",ADHB,2020,9185.0
Papua Barat,O,"Administrasi Pemerintahan, Pertahanan dan Jaminan Sosial Wajib",ADHB,2021,9253.0
Papua Barat,O,"Administrasi Pemerintahan, Pertahanan dan Jaminan Sosial Wajib",ADHB,2022,9710.0
Papua Barat,O,"Administrasi Pemerintahan, Pertahanan dan Jaminan Sosial Wajib",ADHB,2023,5654.0
Papua Barat,O,"Administrasi Pemerintahan, Pertahanan dan Jaminan Sosial Wajib",ADHB,2024,6866.0
Papua Barat,P,Jasa Pendidikan,ADHB,2020,1964.0
Papua Barat,P,Jasa Pendidikan,ADHB,2021,1997.0
Papua Barat,P,Jasa Pendidikan,ADHB,2022,2035.0
Papua Barat,P,Jasa Pendidikan,ADHB,2023,887.0
Papua Barat,P,Jasa Pendidikan,ADHB,2024,926.0
Papua Barat,Q,Jasa Kesehatan dan Kegiatan Sosial,ADHB,2020,736.0
Papua Barat,Q,Jasa Kesehatan dan Kegiatan Sosial,ADHB,2021,816.0
Papua Barat,Q,Jasa Kesehatan dan Kegiatan Sosial,ADHB,2022,820.0
Papua Barat,Q,Jasa Kesehatan dan Kegiatan Sosial,ADHB,2023,396.0
Papua Barat,Q,Jasa Kesehatan dan Kegiatan Sosial,ADHB,2024,418.0
Papua Barat,"R,S,T,U",Jasa lainnya,ADHB,2020,256.0
Papua Barat,"R,S,T,U",Jasa lainnya,ADHB,2021,272.0
Papua Barat,"R,S,T,U",Jasa lainnya,ADHB,2022,291.0
Papua Barat,"R,S,T,U",Jasa lainnya,ADHB,2023,133.0
Papua Barat,"R,S,T,U",Jasa lainnya,ADHB,2024,146.0
Papua Barat,A,"Pertanian, Kehutanan, dan Perikanan",ADHK,2020,6122.0
Papua Barat,A,"Pertanian, Kehutanan, dan Perikanan",ADHK,2021,6182.0
Papua Barat,A,"Pertanian, Kehutanan, dan Perikanan",ADHK,2022,6199.0
Papua Barat,A,"Pertanian, Kehutanan, dan Perikanan",ADHK,2023,3304.0
Papua Barat,A,"Pertanian, Kehutanan, dan Perikanan",ADHK,2024,3311.0
Papua Barat,B,Pertambangan dan Penggalian,ADHK,2020,11488.0
Papua Barat,B,Pertambangan dan Penggalian,ADHK,2021,11550.0
Papua Barat,B,Pertambangan dan Penggalian,ADHK,2022,11960.0
Papua Barat,B,Pertambangan dan Penggalian,ADHK,2023,9340.0
Papua Barat,B,Pertambangan dan Penggalian,ADHK,2024,12121.0
Papua Barat,C,Industri Pengolahan,ADHK,2020,19195.0
Papua Barat,C,Industri Pengolahan,ADHK,2021,18752.0
Papua Barat,C,Industri Pengolahan,ADHK,2022,19299.0
Papua Barat,C,Industri Pengolahan,ADHK,2023,16121.0
Papua Barat,C,Industri Pengolahan,ADHK,2024,21425.0
Papua Barat,D,Pengadaan Listrik dan Gas,ADHK,2020,26.0
Papua Barat,D,Pengadaan Listrik dan Gas,ADHK,2021,28.0
Papua Barat,D,Pengadaan Listrik dan Gas,ADHK,2022,31.0
Papua Barat,D,Pengadaan Listrik dan Gas,ADHK,2023,16.0
Papua Barat,D,Pengadaan Listrik dan Gas,ADHK,2024,17.0
Papua Barat,E,"Pengadaan Air, Pengelolaan Sampah, Limbah dan Daur Ulang",ADHK,2020,74.0
Papua Barat,E,"Pengadaan Air, Pengelolaan Sampah, Limbah dan Daur Ulang",ADHK,2021,77.0
Papua Barat,E,"Pengadaan Air, Pengelolaan Sampah, Limbah dan Daur Ulang",ADHK,2022,77.0
Papua Barat,E,"Pengadaan Air, Pengelolaan Sampah, Limbah dan Daur Ulang",ADHK,2023,37.0
Papua Barat,E,"Pengadaan Air, Pengelolaan Sampah, Limbah dan Daur Ulang",ADHK,2024,39.0
Papua Barat,F,Konstruksi,ADHK,2020,7705.0
Papua Barat,F,Konstruksi,ADHK,2021,7478.0
Papua Barat,F,Konstruksi,ADHK,2022,7272.0
Papua Barat,F,Konstruksi,ADHK,2023,3338.0
Papua Barat,F,Konstruksi,ADHK,2024,3263.0
Papua Barat,G,Perdagangan Besar dan Eceran; Reparasi Mobil dan Sepeda Motor,ADHK,2020,4328.0
Papua Barat,G,Perdagangan Besar dan Eceran; Reparasi Mobil dan Sepeda Motor,ADHK,2021,4430.0
Papua Barat,G,Perdagangan Besar dan Eceran; Reparasi Mobil dan Sepeda Motor,ADHK,2022,4645.0
Papua Barat,G,Perdagangan Besar dan Eceran; Reparasi Mobil dan Sepeda Motor,ADHK,2023,2061.0
Papua Barat,G,Perdagangan Besar dan Eceran; Reparasi Mobil dan Sepeda Motor,ADHK,2024,2174.0
Papua Barat,H,Transportasi dan Pergudangan,ADHK,2020,1418.0
Papua Barat,H,Transportasi dan Pergudangan,ADHK,2021,1379.0
Papua Barat,H,Transportasi dan Pergudangan,ADHK,2022,1452.0
Papua Barat,H,Transportasi dan Pergudangan,ADHK,2023,678.0
Papua Barat,H,Transportasi dan Pergudangan,ADHK,2024,692.0
Papua Barat,I,Penyediaan Akomodasi dan Makan Minum,ADHK,2020,340.0
Papua Barat,I,Penyediaan Akomodasi dan Makan Minum,ADHK,2021,353.0
Papua Barat,I,Penyediaan Akomodasi dan Makan Minum,ADHK,2022,398.0
Papua Barat,I,Penyediaan Akomodasi dan Makan Minum,ADHK,2023,204.0
Papua Barat,I,Penyediaan Akomodasi dan Makan Minum,ADHK,2024,213.0
Papua Barat,J,Informasi dan Komunikasi,ADHK,2020,1408.0
Papua Barat,J,Informasi dan Komunikasi,ADHK,2021,1411.0
Papua Barat,J,Informasi dan Komunikasi,ADHK,2022,1449.0
Papua Barat,J,Informasi dan Komunikasi,ADHK,2023,555.0
Papua Barat,J,Informasi dan Komunikasi,ADHK,2024,571.0
Papua Barat,K,Jasa Keuangan dan Asuransi,ADHK,2020,950.0
Papua Barat,K,Jasa Keuangan dan Asuransi,ADHK,2021,979.0
Papua Barat,K,Jasa Keuangan dan Asuransi,ADHK,2022,978.0
Papua Barat,K,Jasa Keuangan dan Asuransi,ADHK,2023,509.0
Papua Barat,K,Jasa Keuangan dan Asuransi,ADHK,2024,509.0
Papua Barat,L,Real Estate,ADHK,2020,781.0
Papua Barat,L,Real Estate,ADHK,2021,801.0
Papua Barat,L,Real Estate,ADHK,2022,835.0
Papua Barat,L,Real Estate,ADHK,2023,430.0
Papua Barat,L,Real Estate,ADHK,2024,455.0
Papua Barat,"M,N",Jasa Perusahaan,ADHK,2020,68.0
Papua Barat,"M,N",Jasa Perusahaan,ADHK,2021,66.0
Papua Barat,"M,N",Jasa Perusahaan,ADHK,2022,70.0
Papua Barat,"M,N",Jasa Perusahaan,ADHK,2023,30.0
Papua Barat,"M,N",Jasa Perusahaan,ADHK,2024,31.0
Papua Barat,O,"Administrasi Pemerintahan, Pertahanan dan Jaminan Sosial Wajib",ADHK,2020,5432.0
Papua Barat,O,"Administrasi Pemerintahan, Pertahanan dan Jaminan Sosial Wajib",ADHK,2021,5469.0
Papua Barat,O,"Administrasi Pemerintahan, Pertahanan dan Jaminan Sosial Wajib",ADHK,2022,5516.0
Papua Barat,O,"Administrasi Pemerintahan, Pertahanan dan Jaminan Sosial Wajib",ADHK,2023,3294.0
Papua Barat,O,"Administrasi Pemerintahan, Pertahanan dan Jaminan Sosial Wajib",ADHK,2024,3575.0
Papua Barat,P,Jasa Pendidikan,ADHK,2020,1573.0
Papua Barat,P,Jasa Pendidikan,ADHK,2021,1582.0
Papua Barat,P,Jasa Pendidikan,ADHK,2022,1595.0
Papua Barat,P,Jasa Pendidikan,ADHK,2023,688.0
Papua Barat,P,Jasa Pendidikan,ADHK,2024,710.0
Papua Barat,Q,Jasa Kesehatan dan Kegiatan Sosial,ADHK,2020,525.0
Papua Barat,Q,Jasa Kesehatan dan Kegiatan Sosial,ADHK,2021,571.0
Papua Barat,Q,Jasa Kesehatan dan Kegiatan Sosial,ADHK,2022,570.0
Papua Barat,Q,Jasa Kesehatan dan Kegiatan Sosial,ADHK,2023,279.0
Papua Barat,Q,Jasa Kesehatan dan Kegiatan Sosial,ADHK,2024,291.0
Papua Barat,"R,S,T,U",Jasa lainnya,ADHK,2020,172.0
Papua Barat,"R,S,T,U",Jasa lainnya,ADHK,2021,179.0
Papua Barat,"R,S,T,U",Jasa lainnya,ADHK,2022,185.0
Papua Barat,"R,S,T,U",Jasa lainnya,ADHK,2023,83.0
Papua Barat,"R,S,T,U",Jasa lainnya,ADHK,2024,89.0
Papua Barat Daya,A,"Pertanian, Kehutanan, dan Perikanan",ADHB,2020,4486.0
Papua Barat Daya,A,"Pertanian, Kehutanan, dan Perikanan",ADHB,2021,4500.0
Papua Barat Daya,A,"Pertanian, Kehutanan, dan Perikanan",ADHB,2022,
Papua Barat Daya,A,"Pertanian, Kehutanan, dan Perikanan",ADHB,2023,
Papua Barat Daya,A,"Pertanian, Kehutanan, dan Perikanan",ADHB,2024,
Papua Barat Daya,B,Pertambangan dan Penggalian,ADHB,2020,3717.0
Papua Barat Daya,B,Pertambangan dan Penggalian,ADHB,2021,3708.0
Papua Barat Daya,B,Pertambangan dan Penggalian,ADHB,2022,
Papua Barat Daya,B,Pertambangan dan Penggalian,ADHB,2023,
Papua Barat Daya,B,Pertambangan dan Penggalian,ADHB,2024,
Papua Barat Daya,C,Industri Pengolahan,ADHB,2020,6248.0
Papua Barat Daya,C,Industri Pengolahan,ADHB,2021,6570.0
Papua Barat Daya,C,Industri Pengolahan,ADHB,2022,
Papua Barat Daya,C,Industri Pengolahan,ADHB,2023,
Papua Barat Daya,C,Industri Pengolahan,ADHB,2024,
Papua Barat Daya,D,Pengadaan Listrik dan Gas,ADHB,2020,28.0
Papua Barat Daya,D,Pengadaan Listrik dan Gas,ADHB,2021,31.0
Papua Barat Daya,D,Pengadaan Listrik dan Gas,ADHB,2022,
Papua Barat Daya,D,Pengadaan Listrik dan Gas,ADHB,2023,
Papua Barat Daya,D,Pengadaan Listrik dan Gas,ADHB,2024,
Papua Barat Daya,E,"Pengadaan Air, Pengelolaan Sampah, Limbah dan Daur Ulang",ADHB,2020,56.0
Papua Barat Daya,E,"Pengadaan Air, Pengelolaan Sampah, Limbah dan Daur Ulang",ADHB,2021,62.0
Papua Barat Daya,E,"Pengadaan Air, Pengelolaan Sampah, Limbah dan Daur Ulang",ADHB,2022,
Papua Barat Daya,E,"Pengadaan Air, Pengelolaan Sampah, Limbah dan Daur Ulang",ADHB,2023,
Papua Barat Daya,E,"Pengadaan Air, Pengelolaan Sampah, Limbah dan Daur Ulang",ADHB,2024,
Papua Barat Daya,F,Konstruksi,ADHB,2020,5348.0
Papua Barat Daya,F,Konstruksi,ADHB,2021,5345.0
Papua Barat Daya,F,Konstruksi,ADHB,2022,
Papua Barat Daya,F,Konstruksi,ADHB,2023,
Papua Barat Daya,F,Konstruksi,ADHB,2024,
Papua Barat Daya,G,Perdagangan Besar dan Eceran; Reparasi Mobil dan Sepeda Motor,ADHB,2020,4714.0
Papua Barat Daya,G,Perdagangan Besar dan Eceran; Reparasi Mobil dan Sepeda Motor,ADHB,2021,5196.0
Papua Barat Daya,G,Perdagangan Besar dan Eceran; Reparasi Mobil dan Sepeda Motor,ADHB,2022,
Papua Barat Daya,G,Perdagangan Besar dan Eceran; Reparasi Mobil dan Sepeda Motor,ADHB,2023,
Papua Barat Daya,G,Perdagangan Besar dan Eceran; Reparasi Mobil dan Sepeda Motor,ADHB,2024,
Papua Barat Daya,H,Transportasi dan Pergudangan,ADHB,2020,1482.0
Papua Barat Daya,H,Transportasi dan Pergudangan,ADHB,2021,1585.0
Papua Barat Daya,H,Transportasi dan Pergudangan,ADHB,2022,
Papua Barat Daya,H,Transportasi dan Pergudangan,ADHB,2023,
Papua Barat Daya,H,Transportasi dan Pergudangan,ADHB,2024,
Papua Barat Daya,I,Penyediaan Akomodasi dan Makan Minum,ADHB,2020,417.0
Papua Barat Daya,I,Penyediaan Akomodasi dan Makan Minum,ADHB,2021,466.0
Papua Barat Daya,I,Penyediaan Akomodasi dan Makan Minum,ADHB,2022,
Papua Barat Daya,I,Penyediaan Akomodasi dan Makan Minum,ADHB,2023,
Papua Barat Daya,I,Penyediaan Akomodasi dan Makan Minum,ADHB,2024,
Papua Barat Daya,J,Informasi dan Komunikasi,ADHB,2020,1136.0
Papua Barat Daya,J,Informasi dan Komunikasi,ADHB,2021,1189.0
Papua Barat Daya,J,Informasi dan Komunikasi,ADHB,2022,
Papua Barat Daya,J,Informasi dan Komunikasi,ADHB,2023,
Papua Barat Daya,J,Informasi dan Komunikasi,ADHB,2024,
Papua Barat Daya,K,Jasa Keuangan dan Asuransi,ADHB,2020,974.0
Papua Barat Daya,K,Jasa Keuangan dan Asuransi,ADHB,2021,1033.0
Papua Barat Daya,K,Jasa Keuangan dan Asuransi,ADHB,2022,
Papua Barat Daya,K,Jasa Keuangan dan Asuransi,ADHB,2023,
Papua Barat Daya,K,Jasa Keuangan dan Asuransi,ADHB,2024,
Papua Barat Daya,L,Real Estate,ADHB,2020,678.0
Papua Barat Daya,L,Real Estate,ADHB,2021,737.0
Papua Barat Daya,L,Real Estate,ADHB,2022,
Papua Barat Daya,L,Real Estate,ADHB,2023,
Papua Barat Daya,L,Real Estate,ADHB,2024,
Papua Barat Daya,"M,N",Jasa Perusahaan,ADHB,2020,66.0
Papua Barat Daya,"M,N",Jasa Perusahaan,ADHB,2021,71.0
Papua Barat Daya,"M,N",Jasa Perusahaan,ADHB,2022,
Papua Barat Daya,"M,N",Jasa Perusahaan,ADHB,2023,
Papua Barat Daya,"M,N",Jasa Perusahaan,ADHB,2024,
Papua Barat Daya,O,"Administrasi Pemerintahan, Pertahanan dan Jaminan Sosial Wajib",ADHB,2020,4869.0
Papua Barat Daya,O,"Administrasi Pemerintahan, Pertahanan dan Jaminan Sosial Wajib",ADHB,2021,4576.0
Papua Barat Daya,O,"Administrasi Pemerintahan, Pertahanan dan Jaminan Sosial Wajib",ADHB,2022,
Papua Barat Daya,O,"Administrasi Pemerintahan, Pertahanan dan Jaminan Sosial Wajib",ADHB,2023,
Papua Barat Daya,O,"Administrasi Pemerintahan, Pertahanan dan Jaminan Sosial Wajib",ADHB,2024,
Papua Barat Daya,P,Jasa Pendidikan,ADHB,2020,1217.0
Papua Barat Daya,P,Jasa Pendidikan,ADHB,2021,1268.0
Papua Barat Daya,P,Jasa Pendidikan,ADHB,2022,
Papua Barat Daya,P,Jasa Pendidikan,ADHB,2023,
Papua Barat Daya,P,Jasa Pendidikan,ADHB,2024,
Papua Barat Daya,Q,Jasa Kesehatan dan Kegiatan Sosial,ADHB,2020,478.0
Papua Barat Daya,Q,Jasa Kesehatan dan Kegiatan Sosial,ADHB,2021,504.0
Papua Barat Daya,Q,Jasa Kesehatan dan Kegiatan Sosial,ADHB,2022,
Papua Barat Daya,Q,Jasa Kesehatan dan Kegiatan Sosial,ADHB,2023,
Papua Barat Daya,Q,Jasa Kesehatan dan Kegiatan Sosial,ADHB,2024,
Papua Barat Daya,"R,S,T,U",Jasa lainnya,ADHB,2020,189.0
Papua Barat Daya,"R,S,T,U",Jasa lainnya,ADHB,2021,198.0
Papua Barat Daya,"R,S,T,U",Jasa lainnya,ADHB,2022,
Papua Barat Daya,"R,S,T,U",Jasa lainnya,ADHB,2023,
Papua Barat Daya,"R,S,T,U",Jasa lainnya,ADHB,2024,
Papua Barat Daya,A,"Pertanian, Kehutanan, dan Perikanan",ADHK,2020,2834.0
Papua Barat Daya,A,"Pertanian, Kehutanan, dan Perikanan",ADHK,2021,2849.0
Papua Barat Daya,A,"Pertanian, Kehutanan, dan Perikanan",ADHK,2022,
Papua Barat Daya,A,"Pertanian, Kehutanan, dan Perikanan",ADHK,2023,
Papua Barat Daya,A,"Pertanian, Kehutanan, dan Perikanan",ADHK,2024,
Papua Barat Daya,B,Pertambangan dan Penggalian,ADHK,2020,3198.0
Papua Barat Daya,B,Pertambangan dan Penggalian,ADHK,2021,3290.0
Papua Barat Daya,B,Pertambangan dan Penggalian,ADHK,2022,
Papua Barat Daya,B,Pertambangan dan Penggalian,ADHK,2023,
Papua Barat Daya,B,Pertambangan dan Penggalian,ADHK,2024,
Papua Barat Daya,C,Industri Pengolahan,ADHK,2020,4946.0
Papua Barat Daya,C,Industri Pengolahan,ADHK,2021,5176.0
Papua Barat Daya,C,Industri Pengolahan,ADHK,2022,
Papua Barat Daya,C,Industri Pengolahan,ADHK,2023,
Papua Barat Daya,C,Industri Pengolahan,ADHK,2024,
Papua Barat Daya,D,Pengadaan Listrik dan Gas,ADHK,2020,15.0
Papua Barat Daya,D,Pengadaan Listrik dan Gas,ADHK,2021,17.0
Papua Barat Daya,D,Pengadaan Listrik dan Gas,ADHK,2022,
Papua Barat Daya,D,Pengadaan Listrik dan Gas,ADHK,2023,
Papua Barat Daya,D,Pengadaan Listrik dan Gas,ADHK,2024,
Papua Barat Daya,E,"Pengadaan Air, Pengelolaan Sampah, Limbah dan Daur Ulang",ADHK,2020,44.0
Papua Barat Daya,E,"Pengadaan Air, Pengelolaan Sampah, Limbah dan Daur Ulang",ADHK,2021,46.0
Papua Barat Daya,E,"Pengadaan Air, Pengelolaan Sampah, Limbah dan Daur Ulang",ADHK,2022,
Papua Barat Daya,E,"Pengadaan Air, Pengelolaan Sampah, Limbah dan Daur Ulang",ADHK,2023,
Papua Barat Daya,E,"Pengadaan Air, Pengelolaan Sampah, Limbah dan Daur Ulang",ADHK,2024,
Papua Barat Daya,F,Konstruksi,ADHK,2020,3129.0
Papua Barat Daya,F,Konstruksi,ADHK,2021,3193.0
Papua Barat Daya,F,Konstruksi,ADHK,2022,
Papua Barat Daya,F,Konstruksi,ADHK,2023,
Papua Barat Daya,F,Konstruksi,ADHK,2024,
Papua Barat Daya,G,Perdagangan Besar dan Eceran; Reparasi Mobil dan Sepeda Motor,ADHK,2020,2884.0
Papua Barat Daya,G,Perdagangan Besar dan Eceran; Reparasi Mobil dan Sepeda Motor,ADHK,2021,3073.0
Papua Barat Daya,G,Perdagangan Besar dan Eceran; Reparasi Mobil dan Sepeda Motor,ADHK,2022,
Papua Barat Daya,G,Perdagangan Besar dan Eceran; Reparasi Mobil dan Sepeda Motor,ADHK,2023,
Papua Barat Daya,G,Perdagangan Besar dan Eceran; Reparasi Mobil dan Sepeda Motor,ADHK,2024,
Papua Barat Daya,H,Transportasi dan Pergudangan,ADHK,2020,825.0
Papua Barat Daya,H,Transportasi dan Pergudangan,ADHK,2021,827.0
Papua Barat Daya,H,Transportasi dan Pergudangan,ADHK,2022,
Papua Barat Daya,H,Transportasi dan Pergudangan,ADHK,2023,
Papua Barat Daya,H,Transportasi dan Pergudangan,ADHK,2024,
Papua Barat Daya,I,Penyediaan Akomodasi dan Makan Minum,ADHK,2020,225.0
Papua Barat Daya,I,Penyediaan Akomodasi dan Makan Minum,ADHK,2021,242.0
Papua Barat Daya,I,Penyediaan Akomodasi dan Makan Minum,ADHK,2022,
Papua Barat Daya,I,Penyediaan Akomodasi dan Makan Minum,ADHK,2023,
Papua Barat Daya,I,Penyediaan Akomodasi dan Makan Minum,ADHK,2024,
Papua Barat Daya,J,Informasi dan Komunikasi,ADHK,2020,929.0
Papua Barat Daya,J,Informasi dan Komunikasi,ADHK,2021,960.0
Papua Barat Daya,J,Informasi dan Komunikasi,ADHK,2022,
Papua Barat Daya,J,Informasi dan Komunikasi,ADHK,2023,
Papua Barat Daya,J,Informasi dan Komunikasi,ADHK,2024,
Papua Barat Daya,K,Jasa Keuangan dan Asuransi,ADHK,2020,572.0
Papua Barat Daya,K,Jasa Keuangan dan Asuransi,ADHK,2021,573.0
Papua Barat Daya,K,Jasa Keuangan dan Asuransi,ADHK,2022,
Papua Barat Daya,K,Jasa Keuangan dan Asuransi,ADHK,2023,
Papua Barat Daya,K,Jasa Keuangan dan Asuransi,ADHK,2024,
Papua Barat Daya,L,Real Estate,ADHK,2020,438.0
Papua Barat Daya,L,Real Estate,ADHK,2021,463.0
Papua Barat Daya,L,Real Estate,ADHK,2022,
Papua Barat Daya,L,Real Estate,ADHK,2023,
Papua Barat Daya,L,Real Estate,ADHK,2024,
Papua Barat Daya,"M,N",Jasa Perusahaan,ADHK,2020,45.0
Papua Barat Daya,"M,N",Jasa Perusahaan,ADHK,2021,47.0
Papua Barat Daya,"M,N",Jasa Perusahaan,ADHK,2022,
Papua Barat Daya,"M,N",Jasa Perusahaan,ADHK,2023,
Papua Barat Daya,"M,N",Jasa Perusahaan,ADHK,2024,
Papua Barat Daya,O,"Administrasi Pemerintahan, Pertahanan dan Jaminan Sosial Wajib",ADHK,2020,2542.0
Papua Barat Daya,O,"Administrasi Pemerintahan, Pertahanan dan Jaminan Sosial Wajib",ADHK,2021,2692.0
Papua Barat Daya,O,"Administrasi Pemerintahan, Pertahanan dan Jaminan Sosial Wajib",ADHK,2022,
Papua Barat Daya,O,"Administrasi Pemerintahan, Pertahanan dan Jaminan Sosial Wajib",ADHK,2023,
Papua Barat Daya,O,"Administrasi Pemerintahan, Pertahanan dan Jaminan Sosial Wajib",ADHK,2024,
Papua Barat Daya,P,Jasa Pendidikan,ADHK,2020,948.0
Papua Barat Daya,P,Jasa Pendidikan,ADHK,2021,975.0
Papua Barat Daya,P,Jasa Pendidikan,ADHK,2022,
Papua Barat Daya,P,Jasa Pendidikan,ADHK,2023,
Papua Barat Daya,P,Jasa Pendidikan,ADHK,2024,
Papua Barat Daya,Q,Jasa Kesehatan dan Kegiatan Sosial,ADHK,2020,322.0
Papua Barat Daya,Q,Jasa Kesehatan dan Kegiatan Sosial,ADHK,2021,335.0
Papua Barat Daya,Q,Jasa Kesehatan dan Kegiatan Sosial,ADHK,2022,
Papua Barat Daya,Q,Jasa Kesehatan dan Kegiatan Sosial,ADHK,2023,
Papua Barat Daya,Q,Jasa Kesehatan dan Kegiatan Sosial,ADHK,2024,
Papua Barat Daya,"R,S,T,U",Jasa lainnya,ADHK,2020,114.0
Papua Barat Daya,"R,S,T,U",Jasa lainnya,ADHK,2021,116.0
Papua Barat Daya,"R,S,T,U",Jasa lainnya,ADHK,2022,
Papua Barat Daya,"R,S,T,U",Jasa lainnya,ADHK,2023,
Papua Barat Daya,"R,S,T,U",Jasa lainnya,ADHK,2024,
Papua,A,"Pertanian, Kehutanan, dan Perikanan",ADHB,2020,24457.0
Papua,A,"Pertanian, Kehutanan, dan Perikanan",ADHB,2021,25516.0
Papua,A,"Pertanian, Kehutanan, dan Perikanan",ADHB,2022,27048.0
Papua,A,"Pertanian, Kehutanan, dan Perikanan",ADHB,2023,11820.0
Papua,A,"Pertanian, Kehutanan, dan Perikanan",ADHB,2024,12107.0
Papua,B,Pertambangan dan Penggalian,ADHB,2020,56200.0
Papua,B,Pertambangan dan Penggalian,ADHB,2021,86696.0
Papua,B,Pertambangan dan Penggalian,ADHB,2022,101325.0
Papua,B,Pertambangan dan Penggalian,ADHB,2023,683.0
Papua,B,Pertambangan dan Penggalian,ADHB,2024,716.0
Papua,C,Industri Pengolahan,ADHB,2020,4140.0
Papua,C,Industri Pengolahan,ADHB,2021,4241.0
Papua,C,Industri Pengolahan,ADHB,2022,4429.0
Papua,C,Industri Pengolahan,ADHB,2023,2397.0
Papua,C,Industri Pengolahan,ADHB,2024,2560.0
Papua,D,Pengadaan Listrik dan Gas,ADHB,2020,83.0
Papua,D,Pengadaan Listrik dan Gas,ADHB,2021,89.0
Papua,D,Pengadaan Listrik dan Gas,ADHB,2022,98.0
Papua,D,Pengadaan Listrik dan Gas,ADHB,2023,52.0
Papua,D,Pengadaan Listrik dan Gas,ADHB,2024,59.0
Papua,E,"Pengadaan Air, Pengelolaan Sampah, Limbah dan Daur Ulang",ADHB,2020,100.0
Papua,E,"Pengadaan Air, Pengelolaan Sampah, Limbah dan Daur Ulang",ADHB,2021,105.0
Papua,E,"Pengadaan Air, Pengelolaan Sampah, Limbah dan Daur Ulang",ADHB,2022,113.0
Papua,E,"Pengadaan Air, Pengelolaan Sampah, Limbah dan Daur Ulang",ADHB,2023,82.0
Papua,E,"Pengadaan Air, Pengelolaan Sampah, Limbah dan Daur Ulang",ADHB,2024,90.0
Papua,F,Konstruksi,ADHB,2020,30734.0
Papua,F,Konstruksi,ADHB,2021,32635.0
Papua,F,Konstruksi,ADHB,2022,36090.0
Papua,F,Konstruksi,ADHB,2023,16612.0
Papua,F,Konstruksi,ADHB,2024,17260.0
Papua,G,Perdagangan Besar dan Eceran; Reparasi Mobil dan Sepeda Motor,ADHB,2020,20935.0
Papua,G,Perdagangan Besar dan Eceran; Reparasi Mobil dan Sepeda Motor,ADHB,2021,22058.0
Papua,G,Perdagangan Besar dan Eceran; Reparasi Mobil dan Sepeda Motor,ADHB,2022,24161.0
Papua,G,Perdagangan Besar dan Eceran; Reparasi Mobil dan Sepeda Motor,ADHB,2023,13109.0
Papua,G,Perdagangan Besar dan Eceran; Reparasi Mobil dan Sepeda Motor,ADHB,2024,13955.0
Papua,H,Transportasi dan Pergudangan,ADHB,2020,8688.0
Papua,H,Transportasi dan Pergudangan,ADHB,2021,9044.0
Papua,H,Transportasi dan Pergudangan,ADHB,2022,11612.0
Papua,H,Transportasi dan Pergudangan,ADHB,2023,6575.0
Papua,H,Transportasi dan Pergudangan,ADHB,2024,7118.0
Papua,I,Penyediaan Akomodasi dan Makan Minum,ADHB,2020,1527.0
Papua,I,Penyediaan Akomodasi dan Makan Minum,ADHB,2021,1567.0
Papua,I,Penyediaan Akomodasi dan Makan Minum,ADHB,2022,1670.0
Papua,I,Penyediaan Akomodasi dan Makan Minum,ADHB,2023,1041.0
Papua,I,Penyediaan Akomodasi dan Makan Minum,ADHB,2024,1122.0
Papua,J,Informasi dan Komunikasi,ADHB,2020,8456.0
Papua,J,Informasi dan Komunikasi,ADHB,2021,8820.0
Papua,J,Informasi dan Komunikasi,ADHB,2022,9372.0
Papua,J,Informasi dan Komunikasi,ADHB,2023,4984.0
Papua,J,Informasi dan Komunikasi,ADHB,2024,5134.0
Papua,K,Jasa Keuangan dan Asuransi,ADHB,2020,3325.0
Papua,K,Jasa Keuangan dan Asuransi,ADHB,2021,3574.0
Papua,K,Jasa Keuangan dan Asuransi,ADHB,2022,4068.0
Papua,K,Jasa Keuangan dan Asuransi,ADHB,2023,3062.0
Papua,K,Jasa Keuangan dan Asuransi,ADHB,2024,3113.0
Papua,L,Real Estate,ADHB,2020,5774.0
Papua,L,Real Estate,ADHB,2021,6284.0
Papua,L,Real Estate,ADHB,2022,6666.0
Papua,L,Real Estate,ADHB,2023,3838.0
Papua,L,Real Estate,ADHB,2024,3997.0
Papua,"M,N",Jasa Perusahaan,ADHB,2020,2451.0
Papua,"M,N",Jasa Perusahaan,ADHB,2021,2525.0
Papua,"M,N",Jasa Perusahaan,ADHB,2022,2703.0
Papua,"M,N",Jasa Perusahaan,ADHB,2023,2009.0
Papua,"M,N",Jasa Perusahaan,ADHB,2024,2090.0
Papua,O,"Administrasi Pemerintahan, Pertahanan dan Jaminan Sosial Wajib",ADHB,2020,22048.0
Papua,O,"Administrasi Pemerintahan, Pertahanan dan Jaminan Sosial Wajib",ADHB,2021,21999.0
Papua,O,"Administrasi Pemerintahan, Pertahanan dan Jaminan Sosial Wajib",ADHB,2022,22396.0
Papua,O,"Administrasi Pemerintahan, Pertahanan dan Jaminan Sosial Wajib",ADHB,2023,9484.0
Papua,O,"Administrasi Pemerintahan, Pertahanan dan Jaminan Sosial Wajib",ADHB,2024,10200.0
Papua,P,Jasa Pendidikan,ADHB,2020,4090.0
Papua,P,Jasa Pendidikan,ADHB,2021,3919.0
Papua,P,Jasa Pendidikan,ADHB,2022,4091.0
Papua,P,Jasa Pendidikan,ADHB,2023,2185.0
Papua,P,Jasa Pendidikan,ADHB,2024,2332.0
Papua,Q,Jasa Kesehatan dan Kegiatan Sosial,ADHB,2020,3840.0
Papua,Q,Jasa Kesehatan dan Kegiatan Sosial,ADHB,2021,3994.0
Papua,Q,Jasa Kesehatan dan Kegiatan Sosial,ADHB,2022,4137.0
Papua,Q,Jasa Kesehatan dan Kegiatan Sosial,ADHB,2023,2317.0
Papua,Q,Jasa Kesehatan dan Kegiatan Sosial,ADHB,2024,2506.0
Papua,"R,S,T,U",Jasa lainnya,ADHB,2020,2338.0
Papua,"R,S,T,U",Jasa lainnya,ADHB,2021,2422.0
Papua,"R,S,T,U",Jasa lainnya,ADHB,2022,2540.0
Papua,"R,S,T,U",Jasa lainnya,ADHB,2023,1482.0
Papua,"R,S,T,U",Jasa lainnya,ADHB,2024,1557.0
Papua,A,"Pertanian, Kehutanan, dan Perikanan",ADHK,2020,16491.0
Papua,A,"Pertanian, Kehutanan, dan Perikanan",ADHK,2021,16756.0
Papua,A,"Pertanian, Kehutanan, dan Perikanan",ADHK,2022,17136.0
Papua,A,"Pertanian, Kehutanan, dan Perikanan",ADHK,2023,7018.0
Papua,A,"Pertanian, Kehutanan, dan Perikanan",ADHK,2024,7074.0
Papua,B,Pertambangan dan Penggalian,ADHK,2020,45395.0
Papua,B,Pertambangan dan Penggalian,ADHK,2021,63915.0
Papua,B,Pertambangan dan Penggalian,ADHK,2022,74220.0
Papua,B,Pertambangan dan Penggalian,ADHK,2023,452.0
Papua,B,Pertambangan dan Penggalian,ADHK,2024,473.0
Papua,C,Industri Pengolahan,ADHK,2020,2859.0
Papua,C,Industri Pengolahan,ADHK,2021,2853.0
Papua,C,Industri Pengolahan,ADHK,2022,2856.0
Papua,C,Industri Pengolahan,ADHK,2023,1418.0
Papua,C,Industri Pengolahan,ADHK,2024,1493.0
Papua,D,Pengadaan Listrik dan Gas,ADHK,2020,55.0
Papua,D,Pengadaan Listrik dan Gas,ADHK,2021,58.0
Papua,D,Pengadaan Listrik dan Gas,ADHK,2022,62.0
Papua,D,Pengadaan Listrik dan Gas,ADHK,2023,34.0
Papua,D,Pengadaan Listrik dan Gas,ADHK,2024,37.0
Papua,E,"Pengadaan Air, Pengelolaan Sampah, Limbah dan Daur Ulang",ADHK,2020,79.0
Papua,E,"Pengadaan Air, Pengelolaan Sampah, Limbah dan Daur Ulang",ADHK,2021,82.0
Papua,E,"Pengadaan Air, Pengelolaan Sampah, Limbah dan Daur Ulang",ADHK,2022,87.0
Papua,E,"Pengadaan Air, Pengelolaan Sampah, Limbah dan Daur Ulang",ADHK,2023,61.0
Papua,E,"Pengadaan Air, Pengelolaan Sampah, Limbah dan Daur Ulang",ADHK,2024,63.0
Papua,F,Konstruksi,ADHK,2020,18523.0
Papua,F,Konstruksi,ADHK,2021,19326.0
Papua,F,Konstruksi,ADHK,2022,20148.0
Papua,F,Konstruksi,ADHK,2023,8983.0
Papua,F,Konstruksi,ADHK,2024,9153.0
Papua,G,Perdagangan Besar dan Eceran; Reparasi Mobil dan Sepeda Motor,ADHK,2020,13138.0
Papua,G,Perdagangan Besar dan Eceran; Reparasi Mobil dan Sepeda Motor,ADHK,2021,13889.0
Papua,G,Perdagangan Besar dan Eceran; Reparasi Mobil dan Sepeda Motor,ADHK,2022,14553.0
Papua,G,Perdagangan Besar dan Eceran; Reparasi Mobil dan Sepeda Motor,ADHK,2023,7769.0
Papua,G,Perdagangan Besar dan Eceran; Reparasi Mobil dan Sepeda Motor,ADHK,2024,8229.0
Papua,H,Transportasi dan Pergudangan,ADHK,2020,4911.0
Papua,H,Transportasi dan Pergudangan,ADHK,2021,5091.0
Papua,H,Transportasi dan Pergudangan,ADHK,2022,5954.0
Papua,H,Transportasi dan Pergudangan,ADHK,2023,3238.0
Papua,H,Transportasi dan Pergudangan,ADHK,2024,3456.0
Papua,I,Penyediaan Akomodasi dan Makan Minum,ADHK,2020,925.0
Papua,I,Penyediaan Akomodasi dan Makan Minum,ADHK,2021,938.0
Papua,I,Penyediaan Akomodasi dan Makan Minum,ADHK,2022,976.0
Papua,I,Penyediaan Akomodasi dan Makan Minum,ADHK,2023,592.0
Papua,I,Penyediaan Akomodasi dan Makan Minum,ADHK,2024,619.0
Papua,J,Informasi dan Komunikasi,ADHK,2020,6107.0
Papua,J,Informasi dan Komunikasi,ADHK,2021,6295.0
Papua,J,Informasi dan Komunikasi,ADHK,2022,6639.0
Papua,J,Informasi dan Komunikasi,ADHK,2023,3725.0
Papua,J,Informasi dan Komunikasi,ADHK,2024,3954.0
Papua,K,Jasa Keuangan dan Asuransi,ADHK,2020,2240.0
Papua,K,Jasa Keuangan dan Asuransi,ADHK,2021,2293.0
Papua,K,Jasa Keuangan dan Asuransi,ADHK,2022,2409.0
Papua,K,Jasa Keuangan dan Asuransi,ADHK,2023,1733.0
Papua,K,Jasa Keuangan dan Asuransi,ADHK,2024,1777.0
Papua,L,Real Estate,ADHK,2020,3968.0
Papua,L,Real Estate,ADHK,2021,4247.0
Papua,L,Real Estate,ADHK,2022,4449.0
Papua,L,Real Estate,ADHK,2023,2600.0
Papua,L,Real Estate,ADHK,2024,2716.0
Papua,"M,N",Jasa Perusahaan,ADHK,2020,1744.0
Papua,"M,N",Jasa Perusahaan,ADHK,2021,1778.0
Papua,"M,N",Jasa Perusahaan,ADHK,2022,1844.0
Papua,"M,N",Jasa Perusahaan,ADHK,2023,1275.0
Papua,"M,N",Jasa Perusahaan,ADHK,2024,1314.0
Papua,O,"Administrasi Pemerintahan, Pertahanan dan Jaminan Sosial Wajib",ADHK,2020,13691.0
Papua,O,"Administrasi Pemerintahan, Pertahanan dan Jaminan Sosial Wajib",ADHK,2021,13561.0
Papua,O,"Administrasi Pemerintahan, Pertahanan dan Jaminan Sosial Wajib",ADHK,2022,13877.0
Papua,O,"Administrasi Pemerintahan, Pertahanan dan Jaminan Sosial Wajib",ADHK,2023,6240.0
Papua,O,"Administrasi Pemerintahan, Pertahanan dan Jaminan Sosial Wajib",ADHK,2024,6689.0
Papua,P,Jasa Pendidikan,ADHK,2020,3384.0
Papua,P,Jasa Pendidikan,ADHK,2021,3222.0
Papua,P,Jasa Pendidikan,ADHK,2022,3274.0
Papua,P,Jasa Pendidikan,ADHK,2023,1812.0
Papua,P,Jasa Pendidikan,ADHK,2024,1868.0
Papua,Q,Jasa Kesehatan dan Kegiatan Sosial,ADHK,2020,2587.0
Papua,Q,Jasa Kesehatan dan Kegiatan Sosial,ADHK,2021,2620.0
Papua,Q,Jasa Kesehatan dan Kegiatan Sosial,ADHK,2022,2621.0
Papua,Q,Jasa Kesehatan dan Kegiatan Sosial,ADHK,2023,1502.0
Papua,Q,Jasa Kesehatan dan Kegiatan Sosial,ADHK,2024,1554.0
Papua,"R,S,T,U",Jasa lainnya,ADHK,2020,1689.0
Papua,"R,S,T,U",Jasa lainnya,ADHK,2021,1749.0
Papua,"R,S,T,U",Jasa lainnya,ADHK,2022,1802.0
Papua,"R,S,T,U",Jasa lainnya,ADHK,2023,1097.0
Papua,"R,S,T,U",Jasa lainnya,ADHK,2024,1118.0
Papua Selatan,A,"Pertanian, Kehutanan, dan Perikanan",ADHB,2020,6919.0
Papua Selatan,A,"Pertanian, Kehutanan, dan Perikanan",ADHB,2021,7181.0
Papua Selatan,A,"Pertanian, Kehutanan, dan Perikanan",ADHB,2022,
Papua Selatan,A,"Pertanian, Kehutanan, dan Perikanan",ADHB,2023,
Papua Selatan,A,"Pertanian, Kehutanan, dan Perikanan",ADHB,2024,
Papua Selatan,B,Pertambangan dan Penggalian,ADHB,2020,388.0
Papua Selatan,B,Pertambangan dan Penggalian,ADHB,2021,402.0
Papua Selatan,B,Pertambangan dan Penggalian,ADHB,2022,
Papua Selatan,B,Pertambangan dan Penggalian,ADHB,2023,
Papua Selatan,B,Pertambangan dan Penggalian,ADHB,2024,
Papua Selatan,C,Industri Pengolahan,ADHB,2020,1698.0
Papua Selatan,C,Industri Pengolahan,ADHB,2021,1876.0
Papua Selatan,C,Industri Pengolahan,ADHB,2022,
Papua Selatan,C,Industri Pengolahan,ADHB,2023,
Papua Selatan,C,Industri Pengolahan,ADHB,2024,
Papua Selatan,D,Pengadaan Listrik dan Gas,ADHB,2020,12.0
Papua Selatan,D,Pengadaan Listrik dan Gas,ADHB,2021,13.0
Papua Selatan,D,Pengadaan Listrik dan Gas,ADHB,2022,
Papua Selatan,D,Pengadaan Listrik dan Gas,ADHB,2023,
Papua Selatan,D,Pengadaan Listrik dan Gas,ADHB,2024,
Papua Selatan,E,"Pengadaan Air, Pengelolaan Sampah, Limbah dan Daur Ulang",ADHB,2020,19.0
Papua Selatan,E,"Pengadaan Air, Pengelolaan Sampah, Limbah dan Daur Ulang",ADHB,2021,20.0
Papua Selatan,E,"Pengadaan Air, Pengelolaan Sampah, Limbah dan Daur Ulang",ADHB,2022,
Papua Selatan,E,"Pengadaan Air, Pengelolaan Sampah, Limbah dan Daur Ulang",ADHB,2023,
Papua Selatan,E,"Pengadaan Air, Pengelolaan Sampah, Limbah dan Daur Ulang",ADHB,2024,
Papua Selatan,F,Konstruksi,ADHB,2020,7530.0
Papua Selatan,F,Konstruksi,ADHB,2021,7749.0
Papua Selatan,F,Konstruksi,ADHB,2022,
Papua Selatan,F,Konstruksi,ADHB,2023,
Papua Selatan,F,Konstruksi,ADHB,2024,
Papua Selatan,G,Perdagangan Besar dan Eceran; Reparasi Mobil dan Sepeda Motor,ADHB,2020,4036.0
Papua Selatan,G,Perdagangan Besar dan Eceran; Reparasi Mobil dan Sepeda Motor,ADHB,2021,4276.0
Papua Selatan,G,Perdagangan Besar dan Eceran; Reparasi Mobil dan Sepeda Motor,ADHB,2022,
Papua Selatan,G,Perdagangan Besar dan Eceran; Reparasi Mobil dan Sepeda Motor,ADHB,2023,
Papua Selatan,G,Perdagangan Besar dan Eceran; Reparasi Mobil dan Sepeda Motor,ADHB,2024,
Papua Selatan,H,Transportasi dan Pergudangan,ADHB,2020,2146.0
Papua Selatan,H,Transportasi dan Pergudangan,ADHB,2021,2492.0
Papua Selatan,H,Transportasi dan Pergudangan,ADHB,2022,
Papua Selatan,H,Transportasi dan Pergudangan,ADHB,2023,
Papua Selatan,H,Transportasi dan Pergudangan,ADHB,2024,
Papua Selatan,I,Penyediaan Akomodasi dan Makan Minum,ADHB,2020,275.0
Papua Selatan,I,Penyediaan Akomodasi dan Makan Minum,ADHB,2021,288.0
Papua Selatan,I,Penyediaan Akomodasi dan Makan Minum,ADHB,2022,
Papua Selatan,I,Penyediaan Akomodasi dan Makan Minum,ADHB,2023,
Papua Selatan,I,Penyediaan Akomodasi dan Makan Minum,ADHB,2024,
Papua Selatan,J,Informasi dan Komunikasi,ADHB,2020,1591.0
Papua Selatan,J,Informasi dan Komunikasi,ADHB,2021,1667.0
Papua Selatan,J,Informasi dan Komunikasi,ADHB,2022,
Papua Selatan,J,Informasi dan Komunikasi,ADHB,2023,
Papua Selatan,J,Informasi dan Komunikasi,ADHB,2024,
Papua Selatan,K,Jasa Keuangan dan Asuransi,ADHB,2020,534.0
Papua Selatan,K,Jasa Keuangan dan Asuransi,ADHB,2021,580.0
Papua Selatan,K,Jasa Keuangan dan Asuransi,ADHB,2022,
Papua Selatan,K,Jasa Keuangan dan Asuransi,ADHB,2023,
Papua Selatan,K,Jasa Keuangan dan Asuransi,ADHB,2024,
Papua Selatan,L,Real Estate,ADHB,2020,656.0
Papua Selatan,L,Real Estate,ADHB,2021,700.0
Papua Selatan,L,Real Estate,ADHB,2022,
Papua Selatan,L,Real Estate,ADHB,2023,
Papua Selatan,L,Real Estate,ADHB,2024,
Papua Selatan,"M,N",Jasa Perusahaan,ADHB,2020,275.0
Papua Selatan,"M,N",Jasa Perusahaan,ADHB,2021,303.0
Papua Selatan,"M,N",Jasa Perusahaan,ADHB,2022,
Papua Selatan,"M,N",Jasa Perusahaan,ADHB,2023,
Papua Selatan,"M,N",Jasa Perusahaan,ADHB,2024,
Papua Selatan,O,"Administrasi Pemerintahan, Pertahanan dan Jaminan Sosial Wajib",ADHB,2020,3528.0
Papua Selatan,O,"Administrasi Pemerintahan, Pertahanan dan Jaminan Sosial Wajib",ADHB,2021,3936.0
Papua Selatan,O,"Administrasi Pemerintahan, Pertahanan dan Jaminan Sosial Wajib",ADHB,2022,
Papua Selatan,O,"Administrasi Pemerintahan, Pertahanan dan Jaminan Sosial Wajib",ADHB,2023,
Papua Selatan,O,"Administrasi Pemerintahan, Pertahanan dan Jaminan Sosial Wajib",ADHB,2024,
Papua Selatan,P,Jasa Pendidikan,ADHB,2020,734.0
Papua Selatan,P,Jasa Pendidikan,ADHB,2021,794.0
Papua Selatan,P,Jasa Pendidikan,ADHB,2022,
Papua Selatan,P,Jasa Pendidikan,ADHB,2023,
Papua Selatan,P,Jasa Pendidikan,ADHB,2024,
Papua Selatan,Q,Jasa Kesehatan dan Kegiatan Sosial,ADHB,2020,687.0
Papua Selatan,Q,Jasa Kesehatan dan Kegiatan Sosial,ADHB,2021,751.0
Papua Selatan,Q,Jasa Kesehatan dan Kegiatan Sosial,ADHB,2022,
Papua Selatan,Q,Jasa Kesehatan dan Kegiatan Sosial,ADHB,2023,
Papua Selatan,Q,Jasa Kesehatan dan Kegiatan Sosial,ADHB,2024,
Papua Selatan,"R,S,T,U",Jasa lainnya,ADHB,2020,331.0
Papua Selatan,"R,S,T,U",Jasa lainnya,ADHB,2021,355.0
Papua Selatan,"R,S,T,U",Jasa lainnya,ADHB,2022,
Papua Selatan,"R,S,T,U",Jasa lainnya,ADHB,2023,
Papua Selatan,"R,S,T,U",Jasa lainnya,ADHB,2024,
Papua Selatan,A,"Pertanian, Kehutanan, dan Perikanan",ADHK,2020,4345.0
Papua Selatan,A,"Pertanian, Kehutanan, dan Perikanan",ADHK,2021,4422.0
Papua Selatan,A,"Pertanian, Kehutanan, dan Perikanan",ADHK,2022,
Papua Selatan,A,"Pertanian, Kehutanan, dan Perikanan",ADHK,2023,
Papua Selatan,A,"Pertanian, Kehutanan, dan Perikanan",ADHK,2024,
Papua Selatan,B,Pertambangan dan Penggalian,ADHK,2020,257.0
Papua Selatan,B,Pertambangan dan Penggalian,ADHK,2021,266.0
Papua Selatan,B,Pertambangan dan Penggalian,ADHK,2022,
Papua Selatan,B,Pertambangan dan Penggalian,ADHK,2023,
Papua Selatan,B,Pertambangan dan Penggalian,ADHK,2024,
Papua Selatan,C,Industri Pengolahan,ADHK,2020,1117.0
Papua Selatan,C,Industri Pengolahan,ADHK,2021,1157.0
Papua Selatan,C,Industri Pengolahan,ADHK,2022,
Papua Selatan,C,Industri Pengolahan,ADHK,2023,
Papua Selatan,C,Industri Pengolahan,ADHK,2024,
Papua Selatan,D,Pengadaan Listrik dan Gas,ADHK,2020,8.0
Papua Selatan,D,Pengadaan Listrik dan Gas,ADHK,2021,9.0
Papua Selatan,D,Pengadaan Listrik dan Gas,ADHK,2022,
Papua Selatan,D,Pengadaan Listrik dan Gas,ADHK,2023,
Papua Selatan,D,Pengadaan Listrik dan Gas,ADHK,2024,
Papua Selatan,E,"Pengadaan Air, Pengelolaan Sampah, Limbah dan Daur Ulang",ADHK,2020,14.0
Papua Selatan,E,"Pengadaan Air, Pengelolaan Sampah, Limbah dan Daur Ulang",ADHK,2021,14.0
Papua Selatan,E,"Pengadaan Air, Pengelolaan Sampah, Limbah dan Daur Ulang",ADHK,2022,
Papua Selatan,E,"Pengadaan Air, Pengelolaan Sampah, Limbah dan Daur Ulang",ADHK,2023,
Papua Selatan,E,"Pengadaan Air, Pengelolaan Sampah, Limbah dan Daur Ulang",ADHK,2024,
Papua Selatan,F,Konstruksi,ADHK,2020,3939.0
Papua Selatan,F,Konstruksi,ADHK,2021,4197.0
Papua Selatan,F,Konstruksi,ADHK,2022,
Papua Selatan,F,Konstruksi,ADHK,2023,
Papua Selatan,F,Konstruksi,ADHK,2024,
Papua Selatan,G,Perdagangan Besar dan Eceran; Reparasi Mobil dan Sepeda Motor,ADHK,2020,2165.0
Papua Selatan,G,Perdagangan Besar dan Eceran; Reparasi Mobil dan Sepeda Motor,ADHK,2021,2252.0
Papua Selatan,G,Perdagangan Besar dan Eceran; Reparasi Mobil dan Sepeda Motor,ADHK,2022,
Papua Selatan,G,Perdagangan Besar dan Eceran; Reparasi Mobil dan Sepeda Motor,ADHK,2023,
Papua Selatan,G,Perdagangan Besar dan Eceran; Reparasi Mobil dan Sepeda Motor,ADHK,2024,
Papua Selatan,H,Transportasi dan Pergudangan,ADHK,2020,1000.0
Papua Selatan,H,Transportasi dan Pergudangan,ADHK,2021,1110.0
Papua Selatan,H,Transportasi dan Pergudangan,ADHK,2022,
Papua Selatan,H,Transportasi dan Pergudangan,ADHK,2023,
Papua Selatan,H,Transportasi dan Pergudangan,ADHK,2024,
Papua Selatan,I,Penyediaan Akomodasi dan Makan Minum,ADHK,2020,152.0
Papua Selatan,I,Penyediaan Akomodasi dan Makan Minum,ADHK,2021,158.0
Papua Selatan,I,Penyediaan Akomodasi dan Makan Minum,ADHK,2022,
Papua Selatan,I,Penyediaan Akomodasi dan Makan Minum,ADHK,2023,
Papua Selatan,I,Penyediaan Akomodasi dan Makan Minum,ADHK,2024,
Papua Selatan,J,Informasi dan Komunikasi,ADHK,2020,997.0
Papua Selatan,J,Informasi dan Komunikasi,ADHK,2021,1024.0
Papua Selatan,J,Informasi dan Komunikasi,ADHK,2022,
Papua Selatan,J,Informasi dan Komunikasi,ADHK,2023,
Papua Selatan,J,Informasi dan Komunikasi,ADHK,2024,
Papua Selatan,K,Jasa Keuangan dan Asuransi,ADHK,2020,304.0
Papua Selatan,K,Jasa Keuangan dan Asuransi,ADHK,2021,305.0
Papua Selatan,K,Jasa Keuangan dan Asuransi,ADHK,2022,
Papua Selatan,K,Jasa Keuangan dan Asuransi,ADHK,2023,
Papua Selatan,K,Jasa Keuangan dan Asuransi,ADHK,2024,
Papua Selatan,L,Real Estate,ADHK,2020,466.0
Papua Selatan,L,Real Estate,ADHK,2021,486.0
Papua Selatan,L,Real Estate,ADHK,2022,
Papua Selatan,L,Real Estate,ADHK,2023,
Papua Selatan,L,Real Estate,ADHK,2024,
Papua Selatan,"M,N",Jasa Perusahaan,ADHK,2020,175.0
Papua Selatan,"M,N",Jasa Perusahaan,ADHK,2021,186.0
Papua Selatan,"M,N",Jasa Perusahaan,ADHK,2022,
Papua Selatan,"M,N",Jasa Perusahaan,ADHK,2023,
Papua Selatan,"M,N",Jasa Perusahaan,ADHK,2024,
Papua Selatan,O,"Administrasi Pemerintahan, Pertahanan dan Jaminan Sosial Wajib",ADHK,2020,2091.0
Papua Selatan,O,"Administrasi Pemerintahan, Pertahanan dan Jaminan Sosial Wajib",ADHK,2021,2219.0
Papua Selatan,O,"Administrasi Pemerintahan, Pertahanan dan Jaminan Sosial Wajib",ADHK,2022,
Papua Selatan,O,"Administrasi Pemerintahan, Pertahanan dan Jaminan Sosial Wajib",ADHK,2023,
Papua Selatan,O,"Administrasi Pemerintahan, Pertahanan dan Jaminan Sosial Wajib",ADHK,2024,
Papua Selatan,P,Jasa Pendidikan,ADHK,2020,531.0
Papua Selatan,P,Jasa Pendidikan,ADHK,2021,559.0
Papua Selatan,P,Jasa Pendidikan,ADHK,2022,
Papua Selatan,P,Jasa Pendidikan,ADHK,2023,
Papua Selatan,P,Jasa Pendidikan,ADHK,2024,
Papua Selatan,Q,Jasa Kesehatan dan Kegiatan Sosial,ADHK,2020,382.0
Papua Selatan,Q,Jasa Kesehatan dan Kegiatan Sosial,ADHK,2021,399.0
Papua Selatan,Q,Jasa Kesehatan dan Kegiatan Sosial,ADHK,2022,
Papua Selatan,Q,Jasa Kesehatan dan Kegiatan Sosial,ADHK,2023,
Papua Selatan,Q,Jasa Kesehatan dan Kegiatan Sosial,ADHK,2024,
Papua Selatan,"R,S,T,U",Jasa lainnya,ADHK,2020,195.0
Papua Selatan,"R,S,T,U",Jasa lainnya,ADHK,2021,200.0
Papua Selatan,"R,S,T,U",Jasa lainnya,ADHK,2022,
Papua Selatan,"R,S,T,U",Jasa lainnya,ADHK,2023,
Papua Selatan,"R,S,T,U",Jasa lainnya,ADHK,2024,
Papua Tengah,A,"Pertanian, Kehutanan, dan Perikanan",ADHB,2020,6172.0
Papua Tengah,A,"Pertanian, Kehutanan, dan Perikanan",ADHB,2021,6448.0
Papua Tengah,A,"Pertanian, Kehutanan, dan Perikanan",ADHB,2022,
Papua Tengah,A,"Pertanian, Kehutanan, dan Perikanan",ADHB,2023,
Papua Tengah,A,"Pertanian, Kehutanan, dan Perikanan",ADHB,2024,
Papua Tengah,B,Pertambangan dan Penggalian,ADHB,2020,112840.0
Papua Tengah,B,Pertambangan dan Penggalian,ADHB,2021,134370.0
Papua Tengah,B,Pertambangan dan Penggalian,ADHB,2022,
Papua Tengah,B,Pertambangan dan Penggalian,ADHB,2023,
Papua Tengah,B,Pertambangan dan Penggalian,ADHB,2024,
Papua Tengah,C,Industri Pengolahan,ADHB,2020,376.0
Papua Tengah,C,Industri Pengolahan,ADHB,2021,406.0
Papua Tengah,C,Industri Pengolahan,ADHB,2022,
Papua Tengah,C,Industri Pengolahan,ADHB,2023,
Papua Tengah,C,Industri Pengolahan,ADHB,2024,
Papua Tengah,D,Pengadaan Listrik dan Gas,ADHB,2020,29.0
Papua Tengah,D,Pengadaan Listrik dan Gas,ADHB,2021,32.0
Papua Tengah,D,Pengadaan Listrik dan Gas,ADHB,2022,
Papua Tengah,D,Pengadaan Listrik dan Gas,ADHB,2023,
Papua Tengah,D,Pengadaan Listrik dan Gas,ADHB,2024,
Papua Tengah,E,"Pengadaan Air, Pengelolaan Sampah, Limbah dan Daur Ulang",ADHB,2020,11.0
Papua Tengah,E,"Pengadaan Air, Pengelolaan Sampah, Limbah dan Daur Ulang",ADHB,2021,11.0
Papua Tengah,E,"Pengadaan Air, Pengelolaan Sampah, Limbah dan Daur Ulang",ADHB,2022,
Papua Tengah,E,"Pengadaan Air, Pengelolaan Sampah, Limbah dan Daur Ulang",ADHB,2023,
Papua Tengah,E,"Pengadaan Air, Pengelolaan Sampah, Limbah dan Daur Ulang",ADHB,2024,
Papua Tengah,F,Konstruksi,ADHB,2020,9507.0
Papua Tengah,F,Konstruksi,ADHB,2021,10459.0
Papua Tengah,F,Konstruksi,ADHB,2022,
Papua Tengah,F,Konstruksi,ADHB,2023,
Papua Tengah,F,Konstruksi,ADHB,2024,
Papua Tengah,G,Perdagangan Besar dan Eceran; Reparasi Mobil dan Sepeda Motor,ADHB,2020,6194.0
Papua Tengah,G,Perdagangan Besar dan Eceran; Reparasi Mobil dan Sepeda Motor,ADHB,2021,6628.0
Papua Tengah,G,Perdagangan Besar dan Eceran; Reparasi Mobil dan Sepeda Motor,ADHB,2022,
Papua Tengah,G,Perdagangan Besar dan Eceran; Reparasi Mobil dan Sepeda Motor,ADHB,2023,
Papua Tengah,G,Perdagangan Besar dan Eceran; Reparasi Mobil dan Sepeda Motor,ADHB,2024,
Papua Tengah,H,Transportasi dan Pergudangan,ADHB,2020,2485.0
Papua Tengah,H,Transportasi dan Pergudangan,ADHB,2021,2914.0
Papua Tengah,H,Transportasi dan Pergudangan,ADHB,2022,
Papua Tengah,H,Transportasi dan Pergudangan,ADHB,2023,
Papua Tengah,H,Transportasi dan Pergudangan,ADHB,2024,
Papua Tengah,I,Penyediaan Akomodasi dan Makan Minum,ADHB,2020,351.0
Papua Tengah,I,Penyediaan Akomodasi dan Makan Minum,ADHB,2021,371.0
Papua Tengah,I,Penyediaan Akomodasi dan Makan Minum,ADHB,2022,
Papua Tengah,I,Penyediaan Akomodasi dan Makan Minum,ADHB,2023,
Papua Tengah,I,Penyediaan Akomodasi dan Makan Minum,ADHB,2024,
Papua Tengah,J,Informasi dan Komunikasi,ADHB,2020,2388.0
Papua Tengah,J,Informasi dan Komunikasi,ADHB,2021,2541.0
Papua Tengah,J,Informasi dan Komunikasi,ADHB,2022,
Papua Tengah,J,Informasi dan Komunikasi,ADHB,2023,
Papua Tengah,J,Informasi dan Komunikasi,ADHB,2024,
Papua Tengah,K,Jasa Keuangan dan Asuransi,ADHB,2020,878.0
Papua Tengah,K,Jasa Keuangan dan Asuransi,ADHB,2021,912.0
Papua Tengah,K,Jasa Keuangan dan Asuransi,ADHB,2022,
Papua Tengah,K,Jasa Keuangan dan Asuransi,ADHB,2023,
Papua Tengah,K,Jasa Keuangan dan Asuransi,ADHB,2024,
Papua Tengah,L,Real Estate,ADHB,2020,1468.0
Papua Tengah,L,Real Estate,ADHB,2021,1574.0
Papua Tengah,L,Real Estate,ADHB,2022,
Papua Tengah,L,Real Estate,ADHB,2023,
Papua Tengah,L,Real Estate,ADHB,2024,
Papua Tengah,"M,N",Jasa Perusahaan,ADHB,2020,560.0
Papua Tengah,"M,N",Jasa Perusahaan,ADHB,2021,622.0
Papua Tengah,"M,N",Jasa Perusahaan,ADHB,2022,
Papua Tengah,"M,N",Jasa Perusahaan,ADHB,2023,
Papua Tengah,"M,N",Jasa Perusahaan,ADHB,2024,
Papua Tengah,O,"Administrasi Pemerintahan, Pertahanan dan Jaminan Sosial Wajib",ADHB,2020,5211.0
Papua Tengah,O,"Administrasi Pemerintahan, Pertahanan dan Jaminan Sosial Wajib",ADHB,2021,5589.0
Papua Tengah,O,"Administrasi Pemerintahan, Pertahanan dan Jaminan Sosial Wajib",ADHB,2022,
Papua Tengah,O,"Administrasi Pemerintahan, Pertahanan dan Jaminan Sosial Wajib",ADHB,2023,
Papua Tengah,O,"Administrasi Pemerintahan, Pertahanan dan Jaminan Sosial Wajib",ADHB,2024,
Papua Tengah,P,Jasa Pendidikan,ADHB,2020,655.0
Papua Tengah,P,Jasa Pendidikan,ADHB,2021,684.0
Papua Tengah,P,Jasa Pendidikan,ADHB,2022,
Papua Tengah,P,Jasa Pendidikan,ADHB,2023,
Papua Tengah,P,Jasa Pendidikan,ADHB,2024,
Papua Tengah,Q,Jasa Kesehatan dan Kegiatan Sosial,ADHB,2020,668.0
Papua Tengah,Q,Jasa Kesehatan dan Kegiatan Sosial,ADHB,2021,745.0
Papua Tengah,Q,Jasa Kesehatan dan Kegiatan Sosial,ADHB,2022,
Papua Tengah,Q,Jasa Kesehatan dan Kegiatan Sosial,ADHB,2023,
Papua Tengah,Q,Jasa Kesehatan dan Kegiatan Sosial,ADHB,2024,
Papua Tengah,"R,S,T,U",Jasa lainnya,ADHB,2020,584.0
Papua Tengah,"R,S,T,U",Jasa lainnya,ADHB,2021,636.0
Papua Tengah,"R,S,T,U",Jasa lainnya,ADHB,2022,
Papua Tengah,"R,S,T,U",Jasa lainnya,ADHB,2023,
Papua Tengah,"R,S,T,U",Jasa lainnya,ADHB,2024,
Papua Tengah,A,"Pertanian, Kehutanan, dan Perikanan",ADHK,2020,3829.0
Papua Tengah,A,"Pertanian, Kehutanan, dan Perikanan",ADHK,2021,3866.0
Papua Tengah,A,"Pertanian, Kehutanan, dan Perikanan",ADHK,2022,
Papua Tengah,A,"Pertanian, Kehutanan, dan Perikanan",ADHK,2023,
Papua Tengah,A,"Pertanian, Kehutanan, dan Perikanan",ADHK,2024,
Papua Tengah,B,Pertambangan dan Penggalian,ADHK,2020,78346.0
Papua Tengah,B,Pertambangan dan Penggalian,ADHK,2021,81828.0
Papua Tengah,B,Pertambangan dan Penggalian,ADHK,2022,
Papua Tengah,B,Pertambangan dan Penggalian,ADHK,2023,
Papua Tengah,B,Pertambangan dan Penggalian,ADHK,2024,
Papua Tengah,C,Industri Pengolahan,ADHK,2020,242.0
Papua Tengah,C,Industri Pengolahan,ADHK,2021,253.0
Papua Tengah,C,Industri Pengolahan,ADHK,2022,
Papua Tengah,C,Industri Pengolahan,ADHK,2023,
Papua Tengah,C,Industri Pengolahan,ADHK,2024,
Papua Tengah,D,Pengadaan Listrik dan Gas,ADHK,2020,17.0
Papua Tengah,D,Pengadaan Listrik dan Gas,ADHK,2021,18.0
Papua Tengah,D,Pengadaan Listrik dan Gas,ADHK,2022,
Papua Tengah,D,Pengadaan Listrik dan Gas,ADHK,2023,
Papua Tengah,D,Pengadaan Listrik dan Gas,ADHK,2024,
Papua Tengah,E,"Pengadaan Air, Pengelolaan Sampah, Limbah dan Daur Ulang",ADHK,2020,9.0
Papua Tengah,E,"Pengadaan Air, Pengelolaan Sampah, Limbah dan Daur Ulang",ADHK,2021,9.0
Papua Tengah,E,"Pengadaan Air, Pengelolaan Sampah, Limbah dan Daur Ulang",ADHK,2022,
Papua Tengah,E,"Pengadaan Air, Pengelolaan Sampah, Limbah dan Daur Ulang",ADHK,2023,
Papua Tengah,E,"Pengadaan Air, Pengelolaan Sampah, Limbah dan Daur Ulang",ADHK,2024,
Papua Tengah,F,Konstruksi,ADHK,2020,5235.0
Papua Tengah,F,Konstruksi,ADHK,2021,5556.0
Papua Tengah,F,Konstruksi,ADHK,2022,
Papua Tengah,F,Konstruksi,ADHK,2023,
Papua Tengah,F,Konstruksi,ADHK,2024,
Papua Tengah,G,Perdagangan Besar dan Eceran; Reparasi Mobil dan Sepeda Motor,ADHK,2020,3768.0
Papua Tengah,G,Perdagangan Besar dan Eceran; Reparasi Mobil dan Sepeda Motor,ADHK,2021,3902.0
Papua Tengah,G,Perdagangan Besar dan Eceran; Reparasi Mobil dan Sepeda Motor,ADHK,2022,
Papua Tengah,G,Perdagangan Besar dan Eceran; Reparasi Mobil dan Sepeda Motor,ADHK,2023,
Papua Tengah,G,Perdagangan Besar dan Eceran; Reparasi Mobil dan Sepeda Motor,ADHK,2024,
Papua Tengah,H,Transportasi dan Pergudangan,ADHK,2020,1264.0
Papua Tengah,H,Transportasi dan Pergudangan,ADHK,2021,1427.0
Papua Tengah,H,Transportasi dan Pergudangan,ADHK,2022,
Papua Tengah,H,Transportasi dan Pergudangan,ADHK,2023,
Papua Tengah,H,Transportasi dan Pergudangan,ADHK,2024,
Papua Tengah,I,Penyediaan Akomodasi dan Makan Minum,ADHK,2020,217.0
Papua Tengah,I,Penyediaan Akomodasi dan Makan Minum,ADHK,2021,223.0
Papua Tengah,I,Penyediaan Akomodasi dan Makan Minum,ADHK,2022,
Papua Tengah,I,Penyediaan Akomodasi dan Makan Minum,ADHK,2023,
Papua Tengah,I,Penyediaan Akomodasi dan Makan Minum,ADHK,2024,
Papua Tengah,J,Informasi dan Komunikasi,ADHK,2020,1687.0
Papua Tengah,J,Informasi dan Komunikasi,ADHK,2021,1734.0
Papua Tengah,J,Informasi dan Komunikasi,ADHK,2022,
Papua Tengah,J,Informasi dan Komunikasi,ADHK,2023,
Papua Tengah,J,Informasi dan Komunikasi,ADHK,2024,
Papua Tengah,K,Jasa Keuangan dan Asuransi,ADHK,2020,559.0
Papua Tengah,K,Jasa Keuangan dan Asuransi,ADHK,2021,578.0
Papua Tengah,K,Jasa Keuangan dan Asuransi,ADHK,2022,
Papua Tengah,K,Jasa Keuangan dan Asuransi,ADHK,2023,
Papua Tengah,K,Jasa Keuangan dan Asuransi,ADHK,2024,
Papua Tengah,L,Real Estate,ADHK,2020,986.0
Papua Tengah,L,Real Estate,ADHK,2021,1039.0
Papua Tengah,L,Real Estate,ADHK,2022,
Papua Tengah,L,Real Estate,ADHK,2023,
Papua Tengah,L,Real Estate,ADHK,2024,
Papua Tengah,"M,N",Jasa Perusahaan,ADHK,2020,411.0
Papua Tengah,"M,N",Jasa Perusahaan,ADHK,2021,435.0
Papua Tengah,"M,N",Jasa Perusahaan,ADHK,2022,
Papua Tengah,"M,N",Jasa Perusahaan,ADHK,2023,
Papua Tengah,"M,N",Jasa Perusahaan,ADHK,2024,
Papua Tengah,O,"Administrasi Pemerintahan, Pertahanan dan Jaminan Sosial Wajib",ADHK,2020,3199.0
Papua Tengah,O,"Administrasi Pemerintahan, Pertahanan dan Jaminan Sosial Wajib",ADHK,2021,3241.0
Papua Tengah,O,"Administrasi Pemerintahan, Pertahanan dan Jaminan Sosial Wajib",ADHK,2022,
Papua Tengah,O,"Administrasi Pemerintahan, Pertahanan dan Jaminan Sosial Wajib",ADHK,2023,
Papua Tengah,O,"Administrasi Pemerintahan, Pertahanan dan Jaminan Sosial Wajib",ADHK,2024,
Papua Tengah,P,Jasa Pendidikan,ADHK,2020,482.0
Papua Tengah,P,Jasa Pendidikan,ADHK,2021,503.0
Papua Tengah,P,Jasa Pendidikan,ADHK,2022,
Papua Tengah,P,Jasa Pendidikan,ADHK,2023,
Papua Tengah,P,Jasa Pendidikan,ADHK,2024,
Papua Tengah,Q,Jasa Kesehatan dan Kegiatan Sosial,ADHK,2020,444.0
Papua Tengah,Q,Jasa Kesehatan dan Kegiatan Sosial,ADHK,2021,471.0
Papua Tengah,Q,Jasa Kesehatan dan Kegiatan Sosial,ADHK,2022,
Papua Tengah,Q,Jasa Kesehatan dan Kegiatan Sosial,ADHK,2023,
Papua Tengah,Q,Jasa Kesehatan dan Kegiatan Sosial,ADHK,2024,
Papua Tengah,"R,S,T,U",Jasa lainnya,ADHK,2020,370.0
Papua Tengah,"R,S,T,U",Jasa lainnya,ADHK,2021,390.0
Papua Tengah,"R,S,T,U",Jasa lainnya,ADHK,2022,
Papua Tengah,"R,S,T,U",Jasa lainnya,ADHK,2023,
Papua Tengah,"R,S,T,U",Jasa lainnya,ADHK,2024,
Papua Pegunungan,A,"Pertanian, Kehutanan, dan Perikanan",ADHB,2020,4109.0
Papua Pegunungan,A,"Pertanian, Kehutanan, dan Perikanan",ADHB,2021,4349.0
Papua Pegunungan,A,"Pertanian, Kehutanan, dan Perikanan",ADHB,2022,
Papua Pegunungan,A,"Pertanian, Kehutanan, dan Perikanan",ADHB,2023,
Papua Pegunungan,A,"Pertanian, Kehutanan, dan Perikanan",ADHB,2024,
Papua Pegunungan,B,Pertambangan dan Penggalian,ADHB,2020,281.0
Papua Pegunungan,B,Pertambangan dan Penggalian,ADHB,2021,304.0
Papua Pegunungan,B,Pertambangan dan Penggalian,ADHB,2022,
Papua Pegunungan,B,Pertambangan dan Penggalian,ADHB,2023,
Papua Pegunungan,B,Pertambangan dan Penggalian,ADHB,2024,
Papua Pegunungan,C,Industri Pengolahan,ADHB,2020,193.0
Papua Pegunungan,C,Industri Pengolahan,ADHB,2021,201.0
Papua Pegunungan,C,Industri Pengolahan,ADHB,2022,
Papua Pegunungan,C,Industri Pengolahan,ADHB,2023,
Papua Pegunungan,C,Industri Pengolahan,ADHB,2024,
Papua Pegunungan,D,Pengadaan Listrik dan Gas,ADHB,2020,8.0
Papua Pegunungan,D,Pengadaan Listrik dan Gas,ADHB,2021,8.0
Papua Pegunungan,D,Pengadaan Listrik dan Gas,ADHB,2022,
Papua Pegunungan,D,Pengadaan Listrik dan Gas,ADHB,2023,
Papua Pegunungan,D,Pengadaan Listrik dan Gas,ADHB,2024,
Papua Pegunungan,E,"Pengadaan Air, Pengelolaan Sampah, Limbah dan Daur Ulang",ADHB,2020,2.0
Papua Pegunungan,E,"Pengadaan Air, Pengelolaan Sampah, Limbah dan Daur Ulang",ADHB,2021,3.0
Papua Pegunungan,E,"Pengadaan Air, Pengelolaan Sampah, Limbah dan Daur Ulang",ADHB,2022,
Papua Pegunungan,E,"Pengadaan Air, Pengelolaan Sampah, Limbah dan Daur Ulang",ADHB,2023,
Papua Pegunungan,E,"Pengadaan Air, Pengelolaan Sampah, Limbah dan Daur Ulang",ADHB,2024,
Papua Pegunungan,F,Konstruksi,ADHB,2020,4932.0
Papua Pegunungan,F,Konstruksi,ADHB,2021,5281.0
Papua Pegunungan,F,Konstruksi,ADHB,2022,
Papua Pegunungan,F,Konstruksi,ADHB,2023,
Papua Pegunungan,F,Konstruksi,ADHB,2024,
Papua Pegunungan,G,Perdagangan Besar dan Eceran; Reparasi Mobil dan Sepeda Motor,ADHB,2020,3551.0
Papua Pegunungan,G,Perdagangan Besar dan Eceran; Reparasi Mobil dan Sepeda Motor,ADHB,2021,4062.0
Papua Pegunungan,G,Perdagangan Besar dan Eceran; Reparasi Mobil dan Sepeda Motor,ADHB,2022,
Papua Pegunungan,G,Perdagangan Besar dan Eceran; Reparasi Mobil dan Sepeda Motor,ADHB,2023,
Papua Pegunungan,G,Perdagangan Besar dan Eceran; Reparasi Mobil dan Sepeda Motor,ADHB,2024,
Papua Pegunungan,H,Transportasi dan Pergudangan,ADHB,2020,2294.0
Papua Pegunungan,H,Transportasi dan Pergudangan,ADHB,2021,2593.0
Papua Pegunungan,H,Transportasi dan Pergudangan,ADHB,2022,
Papua Pegunungan,H,Transportasi dan Pergudangan,ADHB,2023,
Papua Pegunungan,H,Transportasi dan Pergudangan,ADHB,2024,
Papua Pegunungan,I,Penyediaan Akomodasi dan Makan Minum,ADHB,2020,88.0
Papua Pegunungan,I,Penyediaan Akomodasi dan Makan Minum,ADHB,2021,98.0
Papua Pegunungan,I,Penyediaan Akomodasi dan Makan Minum,ADHB,2022,
Papua Pegunungan,I,Penyediaan Akomodasi dan Makan Minum,ADHB,2023,
Papua Pegunungan,I,Penyediaan Akomodasi dan Makan Minum,ADHB,2024,
Papua Pegunungan,J,Informasi dan Komunikasi,ADHB,2020,691.0
Papua Pegunungan,J,Informasi dan Komunikasi,ADHB,2021,744.0
Papua Pegunungan,J,Informasi dan Komunikasi,ADHB,2022,
Papua Pegunungan,J,Informasi dan Komunikasi,ADHB,2023,
Papua Pegunungan,J,Informasi dan Komunikasi,ADHB,2024,
Papua Pegunungan,K,Jasa Keuangan dan Asuransi,ADHB,2020,186.0
Papua Pegunungan,K,Jasa Keuangan dan Asuransi,ADHB,2021,211.0
Papua Pegunungan,K,Jasa Keuangan dan Asuransi,ADHB,2022,
Papua Pegunungan,K,Jasa Keuangan dan Asuransi,ADHB,2023,
Papua Pegunungan,K,Jasa Keuangan dan Asuransi,ADHB,2024,
Papua Pegunungan,L,Real Estate,ADHB,2020,1120.0
Papua Pegunungan,L,Real Estate,ADHB,2021,1222.0
Papua Pegunungan,L,Real Estate,ADHB,2022,
Papua Pegunungan,L,Real Estate,ADHB,2023,
Papua Pegunungan,L,Real Estate,ADHB,2024,
Papua Pegunungan,"M,N",Jasa Perusahaan,ADHB,2020,158.0
Papua Pegunungan,"M,N",Jasa Perusahaan,ADHB,2021,169.0
Papua Pegunungan,"M,N",Jasa Perusahaan,ADHB,2022,
Papua Pegunungan,"M,N",Jasa Perusahaan,ADHB,2023,
Papua Pegunungan,"M,N",Jasa Perusahaan,ADHB,2024,
Papua Pegunungan,O,"Administrasi Pemerintahan, Pertahanan dan Jaminan Sosial Wajib",ADHB,2020,4960.0
Papua Pegunungan,O,"Administrasi Pemerintahan, Pertahanan dan Jaminan Sosial Wajib",ADHB,2021,5299.0
Papua Pegunungan,O,"Administrasi Pemerintahan, Pertahanan dan Jaminan Sosial Wajib",ADHB,2022,
Papua Pegunungan,O,"Administrasi Pemerintahan, Pertahanan dan Jaminan Sosial Wajib",ADHB,2023,
Papua Pegunungan,O,"Administrasi Pemerintahan, Pertahanan dan Jaminan Sosial Wajib",ADHB,2024,
Papua Pegunungan,P,Jasa Pendidikan,ADHB,2020,860.0
Papua Pegunungan,P,Jasa Pendidikan,ADHB,2021,921.0
Papua Pegunungan,P,Jasa Pendidikan,ADHB,2022,
Papua Pegunungan,P,Jasa Pendidikan,ADHB,2023,
Papua Pegunungan,P,Jasa Pendidikan,ADHB,2024,
Papua Pegunungan,Q,Jasa Kesehatan dan Kegiatan Sosial,ADHB,2020,663.0
Papua Pegunungan,Q,Jasa Kesehatan dan Kegiatan Sosial,ADHB,2021,735.0
Papua Pegunungan,Q,Jasa Kesehatan dan Kegiatan Sosial,ADHB,2022,
Papua Pegunungan,Q,Jasa Kesehatan dan Kegiatan Sosial,ADHB,2023,
Papua Pegunungan,Q,Jasa Kesehatan dan Kegiatan Sosial,ADHB,2024,
Papua Pegunungan,"R,S,T,U",Jasa lainnya,ADHB,2020,340.0
Papua Pegunungan,"R,S,T,U",Jasa lainnya,ADHB,2021,363.0
Papua Pegunungan,"R,S,T,U",Jasa lainnya,ADHB,2022,
Papua Pegunungan,"R,S,T,U",Jasa lainnya,ADHB,2023,
Papua Pegunungan,"R,S,T,U",Jasa lainnya,ADHB,2024,
Papua Pegunungan,A,"Pertanian, Kehutanan, dan Perikanan",ADHK,2020,2334.0
Papua Pegunungan,A,"Pertanian, Kehutanan, dan Perikanan",ADHK,2021,2410.0
Papua Pegunungan,A,"Pertanian, Kehutanan, dan Perikanan",ADHK,2022,
Papua Pegunungan,A,"Pertanian, Kehutanan, dan Perikanan",ADHK,2023,
Papua Pegunungan,A,"Pertanian, Kehutanan, dan Perikanan",ADHK,2024,
Papua Pegunungan,B,Pertambangan dan Penggalian,ADHK,2020,160.0
Papua Pegunungan,B,Pertambangan dan Penggalian,ADHK,2021,163.0
Papua Pegunungan,B,Pertambangan dan Penggalian,ADHK,2022,
Papua Pegunungan,B,Pertambangan dan Penggalian,ADHK,2023,
Papua Pegunungan,B,Pertambangan dan Penggalian,ADHK,2024,
Papua Pegunungan,C,Industri Pengolahan,ADHK,2020,114.0
Papua Pegunungan,C,Industri Pengolahan,ADHK,2021,118.0
Papua Pegunungan,C,Industri Pengolahan,ADHK,2022,
Papua Pegunungan,C,Industri Pengolahan,ADHK,2023,
Papua Pegunungan,C,Industri Pengolahan,ADHK,2024,
Papua Pegunungan,D,Pengadaan Listrik dan Gas,ADHK,2020,5.0
Papua Pegunungan,D,Pengadaan Listrik dan Gas,ADHK,2021,6.0
Papua Pegunungan,D,Pengadaan Listrik dan Gas,ADHK,2022,
Papua Pegunungan,D,Pengadaan Listrik dan Gas,ADHK,2023,
Papua Pegunungan,D,Pengadaan Listrik dan Gas,ADHK,2024,
Papua Pegunungan,E,"Pengadaan Air, Pengelolaan Sampah, Limbah dan Daur Ulang",ADHK,2020,2.0
Papua Pegunungan,E,"Pengadaan Air, Pengelolaan Sampah, Limbah dan Daur Ulang",ADHK,2021,2.0
Papua Pegunungan,E,"Pengadaan Air, Pengelolaan Sampah, Limbah dan Daur Ulang",ADHK,2022,
Papua Pegunungan,E,"Pengadaan Air, Pengelolaan Sampah, Limbah dan Daur Ulang",ADHK,2023,
Papua Pegunungan,E,"Pengadaan Air, Pengelolaan Sampah, Limbah dan Daur Ulang",ADHK,2024,
Papua Pegunungan,F,Konstruksi,ADHK,2020,2686.0
Papua Pegunungan,F,Konstruksi,ADHK,2021,2836.0
Papua Pegunungan,F,Konstruksi,ADHK,2022,
Papua Pegunungan,F,Konstruksi,ADHK,2023,
Papua Pegunungan,F,Konstruksi,ADHK,2024,
Papua Pegunungan,G,Perdagangan Besar dan Eceran; Reparasi Mobil dan Sepeda Motor,ADHK,2020,1746.0
Papua Pegunungan,G,Perdagangan Besar dan Eceran; Reparasi Mobil dan Sepeda Motor,ADHK,2021,1860.0
Papua Pegunungan,G,Perdagangan Besar dan Eceran; Reparasi Mobil dan Sepeda Motor,ADHK,2022,
Papua Pegunungan,G,Perdagangan Besar dan Eceran; Reparasi Mobil dan Sepeda Motor,ADHK,2023,
Papua Pegunungan,G,Perdagangan Besar dan Eceran; Reparasi Mobil dan Sepeda Motor,ADHK,2024,
Papua Pegunungan,H,Transportasi dan Pergudangan,ADHK,2020,1025.0
Papua Pegunungan,H,Transportasi dan Pergudangan,ADHK,2021,1120.0
Papua Pegunungan,H,Transportasi dan Pergudangan,ADHK,2022,
Papua Pegunungan,H,Transportasi dan Pergudangan,ADHK,2023,
Papua Pegunungan,H,Transportasi dan Pergudangan,ADHK,2024,
Papua Pegunungan,I,Penyediaan Akomodasi dan Makan Minum,ADHK,2020,47.0
Papua Pegunungan,I,Penyediaan Akomodasi dan Makan Minum,ADHK,2021,49.0
Papua Pegunungan,I,Penyediaan Akomodasi dan Makan Minum,ADHK,2022,
Papua Pegunungan,I,Penyediaan Akomodasi dan Makan Minum,ADHK,2023,
Papua Pegunungan,I,Penyediaan Akomodasi dan Makan Minum,ADHK,2024,
Papua Pegunungan,J,Informasi dan Komunikasi,ADHK,2020,420.0
Papua Pegunungan,J,Informasi dan Komunikasi,ADHK,2021,436.0
Papua Pegunungan,J,Informasi dan Komunikasi,ADHK,2022,
Papua Pegunungan,J,Informasi dan Komunikasi,ADHK,2023,
Papua Pegunungan,J,Informasi dan Komunikasi,ADHK,2024,
Papua Pegunungan,K,Jasa Keuangan dan Asuransi,ADHK,2020,111.0
Papua Pegunungan,K,Jasa Keuangan dan Asuransi,ADHK,2021,114.0
Papua Pegunungan,K,Jasa Keuangan dan Asuransi,ADHK,2022,
Papua Pegunungan,K,Jasa Keuangan dan Asuransi,ADHK,2023,
Papua Pegunungan,K,Jasa Keuangan dan Asuransi,ADHK,2024,
Papua Pegunungan,L,Real Estate,ADHK,2020,608.0
Papua Pegunungan,L,Real Estate,ADHK,2021,638.0
Papua Pegunungan,L,Real Estate,ADHK,2022,
Papua Pegunungan,L,Real Estate,ADHK,2023,
Papua Pegunungan,L,Real Estate,ADHK,2024,
Papua Pegunungan,"M,N",Jasa Perusahaan,ADHK,2020,110.0
Papua Pegunungan,"M,N",Jasa Perusahaan,ADHK,2021,115.0
Papua Pegunungan,"M,N",Jasa Perusahaan,ADHK,2022,
Papua Pegunungan,"M,N",Jasa Perusahaan,ADHK,2023,
Papua Pegunungan,"M,N",Jasa Perusahaan,ADHK,2024,
Papua Pegunungan,O,"Administrasi Pemerintahan, Pertahanan dan Jaminan Sosial Wajib",ADHK,2020,2614.0
Papua Pegunungan,O,"Administrasi Pemerintahan, Pertahanan dan Jaminan Sosial Wajib",ADHK,2021,2698.0
Papua Pegunungan,O,"Administrasi Pemerintahan, Pertahanan dan Jaminan Sosial Wajib",ADHK,2022,
Papua Pegunungan,O,"Administrasi Pemerintahan, Pertahanan dan Jaminan Sosial Wajib",ADHK,2023,
Papua Pegunungan,O,"Administrasi Pemerintahan, Pertahanan dan Jaminan Sosial Wajib",ADHK,2024,
Papua Pegunungan,P,Jasa Pendidikan,ADHK,2020,583.0
Papua Pegunungan,P,Jasa Pendidikan,ADHK,2021,603.0
Papua Pegunungan,P,Jasa Pendidikan,ADHK,2022,
Papua Pegunungan,P,Jasa Pendidikan,ADHK,2023,
Papua Pegunungan,P,Jasa Pendidikan,ADHK,2024,
Papua Pegunungan,Q,Jasa Kesehatan dan Kegiatan Sosial,ADHK,2020,393.0
Papua Pegunungan,Q,Jasa Kesehatan dan Kegiatan Sosial,ADHK,2021,410.0
Papua Pegunungan,Q,Jasa Kesehatan dan Kegiatan Sosial,ADHK,2022,
Papua Pegunungan,Q,Jasa Kesehatan dan Kegiatan Sosial,ADHK,2023,
Papua Pegunungan,Q,Jasa Kesehatan dan Kegiatan Sosial,ADHK,2024,
Papua Pegunungan,"R,S,T,U",Jasa lainnya,ADHK,2020,215.0
Papua Pegunungan,"R,S,T,U",Jasa lainnya,ADHK,2021,222.0
Papua Pegunungan,"R,S,T,U",Jasa lainnya,ADHK,2022,
Papua Pegunungan,"R,S,T,U",Jasa lainnya,ADHK,2023,
Papua Pegunungan,"R,S,T,U",Jasa lainnya,ADHK,2024,
