provinsi,year,sector_code,sector_name,sector_short,gva_sector,gva_yoy,price_basis,gva_pct_gdp
Aceh,2020,A,"Pertanian, Kehutanan dan Perikanan",Pertanian,52230.29833268627,,ADHB,31.39362264869917
Aceh,2020,B,Pertambangan dan Penggalian,Pertambangan,7374.3103252072,,ADHB,4.432414193182615
Aceh,2020,C,Industri Pengolahan,Industri Pengolahan,7459.562109026815,,ADHB,4.48365576018103
Aceh,2020,D,Pengadaan Listrik dan Gas,Listrik & Gas,225.8699006043983,,ADHB,0.13576170639707272
Aceh,2020,E,"Pengadaan Air, Pengelolaan Sampah, Limbah dan Daur Ulang",Air & Sampah,81.81830774300985,,ADHB,0.049177836639538265
Aceh,2020,F,Konstruksi,Konstruksi,17368.5946328486,,ADHB,10.439593937770777
Aceh,2020,G,"Perdagangan Besar dan Eceran, Reparasi Mobil dan Sepeda Motor",Perdagangan,24523.475635605944,,ADHB,14.740117608269179
Aceh,2020,H,Transportasi dan Pergudangan,Transportasi,7534.293547014461,,ADHB,4.528573952093991
Aceh,2020,I,Penyediaan Akomodasi dan Makan Minum,Akomodasi,2617.3286198862143,,ADHB,1.5731755257642703
Aceh,2020,J,Informasi dan Komunikasi,Infokom,5177.164252577473,,ADHB,3.11179422909861
Aceh,2020,K,Jasa Keuangan dan Asuransi,Keuangan,3507.1511756264754,,ADHB,2.1080136260806337
Aceh,2020,L,Real Estate,Real Estate,7156.86043254681,,ADHB,4.3017134295818025
Aceh,2020,MN,Jasa Perusahaan,Jasa Perusahaan,1054.1402241552312,,ADHB,0.6336031283059773
Aceh,2020,O,"Administrasi Pemerintahan, Pertahanan dan Jaminan Sosial Wajib",Adm. Pemerintahan,16978.04714584512,,ADHB,10.204850870532502
Aceh,2020,P,Jasa Pendidikan,Pendidikan,5232.824708338589,,ADHB,3.1452495873944586
Aceh,2020,Q,Jasa Kesehatan dan Kegiatan Sosial,Kesehatan,5084.322159997039,,ADHB,3.0559904195583973
Aceh,2020,RSTU,Jasa Lainnya,Jasa Lainnya,2455.493178951191,,ADHB,1.4759024692035256
Aceh,2021,A,"Pertanian, Kehutanan dan Perikanan",Pertanian,56347.53231897185,,ADHB,30.461438465076228
Aceh,2021,B,Pertambangan dan Penggalian,Pertambangan,12245.748364627885,,ADHB,6.6200434147907785
Aceh,2021,C,Industri Pengolahan,Industri Pengolahan,9150.506480932463,,ADHB,4.946757712748253
Aceh,2021,D,Pengadaan Listrik dan Gas,Listrik & Gas,226.18764961830522,,ADHB,0.1222768928265632
Aceh,2021,E,"Pengadaan Air, Pengelolaan Sampah, Limbah dan Daur Ulang",Air & Sampah,84.93150131504511,,ADHB,0.045913913078030485
Aceh,2021,F,Konstruksi,Konstruksi,17906.757868151737,,ADHB,9.680381384262839
Aceh,2021,G,"Perdagangan Besar dan Eceran, Reparasi Mobil dan Sepeda Motor",Perdagangan,26374.641000032814,,ADHB,14.258113368887908
Aceh,2021,H,Transportasi dan Pergudangan,Transportasi,9348.765827069894,,ADHB,5.053936583302948
Aceh,2021,I,Penyediaan Akomodasi dan Makan Minum,Akomodasi,2501.7718534317537,,ADHB,1.3524561987129378
Aceh,2021,J,Informasi dan Komunikasi,Infokom,5552.903568237046,,ADHB,3.0018959728144736
Aceh,2021,K,Jasa Keuangan dan Asuransi,Keuangan,3524.0144485559995,,ADHB,1.9050798652026368
Aceh,2021,L,Real Estate,Real Estate,7516.885378140441,,ADHB,4.063623231964709
Aceh,2021,MN,Jasa Perusahaan,Jasa Perusahaan,1095.4886269151234,,ADHB,0.5922204225211538
Aceh,2021,O,"Administrasi Pemerintahan, Pertahanan dan Jaminan Sosial Wajib",Adm. Pemerintahan,18939.641471235154,,ADHB,10.2387575725723
Aceh,2021,P,Jasa Pendidikan,Pendidikan,5495.890835385861,,ADHB,2.9710749273844597
Aceh,2021,Q,Jasa Kesehatan dan Kegiatan Sosial,Kesehatan,5737.09744973034,,ADHB,3.1014710625449315
Aceh,2021,RSTU,Jasa Lainnya,Jasa Lainnya,2554.8159856569873,,ADHB,1.3811318212861783
Aceh,2022,A,"Pertanian, Kehutanan dan Perikanan",Pertanian,63123.28130450348,,ADHB,30.10194324099792
Aceh,2022,B,Pertambangan dan Penggalian,Pertambangan,19031.12414828384,,ADHB,9.075475911344201
Aceh,2022,C,Industri Pengolahan,Industri Pengolahan,10683.790889206311,,ADHB,5.094837598732919
Aceh,2022,D,Pengadaan Listrik dan Gas,Listrik & Gas,236.52442222696476,,ADHB,0.11279269052317088
Aceh,2022,E,"Pengadaan Air, Pengelolaan Sampah, Limbah dan Daur Ulang",Air & Sampah,93.72403523734279,,ADHB,0.0446946915738124
Aceh,2022,F,Konstruksi,Konstruksi,18636.57102680287,,ADHB,8.887323213592548
Aceh,2022,G,"Perdagangan Besar dan Eceran, Reparasi Mobil dan Sepeda Motor",Perdagangan,29265.955569927064,,ADHB,13.956215761500026
Aceh,2022,H,Transportasi dan Pergudangan,Transportasi,11325.686409276559,,ADHB,5.40094181436448
Aceh,2022,I,Penyediaan Akomodasi dan Makan Minum,Akomodasi,3534.929449069785,,ADHB,1.6857210752958607
Aceh,2022,J,Informasi dan Komunikasi,Infokom,6187.448724853235,,ADHB,2.9506424012344374
Aceh,2022,K,Jasa Keuangan dan Asuransi,Keuangan,3618.6206065196207,,ADHB,1.725631333749878
Aceh,2022,L,Real Estate,Real Estate,8122.100845704732,,ADHB,3.8732305039031933
Aceh,2022,MN,Jasa Perusahaan,Jasa Perusahaan,1337.6920509350662,,ADHB,0.6379125000954067
Aceh,2022,O,"Administrasi Pemerintahan, Pertahanan dan Jaminan Sosial Wajib",Adm. Pemerintahan,18646.783838909814,,ADHB,8.892193452972077
Aceh,2022,P,Jasa Pendidikan,Pendidikan,5764.365164559503,,ADHB,2.7488842376065805
Aceh,2022,Q,Jasa Kesehatan dan Kegiatan Sosial,Kesehatan,6732.33105963368,,ADHB,3.210483410377497
Aceh,2022,RSTU,Jasa Lainnya,Jasa Lainnya,2926.4652769693544,,ADHB,1.3955594488051095
Aceh,2023,A,"Pertanian, Kehutanan dan Perikanan",Pertanian,70680.3385231639,,ADHB,31.134203067842503
Aceh,2023,B,Pertambangan dan Penggalian,Pertambangan,16868.02867987117,,ADHB,7.430250636125447
Aceh,2023,C,Industri Pengolahan,Industri Pengolahan,10788.890982110908,,ADHB,4.752432285023238
Aceh,2023,D,Pengadaan Listrik dan Gas,Listrik & Gas,259.2037580945713,,ADHB,0.11417747295903956
Aceh,2023,E,"Pengadaan Air, Pengelolaan Sampah, Limbah dan Daur Ulang",Air & Sampah,99.15471795405605,,ADHB,0.04367697139572275
Aceh,2023,F,Konstruksi,Konstruksi,19879.449242574483,,ADHB,8.756760685184624
Aceh,2023,G,"Perdagangan Besar dan Eceran, Reparasi Mobil dan Sepeda Motor",Perdagangan,34317.41824779691,,ADHB,15.116586745560559
Aceh,2023,H,Transportasi dan Pergudangan,Transportasi,14085.741375580586,,ADHB,6.2046722117030155
Aceh,2023,I,Penyediaan Akomodasi dan Makan Minum,Akomodasi,3966.034808081278,,ADHB,1.7470110594966477
Aceh,2023,J,Informasi dan Komunikasi,Infokom,6577.7723042916605,,ADHB,2.897463466289573
Aceh,2023,K,Jasa Keuangan dan Asuransi,Keuangan,3277.5489234112792,,ADHB,1.4437377618505993
Aceh,2023,L,Real Estate,Real Estate,8551.7835516138,,ADHB,3.7670018459365613
Aceh,2023,MN,Jasa Perusahaan,Jasa Perusahaan,1374.1794513950722,,ADHB,0.6053165984394527
Aceh,2023,O,"Administrasi Pemerintahan, Pertahanan dan Jaminan Sosial Wajib",Adm. Pemerintahan,19752.374842111756,,ADHB,8.700785285640743
Aceh,2023,P,Jasa Pendidikan,Pendidikan,5934.972987357798,,ADHB,2.614314787555804
Aceh,2023,Q,Jasa Kesehatan dan Kegiatan Sosial,Kesehatan,6919.546755360814,,ADHB,3.0480127616852095
Aceh,2023,RSTU,Jasa Lainnya,Jasa Lainnya,3258.540249854035,,ADHB,1.4353645718666888
Aceh,2024,A,"Pertanian, Kehutanan dan Perikanan",Pertanian,76315.05933142801,,ADHB,31.37927130551894
Aceh,2024,B,Pertambangan dan Penggalian,Pertambangan,17063.835980303113,,ADHB,7.016318187127429
Aceh,2024,C,Industri Pengolahan,Industri Pengolahan,11261.379659261196,,ADHB,4.630460759622097
Aceh,2024,D,Pengadaan Listrik dan Gas,Listrik & Gas,273.9393686145048,,ADHB,0.11263855187068042
Aceh,2024,E,"Pengadaan Air, Pengelolaan Sampah, Limbah dan Daur Ulang",Air & Sampah,113.93492769221709,,ADHB,0.04684783106440473
Aceh,2024,F,Konstruksi,Konstruksi,20924.603502008464,,ADHB,8.60379086385032
Aceh,2024,G,"Perdagangan Besar dan Eceran, Reparasi Mobil dan Sepeda Motor",Perdagangan,36343.07478640888,,ADHB,14.9435670205899
Aceh,2024,H,Transportasi dan Pergudangan,Transportasi,16660.249490828177,,ADHB,6.850371255297414
Aceh,2024,I,Penyediaan Akomodasi dan Makan Minum,Akomodasi,4126.489111523607,,ADHB,1.6967322374398544
Aceh,2024,J,Informasi dan Komunikasi,Infokom,6676.85950820093,,ADHB,2.745395048004483
Aceh,2024,K,Jasa Keuangan dan Asuransi,Keuangan,4052.9697655420405,,ADHB,1.6665025092057335
Aceh,2024,L,Real Estate,Real Estate,8561.721818248998,,ADHB,3.520413849256835
Aceh,2024,MN,Jasa Perusahaan,Jasa Perusahaan,1430.7882138341156,,ADHB,0.5883123453741466
Aceh,2024,O,"Administrasi Pemerintahan, Pertahanan dan Jaminan Sosial Wajib",Adm. Pemerintahan,21961.270063404965,,ADHB,9.030048034694499
Aceh,2024,P,Jasa Pendidikan,Pendidikan,6405.296985930593,,ADHB,2.6337338092216593
Aceh,2024,Q,Jasa Kesehatan dan Kegiatan Sosial,Kesehatan,7227.200952114336,,ADHB,2.97168476893926
Aceh,2024,RSTU,Jasa Lainnya,Jasa Lainnya,3350.281617422732,,ADHB,1.3775707801842252
Aceh,2025,A,"Pertanian, Kehutanan dan Perikanan",Pertanian,85410.10118759827,,ADHB,33.16865832590328
Aceh,2025,B,Pertambangan dan Penggalian,Pertambangan,15376.724613316535,,ADHB,5.971487186865202
Aceh,2025,C,Industri Pengolahan,Industri Pengolahan,12046.123089905572,,ADHB,4.678061907961634
Aceh,2025,D,Pengadaan Listrik dan Gas,Listrik & Gas,268.2198863641802,,ADHB,0.10416207969927904
Aceh,2025,E,"Pengadaan Air, Pengelolaan Sampah, Limbah dan Daur Ulang",Air & Sampah,119.14679169140712,,ADHB,0.046270162068531594
Aceh,2025,F,Konstruksi,Konstruksi,20695.67799134399,,ADHB,8.037080656420986
Aceh,2025,G,"Perdagangan Besar dan Eceran, Reparasi Mobil dan Sepeda Motor",Perdagangan,38745.01467453883,,ADHB,15.04646564870818
Aceh,2025,H,Transportasi dan Pergudangan,Transportasi,17661.889252479556,,ADHB,6.858921390559132
Aceh,2025,I,Penyediaan Akomodasi dan Makan Minum,Akomodasi,4419.865836695881,,ADHB,1.716436554286451
Aceh,2025,J,Informasi dan Komunikasi,Infokom,6765.6718887913075,,ADHB,2.6274205990177673
Aceh,2025,K,Jasa Keuangan dan Asuransi,Keuangan,4300.7739628269,,ADHB,1.6701877193263381
Aceh,2025,L,Real Estate,Real Estate,9254.943383625065,,ADHB,3.594118853024053
Aceh,2025,MN,Jasa Perusahaan,Jasa Perusahaan,1449.574792394741,,ADHB,0.5629363545791553
Aceh,2025,O,"Administrasi Pemerintahan, Pertahanan dan Jaminan Sosial Wajib",Adm. Pemerintahan,22904.996450947205,,ADHB,8.895060311060833
Aceh,2025,P,Jasa Pendidikan,Pendidikan,6713.005726102182,,ADHB,2.6069679133133548
Aceh,2025,Q,Jasa Kesehatan dan Kegiatan Sosial,Kesehatan,7538.3395207229805,,ADHB,2.9274828671414794
Aceh,2025,RSTU,Jasa Lainnya,Jasa Lainnya,3459.3987702388913,,ADHB,1.3434431551729011
Aceh,2026,A,"Pertanian, Kehutanan dan Perikanan",Pertanian,,,ADHB,
Aceh,2026,B,Pertambangan dan Penggalian,Pertambangan,,,ADHB,
Aceh,2026,C,Industri Pengolahan,Industri Pengolahan,,,ADHB,
Aceh,2026,D,Pengadaan Listrik dan Gas,Listrik & Gas,,,ADHB,
Aceh,2026,E,"Pengadaan Air, Pengelolaan Sampah, Limbah dan Daur Ulang",Air & Sampah,,,ADHB,
Aceh,2026,F,Konstruksi,Konstruksi,,,ADHB,
Aceh,2026,G,"Perdagangan Besar dan Eceran, Reparasi Mobil dan Sepeda Motor",Perdagangan,,,ADHB,
Aceh,2026,H,Transportasi dan Pergudangan,Transportasi,,,ADHB,
Aceh,2026,I,Penyediaan Akomodasi dan Makan Minum,Akomodasi,,,ADHB,
Aceh,2026,J,Informasi dan Komunikasi,Infokom,,,ADHB,
Aceh,2026,K,Jasa Keuangan dan Asuransi,Keuangan,,,ADHB,
Aceh,2026,L,Real Estate,Real Estate,,,ADHB,
Aceh,2026,MN,Jasa Perusahaan,Jasa Perusahaan,,,ADHB,
Aceh,2026,O,"Administrasi Pemerintahan, Pertahanan dan Jaminan Sosial Wajib",Adm. Pemerintahan,,,ADHB,
Aceh,2026,P,Jasa Pendidikan,Pendidikan,,,ADHB,
Aceh,2026,Q,Jasa Kesehatan dan Kegiatan Sosial,Kesehatan,,,ADHB,
Aceh,2026,RSTU,Jasa Lainnya,Jasa Lainnya,,,ADHB,
Bali,2020,A,"Pertanian, Kehutanan dan Perikanan",Pertanian,34280.05831359424,,ADHB,15.28819255989612
Bali,2020,B,Pertambangan dan Penggalian,Pertambangan,2122.821421612096,,ADHB,0.9467341731740291
Bali,2020,C,Industri Pengolahan,Industri Pengolahan,14182.146411984144,,ADHB,6.324942136200236
Bali,2020,D,Pengadaan Listrik dan Gas,Listrik & Gas,490.0583463546344,,ADHB,0.21855582321698722
Bali,2020,E,"Pengadaan Air, Pengelolaan Sampah, Limbah dan Daur Ulang",Air & Sampah,423.2550775220084,,ADHB,0.18876295564946963
Bali,2020,F,Konstruksi,Konstruksi,23080.396160756733,,ADHB,10.293376330821623
Bali,2020,G,"Perdagangan Besar dan Eceran, Reparasi Mobil dan Sepeda Motor",Perdagangan,20203.358834777307,,ADHB,9.010277561291838
Bali,2020,H,Transportasi dan Pergudangan,Transportasi,15344.272461516715,,ADHB,6.843226167738176
Bali,2020,I,Penyediaan Akomodasi dan Makan Minum,Akomodasi,40638.59025290595,,ADHB,18.123965468949102
Bali,2020,J,Informasi dan Komunikasi,Infokom,14221.871757951832,,ADHB,6.342658813724721
Bali,2020,K,Jasa Keuangan dan Asuransi,Keuangan,9524.602326642682,,ADHB,4.2477744084934255
Bali,2020,L,Real Estate,Real Estate,9916.372483976176,,ADHB,4.422495745013441
Bali,2020,MN,Jasa Perusahaan,Jasa Perusahaan,2562.963462614978,,ADHB,1.143028363078872
Bali,2020,O,"Administrasi Pemerintahan, Pertahanan dan Jaminan Sosial Wajib",Adm. Pemerintahan,13125.878086567353,,ADHB,5.853868446471795
Bali,2020,P,Jasa Pendidikan,Pendidikan,13157.76662238295,,ADHB,5.868090069770745
Bali,2020,Q,Jasa Kesehatan dan Kegiatan Sosial,Kesehatan,5721.665245974267,,ADHB,2.551743618505776
Bali,2020,RSTU,Jasa Lainnya,Jasa Lainnya,3877.945812024991,,ADHB,1.7294831230660352
Bali,2021,A,"Pertanian, Kehutanan dan Perikanan",Pertanian,35226.99051739769,,ADHB,15.978392046987693
Bali,2021,B,Pertambangan dan Penggalian,Pertambangan,2137.5796156830743,,ADHB,0.9695714742979575
Bali,2021,C,Industri Pengolahan,Industri Pengolahan,14465.527621540428,,ADHB,6.561328915944449
Bali,2021,D,Pengadaan Listrik dan Gas,Listrik & Gas,465.1547673896795,,ADHB,0.21098666467710275
Bali,2021,E,"Pengadaan Air, Pengelolaan Sampah, Limbah dan Daur Ulang",Air & Sampah,412.4931751420015,,ADHB,0.18710021981215078
Bali,2021,F,Konstruksi,Konstruksi,23646.171304481402,,ADHB,10.725520118632756
Bali,2021,G,"Perdagangan Besar dan Eceran, Reparasi Mobil dan Sepeda Motor",Perdagangan,20256.874378830762,,ADHB,9.188189956552915
Bali,2021,H,Transportasi dan Pergudangan,Transportasi,12251.716592507315,,ADHB,5.557180107877338
Bali,2021,I,Penyediaan Akomodasi dan Makan Minum,Akomodasi,36196.78989263318,,ADHB,16.418277328041817
Bali,2021,J,Informasi dan Komunikasi,Infokom,14800.354286362031,,ADHB,6.713200865257369
Bali,2021,K,Jasa Keuangan dan Asuransi,Keuangan,9676.52163436737,,ADHB,4.38911340577673
Bali,2021,L,Real Estate,Real Estate,10079.769573308018,,ADHB,4.572020136266559
Bali,2021,MN,Jasa Perusahaan,Jasa Perusahaan,2523.9160670913025,,ADHB,1.1448074280929312
Bali,2021,O,"Administrasi Pemerintahan, Pertahanan dan Jaminan Sosial Wajib",Adm. Pemerintahan,13610.984748892446,,ADHB,6.173722116737885
Bali,2021,P,Jasa Pendidikan,Pendidikan,13424.085653292208,,ADHB,6.0889477156645615
Bali,2021,Q,Jasa Kesehatan dan Kegiatan Sosial,Kesehatan,6175.158222675331,,ADHB,2.80095170166058
Bali,2021,RSTU,Jasa Lainnya,Jasa Lainnya,3846.677337259284,,ADHB,1.7447905049577317
Bali,2022,A,"Pertanian, Kehutanan dan Perikanan",Pertanian,36490.661086751716,,ADHB,14.871815984867343
Bali,2022,B,Pertambangan dan Penggalian,Pertambangan,2300.954714849124,,ADHB,0.9377570613861186
Bali,2022,C,Industri Pengolahan,Industri Pengolahan,15859.317150476792,,ADHB,6.463485157115217
Bali,2022,D,Pengadaan Listrik dan Gas,Listrik & Gas,549.6462161188668,,ADHB,0.22400902421211957
Bali,2022,E,"Pengadaan Air, Pengelolaan Sampah, Limbah dan Daur Ulang",Air & Sampah,419.3959110493257,,ADHB,0.17092534440807464
Bali,2022,F,Konstruksi,Konstruksi,25556.616067074676,,ADHB,10.415631836372183
Bali,2022,G,"Perdagangan Besar dan Eceran, Reparasi Mobil dan Sepeda Motor",Perdagangan,22477.48538310516,,ADHB,9.160728155222413
Bali,2022,H,Transportasi dan Pergudangan,Transportasi,18613.401715462023,,ADHB,7.585915873288076
Bali,2022,I,Penyediaan Akomodasi dan Makan Minum,Akomodasi,43623.880889586144,,ADHB,17.778968914631065
Bali,2022,J,Informasi dan Komunikasi,Infokom,14992.084484603867,,ADHB,6.110043365741078
Bali,2022,K,Jasa Keuangan dan Asuransi,Keuangan,11475.027654645379,,ADHB,4.676662319036684
Bali,2022,L,Real Estate,Real Estate,10670.791797768174,,ADHB,4.34889495841048
Bali,2022,MN,Jasa Perusahaan,Jasa Perusahaan,2855.5200969339467,,ADHB,1.1637708980315016
Bali,2022,O,"Administrasi Pemerintahan, Pertahanan dan Jaminan Sosial Wajib",Adm. Pemerintahan,13568.04290153162,,ADHB,5.529673382092343
Bali,2022,P,Jasa Pendidikan,Pendidikan,13584.874895108309,,ADHB,5.536533282781341
Bali,2022,Q,Jasa Kesehatan dan Kegiatan Sosial,Kesehatan,6420.212511440781,,ADHB,2.6165658886502148
Bali,2022,RSTU,Jasa Lainnya,Jasa Lainnya,4389.48456343643,,ADHB,1.788940094580603
Bali,2023,A,"Pertanian, Kehutanan dan Perikanan",Pertanian,38244.32367848772,,ADHB,13.938348542172285
Bali,2023,B,Pertambangan dan Penggalian,Pertambangan,2424.8120873423104,,ADHB,0.8837357487814745
Bali,2023,C,Industri Pengolahan,Industri Pengolahan,16815.00296442085,,ADHB,6.128317865576274
Bali,2023,D,Pengadaan Listrik dan Gas,Listrik & Gas,636.2526817218721,,ADHB,0.2318856966405096
Bali,2023,E,"Pengadaan Air, Pengelolaan Sampah, Limbah dan Daur Ulang",Air & Sampah,444.52027834313105,,ADHB,0.16200779560641454
Bali,2023,F,Konstruksi,Konstruksi,26219.027999748923,,ADHB,9.55566514313963
Bali,2023,G,"Perdagangan Besar dan Eceran, Reparasi Mobil dan Sepeda Motor",Perdagangan,24480.535616276033,,ADHB,8.922062285302005
Bali,2023,H,Transportasi dan Pergudangan,Transportasi,27244.11295059519,,ADHB,9.929262842247791
Bali,2023,I,Penyediaan Akomodasi dan Makan Minum,Akomodasi,54067.66113113481,,ADHB,19.705248602153283
Bali,2023,J,Informasi dan Komunikasi,Infokom,15479.240792155379,,ADHB,5.641492189614377
Bali,2023,K,Jasa Keuangan dan Asuransi,Keuangan,13264.053078945828,,ADHB,4.83415516641007
Bali,2023,L,Real Estate,Real Estate,11042.492958132201,,ADHB,4.02449568513368
Bali,2023,MN,Jasa Perusahaan,Jasa Perusahaan,3147.210118137976,,ADHB,1.1470175791534074
Bali,2023,O,"Administrasi Pemerintahan, Pertahanan dan Jaminan Sosial Wajib",Adm. Pemerintahan,13822.31352075037,,ADHB,5.0376161736066924
Bali,2023,P,Jasa Pendidikan,Pendidikan,13639.37600214564,,ADHB,4.9709436154203095
Bali,2023,Q,Jasa Kesehatan dan Kegiatan Sosial,Kesehatan,6740.834114814223,,ADHB,2.456733086643547
Bali,2023,RSTU,Jasa Lainnya,Jasa Lainnya,4871.541043020222,,ADHB,1.7754592175807655
Bali,2024,A,"Pertanian, Kehutanan dan Perikanan",Pertanian,40600.295784036556,,ADHB,13.604193688007232
Bali,2024,B,Pertambangan dan Penggalian,Pertambangan,2537.2151905329374,,ADHB,0.8501604782331597
Bali,2024,C,Industri Pengolahan,Industri Pengolahan,18336.586661286085,,ADHB,6.14415416685579
Bali,2024,D,Pengadaan Listrik dan Gas,Listrik & Gas,712.423078149372,,ADHB,0.2387160328709009
Bali,2024,E,"Pengadaan Air, Pengelolaan Sampah, Limbah dan Daur Ulang",Air & Sampah,456.26686495199255,,ADHB,0.15288417693418144
Bali,2024,F,Konstruksi,Konstruksi,26959.717687682638,,ADHB,9.033560325475161
Bali,2024,G,"Perdagangan Besar dan Eceran, Reparasi Mobil dan Sepeda Motor",Perdagangan,25809.303948882894,,ADHB,8.648084037144036
Bali,2024,H,Transportasi dan Pergudangan,Transportasi,30163.94683450746,,ADHB,10.10722131962246
Bali,2024,I,Penyediaan Akomodasi dan Makan Minum,Akomodasi,63159.382703202326,,ADHB,21.163207284986722
Bali,2024,J,Informasi dan Komunikasi,Infokom,16062.122541035124,,ADHB,5.382035324350137
Bali,2024,K,Jasa Keuangan dan Asuransi,Keuangan,15440.044662562104,,ADHB,5.173591819583874
Bali,2024,L,Real Estate,Real Estate,11435.508953671615,,ADHB,3.83176712687541
Bali,2024,MN,Jasa Perusahaan,Jasa Perusahaan,3431.71820766533,,ADHB,1.1498871690017671
Bali,2024,O,"Administrasi Pemerintahan, Pertahanan dan Jaminan Sosial Wajib",Adm. Pemerintahan,14869.919607580849,,ADHB,4.9825564705901755
Bali,2024,P,Jasa Pendidikan,Pendidikan,14213.433707924605,,ADHB,4.762583656109333
Bali,2024,Q,Jasa Kesehatan dan Kegiatan Sosial,Kesehatan,7014.010848012644,,ADHB,2.3502282499051548
Bali,2024,RSTU,Jasa Lainnya,Jasa Lainnya,5256.021225437655,,ADHB,1.761167730389917
Bali,2025,A,"Pertanian, Kehutanan dan Perikanan",Pertanian,43091.79867581715,,ADHB,13.293827215723693
Bali,2025,B,Pertambangan dan Penggalian,Pertambangan,2639.407971999476,,ADHB,0.8142578079771777
Bali,2025,C,Industri Pengolahan,Industri Pengolahan,19830.338187353154,,ADHB,6.117662701324714
Bali,2025,D,Pengadaan Listrik dan Gas,Listrik & Gas,755.1801798332222,,ADHB,0.23297321383514122
Bali,2025,E,"Pengadaan Air, Pengelolaan Sampah, Limbah dan Daur Ulang",Air & Sampah,480.77456131459604,,ADHB,0.1483190338819246
Bali,2025,F,Konstruksi,Konstruksi,28612.901233377946,,ADHB,8.827084893779519
Bali,2025,G,"Perdagangan Besar dan Eceran, Reparasi Mobil dan Sepeda Motor",Perdagangan,28358.404107529743,,ADHB,8.748572487198937
Bali,2025,H,Transportasi dan Pergudangan,Transportasi,32560.236593532503,,ADHB,10.044838523308561
Bali,2025,I,Penyediaan Akomodasi dan Makan Minum,Akomodasi,71400.73107966412,,ADHB,22.027137673927886
Bali,2025,J,Informasi dan Komunikasi,Infokom,16866.701060244035,,ADHB,5.203380143887575
Bali,2025,K,Jasa Keuangan dan Asuransi,Keuangan,16089.000947812034,,ADHB,4.963459527018039
Bali,2025,L,Real Estate,Real Estate,12098.226532812616,,ADHB,3.7323049416860994
Bali,2025,MN,Jasa Perusahaan,Jasa Perusahaan,3804.680601338153,,ADHB,1.1737446121874142
Bali,2025,O,"Administrasi Pemerintahan, Pertahanan dan Jaminan Sosial Wajib",Adm. Pemerintahan,16570.422728595953,,ADHB,5.111978228216256
Bali,2025,P,Jasa Pendidikan,Pendidikan,15475.330907023119,,ADHB,4.7741422151302855
Bali,2025,Q,Jasa Kesehatan dan Kegiatan Sosial,Kesehatan,7605.186006909484,,ADHB,2.3462011757711134
Bali,2025,RSTU,Jasa Lainnya,Jasa Lainnya,5731.7168378920205,,ADHB,1.7682356186991026
Bali,2026,A,"Pertanian, Kehutanan dan Perikanan",Pertanian,,,ADHB,
Bali,2026,B,Pertambangan dan Penggalian,Pertambangan,,,ADHB,
Bali,2026,C,Industri Pengolahan,Industri Pengolahan,,,ADHB,
Bali,2026,D,Pengadaan Listrik dan Gas,Listrik & Gas,,,ADHB,
Bali,2026,E,"Pengadaan Air, Pengelolaan Sampah, Limbah dan Daur Ulang",Air & Sampah,,,ADHB,
Bali,2026,F,Konstruksi,Konstruksi,,,ADHB,
Bali,2026,G,"Perdagangan Besar dan Eceran, Reparasi Mobil dan Sepeda Motor",Perdagangan,,,ADHB,
Bali,2026,H,Transportasi dan Pergudangan,Transportasi,,,ADHB,
Bali,2026,I,Penyediaan Akomodasi dan Makan Minum,Akomodasi,,,ADHB,
Bali,2026,J,Informasi dan Komunikasi,Infokom,,,ADHB,
Bali,2026,K,Jasa Keuangan dan Asuransi,Keuangan,,,ADHB,
Bali,2026,L,Real Estate,Real Estate,,,ADHB,
Bali,2026,MN,Jasa Perusahaan,Jasa Perusahaan,,,ADHB,
Bali,2026,O,"Administrasi Pemerintahan, Pertahanan dan Jaminan Sosial Wajib",Adm. Pemerintahan,,,ADHB,
Bali,2026,P,Jasa Pendidikan,Pendidikan,,,ADHB,
Bali,2026,Q,Jasa Kesehatan dan Kegiatan Sosial,Kesehatan,,,ADHB,
Bali,2026,RSTU,Jasa Lainnya,Jasa Lainnya,,,ADHB,
Banten,2020,A,"Pertanian, Kehutanan dan Perikanan",Pertanian,39514.56003353838,,ADHB,6.313285142564622
Banten,2020,B,Pertambangan dan Penggalian,Pertambangan,4248.966671153867,,ADHB,0.6788621240747721
Banten,2020,C,Industri Pengolahan,Industri Pengolahan,191899.15319878262,,ADHB,30.65994083528506
Banten,2020,D,Pengadaan Listrik dan Gas,Listrik & Gas,10430.309974628395,,ADHB,1.666462208848449
Banten,2020,E,"Pengadaan Air, Pengelolaan Sampah, Limbah dan Daur Ulang",Air & Sampah,547.9817465102583,,ADHB,0.08755165224422304
Banten,2020,F,Konstruksi,Konstruksi,69985.13526035778,,ADHB,11.181602788050263
Banten,2020,G,"Perdagangan Besar dan Eceran, Reparasi Mobil dan Sepeda Motor",Perdagangan,82970.13468972918,,ADHB,13.256230568394543
Banten,2020,H,Transportasi dan Pergudangan,Transportasi,39851.852550194075,,ADHB,6.367174742557466
Banten,2020,I,Penyediaan Akomodasi dan Makan Minum,Akomodasi,14986.619838694807,,ADHB,2.3944288961990434
Banten,2020,J,Informasi dan Komunikasi,Infokom,25139.14087430258,,ADHB,4.016508457739787
Banten,2020,K,Jasa Keuangan dan Asuransi,Keuangan,20280.293507774804,,ADHB,3.240205017614094
Banten,2020,L,Real Estate,Real Estate,54194.216959379475,,ADHB,8.658670233255194
Banten,2020,MN,Jasa Perusahaan,Jasa Perusahaan,7296.693167448587,,ADHB,1.1658007712804315
Banten,2020,O,"Administrasi Pemerintahan, Pertahanan dan Jaminan Sosial Wajib",Adm. Pemerintahan,14128.822265932022,,ADHB,2.257377625304092
Banten,2020,P,Jasa Pendidikan,Pendidikan,24442.608987714615,,ADHB,3.905222784631293
Banten,2020,Q,Jasa Kesehatan dan Kegiatan Sosial,Kesehatan,9090.171838131268,,ADHB,1.4523468503843673
Banten,2020,RSTU,Jasa Lainnya,Jasa Lainnya,10778.434772387656,,ADHB,1.7220824944238533
Banten,2021,A,"Pertanian, Kehutanan dan Perikanan",Pertanian,40731.94586668527,,ADHB,6.117098968819509
Banten,2021,B,Pertambangan dan Penggalian,Pertambangan,4636.30209234781,,ADHB,0.6962770411475185
Banten,2021,C,Industri Pengolahan,Industri Pengolahan,206127.5719455565,,ADHB,30.956113953414814
Banten,2021,D,Pengadaan Listrik dan Gas,Listrik & Gas,12055.447235912028,,ADHB,1.8104797668350805
Banten,2021,E,"Pengadaan Air, Pengelolaan Sampah, Limbah dan Daur Ulang",Air & Sampah,582.0180033904649,,ADHB,0.08740711136234093
Banten,2021,F,Konstruksi,Konstruksi,80299.20517568075,,ADHB,12.059286015572724
Banten,2021,G,"Perdagangan Besar dan Eceran, Reparasi Mobil dan Sepeda Motor",Perdagangan,85619.86679711204,,ADHB,12.858339756447773
Banten,2021,H,Transportasi dan Pergudangan,Transportasi,41068.973700267736,,ADHB,6.167713604811083
Banten,2021,I,Penyediaan Akomodasi dan Makan Minum,Akomodasi,15714.958759756388,,ADHB,2.360062991809379
Banten,2021,J,Informasi dan Komunikasi,Infokom,26509.802305042675,,ADHB,3.981226059627538
Banten,2021,K,Jasa Keuangan dan Asuransi,Keuangan,22301.408716849364,,ADHB,3.3492120585537686
Banten,2021,L,Real Estate,Real Estate,56330.70456896258,,ADHB,8.459711106350811
Banten,2021,MN,Jasa Perusahaan,Jasa Perusahaan,7300.886778039267,,ADHB,1.0964427559533727
Banten,2021,O,"Administrasi Pemerintahan, Pertahanan dan Jaminan Sosial Wajib",Adm. Pemerintahan,14374.790860944639,,ADHB,2.158797388179785
Banten,2021,P,Jasa Pendidikan,Pendidikan,24293.19493118276,,ADHB,3.6483373062815723
Banten,2021,Q,Jasa Kesehatan dan Kegiatan Sosial,Kesehatan,10194.094092833631,,ADHB,1.530942878776744
Banten,2021,RSTU,Jasa Lainnya,Jasa Lainnya,11077.89169495343,,ADHB,1.6636710675617044
Banten,2022,A,"Pertanian, Kehutanan dan Perikanan",Pertanian,44641.46595361746,,ADHB,5.974333632560016
Banten,2022,B,Pertambangan dan Penggalian,Pertambangan,4122.412420310555,,ADHB,0.5516993370140152
Banten,2022,C,Industri Pengolahan,Industri Pengolahan,223698.58233653256,,ADHB,29.93741212257043
Banten,2022,D,Pengadaan Listrik dan Gas,Listrik & Gas,12927.00299208866,,ADHB,1.7300110355713125
Banten,2022,E,"Pengadaan Air, Pengelolaan Sampah, Limbah dan Daur Ulang",Air & Sampah,609.4001819968964,,ADHB,0.08155556555367172
Banten,2022,F,Konstruksi,Konstruksi,89169.92444341928,,ADHB,11.93354356168911
Banten,2022,G,"Perdagangan Besar dan Eceran, Reparasi Mobil dan Sepeda Motor",Perdagangan,93222.60255011292,,ADHB,12.47591040824195
Banten,2022,H,Transportasi dan Pergudangan,Transportasi,70095.29976347079,,ADHB,9.38080096420635
Banten,2022,I,Penyediaan Akomodasi dan Makan Minum,Akomodasi,17254.37069757129,,ADHB,2.3091393834212774
Banten,2022,J,Informasi dan Komunikasi,Infokom,28148.836135538244,,ADHB,3.767137455044515
Banten,2022,K,Jasa Keuangan dan Asuransi,Keuangan,25282.561642306828,,ADHB,3.3835461069724486
Banten,2022,L,Real Estate,Real Estate,60212.921127523616,,ADHB,8.058249703999639
Banten,2022,MN,Jasa Perusahaan,Jasa Perusahaan,7887.324869025328,,ADHB,1.0555547231559184
Banten,2022,O,"Administrasi Pemerintahan, Pertahanan dan Jaminan Sosial Wajib",Adm. Pemerintahan,15139.730423008205,,ADHB,2.0261386744791814
Banten,2022,P,Jasa Pendidikan,Pendidikan,24527.553682736365,,ADHB,3.282503962648628
Banten,2022,Q,Jasa Kesehatan dan Kegiatan Sosial,Kesehatan,10579.800198898656,,ADHB,1.4158866606154423
Banten,2022,RSTU,Jasa Lainnya,Jasa Lainnya,12070.216737192706,,ADHB,1.6153479789445793
Banten,2023,A,"Pertanian, Kehutanan dan Perikanan",Pertanian,47239.32849425232,,ADHB,5.802487363473456
Banten,2023,B,Pertambangan dan Penggalian,Pertambangan,3487.402060452749,,ADHB,0.428363548596811
Banten,2023,C,Industri Pengolahan,Industri Pengolahan,241908.42602730432,,ADHB,29.714024942415797
Banten,2023,D,Pengadaan Listrik dan Gas,Listrik & Gas,12698.342857955893,,ADHB,1.5597591311931431
Banten,2023,E,"Pengadaan Air, Pengelolaan Sampah, Limbah dan Daur Ulang",Air & Sampah,648.9864772579199,,ADHB,0.07971611691754714
Banten,2023,F,Konstruksi,Konstruksi,93572.59091260596,,ADHB,11.493681084055401
Banten,2023,G,"Perdagangan Besar dan Eceran, Reparasi Mobil dan Sepeda Motor",Perdagangan,100666.53598464488,,ADHB,12.365042467667978
Banten,2023,H,Transportasi dan Pergudangan,Transportasi,89209.06825389512,,ADHB,10.957702146707037
Banten,2023,I,Penyediaan Akomodasi dan Makan Minum,Akomodasi,18940.876460310767,,ADHB,2.3265401904990517
Banten,2023,J,Informasi dan Komunikasi,Infokom,30528.126096155134,,ADHB,3.749821844419681
Banten,2023,K,Jasa Keuangan dan Asuransi,Keuangan,25699.22834097068,,ADHB,3.156680089507303
Banten,2023,L,Real Estate,Real Estate,64108.302143798406,,ADHB,7.874532194681574
Banten,2023,MN,Jasa Perusahaan,Jasa Perusahaan,8785.683914967609,,ADHB,1.0791605537380622
Banten,2023,O,"Administrasi Pemerintahan, Pertahanan dan Jaminan Sosial Wajib",Adm. Pemerintahan,16021.21648536434,,ADHB,1.9679133714847394
Banten,2023,P,Jasa Pendidikan,Pendidikan,26622.004684082007,,ADHB,3.270026283047442
Banten,2023,Q,Jasa Kesehatan dan Kegiatan Sosial,Kesehatan,11721.199248610958,,ADHB,1.4397349135285609
Banten,2023,RSTU,Jasa Lainnya,Jasa Lainnya,13864.507205222337,,ADHB,1.7030010887829956
Banten,2024,A,"Pertanian, Kehutanan dan Perikanan",Pertanian,50021.06343154894,,ADHB,5.725682284792717
Banten,2024,B,Pertambangan dan Penggalian,Pertambangan,3305.8155687378867,,ADHB,0.3784015840570137
Banten,2024,C,Industri Pengolahan,Industri Pengolahan,260481.51245831302,,ADHB,29.816127028956952
Banten,2024,D,Pengadaan Listrik dan Gas,Listrik & Gas,10755.377145511859,,ADHB,1.2311188160282338
Banten,2024,E,"Pengadaan Air, Pengelolaan Sampah, Limbah dan Daur Ulang",Air & Sampah,714.492844240106,,ADHB,0.08178472707752384
Banten,2024,F,Konstruksi,Konstruksi,99931.18403392189,,ADHB,11.438665451492774
Banten,2024,G,"Perdagangan Besar dan Eceran, Reparasi Mobil dan Sepeda Motor",Perdagangan,107809.39090852706,,ADHB,12.340447749655766
Banten,2024,H,Transportasi dan Pergudangan,Transportasi,98699.17355995894,,ADHB,11.297642848982496
Banten,2024,I,Penyediaan Akomodasi dan Makan Minum,Akomodasi,20838.64788002642,,ADHB,2.385304686074442
Banten,2024,J,Informasi dan Komunikasi,Infokom,32654.18655196615,,ADHB,3.7377753417970387
Banten,2024,K,Jasa Keuangan dan Asuransi,Keuangan,26028.99124152202,,ADHB,2.9794195448593745
Banten,2024,L,Real Estate,Real Estate,67347.88740884997,,ADHB,7.709004555306113
Banten,2024,MN,Jasa Perusahaan,Jasa Perusahaan,9622.872028279562,,ADHB,1.1014861364662019
Banten,2024,O,"Administrasi Pemerintahan, Pertahanan dan Jaminan Sosial Wajib",Adm. Pemerintahan,19092.1799806609,,ADHB,2.1853944957195255
Banten,2024,P,Jasa Pendidikan,Pendidikan,29389.25798206004,,ADHB,3.3640539054384
Banten,2024,Q,Jasa Kesehatan dan Kegiatan Sosial,Kesehatan,13074.382775142485,,ADHB,1.496564781008181
Banten,2024,RSTU,Jasa Lainnya,Jasa Lainnya,14789.413009899501,,ADHB,1.6928764457225847
Banten,2025,A,"Pertanian, Kehutanan dan Perikanan",Pertanian,56725.40949762968,,ADHB,6.059086556930646
Banten,2025,B,Pertambangan dan Penggalian,Pertambangan,3424.3587971758457,,ADHB,0.3657705874285907
Banten,2025,C,Industri Pengolahan,Industri Pengolahan,280301.0242947239,,ADHB,29.940165848763417
Banten,2025,D,Pengadaan Listrik dan Gas,Listrik & Gas,11292.929039788894,,ADHB,1.206246638664033
Banten,2025,E,"Pengadaan Air, Pengelolaan Sampah, Limbah dan Daur Ulang",Air & Sampah,765.6765315298616,,ADHB,0.08178522500298083
Banten,2025,F,Konstruksi,Konstruksi,108103.70250149968,,ADHB,11.547024453100454
Banten,2025,G,"Perdagangan Besar dan Eceran, Reparasi Mobil dan Sepeda Motor",Perdagangan,115291.24073895758,,ADHB,12.314756527627408
Banten,2025,H,Transportasi dan Pergudangan,Transportasi,102035.01772722407,,ADHB,10.898801960575309
Banten,2025,I,Penyediaan Akomodasi dan Makan Minum,Akomodasi,22575.79687776917,,ADHB,2.4114185968072013
Banten,2025,J,Informasi dan Komunikasi,Infokom,34578.501350688566,,ADHB,3.693479422154194
Banten,2025,K,Jasa Keuangan dan Asuransi,Keuangan,25966.822907730297,,ADHB,2.773628767069576
Banten,2025,L,Real Estate,Real Estate,73372.23491432967,,ADHB,7.837206045025538
Banten,2025,MN,Jasa Perusahaan,Jasa Perusahaan,10394.695598370503,,ADHB,1.1103024362672014
Banten,2025,O,"Administrasi Pemerintahan, Pertahanan dan Jaminan Sosial Wajib",Adm. Pemerintahan,20235.671961436234,,ADHB,2.1614597239200193
Banten,2025,P,Jasa Pendidikan,Pendidikan,31874.606249642857,,ADHB,3.4046646810498347
Banten,2025,Q,Jasa Kesehatan dan Kegiatan Sosial,Kesehatan,13700.035397594425,,ADHB,1.4633600892825114
Banten,2025,RSTU,Jasa Lainnya,Jasa Lainnya,15904.876898018709,,ADHB,1.698868754864587
Banten,2026,A,"Pertanian, Kehutanan dan Perikanan",Pertanian,,,ADHB,
Banten,2026,B,Pertambangan dan Penggalian,Pertambangan,,,ADHB,
Banten,2026,C,Industri Pengolahan,Industri Pengolahan,,,ADHB,
Banten,2026,D,Pengadaan Listrik dan Gas,Listrik & Gas,,,ADHB,
Banten,2026,E,"Pengadaan Air, Pengelolaan Sampah, Limbah dan Daur Ulang",Air & Sampah,,,ADHB,
Banten,2026,F,Konstruksi,Konstruksi,,,ADHB,
Banten,2026,G,"Perdagangan Besar dan Eceran, Reparasi Mobil dan Sepeda Motor",Perdagangan,,,ADHB,
Banten,2026,H,Transportasi dan Pergudangan,Transportasi,,,ADHB,
Banten,2026,I,Penyediaan Akomodasi dan Makan Minum,Akomodasi,,,ADHB,
Banten,2026,J,Informasi dan Komunikasi,Infokom,,,ADHB,
Banten,2026,K,Jasa Keuangan dan Asuransi,Keuangan,,,ADHB,
Banten,2026,L,Real Estate,Real Estate,,,ADHB,
Banten,2026,MN,Jasa Perusahaan,Jasa Perusahaan,,,ADHB,
Banten,2026,O,"Administrasi Pemerintahan, Pertahanan dan Jaminan Sosial Wajib",Adm. Pemerintahan,,,ADHB,
Banten,2026,P,Jasa Pendidikan,Pendidikan,,,ADHB,
Banten,2026,Q,Jasa Kesehatan dan Kegiatan Sosial,Kesehatan,,,ADHB,
Banten,2026,RSTU,Jasa Lainnya,Jasa Lainnya,,,ADHB,
Bengkulu,2020,A,"Pertanian, Kehutanan dan Perikanan",Pertanian,21057.346114244065,,ADHB,28.725559549538556
Bengkulu,2020,B,Pertambangan dan Penggalian,Pertambangan,2381.2440673539472,,ADHB,3.2483945454309113
Bengkulu,2020,C,Industri Pengolahan,Industri Pengolahan,4308.730486642259,,ADHB,5.8777916982250105
Bengkulu,2020,D,Pengadaan Listrik dan Gas,Listrik & Gas,78.14639810773353,,ADHB,0.106604080127038
Bengkulu,2020,E,"Pengadaan Air, Pengelolaan Sampah, Limbah dan Daur Ulang",Air & Sampah,144.94750774846614,,ADHB,0.19773138755454406
Bengkulu,2020,F,Konstruksi,Konstruksi,3784.7876640516415,,ADHB,5.163050596985321
Bengkulu,2020,G,"Perdagangan Besar dan Eceran, Reparasi Mobil dan Sepeda Motor",Perdagangan,10557.922106522357,,ADHB,14.402680116709712
Bengkulu,2020,H,Transportasi dan Pergudangan,Transportasi,5940.690675104619,,ADHB,8.104044205156109
Bengkulu,2020,I,Penyediaan Akomodasi dan Makan Minum,Akomodasi,1316.961453893068,,ADHB,1.7965442778500045
Bengkulu,2020,J,Informasi dan Komunikasi,Infokom,2777.4742786721017,,ADHB,3.7889153911630653
Bengkulu,2020,K,Jasa Keuangan dan Asuransi,Keuangan,2462.2076792506737,,ADHB,3.358841751943413
Bengkulu,2020,L,Real Estate,Real Estate,2794.0912263952464,,ADHB,3.8115835431117038
Bengkulu,2020,MN,Jasa Perusahaan,Jasa Perusahaan,1593.9804283403346,,ADHB,2.174442090977284
Bengkulu,2020,O,"Administrasi Pemerintahan, Pertahanan dan Jaminan Sosial Wajib",Adm. Pemerintahan,7387.300219320843,,ADHB,10.077449038883216
Bengkulu,2020,P,Jasa Pendidikan,Pendidikan,4568.932973512189,,ADHB,6.232749155397839
Bengkulu,2020,Q,Jasa Kesehatan dan Kegiatan Sosial,Kesehatan,1389.007224667017,,ADHB,1.8948261348053566
Bengkulu,2020,RSTU,Jasa Lainnya,Jasa Lainnya,631.8593659890971,,ADHB,0.8619563807414327
Bengkulu,2021,A,"Pertanian, Kehutanan dan Perikanan",Pertanian,22831.293741419366,,ADHB,28.68157497447556
Bengkulu,2021,B,Pertambangan dan Penggalian,Pertambangan,3925.3910270420256,,ADHB,4.931231594729605
Bengkulu,2021,C,Industri Pengolahan,Industri Pengolahan,4547.1165171461,,ADHB,5.712267766394837
Bengkulu,2021,D,Pengadaan Listrik dan Gas,Listrik & Gas,85.3851178308006,,ADHB,0.1072641649879754
Bengkulu,2021,E,"Pengadaan Air, Pengelolaan Sampah, Limbah dan Daur Ulang",Air & Sampah,148.76688899978097,,ADHB,0.1868868548971435
Bengkulu,2021,F,Konstruksi,Konstruksi,4052.0940208535812,,ADHB,5.090400911092258
Bengkulu,2021,G,"Perdagangan Besar dan Eceran, Reparasi Mobil dan Sepeda Motor",Perdagangan,11420.300828064723,,ADHB,14.346633972694029
Bengkulu,2021,H,Transportasi dan Pergudangan,Transportasi,6208.949046483874,,ADHB,7.799927573370829
Bengkulu,2021,I,Penyediaan Akomodasi dan Makan Minum,Akomodasi,1362.10622401413,,ADHB,1.7111317575660236
Bengkulu,2021,J,Informasi dan Komunikasi,Infokom,2993.3253728217815,,ADHB,3.760333824089753
Bengkulu,2021,K,Jasa Keuangan dan Asuransi,Keuangan,2761.04125931042,,ADHB,3.4685293257327743
Bengkulu,2021,L,Real Estate,Real Estate,2839.46765385625,,ADHB,3.5670516670691867
Bengkulu,2021,MN,Jasa Perusahaan,Jasa Perusahaan,1659.2951662099117,,ADHB,2.08447227097328
Bengkulu,2021,O,"Administrasi Pemerintahan, Pertahanan dan Jaminan Sosial Wajib",Adm. Pemerintahan,7616.6747084651515,,ADHB,9.56836827475612
Bengkulu,2021,P,Jasa Pendidikan,Pendidikan,4766.252525263054,,ADHB,5.9875550942877585
Bengkulu,2021,Q,Jasa Kesehatan dan Kegiatan Sosial,Kesehatan,1573.669034204885,,ADHB,1.9769053344390985
Bengkulu,2021,RSTU,Jasa Lainnya,Jasa Lainnya,674.6984664535714,,ADHB,0.8475829214901407
Bengkulu,2022,A,"Pertanian, Kehutanan dan Perikanan",Pertanian,25281.395706723957,,ADHB,28.055541697548392
Bengkulu,2022,B,Pertambangan dan Penggalian,Pertambangan,6678.864016196966,,ADHB,7.411740636171969
Bengkulu,2022,C,Industri Pengolahan,Industri Pengolahan,4855.549627703202,,ADHB,5.388352629926666
Bengkulu,2022,D,Pengadaan Listrik dan Gas,Listrik & Gas,93.15010935815098,,ADHB,0.10337153880051536
Bengkulu,2022,E,"Pengadaan Air, Pengelolaan Sampah, Limbah dan Daur Ulang",Air & Sampah,158.00700666246712,,ADHB,0.17534523075182273
Bengkulu,2022,F,Konstruksi,Konstruksi,4307.9761094882015,,ADHB,4.780693470164836
Bengkulu,2022,G,"Perdagangan Besar dan Eceran, Reparasi Mobil dan Sepeda Motor",Perdagangan,12590.226972175424,,ADHB,13.971761760982226
Bengkulu,2022,H,Transportasi dan Pergudangan,Transportasi,8121.4497950700525,,ADHB,9.012622404764354
Bengkulu,2022,I,Penyediaan Akomodasi dan Makan Minum,Akomodasi,1500.7347864581718,,ADHB,1.6654115091929225
Bengkulu,2022,J,Informasi dan Komunikasi,Infokom,3309.1115931934537,,ADHB,3.6722228219381043
Bengkulu,2022,K,Jasa Keuangan dan Asuransi,Keuangan,2869.973207191658,,ADHB,3.184897460538428
Bengkulu,2022,L,Real Estate,Real Estate,2996.7219954688485,,ADHB,3.3255544858022144
Bengkulu,2022,MN,Jasa Perusahaan,Jasa Perusahaan,1932.2583752750354,,ADHB,2.144286496158429
Bengkulu,2022,O,"Administrasi Pemerintahan, Pertahanan dan Jaminan Sosial Wajib",Adm. Pemerintahan,7641.401815292282,,ADHB,8.479898410024733
Bengkulu,2022,P,Jasa Pendidikan,Pendidikan,5182.374763779682,,ADHB,5.751040526566879
Bengkulu,2022,Q,Jasa Kesehatan dan Kegiatan Sosial,Kesehatan,1668.4102927997355,,ADHB,1.851486171145709
Bengkulu,2022,RSTU,Jasa Lainnya,Jasa Lainnya,755.5142260511342,,ADHB,0.8384173531381067
Bengkulu,2023,A,"Pertanian, Kehutanan dan Perikanan",Pertanian,27649.192305957935,,ADHB,28.62734576989665
Bengkulu,2023,B,Pertambangan dan Penggalian,Pertambangan,5490.476112370926,,ADHB,5.6847142719728305
Bengkulu,2023,C,Industri Pengolahan,Industri Pengolahan,5053.538239808864,,ADHB,5.232318722063698
Bengkulu,2023,D,Pengadaan Listrik dan Gas,Listrik & Gas,98.11493770044663,,ADHB,0.10158597819645211
Bengkulu,2023,E,"Pengadaan Air, Pengelolaan Sampah, Limbah dan Daur Ulang",Air & Sampah,166.93878885955232,,ADHB,0.17284463062092337
Bengkulu,2023,F,Konstruksi,Konstruksi,4673.053857215245,,ADHB,4.83837383354679
Bengkulu,2023,G,"Perdagangan Besar dan Eceran, Reparasi Mobil dan Sepeda Motor",Perdagangan,13573.092916015832,,ADHB,14.05327214531296
Bengkulu,2023,H,Transportasi dan Pergudangan,Transportasi,9637.926168929678,,ADHB,9.97888986736266
Bengkulu,2023,I,Penyediaan Akomodasi dan Makan Minum,Akomodasi,1669.2686686932523,,ADHB,1.7283228686300378
Bengkulu,2023,J,Informasi dan Komunikasi,Infokom,3701.739526211165,,ADHB,3.8326970348463116
Bengkulu,2023,K,Jasa Keuangan dan Asuransi,Keuangan,2783.0394388073464,,ADHB,2.8814958290419668
Bengkulu,2023,L,Real Estate,Real Estate,3229.037717748284,,ADHB,3.3432723179439523
Bengkulu,2023,MN,Jasa Perusahaan,Jasa Perusahaan,2154.629308354254,,ADHB,2.230854251858895
Bengkulu,2023,O,"Administrasi Pemerintahan, Pertahanan dan Jaminan Sosial Wajib",Adm. Pemerintahan,8201.604512143036,,ADHB,8.491755044376827
Bengkulu,2023,P,Jasa Pendidikan,Pendidikan,5571.196557614117,,ADHB,5.768290387727173
Bengkulu,2023,Q,Jasa Kesehatan dan Kegiatan Sosial,Kesehatan,1892.4296662466127,,ADHB,1.9593786972640808
Bengkulu,2023,RSTU,Jasa Lainnya,Jasa Lainnya,856.6331590446464,,ADHB,0.8869385177897454
Bengkulu,2024,A,"Pertanian, Kehutanan dan Perikanan",Pertanian,31429.747392355006,,ADHB,30.22325616262243
Bengkulu,2024,B,Pertambangan dan Penggalian,Pertambangan,4349.4278775911735,,ADHB,4.182466733323608
Bengkulu,2024,C,Industri Pengolahan,Industri Pengolahan,5301.5618839918425,,ADHB,5.0980512468533306
Bengkulu,2024,D,Pengadaan Listrik dan Gas,Listrik & Gas,102.42440870155926,,ADHB,0.098492651017785
Bengkulu,2024,E,"Pengadaan Air, Pengelolaan Sampah, Limbah dan Daur Ulang",Air & Sampah,187.31876850524003,,ADHB,0.1801281777395996
Bengkulu,2024,F,Konstruksi,Konstruksi,4971.3270231077095,,ADHB,4.780493085480488
Bengkulu,2024,G,"Perdagangan Besar dan Eceran, Reparasi Mobil dan Sepeda Motor",Perdagangan,14306.721352116125,,ADHB,13.75753037001633
Bengkulu,2024,H,Transportasi dan Pergudangan,Transportasi,9877.56992002338,,ADHB,9.498400423978454
Bengkulu,2024,I,Penyediaan Akomodasi dan Makan Minum,Akomodasi,1867.6089774660943,,ADHB,1.7959172192170045
Bengkulu,2024,J,Informasi dan Komunikasi,Infokom,4100.831619918819,,ADHB,3.943413320551719
Bengkulu,2024,K,Jasa Keuangan dan Asuransi,Keuangan,2971.242755584185,,ADHB,2.857185894697968
Bengkulu,2024,L,Real Estate,Real Estate,3402.8325312683055,,ADHB,3.2722082677649174
Bengkulu,2024,MN,Jasa Perusahaan,Jasa Perusahaan,2409.134654178212,,ADHB,2.316655392565761
Bengkulu,2024,O,"Administrasi Pemerintahan, Pertahanan dan Jaminan Sosial Wajib",Adm. Pemerintahan,9096.065594366242,,ADHB,8.746895643119847
Bengkulu,2024,P,Jasa Pendidikan,Pendidikan,6364.076906624256,,ADHB,6.119779589266451
Bengkulu,2024,Q,Jasa Kesehatan dan Kegiatan Sosial,Kesehatan,2128.1790983534943,,ADHB,2.0464848554628174
Bengkulu,2024,RSTU,Jasa Lainnya,Jasa Lainnya,967.496821400242,,ADHB,0.9303575973637972
Bengkulu,2025,A,"Pertanian, Kehutanan dan Perikanan",Pertanian,34843.91542506336,,ADHB,31.158093661814
Bengkulu,2025,B,Pertambangan dan Penggalian,Pertambangan,3982.4732935228967,,ADHB,3.5612035665774684
Bengkulu,2025,C,Industri Pengolahan,Industri Pengolahan,5979.191245376652,,ADHB,5.346706837410632
Bengkulu,2025,D,Pengadaan Listrik dan Gas,Listrik & Gas,105.67140643742061,,ADHB,0.0944933868363268
Bengkulu,2025,E,"Pengadaan Air, Pengelolaan Sampah, Limbah dan Daur Ulang",Air & Sampah,193.39596106918106,,ADHB,0.17293835653371095
Bengkulu,2025,F,Konstruksi,Konstruksi,5179.096119349314,,ADHB,4.631246517552639
Bengkulu,2025,G,"Perdagangan Besar dan Eceran, Reparasi Mobil dan Sepeda Motor",Perdagangan,14999.582685370706,,ADHB,13.412912885867337
Bengkulu,2025,H,Transportasi dan Pergudangan,Transportasi,10235.306849293842,,ADHB,9.152606576421341
Bengkulu,2025,I,Penyediaan Akomodasi dan Makan Minum,Akomodasi,2131.189165425935,,ADHB,1.9057499944343224
Bengkulu,2025,J,Informasi dan Komunikasi,Infokom,4500.651929259754,,ADHB,4.024568784546816
Bengkulu,2025,K,Jasa Keuangan dan Asuransi,Keuangan,3324.9319231178747,,ADHB,2.9732175335594824
Bengkulu,2025,L,Real Estate,Real Estate,3600.2095031056124,,ADHB,3.2193759952484884
Bengkulu,2025,MN,Jasa Perusahaan,Jasa Perusahaan,2659.6356497469355,,ADHB,2.378296918419979
Bengkulu,2025,O,"Administrasi Pemerintahan, Pertahanan dan Jaminan Sosial Wajib",Adm. Pemerintahan,9508.422662540108,,ADHB,8.50261287462647
Bengkulu,2025,P,Jasa Pendidikan,Pendidikan,7008.5110876749695,,ADHB,6.267144269973832
Bengkulu,2025,Q,Jasa Kesehatan dan Kegiatan Sosial,Kesehatan,2332.737463086812,,ADHB,2.085978325816956
Bengkulu,2025,RSTU,Jasa Lainnya,Jasa Lainnya,1095.6568822060526,,ADHB,0.979757278725091
Bengkulu,2026,A,"Pertanian, Kehutanan dan Perikanan",Pertanian,,,ADHB,
Bengkulu,2026,B,Pertambangan dan Penggalian,Pertambangan,,,ADHB,
Bengkulu,2026,C,Industri Pengolahan,Industri Pengolahan,,,ADHB,
Bengkulu,2026,D,Pengadaan Listrik dan Gas,Listrik & Gas,,,ADHB,
Bengkulu,2026,E,"Pengadaan Air, Pengelolaan Sampah, Limbah dan Daur Ulang",Air & Sampah,,,ADHB,
Bengkulu,2026,F,Konstruksi,Konstruksi,,,ADHB,
Bengkulu,2026,G,"Perdagangan Besar dan Eceran, Reparasi Mobil dan Sepeda Motor",Perdagangan,,,ADHB,
Bengkulu,2026,H,Transportasi dan Pergudangan,Transportasi,,,ADHB,
Bengkulu,2026,I,Penyediaan Akomodasi dan Makan Minum,Akomodasi,,,ADHB,
Bengkulu,2026,J,Informasi dan Komunikasi,Infokom,,,ADHB,
Bengkulu,2026,K,Jasa Keuangan dan Asuransi,Keuangan,,,ADHB,
Bengkulu,2026,L,Real Estate,Real Estate,,,ADHB,
Bengkulu,2026,MN,Jasa Perusahaan,Jasa Perusahaan,,,ADHB,
Bengkulu,2026,O,"Administrasi Pemerintahan, Pertahanan dan Jaminan Sosial Wajib",Adm. Pemerintahan,,,ADHB,
Bengkulu,2026,P,Jasa Pendidikan,Pendidikan,,,ADHB,
Bengkulu,2026,Q,Jasa Kesehatan dan Kegiatan Sosial,Kesehatan,,,ADHB,
Bengkulu,2026,RSTU,Jasa Lainnya,Jasa Lainnya,,,ADHB,
DI Yogyakarta,2020,A,"Pertanian, Kehutanan dan Perikanan",Pertanian,14242.769828111348,,ADHB,10.312042860875636
DI Yogyakarta,2020,B,Pertambangan dan Penggalian,Pertambangan,653.8088956636575,,ADHB,0.47337037923608954
DI Yogyakarta,2020,C,Industri Pengolahan,Industri Pengolahan,17333.469248113815,,ADHB,12.549769459970383
DI Yogyakarta,2020,D,Pengadaan Listrik dan Gas,Listrik & Gas,196.74621754849204,,ADHB,0.14244809489730037
DI Yogyakarta,2020,E,"Pengadaan Air, Pengelolaan Sampah, Limbah dan Daur Ulang",Air & Sampah,140.69048906210483,,ADHB,0.10186265528650776
DI Yogyakarta,2020,F,Konstruksi,Konstruksi,13033.798880111433,,ADHB,9.43672433900202
DI Yogyakarta,2020,G,"Perdagangan Besar dan Eceran, Reparasi Mobil dan Sepeda Motor",Perdagangan,11601.161239100291,,ADHB,8.399466773479057
DI Yogyakarta,2020,H,Transportasi dan Pergudangan,Transportasi,6237.593217151821,,ADHB,4.516139022131915
DI Yogyakarta,2020,I,Penyediaan Akomodasi dan Makan Minum,Akomodasi,12101.003711992757,,ADHB,8.761362462755717
DI Yogyakarta,2020,J,Informasi dan Komunikasi,Infokom,13399.417041279376,,ADHB,9.701439011371214
DI Yogyakarta,2020,K,Jasa Keuangan dan Asuransi,Keuangan,5574.450573535867,,ADHB,4.036010827520144
DI Yogyakarta,2020,L,Real Estate,Real Estate,10185.674539270822,,ADHB,7.374626823539597
DI Yogyakarta,2020,MN,Jasa Perusahaan,Jasa Perusahaan,1242.0657761832072,,ADHB,0.8992798222960837
DI Yogyakarta,2020,O,"Administrasi Pemerintahan, Pertahanan dan Jaminan Sosial Wajib",Adm. Pemerintahan,11612.801861731672,,ADHB,8.407894811069411
DI Yogyakarta,2020,P,Jasa Pendidikan,Pendidikan,12218.884772426229,,ADHB,8.846710647297476
DI Yogyakarta,2020,Q,Jasa Kesehatan dan Kegiatan Sosial,Kesehatan,4330.529782816195,,ADHB,3.1353879385566614
DI Yogyakarta,2020,RSTU,Jasa Lainnya,Jasa Lainnya,3106.494686426499,,ADHB,2.2491626797398268
DI Yogyakarta,2021,A,"Pertanian, Kehutanan dan Perikanan",Pertanian,14795.177344152691,,ADHB,9.902159102700919
DI Yogyakarta,2021,B,Pertambangan dan Penggalian,Pertambangan,661.5114190695491,,ADHB,0.44273827663640447
DI Yogyakarta,2021,C,Industri Pengolahan,Industri Pengolahan,18124.421620496432,,ADHB,12.130365345131743
DI Yogyakarta,2021,D,Pengadaan Listrik dan Gas,Listrik & Gas,201.63160863731093,,ADHB,0.1349485864493043
DI Yogyakarta,2021,E,"Pengadaan Air, Pengelolaan Sampah, Limbah dan Daur Ulang",Air & Sampah,152.32766631220468,,ADHB,0.10195030126913082
DI Yogyakarta,2021,F,Konstruksi,Konstruksi,14816.190116294998,,ADHB,9.916222591640722
DI Yogyakarta,2021,G,"Perdagangan Besar dan Eceran, Reparasi Mobil dan Sepeda Motor",Perdagangan,12129.877670236727,,ADHB,8.118319624904904
DI Yogyakarta,2021,H,Transportasi dan Pergudangan,Transportasi,6550.4726659471,,ADHB,4.384119299640361
DI Yogyakarta,2021,I,Penyediaan Akomodasi dan Makan Minum,Akomodasi,13486.290514575072,,ADHB,9.02614353814064
DI Yogyakarta,2021,J,Informasi dan Komunikasi,Infokom,15976.512314119856,,ADHB,10.692806389590146
DI Yogyakarta,2021,K,Jasa Keuangan dan Asuransi,Keuangan,5949.029020510098,,ADHB,3.9815833563466914
DI Yogyakarta,2021,L,Real Estate,Real Estate,10463.266806934525,,ADHB,7.002885483979894
DI Yogyakarta,2021,MN,Jasa Perusahaan,Jasa Perusahaan,1374.2491788870789,,ADHB,0.9197614668318985
DI Yogyakarta,2021,O,"Administrasi Pemerintahan, Pertahanan dan Jaminan Sosial Wajib",Adm. Pemerintahan,11986.820480397932,,ADHB,8.022573894953997
DI Yogyakarta,2021,P,Jasa Pendidikan,Pendidikan,13205.412683551614,,ADHB,8.838156810674
DI Yogyakarta,2021,Q,Jasa Kesehatan dan Kegiatan Sosial,Kesehatan,4681.273384925832,,ADHB,3.1330961963152846
DI Yogyakarta,2021,RSTU,Jasa Lainnya,Jasa Lainnya,3862.465386561804,,ADHB,2.585082009951436
DI Yogyakarta,2022,A,"Pertanian, Kehutanan dan Perikanan",Pertanian,16744.546958620933,,ADHB,10.103843383125561
DI Yogyakarta,2022,B,Pertambangan dan Penggalian,Pertambangan,710.3239220487458,,ADHB,0.4286172493889382
DI Yogyakarta,2022,C,Industri Pengolahan,Industri Pengolahan,19427.95553590554,,ADHB,11.72304156536485
DI Yogyakarta,2022,D,Pengadaan Listrik dan Gas,Listrik & Gas,222.0072641540923,,ADHB,0.13396161941391072
DI Yogyakarta,2022,E,"Pengadaan Air, Pengelolaan Sampah, Limbah dan Daur Ulang",Air & Sampah,161.70703224967835,,ADHB,0.09757579777096266
DI Yogyakarta,2022,F,Konstruksi,Konstruksi,16080.205184386456,,ADHB,9.702972266318364
DI Yogyakarta,2022,G,"Perdagangan Besar dan Eceran, Reparasi Mobil dan Sepeda Motor",Perdagangan,13633.11724201507,,ADHB,8.226372548478533
DI Yogyakarta,2022,H,Transportasi dan Pergudangan,Transportasi,8356.395035362993,,ADHB,5.042340464240866
DI Yogyakarta,2022,I,Penyediaan Akomodasi dan Makan Minum,Akomodasi,16193.216421930472,,ADHB,9.771164487194788
DI Yogyakarta,2022,J,Informasi dan Komunikasi,Infokom,17031.417451158144,,ADHB,10.276944186330258
DI Yogyakarta,2022,K,Jasa Keuangan dan Asuransi,Keuangan,6823.551561373608,,ADHB,4.117405891194024
DI Yogyakarta,2022,L,Real Estate,Real Estate,11182.62751179231,,ADHB,6.747720154519256
DI Yogyakarta,2022,MN,Jasa Perusahaan,Jasa Perusahaan,1542.7805270669435,,ADHB,0.9309306999192838
DI Yogyakarta,2022,O,"Administrasi Pemerintahan, Pertahanan dan Jaminan Sosial Wajib",Adm. Pemerintahan,12858.67221765737,,ADHB,7.759063922315766
DI Yogyakarta,2022,P,Jasa Pendidikan,Pendidikan,13883.46353058709,,ADHB,8.377434246207903
DI Yogyakarta,2022,Q,Jasa Kesehatan dan Kegiatan Sosial,Kesehatan,5079.125298565392,,ADHB,3.0647999415447984
DI Yogyakarta,2022,RSTU,Jasa Lainnya,Jasa Lainnya,4685.5675471192,,ADHB,2.827322875568994
DI Yogyakarta,2023,A,"Pertanian, Kehutanan dan Perikanan",Pertanian,18786.769752292807,,ADHB,10.393995604057114
DI Yogyakarta,2023,B,Pertambangan dan Penggalian,Pertambangan,796.0468375763298,,ADHB,0.4404220331375562
DI Yogyakarta,2023,C,Industri Pengolahan,Industri Pengolahan,20977.371403568934,,ADHB,11.60597106518318
DI Yogyakarta,2023,D,Pengadaan Listrik dan Gas,Listrik & Gas,248.23148745809792,,ADHB,0.13733691440558277
DI Yogyakarta,2023,E,"Pengadaan Air, Pengelolaan Sampah, Limbah dan Daur Ulang",Air & Sampah,171.0565592711261,,ADHB,0.09463900119882136
DI Yogyakarta,2023,F,Konstruksi,Konstruksi,16663.92855763769,,ADHB,9.21950939188305
DI Yogyakarta,2023,G,"Perdagangan Besar dan Eceran, Reparasi Mobil dan Sepeda Motor",Perdagangan,14720.711779889687,,ADHB,8.144402446306218
DI Yogyakarta,2023,H,Transportasi dan Pergudangan,Transportasi,9983.478490526051,,ADHB,5.523473854842037
DI Yogyakarta,2023,I,Penyediaan Akomodasi dan Makan Minum,Akomodasi,18218.075561432714,,ADHB,10.079359027477407
DI Yogyakarta,2023,J,Informasi dan Komunikasi,Infokom,18065.81284378513,,ADHB,9.995117934476433
DI Yogyakarta,2023,K,Jasa Keuangan dan Asuransi,Keuangan,7670.990966625777,,ADHB,4.244063638249431
DI Yogyakarta,2023,L,Real Estate,Real Estate,11916.620940891866,,ADHB,6.593007063373868
DI Yogyakarta,2023,MN,Jasa Perusahaan,Jasa Perusahaan,1734.441480452414,,ADHB,0.9595996204252478
DI Yogyakarta,2023,O,"Administrasi Pemerintahan, Pertahanan dan Jaminan Sosial Wajib",Adm. Pemerintahan,13433.629649743934,,ADHB,7.432309511800394
DI Yogyakarta,2023,P,Jasa Pendidikan,Pendidikan,15179.655915494339,,ADHB,8.398318547417766
DI Yogyakarta,2023,Q,Jasa Kesehatan dan Kegiatan Sosial,Kesehatan,5730.574151285662,,ADHB,3.170505803953718
DI Yogyakarta,2023,RSTU,Jasa Lainnya,Jasa Lainnya,5253.222840834694,,ADHB,2.9064057224688353
DI Yogyakarta,2024,A,"Pertanian, Kehutanan dan Perikanan",Pertanian,19521.74258728778,,ADHB,10.085527447848362
DI Yogyakarta,2024,B,Pertambangan dan Penggalian,Pertambangan,867.1309780004688,,ADHB,0.447986302472722
DI Yogyakarta,2024,C,Industri Pengolahan,Industri Pengolahan,22524.665227853435,,ADHB,11.636928844510152
DI Yogyakarta,2024,D,Pengadaan Listrik dan Gas,Listrik & Gas,275.6075509375161,,ADHB,0.14238726422018508
DI Yogyakarta,2024,E,"Pengadaan Air, Pengelolaan Sampah, Limbah dan Daur Ulang",Air & Sampah,173.2845316677264,,ADHB,0.08952407258768248
DI Yogyakarta,2024,F,Konstruksi,Konstruksi,18219.77107867447,,ADHB,9.412889268765579
DI Yogyakarta,2024,G,"Perdagangan Besar dan Eceran, Reparasi Mobil dan Sepeda Motor",Perdagangan,15572.465139174466,,ADHB,8.045210302797372
DI Yogyakarta,2024,H,Transportasi dan Pergudangan,Transportasi,11113.820017633892,,ADHB,5.741738286790208
DI Yogyakarta,2024,I,Penyediaan Akomodasi dan Makan Minum,Akomodasi,20307.254872866473,,ADHB,10.491347045223081
DI Yogyakarta,2024,J,Informasi dan Komunikasi,Infokom,18884.855920093447,,ADHB,9.756492376597096
DI Yogyakarta,2024,K,Jasa Keuangan dan Asuransi,Keuangan,8241.84472358008,,ADHB,4.257988281983575
DI Yogyakarta,2024,L,Real Estate,Real Estate,12525.79173869489,,ADHB,6.471205929582484
DI Yogyakarta,2024,MN,Jasa Perusahaan,Jasa Perusahaan,1866.156712852813,,ADHB,0.9641134578692552
DI Yogyakarta,2024,O,"Administrasi Pemerintahan, Pertahanan dan Jaminan Sosial Wajib",Adm. Pemerintahan,14467.892842580844,,ADHB,7.474554575440215
DI Yogyakarta,2024,P,Jasa Pendidikan,Pendidikan,15992.502708148142,,ADHB,8.26221451807527
DI Yogyakarta,2024,Q,Jasa Kesehatan dan Kegiatan Sosial,Kesehatan,6190.382551974138,,ADHB,3.1981403740705105
DI Yogyakarta,2024,RSTU,Jasa Lainnya,Jasa Lainnya,5506.010249968818,,ADHB,2.8445727760162036
DI Yogyakarta,2025,A,"Pertanian, Kehutanan dan Perikanan",Pertanian,21361.68244014545,,ADHB,10.263437481151765
DI Yogyakarta,2025,B,Pertambangan dan Penggalian,Pertambangan,787.4287687526837,,ADHB,0.37832815657653096
DI Yogyakarta,2025,C,Industri Pengolahan,Industri Pengolahan,24120.903589701098,,ADHB,11.589133331396004
DI Yogyakarta,2025,D,Pengadaan Listrik dan Gas,Listrik & Gas,290.164427637127,,ADHB,0.13941244893291097
DI Yogyakarta,2025,E,"Pengadaan Air, Pengelolaan Sampah, Limbah dan Daur Ulang",Air & Sampah,173.34420949977823,,ADHB,0.08328498758960738
DI Yogyakarta,2025,F,Konstruksi,Konstruksi,19973.49405287309,,ADHB,9.596468258818652
DI Yogyakarta,2025,G,"Perdagangan Besar dan Eceran, Reparasi Mobil dan Sepeda Motor",Perdagangan,16707.10630918399,,ADHB,8.02709906280671
DI Yogyakarta,2025,H,Transportasi dan Pergudangan,Transportasi,11754.905713559845,,ADHB,5.6477639449045975
DI Yogyakarta,2025,I,Penyediaan Akomodasi dan Makan Minum,Akomodasi,22462.089415150997,,ADHB,10.792139198511245
DI Yogyakarta,2025,J,Informasi dan Komunikasi,Infokom,20007.195819884848,,ADHB,9.61266061537571
DI Yogyakarta,2025,K,Jasa Keuangan dan Asuransi,Keuangan,8552.866214169459,,ADHB,4.1093115169998615
DI Yogyakarta,2025,L,Real Estate,Real Estate,13466.600995883273,,ADHB,6.470165343583442
DI Yogyakarta,2025,MN,Jasa Perusahaan,Jasa Perusahaan,1986.0282326823826,,ADHB,0.9542074534181294
DI Yogyakarta,2025,O,"Administrasi Pemerintahan, Pertahanan dan Jaminan Sosial Wajib",Adm. Pemerintahan,15203.631153035534,,ADHB,7.304739140416181
DI Yogyakarta,2025,P,Jasa Pendidikan,Pendidikan,17013.88458611377,,ADHB,8.174493804520829
DI Yogyakarta,2025,Q,Jasa Kesehatan dan Kegiatan Sosial,Kesehatan,6720.5911021899965,,ADHB,3.2289763134051257
DI Yogyakarta,2025,RSTU,Jasa Lainnya,Jasa Lainnya,6138.594020482795,,ADHB,2.949349899191191
DI Yogyakarta,2026,A,"Pertanian, Kehutanan dan Perikanan",Pertanian,,,ADHB,
DI Yogyakarta,2026,B,Pertambangan dan Penggalian,Pertambangan,,,ADHB,
DI Yogyakarta,2026,C,Industri Pengolahan,Industri Pengolahan,,,ADHB,
DI Yogyakarta,2026,D,Pengadaan Listrik dan Gas,Listrik & Gas,,,ADHB,
DI Yogyakarta,2026,E,"Pengadaan Air, Pengelolaan Sampah, Limbah dan Daur Ulang",Air & Sampah,,,ADHB,
DI Yogyakarta,2026,F,Konstruksi,Konstruksi,,,ADHB,
DI Yogyakarta,2026,G,"Perdagangan Besar dan Eceran, Reparasi Mobil dan Sepeda Motor",Perdagangan,,,ADHB,
DI Yogyakarta,2026,H,Transportasi dan Pergudangan,Transportasi,,,ADHB,
DI Yogyakarta,2026,I,Penyediaan Akomodasi dan Makan Minum,Akomodasi,,,ADHB,
DI Yogyakarta,2026,J,Informasi dan Komunikasi,Infokom,,,ADHB,
DI Yogyakarta,2026,K,Jasa Keuangan dan Asuransi,Keuangan,,,ADHB,
DI Yogyakarta,2026,L,Real Estate,Real Estate,,,ADHB,
DI Yogyakarta,2026,MN,Jasa Perusahaan,Jasa Perusahaan,,,ADHB,
DI Yogyakarta,2026,O,"Administrasi Pemerintahan, Pertahanan dan Jaminan Sosial Wajib",Adm. Pemerintahan,,,ADHB,
DI Yogyakarta,2026,P,Jasa Pendidikan,Pendidikan,,,ADHB,
DI Yogyakarta,2026,Q,Jasa Kesehatan dan Kegiatan Sosial,Kesehatan,,,ADHB,
DI Yogyakarta,2026,RSTU,Jasa Lainnya,Jasa Lainnya,,,ADHB,
DKI Jakarta,2020,A,"Pertanian, Kehutanan dan Perikanan",Pertanian,2266.989497542911,,ADHB,0.0819214115961864
DKI Jakarta,2020,B,Pertambangan dan Penggalian,Pertambangan,4620.479079149661,,ADHB,0.16696864666768174
DKI Jakarta,2020,C,Industri Pengolahan,Industri Pengolahan,309419.0944348445,,ADHB,11.181370279125593
DKI Jakarta,2020,D,Pengadaan Listrik dan Gas,Listrik & Gas,9149.662292703284,,ADHB,0.3306381663695662
DKI Jakarta,2020,E,"Pengadaan Air, Pengelolaan Sampah, Limbah dan Daur Ulang",Air & Sampah,920.2918480707184,,ADHB,0.033256266672664334
DKI Jakarta,2020,F,Konstruksi,Konstruksi,306198.0770409872,,ADHB,11.06497349300609
DKI Jakarta,2020,G,"Perdagangan Besar dan Eceran, Reparasi Mobil dan Sepeda Motor",Perdagangan,458656.4405173998,,ADHB,16.57430838810336
DKI Jakarta,2020,H,Transportasi dan Pergudangan,Transportasi,95160.59406921113,,ADHB,3.4387853154727277
DKI Jakarta,2020,I,Penyediaan Akomodasi dan Makan Minum,Akomodasi,113816.99678550585,,ADHB,4.11296525652773
DKI Jakarta,2020,J,Informasi dan Komunikasi,Infokom,257464.62736902016,,ADHB,9.30390975918362
DKI Jakarta,2020,K,Jasa Keuangan dan Asuransi,Keuangan,312095.3753782171,,ADHB,11.278082113453316
DKI Jakarta,2020,L,Real Estate,Real Estate,174059.48104695557,,ADHB,6.28992697342496
DKI Jakarta,2020,MN,Jasa Perusahaan,Jasa Perusahaan,244223.47926872422,,ADHB,8.825418992152674
DKI Jakarta,2020,O,"Administrasi Pemerintahan, Pertahanan dan Jaminan Sosial Wajib",Adm. Pemerintahan,146129.75438291405,,ADHB,5.280640147749837
DKI Jakarta,2020,P,Jasa Pendidikan,Pendidikan,144771.5839833044,,ADHB,5.231560416041872
DKI Jakarta,2020,Q,Jasa Kesehatan dan Kegiatan Sosial,Kesehatan,58144.94059562271,,ADHB,2.101163510432034
DKI Jakarta,2020,RSTU,Jasa Lainnya,Jasa Lainnya,108811.67242035217,,ADHB,3.932089589510039
DKI Jakarta,2021,A,"Pertanian, Kehutanan dan Perikanan",Pertanian,2408.204551947214,,ADHB,0.08267419657332664
DKI Jakarta,2021,B,Pertambangan dan Penggalian,Pertambangan,6235.9689203582,,ADHB,0.21408219660160743
DKI Jakarta,2021,C,Industri Pengolahan,Industri Pengolahan,351320.96299445827,,ADHB,12.060926606690886
DKI Jakarta,2021,D,Pengadaan Listrik dan Gas,Listrik & Gas,7559.12988496545,,ADHB,0.2595066060844486
DKI Jakarta,2021,E,"Pengadaan Air, Pengelolaan Sampah, Limbah dan Daur Ulang",Air & Sampah,960.6340625377313,,ADHB,0.03297878050145741
DKI Jakarta,2021,F,Konstruksi,Konstruksi,319279.3824882978,,ADHB,10.960932038893706
DKI Jakarta,2021,G,"Perdagangan Besar dan Eceran, Reparasi Mobil dan Sepeda Motor",Perdagangan,489001.44847186684,,ADHB,16.787528220107244
DKI Jakarta,2021,H,Transportasi dan Pergudangan,Transportasi,109346.27483805065,,ADHB,3.75388187569548
DKI Jakarta,2021,I,Penyediaan Akomodasi dan Makan Minum,Akomodasi,125686.37271967265,,ADHB,4.314841061326248
DKI Jakarta,2021,J,Informasi dan Komunikasi,Infokom,271292.29505600827,,ADHB,9.31352468051517
DKI Jakarta,2021,K,Jasa Keuangan dan Asuransi,Keuangan,323869.7361174521,,ADHB,11.118519897437915
DKI Jakarta,2021,L,Real Estate,Real Estate,178672.5047963683,,ADHB,6.1338667314782915
DKI Jakarta,2021,MN,Jasa Perusahaan,Jasa Perusahaan,247289.715846502,,ADHB,8.489510810834112
DKI Jakarta,2021,O,"Administrasi Pemerintahan, Pertahanan dan Jaminan Sosial Wajib",Adm. Pemerintahan,141286.03529964914,,ADHB,4.850380938772178
DKI Jakarta,2021,P,Jasa Pendidikan,Pendidikan,146266.64254603186,,ADHB,5.0213662905808665
DKI Jakarta,2021,Q,Jasa Kesehatan dan Kegiatan Sosial,Kesehatan,62733.21490788126,,ADHB,2.1536451863182937
DKI Jakarta,2021,RSTU,Jasa Lainnya,Jasa Lainnya,106758.65045674454,,ADHB,3.6650481565726354
DKI Jakarta,2022,A,"Pertanian, Kehutanan dan Perikanan",Pertanian,2564.233153710281,,ADHB,0.08042026019874553
DKI Jakarta,2022,B,Pertambangan dan Penggalian,Pertambangan,7992.263675869013,,ADHB,0.25065580462539644
DKI Jakarta,2022,C,Industri Pengolahan,Industri Pengolahan,384344.54590640694,,ADHB,12.053930565182215
DKI Jakarta,2022,D,Pengadaan Listrik dan Gas,Listrik & Gas,7434.274381813399,,ADHB,0.2331559746465439
DKI Jakarta,2022,E,"Pengadaan Air, Pengelolaan Sampah, Limbah dan Daur Ulang",Air & Sampah,978.8954791455803,,ADHB,0.030700417794051242
DKI Jakarta,2022,F,Konstruksi,Konstruksi,344215.7233926168,,ADHB,10.795398226436507
DKI Jakarta,2022,G,"Perdagangan Besar dan Eceran, Reparasi Mobil dan Sepeda Motor",Perdagangan,553762.7025041345,,ADHB,17.367274328898503
DKI Jakarta,2022,H,Transportasi dan Pergudangan,Transportasi,125068.309537974,,ADHB,3.9224303691369857
DKI Jakarta,2022,I,Penyediaan Akomodasi dan Makan Minum,Akomodasi,142073.38036072522,,ADHB,4.455748573171977
DKI Jakarta,2022,J,Informasi dan Komunikasi,Infokom,294144.8188906964,,ADHB,9.225059288027346
DKI Jakarta,2022,K,Jasa Keuangan dan Asuransi,Keuangan,352606.5713858499,,ADHB,11.058554553671238
DKI Jakarta,2022,L,Real Estate,Real Estate,185964.19604430057,,ADHB,5.8322656860955995
DKI Jakarta,2022,MN,Jasa Perusahaan,Jasa Perusahaan,270782.31241442374,,ADHB,8.492357253113635
DKI Jakarta,2022,O,"Administrasi Pemerintahan, Pertahanan dan Jaminan Sosial Wajib",Adm. Pemerintahan,144892.74283365623,,ADHB,4.544170276689702
DKI Jakarta,2022,P,Jasa Pendidikan,Pendidikan,149028.25814253127,,ADHB,4.673869565818074
DKI Jakarta,2022,Q,Jasa Kesehatan dan Kegiatan Sosial,Kesehatan,70278.74094555543,,ADHB,2.2041032521180672
DKI Jakarta,2022,RSTU,Jasa Lainnya,Jasa Lainnya,127255.46809787914,,ADHB,3.9910247012198474
DKI Jakarta,2023,A,"Pertanian, Kehutanan dan Perikanan",Pertanian,2549.9566227742357,,ADHB,0.07405433109546734
DKI Jakarta,2023,B,Pertambangan dan Penggalian,Pertambangan,5976.551116553573,,ADHB,0.17356746041927812
DKI Jakarta,2023,C,Industri Pengolahan,Industri Pengolahan,401616.1909925607,,ADHB,11.663499729931187
DKI Jakarta,2023,D,Pengadaan Listrik dan Gas,Listrik & Gas,6830.590974016986,,ADHB,0.19836998051254673
DKI Jakarta,2023,E,"Pengadaan Air, Pengelolaan Sampah, Limbah dan Daur Ulang",Air & Sampah,1051.7521657754792,,ADHB,0.030544363939012782
DKI Jakarta,2023,F,Konstruksi,Konstruksi,364293.22914728033,,ADHB,10.579588360902932
DKI Jakarta,2023,G,"Perdagangan Besar dan Eceran, Reparasi Mobil dan Sepeda Motor",Perdagangan,606335.0213883265,,ADHB,17.608822843353853
DKI Jakarta,2023,H,Transportasi dan Pergudangan,Transportasi,149574.9735647971,,ADHB,4.343867859176501
DKI Jakarta,2023,I,Penyediaan Akomodasi dan Makan Minum,Akomodasi,159453.43449388654,,ADHB,4.630752275100621
DKI Jakarta,2023,J,Informasi dan Komunikasi,Infokom,320203.03772309545,,ADHB,9.299147115499755
DKI Jakarta,2023,K,Jasa Keuangan dan Asuransi,Keuangan,381916.1085779626,,ADHB,11.091381595564082
DKI Jakarta,2023,L,Real Estate,Real Estate,193547.49301526253,,ADHB,5.620891744760828
DKI Jakarta,2023,MN,Jasa Perusahaan,Jasa Perusahaan,301438.4126789912,,ADHB,8.754195980453948
DKI Jakarta,2023,O,"Administrasi Pemerintahan, Pertahanan dan Jaminan Sosial Wajib",Adm. Pemerintahan,147231.09991984532,,ADHB,4.275798467956678
DKI Jakarta,2023,P,Jasa Pendidikan,Pendidikan,149886.3063293409,,ADHB,4.35290940106803
DKI Jakarta,2023,Q,Jasa Kesehatan dan Kegiatan Sosial,Kesehatan,75813.23009093727,,ADHB,2.201722959688239
DKI Jakarta,2023,RSTU,Jasa Lainnya,Jasa Lainnya,148546.29263838005,,ADHB,4.313993516516663
DKI Jakarta,2024,A,"Pertanian, Kehutanan dan Perikanan",Pertanian,2799.101845759628,,ADHB,0.07606857094256012
DKI Jakarta,2024,B,Pertambangan dan Penggalian,Pertambangan,5689.746562861331,,ADHB,0.1546249168167539
DKI Jakarta,2024,C,Industri Pengolahan,Industri Pengolahan,415508.1970938558,,ADHB,11.291877362637228
DKI Jakarta,2024,D,Pengadaan Listrik dan Gas,Listrik & Gas,5588.758320071945,,ADHB,0.15188045386603044
DKI Jakarta,2024,E,"Pengadaan Air, Pengelolaan Sampah, Limbah dan Daur Ulang",Air & Sampah,1115.3488421320076,,ADHB,0.03031079153191583
DKI Jakarta,2024,F,Konstruksi,Konstruksi,392519.27023121156,,ADHB,10.667128814600812
DKI Jakarta,2024,G,"Perdagangan Besar dan Eceran, Reparasi Mobil dan Sepeda Motor",Perdagangan,660318.7392365659,,ADHB,17.944864327252496
DKI Jakarta,2024,H,Transportasi dan Pergudangan,Transportasi,164434.18634943198,,ADHB,4.468673974351008
DKI Jakarta,2024,I,Penyediaan Akomodasi dan Makan Minum,Akomodasi,176535.2166858384,,ADHB,4.797532349410666
DKI Jakarta,2024,J,Informasi dan Komunikasi,Infokom,341640.4989245266,,ADHB,9.284444068607751
DKI Jakarta,2024,K,Jasa Keuangan dan Asuransi,Keuangan,407781.6519472098,,ADHB,11.081900277123559
DKI Jakarta,2024,L,Real Estate,Real Estate,199809.3201463889,,ADHB,5.4300308749271275
DKI Jakarta,2024,MN,Jasa Perusahaan,Jasa Perusahaan,322089.20554376376,,ADHB,8.753116868132217
DKI Jakarta,2024,O,"Administrasi Pemerintahan, Pertahanan dan Jaminan Sosial Wajib",Adm. Pemerintahan,156113.75875066614,,ADHB,4.2425575013016354
DKI Jakarta,2024,P,Jasa Pendidikan,Pendidikan,159194.69029506925,,ADHB,4.326285094175626
DKI Jakarta,2024,Q,Jasa Kesehatan dan Kegiatan Sosial,Kesehatan,81174.50042071457,,ADHB,2.206003419752046
DKI Jakarta,2024,RSTU,Jasa Lainnya,Jasa Lainnya,158471.19033681572,,ADHB,4.306623212995875
DKI Jakarta,2025,A,"Pertanian, Kehutanan dan Perikanan",Pertanian,3068.8462081296757,,ADHB,0.07816419720874566
DKI Jakarta,2025,B,Pertambangan dan Penggalian,Pertambangan,4853.007712098061,,ADHB,0.12360718854503368
DKI Jakarta,2025,C,Industri Pengolahan,Industri Pengolahan,429212.294289095,,ADHB,10.932132840790883
DKI Jakarta,2025,D,Pengadaan Listrik dan Gas,Listrik & Gas,4900.4444483527595,,ADHB,0.12481541279482795
DKI Jakarta,2025,E,"Pengadaan Air, Pengelolaan Sampah, Limbah dan Daur Ulang",Air & Sampah,1118.3327337345975,,ADHB,0.028484184092724997
DKI Jakarta,2025,F,Konstruksi,Konstruksi,408166.0183367427,,ADHB,10.396079499410854
DKI Jakarta,2025,G,"Perdagangan Besar dan Eceran, Reparasi Mobil dan Sepeda Motor",Perdagangan,709123.6395724464,,ADHB,18.061537219457183
DKI Jakarta,2025,H,Transportasi dan Pergudangan,Transportasi,182116.23881283222,,ADHB,4.63854121062548
DKI Jakarta,2025,I,Penyediaan Akomodasi dan Makan Minum,Akomodasi,196095.99561499222,,ADHB,4.994608733566064
DKI Jakarta,2025,J,Informasi dan Komunikasi,Infokom,367611.202198696,,ADHB,9.363139289510066
DKI Jakarta,2025,K,Jasa Keuangan dan Asuransi,Keuangan,429890.66150923114,,ADHB,10.949411005149267
DKI Jakarta,2025,L,Real Estate,Real Estate,203989.91443278233,,ADHB,5.195668606031821
DKI Jakarta,2025,MN,Jasa Perusahaan,Jasa Perusahaan,350132.51707214245,,ADHB,8.917953281960296
DKI Jakarta,2025,O,"Administrasi Pemerintahan, Pertahanan dan Jaminan Sosial Wajib",Adm. Pemerintahan,166829.1565371626,,ADHB,4.249175816368724
DKI Jakarta,2025,P,Jasa Pendidikan,Pendidikan,177351.94065397314,,ADHB,4.517193474181794
DKI Jakarta,2025,Q,Jasa Kesehatan dan Kegiatan Sosial,Kesehatan,87220.09346381116,,ADHB,2.2215152287561253
DKI Jakarta,2025,RSTU,Jasa Lainnya,Jasa Lainnya,173835.49276232984,,ADHB,4.427628762288265
DKI Jakarta,2026,A,"Pertanian, Kehutanan dan Perikanan",Pertanian,,,ADHB,
DKI Jakarta,2026,B,Pertambangan dan Penggalian,Pertambangan,,,ADHB,
DKI Jakarta,2026,C,Industri Pengolahan,Industri Pengolahan,,,ADHB,
DKI Jakarta,2026,D,Pengadaan Listrik dan Gas,Listrik & Gas,,,ADHB,
DKI Jakarta,2026,E,"Pengadaan Air, Pengelolaan Sampah, Limbah dan Daur Ulang",Air & Sampah,,,ADHB,
DKI Jakarta,2026,F,Konstruksi,Konstruksi,,,ADHB,
DKI Jakarta,2026,G,"Perdagangan Besar dan Eceran, Reparasi Mobil dan Sepeda Motor",Perdagangan,,,ADHB,
DKI Jakarta,2026,H,Transportasi dan Pergudangan,Transportasi,,,ADHB,
DKI Jakarta,2026,I,Penyediaan Akomodasi dan Makan Minum,Akomodasi,,,ADHB,
DKI Jakarta,2026,J,Informasi dan Komunikasi,Infokom,,,ADHB,
DKI Jakarta,2026,K,Jasa Keuangan dan Asuransi,Keuangan,,,ADHB,
DKI Jakarta,2026,L,Real Estate,Real Estate,,,ADHB,
DKI Jakarta,2026,MN,Jasa Perusahaan,Jasa Perusahaan,,,ADHB,
DKI Jakarta,2026,O,"Administrasi Pemerintahan, Pertahanan dan Jaminan Sosial Wajib",Adm. Pemerintahan,,,ADHB,
DKI Jakarta,2026,P,Jasa Pendidikan,Pendidikan,,,ADHB,
DKI Jakarta,2026,Q,Jasa Kesehatan dan Kegiatan Sosial,Kesehatan,,,ADHB,
DKI Jakarta,2026,RSTU,Jasa Lainnya,Jasa Lainnya,,,ADHB,
Gorontalo,2020,A,"Pertanian, Kehutanan dan Perikanan",Pertanian,16402.50802689057,,ADHB,39.306377339817026
Gorontalo,2020,B,Pertambangan dan Penggalian,Pertambangan,465.9330049920462,,ADHB,1.1165450112426518
Gorontalo,2020,C,Industri Pengolahan,Industri Pengolahan,1768.2319425618898,,ADHB,4.2373271114826565
Gorontalo,2020,D,Pengadaan Listrik dan Gas,Listrik & Gas,21.28918393176375,,ADHB,0.05101663084125971
Gorontalo,2020,E,"Pengadaan Air, Pengelolaan Sampah, Limbah dan Daur Ulang",Air & Sampah,26.0394273852662,,ADHB,0.06239994254781453
Gorontalo,2020,F,Konstruksi,Konstruksi,4303.036678474078,,ADHB,10.311641555906517
Gorontalo,2020,G,"Perdagangan Besar dan Eceran, Reparasi Mobil dan Sepeda Motor",Perdagangan,5083.727497408125,,ADHB,12.182460815037196
Gorontalo,2020,H,Transportasi dan Pergudangan,Transportasi,2212.2401273432724,,ADHB,5.301332276081419
Gorontalo,2020,I,Penyediaan Akomodasi dan Makan Minum,Akomodasi,953.7463132564036,,ADHB,2.2855231903472633
Gorontalo,2020,J,Informasi dan Komunikasi,Infokom,1142.2112085790018,,ADHB,2.7371536531225025
Gorontalo,2020,K,Jasa Keuangan dan Asuransi,Keuangan,1867.967120206315,,ADHB,4.476328886096549
Gorontalo,2020,L,Real Estate,Real Estate,778.0514131476501,,ADHB,1.8644942825098512
Gorontalo,2020,MN,Jasa Perusahaan,Jasa Perusahaan,36.34794547599303,,ADHB,0.08710290268196975
Gorontalo,2020,O,"Administrasi Pemerintahan, Pertahanan dan Jaminan Sosial Wajib",Adm. Pemerintahan,2613.14911614013,,ADHB,6.262056085314699
Gorontalo,2020,P,Jasa Pendidikan,Pendidikan,1943.3007323230315,,ADHB,4.656855631114847
Gorontalo,2020,Q,Jasa Kesehatan dan Kegiatan Sosial,Kesehatan,1513.4151379488142,,ADHB,3.626693331683391
Gorontalo,2020,RSTU,Jasa Lainnya,Jasa Lainnya,576.635925154073,,ADHB,1.381829487578503
Gorontalo,2021,A,"Pertanian, Kehutanan dan Perikanan",Pertanian,17308.38380531938,,ADHB,39.432896543385894
Gorontalo,2021,B,Pertambangan dan Penggalian,Pertambangan,480.8902306755799,,ADHB,1.0955901445360403
Gorontalo,2021,C,Industri Pengolahan,Industri Pengolahan,1902.0385667309527,,ADHB,4.333327182193696
Gorontalo,2021,D,Pengadaan Listrik dan Gas,Listrik & Gas,21.84524470610086,,ADHB,0.04976901853747218
Gorontalo,2021,E,"Pengadaan Air, Pengelolaan Sampah, Limbah dan Daur Ulang",Air & Sampah,26.7356687592038,,ADHB,0.06091064723650921
Gorontalo,2021,F,Konstruksi,Konstruksi,4496.603687918639,,ADHB,10.244405833420982
Gorontalo,2021,G,"Perdagangan Besar dan Eceran, Reparasi Mobil dan Sepeda Motor",Perdagangan,5369.346404998325,,ADHB,12.232735515653943
Gorontalo,2021,H,Transportasi dan Pergudangan,Transportasi,2290.4698396695576,,ADHB,5.21827232625136
Gorontalo,2021,I,Penyediaan Akomodasi dan Makan Minum,Akomodasi,997.7735896154329,,ADHB,2.2731817814749533
Gorontalo,2021,J,Informasi dan Komunikasi,Infokom,1181.1059038414844,,ADHB,2.690859379871726
Gorontalo,2021,K,Jasa Keuangan dan Asuransi,Keuangan,2138.4388330581714,,ADHB,4.871907060578713
Gorontalo,2021,L,Real Estate,Real Estate,755.5679576744565,,ADHB,1.7213758050198518
Gorontalo,2021,MN,Jasa Perusahaan,Jasa Perusahaan,37.383896785804836,,ADHB,0.08517001650322815
Gorontalo,2021,O,"Administrasi Pemerintahan, Pertahanan dan Jaminan Sosial Wajib",Adm. Pemerintahan,2629.792934728235,,ADHB,5.991336562215328
Gorontalo,2021,P,Jasa Pendidikan,Pendidikan,2013.8069246199525,,ADHB,4.587963902931686
Gorontalo,2021,Q,Jasa Kesehatan dan Kegiatan Sosial,Kesehatan,1625.5683570356032,,ADHB,3.70345779063939
Gorontalo,2021,RSTU,Jasa Lainnya,Jasa Lainnya,595.926916885122,,ADHB,1.3576729477034106
Gorontalo,2022,A,"Pertanian, Kehutanan dan Perikanan",Pertanian,18312.452530023,,ADHB,38.49880352245887
Gorontalo,2022,B,Pertambangan dan Penggalian,Pertambangan,516.7756304193073,,ADHB,1.0864324933042018
Gorontalo,2022,C,Industri Pengolahan,Industri Pengolahan,2132.545528763164,,ADHB,4.483312717395373
Gorontalo,2022,D,Pengadaan Listrik dan Gas,Listrik & Gas,23.781527759596166,,ADHB,0.04999660002828929
Gorontalo,2022,E,"Pengadaan Air, Pengelolaan Sampah, Limbah dan Daur Ulang",Air & Sampah,27.61094362929678,,ADHB,0.05804729279768673
Gorontalo,2022,F,Konstruksi,Konstruksi,5076.121209019231,,ADHB,10.671677797489002
Gorontalo,2022,G,"Perdagangan Besar dan Eceran, Reparasi Mobil dan Sepeda Motor",Perdagangan,6199.958682342822,,ADHB,13.034354124197664
Gorontalo,2022,H,Transportasi dan Pergudangan,Transportasi,2628.6444157947153,,ADHB,5.526275889489626
Gorontalo,2022,I,Penyediaan Akomodasi dan Makan Minum,Akomodasi,1064.2595237937244,,ADHB,2.2374238642402515
Gorontalo,2022,J,Informasi dan Komunikasi,Infokom,1282.9363858213314,,ADHB,2.6971546147940724
Gorontalo,2022,K,Jasa Keuangan dan Asuransi,Keuangan,2190.0076807253536,,ADHB,4.604117076873882
Gorontalo,2022,L,Real Estate,Real Estate,819.7521801847818,,ADHB,1.7233889382265923
Gorontalo,2022,MN,Jasa Perusahaan,Jasa Perusahaan,42.63338082687043,,ADHB,0.08962940104614092
Gorontalo,2022,O,"Administrasi Pemerintahan, Pertahanan dan Jaminan Sosial Wajib",Adm. Pemerintahan,2786.825474023649,,ADHB,5.858824545752147
Gorontalo,2022,P,Jasa Pendidikan,Pendidikan,2119.3766266439297,,ADHB,4.455627350049646
Gorontalo,2022,Q,Jasa Kesehatan dan Kegiatan Sosial,Kesehatan,1694.3451060395755,,ADHB,3.5620711769607754
Gorontalo,2022,RSTU,Jasa Lainnya,Jasa Lainnya,611.5760392924594,,ADHB,1.2857341602476446
Gorontalo,2023,A,"Pertanian, Kehutanan dan Perikanan",Pertanian,19643.635182859547,,ADHB,38.24194217319176
Gorontalo,2023,B,Pertambangan dan Penggalian,Pertambangan,559.3982502480329,,ADHB,1.0890283462623238
Gorontalo,2023,C,Industri Pengolahan,Industri Pengolahan,2233.9811671292123,,ADHB,4.349081919618423
Gorontalo,2023,D,Pengadaan Listrik dan Gas,Listrik & Gas,25.459639739292093,,ADHB,0.04956445492888508
Gorontalo,2023,E,"Pengadaan Air, Pengelolaan Sampah, Limbah dan Daur Ulang",Air & Sampah,29.03326529319788,,ADHB,0.05652153698161801
Gorontalo,2023,F,Konstruksi,Konstruksi,5591.86627425431,,ADHB,10.886163620410157
Gorontalo,2023,G,"Perdagangan Besar dan Eceran, Reparasi Mobil dan Sepeda Motor",Perdagangan,7051.682139107177,,ADHB,13.728111832517229
Gorontalo,2023,H,Transportasi dan Pergudangan,Transportasi,2994.547100733584,,ADHB,5.829740574752537
Gorontalo,2023,I,Penyediaan Akomodasi dan Makan Minum,Akomodasi,1143.3444584395372,,ADHB,2.225846298644156
Gorontalo,2023,J,Informasi dan Komunikasi,Infokom,1367.3894481686457,,ADHB,2.6620138135494424
Gorontalo,2023,K,Jasa Keuangan dan Asuransi,Keuangan,2068.38831778458,,ADHB,4.026708178201298
Gorontalo,2023,L,Real Estate,Real Estate,819.2927226317977,,ADHB,1.5949871105904494
Gorontalo,2023,MN,Jasa Perusahaan,Jasa Perusahaan,42.16521052339778,,ADHB,0.08208661622688028
Gorontalo,2023,O,"Administrasi Pemerintahan, Pertahanan dan Jaminan Sosial Wajib",Adm. Pemerintahan,2967.839429349235,,ADHB,5.777746470038554
Gorontalo,2023,P,Jasa Pendidikan,Pendidikan,2244.9925981732163,,ADHB,4.370518812805908
Gorontalo,2023,Q,Jasa Kesehatan dan Kegiatan Sosial,Kesehatan,1877.690377348093,,ADHB,3.655460211985643
Gorontalo,2023,RSTU,Jasa Lainnya,Jasa Lainnya,660.2500693545966,,ADHB,1.2853651952432956
Gorontalo,2024,A,"Pertanian, Kehutanan dan Perikanan",Pertanian,20613.608430913213,,ADHB,37.78178274771413
Gorontalo,2024,B,Pertambangan dan Penggalian,Pertambangan,603.3543818808794,,ADHB,1.105861899555586
Gorontalo,2024,C,Industri Pengolahan,Industri Pengolahan,2354.731329953144,,ADHB,4.315884229376735
Gorontalo,2024,D,Pengadaan Listrik dan Gas,Listrik & Gas,25.88661497672952,,ADHB,0.047446446186384106
Gorontalo,2024,E,"Pengadaan Air, Pengelolaan Sampah, Limbah dan Daur Ulang",Air & Sampah,30.823600254751703,,ADHB,0.056495230916532094
Gorontalo,2024,F,Konstruksi,Konstruksi,6050.9888322799625,,ADHB,11.090593198966566
Gorontalo,2024,G,"Perdagangan Besar dan Eceran, Reparasi Mobil dan Sepeda Motor",Perdagangan,7735.4531061526395,,ADHB,14.177974210158311
Gorontalo,2024,H,Transportasi dan Pergudangan,Transportasi,3246.9467668943394,,ADHB,5.951186942904398
Gorontalo,2024,I,Penyediaan Akomodasi dan Makan Minum,Akomodasi,1236.3337844961302,,ADHB,2.2660222059638033
Gorontalo,2024,J,Informasi dan Komunikasi,Infokom,1461.3791426449502,,ADHB,2.6784980157404785
Gorontalo,2024,K,Jasa Keuangan dan Asuransi,Keuangan,2121.0860456893424,,ADHB,3.887645990561418
Gorontalo,2024,L,Real Estate,Real Estate,861.8225109058352,,ADHB,1.579596846581375
Gorontalo,2024,MN,Jasa Perusahaan,Jasa Perusahaan,42.812680092030156,,ADHB,0.07846949181680996
Gorontalo,2024,O,"Administrasi Pemerintahan, Pertahanan dan Jaminan Sosial Wajib",Adm. Pemerintahan,3121.531273874277,,ADHB,5.721318362332377
Gorontalo,2024,P,Jasa Pendidikan,Pendidikan,2271.973739408834,,ADHB,4.1642014554874045
Gorontalo,2024,Q,Jasa Kesehatan dan Kegiatan Sosial,Kesehatan,2031.1413219450392,,ADHB,3.722790234074154
Gorontalo,2024,RSTU,Jasa Lainnya,Jasa Lainnya,693.7909911915025,,ADHB,1.271619211617931
Gorontalo,2025,A,"Pertanian, Kehutanan dan Perikanan",Pertanian,22000.782645107167,,ADHB,37.303681768028476
Gorontalo,2025,B,Pertambangan dan Penggalian,Pertambangan,720.1461321283517,,ADHB,1.2210521131332126
Gorontalo,2025,C,Industri Pengolahan,Industri Pengolahan,2832.73142532361,,ADHB,4.803070569312964
Gorontalo,2025,D,Pengadaan Listrik dan Gas,Listrik & Gas,27.55479729974086,,ADHB,0.04672085562740926
Gorontalo,2025,E,"Pengadaan Air, Pengelolaan Sampah, Limbah dan Daur Ulang",Air & Sampah,32.534364773569806,,ADHB,0.05516401891766846
Gorontalo,2025,F,Konstruksi,Konstruksi,6468.747323456648,,ADHB,10.968159427986444
Gorontalo,2025,G,"Perdagangan Besar dan Eceran, Reparasi Mobil dan Sepeda Motor",Perdagangan,8627.584835517611,,ADHB,14.628601369433216
Gorontalo,2025,H,Transportasi dan Pergudangan,Transportasi,3595.355625455535,,ADHB,6.0961468625168065
Gorontalo,2025,I,Penyediaan Akomodasi dan Makan Minum,Akomodasi,1335.8500652690216,,ADHB,2.2650160464031486
Gorontalo,2025,J,Informasi dan Komunikasi,Infokom,1539.6673110009297,,ADHB,2.61060073746913
Gorontalo,2025,K,Jasa Keuangan dan Asuransi,Keuangan,2328.3304751460814,,ADHB,3.947827697619112
Gorontalo,2025,L,Real Estate,Real Estate,947.571273783386,,ADHB,1.6066654454950473
Gorontalo,2025,MN,Jasa Perusahaan,Jasa Perusahaan,45.57189656143276,,ADHB,0.07726995690634068
Gorontalo,2025,O,"Administrasi Pemerintahan, Pertahanan dan Jaminan Sosial Wajib",Adm. Pemerintahan,3174.2864121230723,,ADHB,5.382198082155507
Gorontalo,2025,P,Jasa Pendidikan,Pendidikan,2363.3244598275023,,ADHB,4.007162153552265
Gorontalo,2025,Q,Jasa Kesehatan dan Kegiatan Sosial,Kesehatan,2149.778244341788,,ADHB,3.645081395165358
Gorontalo,2025,RSTU,Jasa Lainnya,Jasa Lainnya,719.6016236464707,,ADHB,1.2201288654717208
Gorontalo,2026,A,"Pertanian, Kehutanan dan Perikanan",Pertanian,,,ADHB,
Gorontalo,2026,B,Pertambangan dan Penggalian,Pertambangan,,,ADHB,
Gorontalo,2026,C,Industri Pengolahan,Industri Pengolahan,,,ADHB,
Gorontalo,2026,D,Pengadaan Listrik dan Gas,Listrik & Gas,,,ADHB,
Gorontalo,2026,E,"Pengadaan Air, Pengelolaan Sampah, Limbah dan Daur Ulang",Air & Sampah,,,ADHB,
Gorontalo,2026,F,Konstruksi,Konstruksi,,,ADHB,
Gorontalo,2026,G,"Perdagangan Besar dan Eceran, Reparasi Mobil dan Sepeda Motor",Perdagangan,,,ADHB,
Gorontalo,2026,H,Transportasi dan Pergudangan,Transportasi,,,ADHB,
Gorontalo,2026,I,Penyediaan Akomodasi dan Makan Minum,Akomodasi,,,ADHB,
Gorontalo,2026,J,Informasi dan Komunikasi,Infokom,,,ADHB,
Gorontalo,2026,K,Jasa Keuangan dan Asuransi,Keuangan,,,ADHB,
Gorontalo,2026,L,Real Estate,Real Estate,,,ADHB,
Gorontalo,2026,MN,Jasa Perusahaan,Jasa Perusahaan,,,ADHB,
Gorontalo,2026,O,"Administrasi Pemerintahan, Pertahanan dan Jaminan Sosial Wajib",Adm. Pemerintahan,,,ADHB,
Gorontalo,2026,P,Jasa Pendidikan,Pendidikan,,,ADHB,
Gorontalo,2026,Q,Jasa Kesehatan dan Kegiatan Sosial,Kesehatan,,,ADHB,
Gorontalo,2026,RSTU,Jasa Lainnya,Jasa Lainnya,,,ADHB,
Jambi,2020,A,"Pertanian, Kehutanan dan Perikanan",Pertanian,64404.57209195387,,ADHB,31.404302714013845
Jambi,2020,B,Pertambangan dan Penggalian,Pertambangan,25065.334722994696,,ADHB,12.222103706319762
Jambi,2020,C,Industri Pengolahan,Industri Pengolahan,21618.336571018433,,ADHB,10.541313509239442
Jambi,2020,D,Pengadaan Listrik dan Gas,Listrik & Gas,152.0329734977774,,ADHB,0.07413277298728187
Jambi,2020,E,"Pengadaan Air, Pengelolaan Sampah, Limbah dan Daur Ulang",Air & Sampah,309.85725031825746,,ADHB,0.1510894424270572
Jambi,2020,F,Konstruksi,Konstruksi,16056.936062836754,,ADHB,7.829519929997149
Jambi,2020,G,"Perdagangan Besar dan Eceran, Reparasi Mobil dan Sepeda Motor",Perdagangan,25793.854313330117,,ADHB,12.577337022912843
Jambi,2020,H,Transportasi dan Pergudangan,Transportasi,5559.037636349366,,ADHB,2.7106414197001034
Jambi,2020,I,Penyediaan Akomodasi dan Makan Minum,Akomodasi,2407.3090179013298,,ADHB,1.1738275508827345
Jambi,2020,J,Informasi dan Komunikasi,Infokom,9114.566328386198,,ADHB,4.444352175415784
Jambi,2020,K,Jasa Keuangan dan Asuransi,Keuangan,5389.7437884683495,,ADHB,2.628092074618128
Jambi,2020,L,Real Estate,Real Estate,3563.66265122804,,ADHB,1.7376769542076047
Jambi,2020,MN,Jasa Perusahaan,Jasa Perusahaan,2572.904610761057,,ADHB,1.2545735904472637
Jambi,2020,O,"Administrasi Pemerintahan, Pertahanan dan Jaminan Sosial Wajib",Adm. Pemerintahan,9892.025893583266,,ADHB,4.823449105032751
Jambi,2020,P,Jasa Pendidikan,Pendidikan,7948.650194952579,,ADHB,3.875840003000058
Jambi,2020,Q,Jasa Kesehatan dan Kegiatan Sosial,Kesehatan,2777.6085992031813,,ADHB,1.3543892682942342
Jambi,2020,RSTU,Jasa Lainnya,Jasa Lainnya,2069.85196462402,,ADHB,1.0092801731132035
Jambi,2021,A,"Pertanian, Kehutanan dan Perikanan",Pertanian,74201.90984041596,,ADHB,31.943080205036562
Jambi,2021,B,Pertambangan dan Penggalian,Pertambangan,32821.576761114964,,ADHB,14.12931636383582
Jambi,2021,C,Industri Pengolahan,Industri Pengolahan,23387.472346871335,,ADHB,10.068041463836773
Jambi,2021,D,Pengadaan Listrik dan Gas,Listrik & Gas,164.4549740102011,,ADHB,0.07079600021378114
Jambi,2021,E,"Pengadaan Air, Pengelolaan Sampah, Limbah dan Daur Ulang",Air & Sampah,329.3122235671424,,ADHB,0.14176517548574719
Jambi,2021,F,Konstruksi,Konstruksi,18066.35528569125,,ADHB,7.777360948588312
Jambi,2021,G,"Perdagangan Besar dan Eceran, Reparasi Mobil dan Sepeda Motor",Perdagangan,28955.85646561582,,ADHB,12.46516764158678
Jambi,2021,H,Transportasi dan Pergudangan,Transportasi,5969.167393605663,,ADHB,2.5696588298240743
Jambi,2021,I,Penyediaan Akomodasi dan Makan Minum,Akomodasi,2540.2116609806185,,ADHB,1.0935322958530762
Jambi,2021,J,Informasi dan Komunikasi,Infokom,9489.697135091934,,ADHB,4.085206935504506
Jambi,2021,K,Jasa Keuangan dan Asuransi,Keuangan,5970.427794571141,,ADHB,2.5702014181377355
Jambi,2021,L,Real Estate,Real Estate,3749.123691310785,,ADHB,1.6139552071867778
Jambi,2021,MN,Jasa Perusahaan,Jasa Perusahaan,2754.704104562742,,ADHB,1.1858688589341815
Jambi,2021,O,"Administrasi Pemerintahan, Pertahanan dan Jaminan Sosial Wajib",Adm. Pemerintahan,9942.007062067378,,ADHB,4.279921226632377
Jambi,2021,P,Jasa Pendidikan,Pendidikan,8183.10872883324,,ADHB,3.52273545268346
Jambi,2021,Q,Jasa Kesehatan dan Kegiatan Sosial,Kesehatan,3281.87243739552,,ADHB,1.412808844353005
Jambi,2021,RSTU,Jasa Lainnya,Jasa Lainnya,2088.0017711446417,,ADHB,0.8988610695786073
Jambi,2022,A,"Pertanian, Kehutanan dan Perikanan",Pertanian,84682.23115472266,,ADHB,30.57817484835989
Jambi,2022,B,Pertambangan dan Penggalian,Pertambangan,52990.723863667714,,ADHB,19.13458818395838
Jambi,2022,C,Industri Pengolahan,Industri Pengolahan,26568.759221452958,,ADHB,9.593797351574086
Jambi,2022,D,Pengadaan Listrik dan Gas,Listrik & Gas,189.73587992917055,,ADHB,0.06851232935609816
Jambi,2022,E,"Pengadaan Air, Pengelolaan Sampah, Limbah dan Daur Ulang",Air & Sampah,349.87123670898546,,ADHB,0.1263361121290275
Jambi,2022,F,Konstruksi,Konstruksi,18981.939955730984,,ADHB,6.8542487722944285
Jambi,2022,G,"Perdagangan Besar dan Eceran, Reparasi Mobil dan Sepeda Motor",Perdagangan,33705.71235497504,,ADHB,12.170902345449974
Jambi,2022,H,Transportasi dan Pergudangan,Transportasi,7794.809718206299,,ADHB,2.8146525100114164
Jambi,2022,I,Penyediaan Akomodasi dan Makan Minum,Akomodasi,2869.6745342737595,,ADHB,1.036219859471842
Jambi,2022,J,Informasi dan Komunikasi,Infokom,10151.794779093345,,ADHB,3.665743704988237
Jambi,2022,K,Jasa Keuangan dan Asuransi,Keuangan,6418.852991246227,,ADHB,2.317803940871943
Jambi,2022,L,Real Estate,Real Estate,4146.454592565178,,ADHB,1.497256411449332
Jambi,2022,MN,Jasa Perusahaan,Jasa Perusahaan,3545.134953949149,,ADHB,1.2801240000966103
Jambi,2022,O,"Administrasi Pemerintahan, Pertahanan dan Jaminan Sosial Wajib",Adm. Pemerintahan,9865.250622700492,,ADHB,3.5622745687068913
Jambi,2022,P,Jasa Pendidikan,Pendidikan,8566.322755887197,,ADHB,3.093240594457277
Jambi,2022,Q,Jasa Kesehatan dan Kegiatan Sosial,Kesehatan,3254.3736163343465,,ADHB,1.1751320685013764
Jambi,2022,RSTU,Jasa Lainnya,Jasa Lainnya,2362.5907794727555,,ADHB,0.8531153816418052
Jambi,2023,A,"Pertanian, Kehutanan dan Perikanan",Pertanian,94733.52700920391,,ADHB,32.23680891675251
Jambi,2023,B,Pertambangan dan Penggalian,Pertambangan,44870.65203779629,,ADHB,15.269004347024847
Jambi,2023,C,Industri Pengolahan,Industri Pengolahan,28831.093245950153,,ADHB,9.810913550600413
Jambi,2023,D,Pengadaan Listrik dan Gas,Listrik & Gas,219.1574526856146,,ADHB,0.07457694385454461
Jambi,2023,E,"Pengadaan Air, Pengelolaan Sampah, Limbah dan Daur Ulang",Air & Sampah,379.590797070779,,ADHB,0.12917069994173871
Jambi,2023,F,Konstruksi,Konstruksi,21178.177262485988,,ADHB,7.206707859082916
Jambi,2023,G,"Perdagangan Besar dan Eceran, Reparasi Mobil dan Sepeda Motor",Perdagangan,38919.42610866946,,ADHB,13.243865632628147
Jambi,2023,H,Transportasi dan Pergudangan,Transportasi,9271.757530549257,,ADHB,3.1550802051921747
Jambi,2023,I,Penyediaan Akomodasi dan Makan Minum,Akomodasi,3154.368431808292,,ADHB,1.0733979362909258
Jambi,2023,J,Informasi dan Komunikasi,Infokom,10886.454621950692,,ADHB,3.704544404797948
Jambi,2023,K,Jasa Keuangan dan Asuransi,Keuangan,6663.350468543129,,ADHB,2.267467100416398
Jambi,2023,L,Real Estate,Real Estate,4362.599406621113,,ADHB,1.484546051345888
Jambi,2023,MN,Jasa Perusahaan,Jasa Perusahaan,4348.85387109795,,ADHB,1.479868592202246
Jambi,2023,O,"Administrasi Pemerintahan, Pertahanan dan Jaminan Sosial Wajib",Adm. Pemerintahan,10281.495225562498,,ADHB,3.498683174044178
Jambi,2023,P,Jasa Pendidikan,Pendidikan,9017.109374822661,,ADHB,3.068426153597915
Jambi,2023,Q,Jasa Kesehatan dan Kegiatan Sosial,Kesehatan,3517.5426792329663,,ADHB,1.1969822594691093
Jambi,2023,RSTU,Jasa Lainnya,Jasa Lainnya,2763.3750253748135,,ADHB,0.9403470499908559
Jambi,2024,A,"Pertanian, Kehutanan dan Perikanan",Pertanian,111039.39234477581,,ADHB,34.35897657613332
Jambi,2024,B,Pertambangan dan Penggalian,Pertambangan,43293.94350629416,,ADHB,13.39646732037602
Jambi,2024,C,Industri Pengolahan,Industri Pengolahan,30970.83996821669,,ADHB,9.583323022040979
Jambi,2024,D,Pengadaan Listrik dan Gas,Listrik & Gas,241.6282657628447,,ADHB,0.0747671591870693
Jambi,2024,E,"Pengadaan Air, Pengelolaan Sampah, Limbah dan Daur Ulang",Air & Sampah,398.90652204487634,,ADHB,0.12343385133493626
Jambi,2024,F,Konstruksi,Konstruksi,23425.98027281814,,ADHB,7.248713186105511
Jambi,2024,G,"Perdagangan Besar dan Eceran, Reparasi Mobil dan Sepeda Motor",Perdagangan,42866.598674760884,,ADHB,13.26423378823463
Jambi,2024,H,Transportasi dan Pergudangan,Transportasi,10246.496594093976,,ADHB,3.170578738136156
Jambi,2024,I,Penyediaan Akomodasi dan Makan Minum,Akomodasi,3513.4498344579674,,ADHB,1.0871685985882502
Jambi,2024,J,Informasi dan Komunikasi,Infokom,11475.012462547378,,ADHB,3.550719038404869
Jambi,2024,K,Jasa Keuangan dan Asuransi,Keuangan,6957.868329464514,,ADHB,2.152976794123628
Jambi,2024,L,Real Estate,Real Estate,4667.279693495524,,ADHB,1.4441987683537625
Jambi,2024,MN,Jasa Perusahaan,Jasa Perusahaan,4924.932448985893,,ADHB,1.5239243936812346
Jambi,2024,O,"Administrasi Pemerintahan, Pertahanan dan Jaminan Sosial Wajib",Adm. Pemerintahan,11844.592389058125,,ADHB,3.6650783461230114
Jambi,2024,P,Jasa Pendidikan,Pendidikan,9871.455637298555,,ADHB,3.0545296209938932
Jambi,2024,Q,Jasa Kesehatan dan Kegiatan Sosial,Kesehatan,3979.1328609837215,,ADHB,1.2312651382254653
Jambi,2024,RSTU,Jasa Lainnya,Jasa Lainnya,3065.6799492918262,,ADHB,0.9486149315423122
Jambi,2025,A,"Pertanian, Kehutanan dan Perikanan",Pertanian,122192.3216623448,,ADHB,34.94578063450963
Jambi,2025,B,Pertambangan dan Penggalian,Pertambangan,47967.69339654426,,ADHB,13.718280070093932
Jambi,2025,C,Industri Pengolahan,Industri Pengolahan,33568.40772520441,,ADHB,9.600228530368208
Jambi,2025,D,Pengadaan Listrik dan Gas,Listrik & Gas,256.09577555229424,,ADHB,0.07324082783699973
Jambi,2025,E,"Pengadaan Air, Pengelolaan Sampah, Limbah dan Daur Ulang",Air & Sampah,423.97121150662997,,ADHB,0.12125152179037225
Jambi,2025,F,Konstruksi,Konstruksi,22667.929218448644,,ADHB,6.48280081047522
Jambi,2025,G,"Perdagangan Besar dan Eceran, Reparasi Mobil dan Sepeda Motor",Perdagangan,47302.93660497363,,ADHB,13.52816628309412
Jambi,2025,H,Transportasi dan Pergudangan,Transportasi,11363.126743770667,,ADHB,3.2497404837534
Jambi,2025,I,Penyediaan Akomodasi dan Makan Minum,Akomodasi,3742.4668303974104,,ADHB,1.0703080447918123
Jambi,2025,J,Informasi dan Komunikasi,Infokom,12503.26291229627,,ADHB,3.575808013175293
Jambi,2025,K,Jasa Keuangan dan Asuransi,Keuangan,7728.32409656804,,ADHB,2.2102233174466965
Jambi,2025,L,Real Estate,Real Estate,4780.36618077562,,ADHB,1.3671368677946418
Jambi,2025,MN,Jasa Perusahaan,Jasa Perusahaan,5379.37639760353,,ADHB,1.538447792657353
Jambi,2025,O,"Administrasi Pemerintahan, Pertahanan dan Jaminan Sosial Wajib",Adm. Pemerintahan,11885.138083324728,,ADHB,3.3990305006105253
Jambi,2025,P,Jasa Pendidikan,Pendidikan,10251.057544113126,,ADHB,2.9316998264278507
Jambi,2025,Q,Jasa Kesehatan dan Kegiatan Sosial,Kesehatan,4037.3377090181716,,ADHB,1.1546381638991383
Jambi,2025,RSTU,Jasa Lainnya,Jasa Lainnya,3272.3833226240004,,ADHB,0.935868867934657
Jambi,2026,A,"Pertanian, Kehutanan dan Perikanan",Pertanian,,,ADHB,
Jambi,2026,B,Pertambangan dan Penggalian,Pertambangan,,,ADHB,
Jambi,2026,C,Industri Pengolahan,Industri Pengolahan,,,ADHB,
Jambi,2026,D,Pengadaan Listrik dan Gas,Listrik & Gas,,,ADHB,
Jambi,2026,E,"Pengadaan Air, Pengelolaan Sampah, Limbah dan Daur Ulang",Air & Sampah,,,ADHB,
Jambi,2026,F,Konstruksi,Konstruksi,,,ADHB,
Jambi,2026,G,"Perdagangan Besar dan Eceran, Reparasi Mobil dan Sepeda Motor",Perdagangan,,,ADHB,
Jambi,2026,H,Transportasi dan Pergudangan,Transportasi,,,ADHB,
Jambi,2026,I,Penyediaan Akomodasi dan Makan Minum,Akomodasi,,,ADHB,
Jambi,2026,J,Informasi dan Komunikasi,Infokom,,,ADHB,
Jambi,2026,K,Jasa Keuangan dan Asuransi,Keuangan,,,ADHB,
Jambi,2026,L,Real Estate,Real Estate,,,ADHB,
Jambi,2026,MN,Jasa Perusahaan,Jasa Perusahaan,,,ADHB,
Jambi,2026,O,"Administrasi Pemerintahan, Pertahanan dan Jaminan Sosial Wajib",Adm. Pemerintahan,,,ADHB,
Jambi,2026,P,Jasa Pendidikan,Pendidikan,,,ADHB,
Jambi,2026,Q,Jasa Kesehatan dan Kegiatan Sosial,Kesehatan,,,ADHB,
Jambi,2026,RSTU,Jasa Lainnya,Jasa Lainnya,,,ADHB,
Jawa Barat,2020,A,"Pertanian, Kehutanan dan Perikanan",Pertanian,194654.89610388747,,ADHB,9.348937049418922
Jawa Barat,2020,B,Pertambangan dan Penggalian,Pertambangan,23048.726521422755,,ADHB,1.1069903589943677
Jawa Barat,2020,C,Industri Pengolahan,Industri Pengolahan,841059.8388387873,,ADHB,40.39464532092606
Jawa Barat,2020,D,Pengadaan Listrik dan Gas,Listrik & Gas,9999.094773786648,,ADHB,0.4802391795036806
Jawa Barat,2020,E,"Pengadaan Air, Pengelolaan Sampah, Limbah dan Daur Ulang",Air & Sampah,2144.4930558651986,,ADHB,0.10299628205344363
Jawa Barat,2020,F,Konstruksi,Konstruksi,167501.426580949,,ADHB,8.044803003349083
Jawa Barat,2020,G,"Perdagangan Besar dan Eceran, Reparasi Mobil dan Sepeda Motor",Perdagangan,302874.1270987694,,ADHB,14.546519018113472
Jawa Barat,2020,H,Transportasi dan Pergudangan,Transportasi,107512.04320230063,,ADHB,5.163616965567005
Jawa Barat,2020,I,Penyediaan Akomodasi dan Makan Minum,Akomodasi,58745.490019004385,,ADHB,2.8214439971334033
Jawa Barat,2020,J,Informasi dan Komunikasi,Infokom,81530.17437978828,,ADHB,3.915752869108365
Jawa Barat,2020,K,Jasa Keuangan dan Asuransi,Keuangan,58326.11497743735,,ADHB,2.801302141253163
Jawa Barat,2020,L,Real Estate,Real Estate,23533.475793084715,,ADHB,1.130272025760667
Jawa Barat,2020,MN,Jasa Perusahaan,Jasa Perusahaan,8370.16782903021,,ADHB,0.4020046435662817
Jawa Barat,2020,O,"Administrasi Pemerintahan, Pertahanan dan Jaminan Sosial Wajib",Adm. Pemerintahan,45766.6533527752,,ADHB,2.1980929826153384
Jawa Barat,2020,P,Jasa Pendidikan,Pendidikan,75303.41725650181,,ADHB,3.616692524196427
Jawa Barat,2020,Q,Jasa Kesehatan dan Kegiatan Sosial,Kesehatan,16050.392695630442,,ADHB,0.7708725232876664
Jawa Barat,2020,RSTU,Jasa Lainnya,Jasa Lainnya,44705.11690381663,,ADHB,2.1471092281061233
Jawa Barat,2021,A,"Pertanian, Kehutanan dan Perikanan",Pertanian,191090.73837107528,,ADHB,8.667582231982989
Jawa Barat,2021,B,Pertambangan dan Penggalian,Pertambangan,25412.137356291743,,ADHB,1.1526554981350456
Jawa Barat,2021,C,Industri Pengolahan,Industri Pengolahan,905382.5988104617,,ADHB,41.06676332663114
Jawa Barat,2021,D,Pengadaan Listrik dan Gas,Listrik & Gas,11163.15835657797,,ADHB,0.5063437079634702
Jawa Barat,2021,E,"Pengadaan Air, Pengelolaan Sampah, Limbah dan Daur Ulang",Air & Sampah,2361.1036936025275,,ADHB,0.10709603509301421
Jawa Barat,2021,F,Konstruksi,Konstruksi,187412.85986197134,,ADHB,8.500759314825185
Jawa Barat,2021,G,"Perdagangan Besar dan Eceran, Reparasi Mobil dan Sepeda Motor",Perdagangan,318547.533179391,,ADHB,14.448826574033632
Jawa Barat,2021,H,Transportasi dan Pergudangan,Transportasi,108725.0075985841,,ADHB,4.931599260471265
Jawa Barat,2021,I,Penyediaan Akomodasi dan Makan Minum,Akomodasi,59469.962213862826,,ADHB,2.6974660949847507
Jawa Barat,2021,J,Informasi dan Komunikasi,Infokom,87156.32846028807,,ADHB,3.953277120633145
Jawa Barat,2021,K,Jasa Keuangan dan Asuransi,Keuangan,64695.18734723344,,ADHB,2.9344742771194925
Jawa Barat,2021,L,Real Estate,Real Estate,26361.327161416615,,ADHB,1.1957092890189531
Jawa Barat,2021,MN,Jasa Perusahaan,Jasa Perusahaan,9134.281530719281,,ADHB,0.4143169730384841
Jawa Barat,2021,O,"Administrasi Pemerintahan, Pertahanan dan Jaminan Sosial Wajib",Adm. Pemerintahan,45180.65969689366,,ADHB,2.0493252920380236
Jawa Barat,2021,P,Jasa Pendidikan,Pendidikan,77172.56974159041,,ADHB,3.5004291677901955
Jawa Barat,2021,Q,Jasa Kesehatan dan Kegiatan Sosial,Kesehatan,17607.293190282544,,ADHB,0.798639760934162
Jawa Barat,2021,RSTU,Jasa Lainnya,Jasa Lainnya,45019.022223481385,,ADHB,2.041993664641984
Jawa Barat,2022,A,"Pertanian, Kehutanan dan Perikanan",Pertanian,210466.53408000764,,ADHB,8.686976636019352
Jawa Barat,2022,B,Pertambangan dan Penggalian,Pertambangan,27799.242904635445,,ADHB,1.1474098467350315
Jawa Barat,2022,C,Industri Pengolahan,Industri Pengolahan,1005417.0499685719,,ADHB,41.498447535665186
Jawa Barat,2022,D,Pengadaan Listrik dan Gas,Listrik & Gas,12075.99169559245,,ADHB,0.498434861271088
Jawa Barat,2022,E,"Pengadaan Air, Pengelolaan Sampah, Limbah dan Daur Ulang",Air & Sampah,2472.2039242722844,,ADHB,0.10203986977551842
Jawa Barat,2022,F,Konstruksi,Konstruksi,197847.80401189337,,ADHB,8.166140324645152
Jawa Barat,2022,G,"Perdagangan Besar dan Eceran, Reparasi Mobil dan Sepeda Motor",Perdagangan,347862.55878533504,,ADHB,14.357978259695034
Jawa Barat,2022,H,Transportasi dan Pergudangan,Transportasi,128250.67886920841,,ADHB,5.293528758671492
Jawa Barat,2022,I,Penyediaan Akomodasi dan Makan Minum,Akomodasi,68899.09767678697,,ADHB,2.843800580350403
Jawa Barat,2022,J,Informasi dan Komunikasi,Infokom,92417.87594631652,,ADHB,3.8145348504242227
Jawa Barat,2022,K,Jasa Keuangan dan Asuransi,Keuangan,69816.6872130533,,ADHB,2.881673959592593
Jawa Barat,2022,L,Real Estate,Real Estate,28379.664262429127,,ADHB,1.171366656763003
Jawa Barat,2022,MN,Jasa Perusahaan,Jasa Perusahaan,10769.89923285782,,ADHB,0.44452607830066293
Jawa Barat,2022,O,"Administrasi Pemerintahan, Pertahanan dan Jaminan Sosial Wajib",Adm. Pemerintahan,44279.18912117905,,ADHB,1.82761731236255
Jawa Barat,2022,P,Jasa Pendidikan,Pendidikan,80161.26995800117,,ADHB,3.3086451595866504
Jawa Barat,2022,Q,Jasa Kesehatan dan Kegiatan Sosial,Kesehatan,18963.337465297398,,ADHB,0.7827090906498524
Jawa Barat,2022,RSTU,Jasa Lainnya,Jasa Lainnya,51754.28741207349,,ADHB,2.1361509445088522
Jawa Barat,2023,A,"Pertanian, Kehutanan dan Perikanan",Pertanian,224584.14868446958,,ADHB,8.55493927651751
Jawa Barat,2023,B,Pertambangan dan Penggalian,Pertambangan,25936.784686987616,,ADHB,0.9879932280395718
Jawa Barat,2023,C,Industri Pengolahan,Industri Pengolahan,1079774.6190536828,,ADHB,41.13115886601247
Jawa Barat,2023,D,Pengadaan Listrik dan Gas,Listrik & Gas,12135.202238402666,,ADHB,0.4622584401700174
Jawa Barat,2023,E,"Pengadaan Air, Pengelolaan Sampah, Limbah dan Daur Ulang",Air & Sampah,2561.9593836781833,,ADHB,0.09759106813483989
Jawa Barat,2023,F,Konstruksi,Konstruksi,216308.64866721162,,ADHB,8.239705986255661
Jawa Barat,2023,G,"Perdagangan Besar dan Eceran, Reparasi Mobil dan Sepeda Motor",Perdagangan,377601.74167599704,,ADHB,14.383739857276897
Jawa Barat,2023,H,Transportasi dan Pergudangan,Transportasi,152775.27997814512,,ADHB,5.819570307262621
Jawa Barat,2023,I,Penyediaan Akomodasi dan Makan Minum,Akomodasi,78621.5505289314,,ADHB,2.99488006852005
Jawa Barat,2023,J,Informasi dan Komunikasi,Infokom,99758.13989643611,,ADHB,3.8000225490151243
Jawa Barat,2023,K,Jasa Keuangan dan Asuransi,Keuangan,74052.80530952956,,ADHB,2.820845800514895
Jawa Barat,2023,L,Real Estate,Real Estate,30710.12286503286,,ADHB,1.1698209237993114
Jawa Barat,2023,MN,Jasa Perusahaan,Jasa Perusahaan,12044.388292824082,,ADHB,0.45879912305241766
Jawa Barat,2023,O,"Administrasi Pemerintahan, Pertahanan dan Jaminan Sosial Wajib",Adm. Pemerintahan,46013.0196495462,,ADHB,1.7527443113722105
Jawa Barat,2023,P,Jasa Pendidikan,Pendidikan,86113.97426487661,,ADHB,3.280284138533038
Jawa Barat,2023,Q,Jasa Kesehatan dan Kegiatan Sosial,Kesehatan,20765.876276952033,,ADHB,0.7910211455866878
Jawa Barat,2023,RSTU,Jasa Lainnya,Jasa Lainnya,58041.90037433877,,ADHB,2.210952714627113
Jawa Barat,2024,A,"Pertanian, Kehutanan dan Perikanan",Pertanian,240777.49388090393,,ADHB,8.527770709117757
Jawa Barat,2024,B,Pertambangan dan Penggalian,Pertambangan,27340.34566714723,,ADHB,0.9683305328893284
Jawa Barat,2024,C,Industri Pengolahan,Industri Pengolahan,1148013.9146336257,,ADHB,40.65994407149484
Jawa Barat,2024,D,Pengadaan Listrik dan Gas,Listrik & Gas,11974.490744962557,,ADHB,0.4241082078958882
Jawa Barat,2024,E,"Pengadaan Air, Pengelolaan Sampah, Limbah dan Daur Ulang",Air & Sampah,2856.6982498766524,,ADHB,0.10117751151665329
Jawa Barat,2024,F,Konstruksi,Konstruksi,233278.841509828,,ADHB,8.26218613550496
Jawa Barat,2024,G,"Perdagangan Besar dan Eceran, Reparasi Mobil dan Sepeda Motor",Perdagangan,406930.6320839114,,ADHB,14.412522819281559
Jawa Barat,2024,H,Transportasi dan Pergudangan,Transportasi,173644.24268154107,,ADHB,6.150069355232306
Jawa Barat,2024,I,Penyediaan Akomodasi dan Makan Minum,Akomodasi,85701.00207263889,,ADHB,3.035327278464762
Jawa Barat,2024,J,Informasi dan Komunikasi,Infokom,107870.30244227657,,ADHB,3.820511588204866
Jawa Barat,2024,K,Jasa Keuangan dan Asuransi,Keuangan,78480.61326440139,,ADHB,2.7795981436736765
Jawa Barat,2024,L,Real Estate,Real Estate,32826.25450737725,,ADHB,1.1626284797885673
Jawa Barat,2024,MN,Jasa Perusahaan,Jasa Perusahaan,13054.161909922565,,ADHB,0.4623476130313996
Jawa Barat,2024,O,"Administrasi Pemerintahan, Pertahanan dan Jaminan Sosial Wajib",Adm. Pemerintahan,50230.229210294856,,ADHB,1.7790361983902856
Jawa Barat,2024,P,Jasa Pendidikan,Pendidikan,92029.33004673543,,ADHB,3.2594617233638545
Jawa Barat,2024,Q,Jasa Kesehatan dan Kegiatan Sosial,Kesehatan,22677.09383462201,,ADHB,0.803169156110823
Jawa Barat,2024,RSTU,Jasa Lainnya,Jasa Lainnya,66327.59963651668,,ADHB,2.349167076496581
Jawa Barat,2025,A,"Pertanian, Kehutanan dan Perikanan",Pertanian,271254.35122687893,,ADHB,8.926751945180577
Jawa Barat,2025,B,Pertambangan dan Penggalian,Pertambangan,27466.8501600874,,ADHB,0.9039108754774049
Jawa Barat,2025,C,Industri Pengolahan,Industri Pengolahan,1206233.157161035,,ADHB,39.696115963951364
Jawa Barat,2025,D,Pengadaan Listrik dan Gas,Listrik & Gas,12462.920627620917,,ADHB,0.4101442076488317
Jawa Barat,2025,E,"Pengadaan Air, Pengelolaan Sampah, Limbah dan Daur Ulang",Air & Sampah,3027.8443258958564,,ADHB,0.09964380332939886
Jawa Barat,2025,F,Konstruksi,Konstruksi,248136.7184676719,,ADHB,8.16597014659252
Jawa Barat,2025,G,"Perdagangan Besar dan Eceran, Reparasi Mobil dan Sepeda Motor",Perdagangan,436598.3180482378,,ADHB,14.368082455716479
Jawa Barat,2025,H,Transportasi dan Pergudangan,Transportasi,197139.34786835566,,ADHB,6.48768968717318
Jawa Barat,2025,I,Penyediaan Akomodasi dan Makan Minum,Akomodasi,96335.69573963927,,ADHB,3.170326505158506
Jawa Barat,2025,J,Informasi dan Komunikasi,Infokom,117377.4069236709,,ADHB,3.862791475369718
Jawa Barat,2025,K,Jasa Keuangan dan Asuransi,Keuangan,83654.8508184884,,ADHB,2.753010592789098
Jawa Barat,2025,L,Real Estate,Real Estate,35860.12264718408,,ADHB,1.1801263948294
Jawa Barat,2025,MN,Jasa Perusahaan,Jasa Perusahaan,15599.544083481602,,ADHB,0.5133678404099671
Jawa Barat,2025,O,"Administrasi Pemerintahan, Pertahanan dan Jaminan Sosial Wajib",Adm. Pemerintahan,52524.43145876007,,ADHB,1.7285347445056178
Jawa Barat,2025,P,Jasa Pendidikan,Pendidikan,99336.36990049295,,ADHB,3.2690761612694583
Jawa Barat,2025,Q,Jasa Kesehatan dan Kegiatan Sosial,Kesehatan,25314.852418003644,,ADHB,0.8330904446040115
Jawa Barat,2025,RSTU,Jasa Lainnya,Jasa Lainnya,79155.49388998552,,ADHB,2.6049405506610706
Jawa Barat,2026,A,"Pertanian, Kehutanan dan Perikanan",Pertanian,,,ADHB,
Jawa Barat,2026,B,Pertambangan dan Penggalian,Pertambangan,,,ADHB,
Jawa Barat,2026,C,Industri Pengolahan,Industri Pengolahan,,,ADHB,
Jawa Barat,2026,D,Pengadaan Listrik dan Gas,Listrik & Gas,,,ADHB,
Jawa Barat,2026,E,"Pengadaan Air, Pengelolaan Sampah, Limbah dan Daur Ulang",Air & Sampah,,,ADHB,
Jawa Barat,2026,F,Konstruksi,Konstruksi,,,ADHB,
Jawa Barat,2026,G,"Perdagangan Besar dan Eceran, Reparasi Mobil dan Sepeda Motor",Perdagangan,,,ADHB,
Jawa Barat,2026,H,Transportasi dan Pergudangan,Transportasi,,,ADHB,
Jawa Barat,2026,I,Penyediaan Akomodasi dan Makan Minum,Akomodasi,,,ADHB,
Jawa Barat,2026,J,Informasi dan Komunikasi,Infokom,,,ADHB,
Jawa Barat,2026,K,Jasa Keuangan dan Asuransi,Keuangan,,,ADHB,
Jawa Barat,2026,L,Real Estate,Real Estate,,,ADHB,
Jawa Barat,2026,MN,Jasa Perusahaan,Jasa Perusahaan,,,ADHB,
Jawa Barat,2026,O,"Administrasi Pemerintahan, Pertahanan dan Jaminan Sosial Wajib",Adm. Pemerintahan,,,ADHB,
Jawa Barat,2026,P,Jasa Pendidikan,Pendidikan,,,ADHB,
Jawa Barat,2026,Q,Jasa Kesehatan dan Kegiatan Sosial,Kesehatan,,,ADHB,
Jawa Barat,2026,RSTU,Jasa Lainnya,Jasa Lainnya,,,ADHB,
Jawa Tengah,2020,A,"Pertanian, Kehutanan dan Perikanan",Pertanian,195156.47957509191,,ADHB,14.485839011169999
Jawa Tengah,2020,B,Pertambangan dan Penggalian,Pertambangan,32912.235660633916,,ADHB,2.4429696022169938
Jawa Tengah,2020,C,Industri Pengolahan,Industri Pengolahan,455865.5128018828,,ADHB,33.83743365103905
Jawa Tengah,2020,D,Pengadaan Listrik dan Gas,Listrik & Gas,1299.9608641766392,,ADHB,0.09649192197094568
Jawa Tengah,2020,E,"Pengadaan Air, Pengelolaan Sampah, Limbah dan Daur Ulang",Air & Sampah,850.8566904784558,,ADHB,0.06315636081714253
Jawa Tengah,2020,F,Konstruksi,Konstruksi,139092.09837271352,,ADHB,10.32435996560223
Jawa Tengah,2020,G,"Perdagangan Besar dan Eceran, Reparasi Mobil dan Sepeda Motor",Perdagangan,181269.84631272955,,ADHB,13.455078801292682
Jawa Tengah,2020,H,Transportasi dan Pergudangan,Transportasi,29782.38244689939,,ADHB,2.2106506452371097
Jawa Tengah,2020,I,Penyediaan Akomodasi dan Makan Minum,Akomodasi,39843.61705778616,,ADHB,2.957463793046726
Jawa Tengah,2020,J,Informasi dan Komunikasi,Infokom,57288.46450571621,,ADHB,4.252338819770601
Jawa Tengah,2020,K,Jasa Keuangan dan Asuransi,Keuangan,40227.986929268416,,ADHB,2.9859943347492552
Jawa Tengah,2020,L,Real Estate,Real Estate,22983.395231878505,,ADHB,1.7059836495512237
Jawa Tengah,2020,MN,Jasa Perusahaan,Jasa Perusahaan,5396.638932410297,,ADHB,0.4005751843162754
Jawa Tengah,2020,O,"Administrasi Pemerintahan, Pertahanan dan Jaminan Sosial Wajib",Adm. Pemerintahan,36247.930214693115,,ADHB,2.6905675011222434
Jawa Tengah,2020,P,Jasa Pendidikan,Pendidikan,63723.35889834582,,ADHB,4.729980374017053
Jawa Tengah,2020,Q,Jasa Kesehatan dan Kegiatan Sosial,Kesehatan,13519.91712976537,,ADHB,1.003540048542344
Jawa Tengah,2020,RSTU,Jasa Lainnya,Jasa Lainnya,20506.48298369943,,ADHB,1.5221304044525317
Jawa Tengah,2021,A,"Pertanian, Kehutanan dan Perikanan",Pertanian,199440.83712508163,,ADHB,14.047749379192782
Jawa Tengah,2021,B,Pertambangan dan Penggalian,Pertambangan,36451.0774413516,,ADHB,2.5674561332517536
Jawa Tengah,2021,C,Industri Pengolahan,Industri Pengolahan,478400.60158540757,,ADHB,33.69646783879098
Jawa Tengah,2021,D,Pengadaan Listrik dan Gas,Listrik & Gas,1368.118027659674,,ADHB,0.096364312598955
Jawa Tengah,2021,E,"Pengadaan Air, Pengelolaan Sampah, Limbah dan Daur Ulang",Air & Sampah,910.5842540569598,,ADHB,0.06413761381080114
Jawa Tengah,2021,F,Konstruksi,Konstruksi,154595.7203514533,,ADHB,10.889053445112488
Jawa Tengah,2021,G,"Perdagangan Besar dan Eceran, Reparasi Mobil dan Sepeda Motor",Perdagangan,194764.12615241262,,ADHB,13.7183420992696
Jawa Tengah,2021,H,Transportasi dan Pergudangan,Transportasi,31595.692411913966,,ADHB,2.225463826078236
Jawa Tengah,2021,I,Penyediaan Akomodasi dan Makan Minum,Akomodasi,42564.01222623792,,ADHB,2.9980248024735774
Jawa Tengah,2021,J,Informasi dan Komunikasi,Infokom,60761.67400531332,,ADHB,4.279789337985637
Jawa Tengah,2021,K,Jasa Keuangan dan Asuransi,Keuangan,42902.2143012817,,ADHB,3.0218462928875907
Jawa Tengah,2021,L,Real Estate,Real Estate,23713.782918007906,,ADHB,1.6702962345461605
Jawa Tengah,2021,MN,Jasa Perusahaan,Jasa Perusahaan,5628.014673028649,,ADHB,0.3964129952961543
Jawa Tengah,2021,O,"Administrasi Pemerintahan, Pertahanan dan Jaminan Sosial Wajib",Adm. Pemerintahan,35647.132110855964,,ADHB,2.510829703679098
Jawa Tengah,2021,P,Jasa Pendidikan,Pendidikan,64443.87710377581,,ADHB,4.539147787519457
Jawa Tengah,2021,Q,Jasa Kesehatan dan Kegiatan Sosial,Kesehatan,13660.559048281266,,ADHB,0.9621906559165068
Jawa Tengah,2021,RSTU,Jasa Lainnya,Jasa Lainnya,20802.87359122153,,ADHB,1.4652643800989988
Jawa Tengah,2022,A,"Pertanian, Kehutanan dan Perikanan",Pertanian,214290.36458416755,,ADHB,13.744135467685153
Jawa Tengah,2022,B,Pertambangan dan Penggalian,Pertambangan,37541.26314754283,,ADHB,2.407818043191507
Jawa Tengah,2022,C,Industri Pengolahan,Industri Pengolahan,519882.75747264613,,ADHB,33.34419193267673
Jawa Tengah,2022,D,Pengadaan Listrik dan Gas,Listrik & Gas,1427.8945609009136,,ADHB,0.0915821685061566
Jawa Tengah,2022,E,"Pengadaan Air, Pengelolaan Sampah, Limbah dan Daur Ulang",Air & Sampah,933.2419376259577,,ADHB,0.05985618457342347
Jawa Tengah,2022,F,Konstruksi,Konstruksi,168429.52121587397,,ADHB,10.802716962288262
Jawa Tengah,2022,G,"Perdagangan Besar dan Eceran, Reparasi Mobil dan Sepeda Motor",Perdagangan,211518.48841137448,,ADHB,13.566353131589715
Jawa Tengah,2022,H,Transportasi dan Pergudangan,Transportasi,58368.64421548029,,ADHB,3.743642672499096
Jawa Tengah,2022,I,Penyediaan Akomodasi dan Makan Minum,Akomodasi,50748.37831016139,,ADHB,3.2548947667977695
Jawa Tengah,2022,J,Informasi dan Komunikasi,Infokom,62440.24096669507,,ADHB,4.004786366136813
Jawa Tengah,2022,K,Jasa Keuangan dan Asuransi,Keuangan,46874.1044915299,,ADHB,3.006406953052591
Jawa Tengah,2022,L,Real Estate,Real Estate,25390.812974607048,,ADHB,1.628513600389107
Jawa Tengah,2022,MN,Jasa Perusahaan,Jasa Perusahaan,6235.331167335533,,ADHB,0.3999210903207857
Jawa Tengah,2022,O,"Administrasi Pemerintahan, Pertahanan dan Jaminan Sosial Wajib",Adm. Pemerintahan,37206.33179711949,,ADHB,2.3863362473976277
Jawa Tengah,2022,P,Jasa Pendidikan,Pendidikan,65841.89735344249,,ADHB,4.222961487004693
Jawa Tengah,2022,Q,Jasa Kesehatan dan Kegiatan Sosial,Kesehatan,14226.838766224595,,ADHB,0.912479661226692
Jawa Tengah,2022,RSTU,Jasa Lainnya,Jasa Lainnya,24226.270448908857,,ADHB,1.553822280216428
Jawa Tengah,2023,A,"Pertanian, Kehutanan dan Perikanan",Pertanian,227260.6993296107,,ADHB,13.404326816182827
Jawa Tengah,2023,B,Pertambangan dan Penggalian,Pertambangan,37918.43800491582,,ADHB,2.236511358437215
Jawa Tengah,2023,C,Industri Pengolahan,Industri Pengolahan,566083.2080429281,,ADHB,33.38881006766293
Jawa Tengah,2023,D,Pengadaan Listrik dan Gas,Listrik & Gas,1545.8986009405967,,ADHB,0.09118043785315254
Jawa Tengah,2023,E,"Pengadaan Air, Pengelolaan Sampah, Limbah dan Daur Ulang",Air & Sampah,980.4968343056368,,ADHB,0.05783182067130502
Jawa Tengah,2023,F,Konstruksi,Konstruksi,186215.91346410534,,ADHB,10.983416709576503
Jawa Tengah,2023,G,"Perdagangan Besar dan Eceran, Reparasi Mobil dan Sepeda Motor",Perdagangan,229973.5664869996,,ADHB,13.56433757956514
Jawa Tengah,2023,H,Transportasi dan Pergudangan,Transportasi,68496.46647387708,,ADHB,4.040069510821615
Jawa Tengah,2023,I,Penyediaan Akomodasi dan Makan Minum,Akomodasi,57117.91474589282,,ADHB,3.3689379579105214
Jawa Tengah,2023,J,Informasi dan Komunikasi,Infokom,69250.88266473061,,ADHB,4.084566606920725
Jawa Tengah,2023,K,Jasa Keuangan dan Asuransi,Keuangan,48916.67841520909,,ADHB,2.885211328548199
Jawa Tengah,2023,L,Real Estate,Real Estate,27423.42322438509,,ADHB,1.61749272268591
Jawa Tengah,2023,MN,Jasa Perusahaan,Jasa Perusahaan,6948.444189156948,,ADHB,0.409834243449108
Jawa Tengah,2023,O,"Administrasi Pemerintahan, Pertahanan dan Jaminan Sosial Wajib",Adm. Pemerintahan,39725.434389947266,,ADHB,2.343091907436989
Jawa Tengah,2023,P,Jasa Pendidikan,Pendidikan,70396.71112767642,,ADHB,4.152150044083055
Jawa Tengah,2023,Q,Jasa Kesehatan dan Kegiatan Sosial,Kesehatan,15376.523097876492,,ADHB,0.9069405379307717
Jawa Tengah,2023,RSTU,Jasa Lainnya,Jasa Lainnya,26815.550227920747,,ADHB,1.5816390606520594
Jawa Tengah,2024,A,"Pertanian, Kehutanan dan Perikanan",Pertanian,240491.0108179616,,ADHB,13.230432998193017
Jawa Tengah,2024,B,Pertambangan dan Penggalian,Pertambangan,39021.93892598701,,ADHB,2.146762769485153
Jawa Tengah,2024,C,Industri Pengolahan,Industri Pengolahan,603857.879067544,,ADHB,33.220789343687954
Jawa Tengah,2024,D,Pengadaan Listrik dan Gas,Listrik & Gas,1664.0515858305484,,ADHB,0.09154655276713397
Jawa Tengah,2024,E,"Pengadaan Air, Pengelolaan Sampah, Limbah dan Daur Ulang",Air & Sampah,1060.6242701405124,,ADHB,0.05834945054546451
Jawa Tengah,2024,F,Konstruksi,Konstruksi,202506.23519709654,,ADHB,11.14072899181892
Jawa Tengah,2024,G,"Perdagangan Besar dan Eceran, Reparasi Mobil dan Sepeda Motor",Perdagangan,244343.92040257953,,ADHB,13.442397935817937
Jawa Tengah,2024,H,Transportasi dan Pergudangan,Transportasi,73328.22979898256,,ADHB,4.034097690104102
Jawa Tengah,2024,I,Penyediaan Akomodasi dan Makan Minum,Akomodasi,64014.91812662909,,ADHB,3.521732817698822
Jawa Tengah,2024,J,Informasi dan Komunikasi,Infokom,76251.51881415606,,ADHB,4.194920247745903
Jawa Tengah,2024,K,Jasa Keuangan dan Asuransi,Keuangan,50509.98797460296,,ADHB,2.7787691912666217
Jawa Tengah,2024,L,Real Estate,Real Estate,29119.510781225392,,ADHB,1.6019880951924026
Jawa Tengah,2024,MN,Jasa Perusahaan,Jasa Perusahaan,7753.468006513299,,ADHB,0.4265512403765315
Jawa Tengah,2024,O,"Administrasi Pemerintahan, Pertahanan dan Jaminan Sosial Wajib",Adm. Pemerintahan,43707.13491192864,,ADHB,2.404515320670214
Jawa Tengah,2024,P,Jasa Pendidikan,Pendidikan,77808.82177182264,,ADHB,4.2805941046157185
Jawa Tengah,2024,Q,Jasa Kesehatan dan Kegiatan Sosial,Kesehatan,16761.590606639136,,ADHB,0.9221263643494059
Jawa Tengah,2024,RSTU,Jasa Lainnya,Jasa Lainnya,29359.79784619421,,ADHB,1.61520730826232
Jawa Tengah,2025,A,"Pertanian, Kehutanan dan Perikanan",Pertanian,257268.4373669924,,ADHB,13.239505444525202
Jawa Tengah,2025,B,Pertambangan dan Penggalian,Pertambangan,40360.18768248659,,ADHB,2.0770092516327354
Jawa Tengah,2025,C,Industri Pengolahan,Industri Pengolahan,637349.1367619408,,ADHB,32.799155048258456
Jawa Tengah,2025,D,Pengadaan Listrik dan Gas,Listrik & Gas,1740.4305050484247,,ADHB,0.08956574457105447
Jawa Tengah,2025,E,"Pengadaan Air, Pengelolaan Sampah, Limbah dan Daur Ulang",Air & Sampah,1117.9149889102348,,ADHB,0.057529954834997225
Jawa Tengah,2025,F,Konstruksi,Konstruksi,218020.17618518264,,ADHB,11.219717969144105
Jawa Tengah,2025,G,"Perdagangan Besar dan Eceran, Reparasi Mobil dan Sepeda Motor",Perdagangan,261229.67433628766,,ADHB,13.44335796121471
Jawa Tengah,2025,H,Transportasi dan Pergudangan,Transportasi,78999.65738970652,,ADHB,4.065467201616533
Jawa Tengah,2025,I,Penyediaan Akomodasi dan Makan Minum,Akomodasi,71813.91698118178,,ADHB,3.6956758263694516
Jawa Tengah,2025,J,Informasi dan Komunikasi,Infokom,83204.880800758,,ADHB,4.281875707906174
Jawa Tengah,2025,K,Jasa Keuangan dan Asuransi,Keuangan,54498.6215566935,,ADHB,2.804598979196564
Jawa Tengah,2025,L,Real Estate,Real Estate,31054.825900055243,,ADHB,1.598138274521639
Jawa Tengah,2025,MN,Jasa Perusahaan,Jasa Perusahaan,8527.82168845705,,ADHB,0.4388573383885794
Jawa Tengah,2025,O,"Administrasi Pemerintahan, Pertahanan dan Jaminan Sosial Wajib",Adm. Pemerintahan,45500.670416772235,,ADHB,2.341547917333802
Jawa Tengah,2025,P,Jasa Pendidikan,Pendidikan,84676.08099731884,,ADHB,4.357586367214796
Jawa Tengah,2025,Q,Jasa Kesehatan dan Kegiatan Sosial,Kesehatan,17925.77665638125,,ADHB,0.9224933305788859
Jawa Tengah,2025,RSTU,Jasa Lainnya,Jasa Lainnya,32696.792098427708,,ADHB,1.6826368653537056
Jawa Tengah,2026,A,"Pertanian, Kehutanan dan Perikanan",Pertanian,,,ADHB,
Jawa Tengah,2026,B,Pertambangan dan Penggalian,Pertambangan,,,ADHB,
Jawa Tengah,2026,C,Industri Pengolahan,Industri Pengolahan,,,ADHB,
Jawa Tengah,2026,D,Pengadaan Listrik dan Gas,Listrik & Gas,,,ADHB,
Jawa Tengah,2026,E,"Pengadaan Air, Pengelolaan Sampah, Limbah dan Daur Ulang",Air & Sampah,,,ADHB,
Jawa Tengah,2026,F,Konstruksi,Konstruksi,,,ADHB,
Jawa Tengah,2026,G,"Perdagangan Besar dan Eceran, Reparasi Mobil dan Sepeda Motor",Perdagangan,,,ADHB,
Jawa Tengah,2026,H,Transportasi dan Pergudangan,Transportasi,,,ADHB,
Jawa Tengah,2026,I,Penyediaan Akomodasi dan Makan Minum,Akomodasi,,,ADHB,
Jawa Tengah,2026,J,Informasi dan Komunikasi,Infokom,,,ADHB,
Jawa Tengah,2026,K,Jasa Keuangan dan Asuransi,Keuangan,,,ADHB,
Jawa Tengah,2026,L,Real Estate,Real Estate,,,ADHB,
Jawa Tengah,2026,MN,Jasa Perusahaan,Jasa Perusahaan,,,ADHB,
Jawa Tengah,2026,O,"Administrasi Pemerintahan, Pertahanan dan Jaminan Sosial Wajib",Adm. Pemerintahan,,,ADHB,
Jawa Tengah,2026,P,Jasa Pendidikan,Pendidikan,,,ADHB,
Jawa Tengah,2026,Q,Jasa Kesehatan dan Kegiatan Sosial,Kesehatan,,,ADHB,
Jawa Tengah,2026,RSTU,Jasa Lainnya,Jasa Lainnya,,,ADHB,
Jawa Timur,2020,A,"Pertanian, Kehutanan dan Perikanan",Pertanian,276863.46749740327,,ADHB,12.038548906525211
Jawa Timur,2020,B,Pertambangan dan Penggalian,Pertambangan,81124.51900584743,,ADHB,3.5274480176023513
Jawa Timur,2020,C,Industri Pengolahan,Industri Pengolahan,692869.7393921679,,ADHB,30.127290967350984
Jawa Timur,2020,D,Pengadaan Listrik dan Gas,Listrik & Gas,6701.713959907676,,ADHB,0.29140323926864053
Jawa Timur,2020,E,"Pengadaan Air, Pengelolaan Sampah, Limbah dan Daur Ulang",Air & Sampah,2113.93800585468,,ADHB,0.09191803562556562
Jawa Timur,2020,F,Konstruksi,Konstruksi,209131.79233841144,,ADHB,9.093447151884904
Jawa Timur,2020,G,"Perdagangan Besar dan Eceran, Reparasi Mobil dan Sepeda Motor",Perdagangan,410677.5574382252,,ADHB,17.85703944518704
Jawa Timur,2020,H,Transportasi dan Pergudangan,Transportasi,68023.32545122778,,ADHB,2.9577832627439995
Jawa Timur,2020,I,Penyediaan Akomodasi dan Makan Minum,Akomodasi,126735.25434258176,,ADHB,5.510689334982023
Jawa Timur,2020,J,Informasi dan Komunikasi,Infokom,118092.19545774066,,ADHB,5.134872734736225
Jawa Timur,2020,K,Jasa Keuangan dan Asuransi,Keuangan,62353.2603587834,,ADHB,2.711238073754003
Jawa Timur,2020,L,Real Estate,Real Estate,41054.569953482656,,ADHB,1.7851306013351036
Jawa Timur,2020,MN,Jasa Perusahaan,Jasa Perusahaan,18832.658471771665,,ADHB,0.8188797247308763
Jawa Timur,2020,O,"Administrasi Pemerintahan, Pertahanan dan Jaminan Sosial Wajib",Adm. Pemerintahan,57094.859836211835,,ADHB,2.482592841382675
Jawa Timur,2020,P,Jasa Pendidikan,Pendidikan,64887.0603093897,,ADHB,2.821412503412229
Jawa Timur,2020,Q,Jasa Kesehatan dan Kegiatan Sosial,Kesehatan,16263.483811895341,,ADHB,0.7071671355911897
Jawa Timur,2020,RSTU,Jasa Lainnya,Jasa Lainnya,27958.23386414606,,ADHB,1.2156770582841467
Jawa Timur,2021,A,"Pertanian, Kehutanan dan Perikanan",Pertanian,285513.0288999651,,ADHB,11.630844034849597
Jawa Timur,2021,B,Pertambangan dan Penggalian,Pertambangan,97388.5066447744,,ADHB,3.9672814089655826
Jawa Timur,2021,C,Industri Pengolahan,Industri Pengolahan,740627.779626832,,ADHB,30.170693876582295
Jawa Timur,2021,D,Pengadaan Listrik dan Gas,Listrik & Gas,7206.537705752298,,ADHB,0.29357019681310265
Jawa Timur,2021,E,"Pengadaan Air, Pengelolaan Sampah, Limbah dan Daur Ulang",Air & Sampah,2290.6739054760687,,ADHB,0.09331437879364397
Jawa Timur,2021,F,Konstruksi,Konstruksi,217832.37999613083,,ADHB,8.873761198347186
Jawa Timur,2021,G,"Perdagangan Besar dan Eceran, Reparasi Mobil dan Sepeda Motor",Perdagangan,451213.07523075596,,ADHB,18.380908656650174
Jawa Timur,2021,H,Transportasi dan Pergudangan,Transportasi,70402.57448973853,,ADHB,2.8679649636196682
Jawa Timur,2021,I,Penyediaan Akomodasi dan Makan Minum,Akomodasi,134928.55048727617,,ADHB,5.496536997321002
Jawa Timur,2021,J,Informasi dan Komunikasi,Infokom,128398.66124223148,,ADHB,5.230531191328287
Jawa Timur,2021,K,Jasa Keuangan dan Asuransi,Keuangan,65914.02835064966,,ADHB,2.6851166351629656
Jawa Timur,2021,L,Real Estate,Real Estate,42197.590475022356,,ADHB,1.7189884305889198
Jawa Timur,2021,MN,Jasa Perusahaan,Jasa Perusahaan,19740.73952231372,,ADHB,0.8041715763418538
Jawa Timur,2021,O,"Administrasi Pemerintahan, Pertahanan dan Jaminan Sosial Wajib",Adm. Pemerintahan,57092.2449471505,,ADHB,2.32574674135937
Jawa Timur,2021,P,Jasa Pendidikan,Pendidikan,65849.47083206594,,ADHB,2.682486778190003
Jawa Timur,2021,Q,Jasa Kesehatan dan Kegiatan Sosial,Kesehatan,17619.518188126516,,ADHB,0.7177601274619811
Jawa Timur,2021,RSTU,Jasa Lainnya,Jasa Lainnya,30200.017784908017,,ADHB,1.2302475234116788
Jawa Timur,2022,A,"Pertanian, Kehutanan dan Perikanan",Pertanian,307528.4224447244,,ADHB,11.258906127451363
Jawa Timur,2022,B,Pertambangan dan Penggalian,Pertambangan,119118.89752253373,,ADHB,4.361055393027178
Jawa Timur,2022,C,Industri Pengolahan,Industri Pengolahan,820713.3528966181,,ADHB,30.047091336638182
Jawa Timur,2022,D,Pengadaan Listrik dan Gas,Listrik & Gas,7986.313645193251,,ADHB,0.29238648877007967
Jawa Timur,2022,E,"Pengadaan Air, Pengelolaan Sampah, Limbah dan Daur Ulang",Air & Sampah,2430.0813211490595,,ADHB,0.08896757333643847
Jawa Timur,2022,F,Konstruksi,Konstruksi,241471.04923410167,,ADHB,8.840483276997265
Jawa Timur,2022,G,"Perdagangan Besar dan Eceran, Reparasi Mobil dan Sepeda Motor",Perdagangan,508232.7660751975,,ADHB,18.606881792085744
Jawa Timur,2022,H,Transportasi dan Pergudangan,Transportasi,94989.57615616542,,ADHB,3.4776581381543306
Jawa Timur,2022,I,Penyediaan Akomodasi dan Makan Minum,Akomodasi,152436.39448232236,,ADHB,5.5808404382268
Jawa Timur,2022,J,Informasi dan Komunikasi,Infokom,135341.6985277314,,ADHB,4.954987466654208
Jawa Timur,2022,K,Jasa Keuangan dan Asuransi,Keuangan,72520.57516405222,,ADHB,2.6550467810096605
Jawa Timur,2022,L,Real Estate,Real Estate,44695.501379273395,,ADHB,1.636344538004652
Jawa Timur,2022,MN,Jasa Perusahaan,Jasa Perusahaan,21313.333532748613,,ADHB,0.7803012794741259
Jawa Timur,2022,O,"Administrasi Pemerintahan, Pertahanan dan Jaminan Sosial Wajib",Adm. Pemerintahan,58112.857027131104,,ADHB,2.1275666062510816
Jawa Timur,2022,P,Jasa Pendidikan,Pendidikan,67557.5546848227,,ADHB,2.4733459117369754
Jawa Timur,2022,Q,Jasa Kesehatan dan Kegiatan Sosial,Kesehatan,18684.419437564968,,ADHB,0.6840542504043933
Jawa Timur,2022,RSTU,Jasa Lainnya,Jasa Lainnya,35279.879707254324,,ADHB,1.2916297318279524
Jawa Timur,2023,A,"Pertanian, Kehutanan dan Perikanan",Pertanian,330404.2682844587,,ADHB,11.186694185729822
Jawa Timur,2023,B,Pertambangan dan Penggalian,Pertambangan,112155.93578257528,,ADHB,3.7973303469367967
Jawa Timur,2023,C,Industri Pengolahan,Industri Pengolahan,885349.5858318745,,ADHB,29.97580847120551
Jawa Timur,2023,D,Pengadaan Listrik dan Gas,Listrik & Gas,10301.552116399298,,ADHB,0.34878578827953155
Jawa Timur,2023,E,"Pengadaan Air, Pengelolaan Sampah, Limbah dan Daur Ulang",Air & Sampah,2528.2215159582356,,ADHB,0.08559950232984734
Jawa Timur,2023,F,Konstruksi,Konstruksi,257480.18529819383,,ADHB,8.717660055578119
Jawa Timur,2023,G,"Perdagangan Besar dan Eceran, Reparasi Mobil dan Sepeda Motor",Perdagangan,556571.4960851633,,ADHB,18.84417278120165
Jawa Timur,2023,H,Transportasi dan Pergudangan,Transportasi,117385.29876649438,,ADHB,3.9743840054473885
Jawa Timur,2023,I,Penyediaan Akomodasi dan Makan Minum,Akomodasi,171272.55287673784,,ADHB,5.798876877074013
Jawa Timur,2023,J,Informasi dan Komunikasi,Infokom,145191.47335458908,,ADHB,4.91583422704145
Jawa Timur,2023,K,Jasa Keuangan dan Asuransi,Keuangan,76997.42447366993,,ADHB,2.6069476800287745
Jawa Timur,2023,L,Real Estate,Real Estate,46441.619868350586,,ADHB,1.5724015965491969
Jawa Timur,2023,MN,Jasa Perusahaan,Jasa Perusahaan,23723.862736766954,,ADHB,0.8032329567605847
Jawa Timur,2023,O,"Administrasi Pemerintahan, Pertahanan dan Jaminan Sosial Wajib",Adm. Pemerintahan,60023.108055514575,,ADHB,2.032238134756691
Jawa Timur,2023,P,Jasa Pendidikan,Pendidikan,72385.76205695407,,ADHB,2.4508078776845483
Jawa Timur,2023,Q,Jasa Kesehatan dan Kegiatan Sosial,Kesehatan,19950.15710907331,,ADHB,0.6754643567265455
Jawa Timur,2023,RSTU,Jasa Lainnya,Jasa Lainnya,40351.97164682007,,ADHB,1.366220748139922
Jawa Timur,2024,A,"Pertanian, Kehutanan dan Perikanan",Pertanian,342168.12977576,,ADHB,10.799754001985654
Jawa Timur,2024,B,Pertambangan dan Penggalian,Pertambangan,112795.6432884894,,ADHB,3.5601363598934093
Jawa Timur,2024,C,Industri Pengolahan,Industri Pengolahan,960330.2792012125,,ADHB,30.310627652049742
Jawa Timur,2024,D,Pengadaan Listrik dan Gas,Listrik & Gas,11103.113722606246,,ADHB,0.350444376391227
Jawa Timur,2024,E,"Pengadaan Air, Pengelolaan Sampah, Limbah dan Daur Ulang",Air & Sampah,2612.854628113021,,ADHB,0.08246877710400188
Jawa Timur,2024,F,Konstruksi,Konstruksi,277900.48756523756,,ADHB,8.771292945089053
Jawa Timur,2024,G,"Perdagangan Besar dan Eceran, Reparasi Mobil dan Sepeda Motor",Perdagangan,594146.7939332344,,ADHB,18.752883910469805
Jawa Timur,2024,H,Transportasi dan Pergudangan,Transportasi,130270.82181073108,,ADHB,4.111700379910925
Jawa Timur,2024,I,Penyediaan Akomodasi dan Makan Minum,Akomodasi,187617.01664023055,,ADHB,5.921701789201763
Jawa Timur,2024,J,Informasi dan Komunikasi,Infokom,156012.05937617604,,ADHB,4.924163637654025
Jawa Timur,2024,K,Jasa Keuangan dan Asuransi,Keuangan,80897.96543686677,,ADHB,2.5533591528581705
Jawa Timur,2024,L,Real Estate,Real Estate,48221.34867624933,,ADHB,1.5219965216771119
Jawa Timur,2024,MN,Jasa Perusahaan,Jasa Perusahaan,26084.925265741782,,ADHB,0.8233109735112116
Jawa Timur,2024,O,"Administrasi Pemerintahan, Pertahanan dan Jaminan Sosial Wajib",Adm. Pemerintahan,67812.02739553308,,ADHB,2.1403314643231592
Jawa Timur,2024,P,Jasa Pendidikan,Pendidikan,76947.73022403785,,ADHB,2.4286790180469824
Jawa Timur,2024,Q,Jasa Kesehatan dan Kegiatan Sosial,Kesehatan,21256.004652050287,,ADHB,0.6708971447973479
Jawa Timur,2024,RSTU,Jasa Lainnya,Jasa Lainnya,44786.27998065215,,ADHB,1.4135764390800465
Jawa Timur,2025,A,"Pertanian, Kehutanan dan Perikanan",Pertanian,370212.1710058107,,ADHB,10.87846081051409
Jawa Timur,2025,B,Pertambangan dan Penggalian,Pertambangan,112551.39169356148,,ADHB,3.307254595063035
Jawa Timur,2025,C,Industri Pengolahan,Industri Pengolahan,1046959.0160414155,,ADHB,30.76425768304135
Jawa Timur,2025,D,Pengadaan Listrik dan Gas,Listrik & Gas,11897.555764970342,,ADHB,0.3496024827560421
Jawa Timur,2025,E,"Pengadaan Air, Pengelolaan Sampah, Limbah dan Daur Ulang",Air & Sampah,2748.5122866720917,,ADHB,0.08076337176205244
Jawa Timur,2025,F,Konstruksi,Konstruksi,293019.8218110786,,ADHB,8.610210300799668
Jawa Timur,2025,G,"Perdagangan Besar dan Eceran, Reparasi Mobil dan Sepeda Motor",Perdagangan,629184.4442879814,,ADHB,18.488204483327106
Jawa Timur,2025,H,Transportasi dan Pergudangan,Transportasi,140200.71560784805,,ADHB,4.119713261188454
Jawa Timur,2025,I,Penyediaan Akomodasi dan Makan Minum,Akomodasi,206186.964286149,,ADHB,6.0586792825634435
Jawa Timur,2025,J,Informasi dan Komunikasi,Infokom,168154.5263566299,,ADHB,4.941119088849312
Jawa Timur,2025,K,Jasa Keuangan dan Asuransi,Keuangan,84211.48867652167,,ADHB,2.4745036795351965
Jawa Timur,2025,L,Real Estate,Real Estate,51132.112156479474,,ADHB,1.5024862006612487
Jawa Timur,2025,MN,Jasa Perusahaan,Jasa Perusahaan,29295.019620599393,,ADHB,0.8608164394490689
Jawa Timur,2025,O,"Administrasi Pemerintahan, Pertahanan dan Jaminan Sosial Wajib",Adm. Pemerintahan,70756.94926105581,,ADHB,2.0791501735793774
Jawa Timur,2025,P,Jasa Pendidikan,Pendidikan,82988.56228216807,,ADHB,2.4385687268323313
Jawa Timur,2025,Q,Jasa Kesehatan dan Kegiatan Sosial,Kesehatan,23479.72681047666,,ADHB,0.6899375762158243
Jawa Timur,2025,RSTU,Jasa Lainnya,Jasa Lainnya,50708.2671248462,,ADHB,1.4900317706682344
Jawa Timur,2026,A,"Pertanian, Kehutanan dan Perikanan",Pertanian,,,ADHB,
Jawa Timur,2026,B,Pertambangan dan Penggalian,Pertambangan,,,ADHB,
Jawa Timur,2026,C,Industri Pengolahan,Industri Pengolahan,,,ADHB,
Jawa Timur,2026,D,Pengadaan Listrik dan Gas,Listrik & Gas,,,ADHB,
Jawa Timur,2026,E,"Pengadaan Air, Pengelolaan Sampah, Limbah dan Daur Ulang",Air & Sampah,,,ADHB,
Jawa Timur,2026,F,Konstruksi,Konstruksi,,,ADHB,
Jawa Timur,2026,G,"Perdagangan Besar dan Eceran, Reparasi Mobil dan Sepeda Motor",Perdagangan,,,ADHB,
Jawa Timur,2026,H,Transportasi dan Pergudangan,Transportasi,,,ADHB,
Jawa Timur,2026,I,Penyediaan Akomodasi dan Makan Minum,Akomodasi,,,ADHB,
Jawa Timur,2026,J,Informasi dan Komunikasi,Infokom,,,ADHB,
Jawa Timur,2026,K,Jasa Keuangan dan Asuransi,Keuangan,,,ADHB,
Jawa Timur,2026,L,Real Estate,Real Estate,,,ADHB,
Jawa Timur,2026,MN,Jasa Perusahaan,Jasa Perusahaan,,,ADHB,
Jawa Timur,2026,O,"Administrasi Pemerintahan, Pertahanan dan Jaminan Sosial Wajib",Adm. Pemerintahan,,,ADHB,
Jawa Timur,2026,P,Jasa Pendidikan,Pendidikan,,,ADHB,
Jawa Timur,2026,Q,Jasa Kesehatan dan Kegiatan Sosial,Kesehatan,,,ADHB,
Jawa Timur,2026,RSTU,Jasa Lainnya,Jasa Lainnya,,,ADHB,
Kalimantan Barat,2020,A,"Pertanian, Kehutanan dan Perikanan",Pertanian,45327.347381667685,,ADHB,21.185918780533747
Kalimantan Barat,2020,B,Pertambangan dan Penggalian,Pertambangan,14643.412540017649,,ADHB,6.84430408270781
Kalimantan Barat,2020,C,Industri Pengolahan,Industri Pengolahan,34145.36774166554,,ADHB,15.959482067529004
Kalimantan Barat,2020,D,Pengadaan Listrik dan Gas,Listrik & Gas,264.4664761374047,,ADHB,0.1236111444255196
Kalimantan Barat,2020,E,"Pengadaan Air, Pengelolaan Sampah, Limbah dan Daur Ulang",Air & Sampah,261.10046153194156,,ADHB,0.12203787539115574
Kalimantan Barat,2020,F,Konstruksi,Konstruksi,25635.803460124862,,ADHB,11.982127376807219
Kalimantan Barat,2020,G,"Perdagangan Besar dan Eceran, Reparasi Mobil dan Sepeda Motor",Perdagangan,28270.600340055928,,ADHB,13.21362659142924
Kalimantan Barat,2020,H,Transportasi dan Pergudangan,Transportasi,8196.990422598417,,ADHB,3.8312582440731777
Kalimantan Barat,2020,I,Penyediaan Akomodasi dan Makan Minum,Akomodasi,4244.90389299778,,ADHB,1.9840602705243435
Kalimantan Barat,2020,J,Informasi dan Komunikasi,Infokom,8801.692970547649,,ADHB,4.1138951025542365
Kalimantan Barat,2020,K,Jasa Keuangan dan Asuransi,Keuangan,7269.529185852169,,ADHB,3.39776456820574
Kalimantan Barat,2020,L,Real Estate,Real Estate,6146.433367873683,,ADHB,2.872831648966072
Kalimantan Barat,2020,MN,Jasa Perusahaan,Jasa Perusahaan,882.9990755602637,,ADHB,0.4127121435231415
Kalimantan Barat,2020,O,"Administrasi Pemerintahan, Pertahanan dan Jaminan Sosial Wajib",Adm. Pemerintahan,15666.12847039686,,ADHB,7.322319627145671
Kalimantan Barat,2020,P,Jasa Pendidikan,Pendidikan,7449.279560974132,,ADHB,3.4817795628631276
Kalimantan Barat,2020,Q,Jasa Kesehatan dan Kegiatan Sosial,Kesehatan,3899.2199803405047,,ADHB,1.8224882456796658
Kalimantan Barat,2020,RSTU,Jasa Lainnya,Jasa Lainnya,1714.3777332507525,,ADHB,0.8012969986965445
Kalimantan Barat,2021,A,"Pertanian, Kehutanan dan Perikanan",Pertanian,49871.68167456518,,ADHB,21.559498350503333
Kalimantan Barat,2021,B,Pertambangan dan Penggalian,Pertambangan,15988.3885650216,,ADHB,6.911770875185651
Kalimantan Barat,2021,C,Industri Pengolahan,Industri Pengolahan,37370.03861421565,,ADHB,16.1550454849075
Kalimantan Barat,2021,D,Pengadaan Listrik dan Gas,Listrik & Gas,275.0117715364406,,ADHB,0.11888742540303733
Kalimantan Barat,2021,E,"Pengadaan Air, Pengelolaan Sampah, Limbah dan Daur Ulang",Air & Sampah,282.86297762016255,,ADHB,0.1222814971272678
Kalimantan Barat,2021,F,Konstruksi,Konstruksi,29065.04012062323,,ADHB,12.564799571566748
Kalimantan Barat,2021,G,"Perdagangan Besar dan Eceran, Reparasi Mobil dan Sepeda Motor",Perdagangan,29503.680607303657,,ADHB,12.754423593286345
Kalimantan Barat,2021,H,Transportasi dan Pergudangan,Transportasi,7818.085569405873,,ADHB,3.37975374557428
Kalimantan Barat,2021,I,Penyediaan Akomodasi dan Makan Minum,Akomodasi,4686.056806542241,,ADHB,2.0257795726695482
Kalimantan Barat,2021,J,Informasi dan Komunikasi,Infokom,9486.894003681635,,ADHB,4.101178639983318
Kalimantan Barat,2021,K,Jasa Keuangan dan Asuransi,Keuangan,7928.085948166833,,ADHB,3.4273068439423495
Kalimantan Barat,2021,L,Real Estate,Real Estate,6286.458051249383,,ADHB,2.717632079680641
Kalimantan Barat,2021,MN,Jasa Perusahaan,Jasa Perusahaan,881.2260050492397,,ADHB,0.3809534782936588
Kalimantan Barat,2021,O,"Administrasi Pemerintahan, Pertahanan dan Jaminan Sosial Wajib",Adm. Pemerintahan,15756.973494554273,,ADHB,6.811730277746434
Kalimantan Barat,2021,P,Jasa Pendidikan,Pendidikan,7831.236330707197,,ADHB,3.3854388118696956
Kalimantan Barat,2021,Q,Jasa Kesehatan dan Kegiatan Sosial,Kesehatan,5415.941312038214,,ADHB,2.341308210644549
Kalimantan Barat,2021,RSTU,Jasa Lainnya,Jasa Lainnya,1639.0396626632405,,ADHB,0.7085558721317325
Kalimantan Barat,2022,A,"Pertanian, Kehutanan dan Perikanan",Pertanian,54690.56308048118,,ADHB,21.380431832770537
Kalimantan Barat,2022,B,Pertambangan dan Penggalian,Pertambangan,16695.935996075197,,ADHB,6.5270185813059465
Kalimantan Barat,2022,C,Industri Pengolahan,Industri Pengolahan,41365.54174414849,,ADHB,16.171220328905957
Kalimantan Barat,2022,D,Pengadaan Listrik dan Gas,Listrik & Gas,296.479689288527,,ADHB,0.11590416023521714
Kalimantan Barat,2022,E,"Pengadaan Air, Pengelolaan Sampah, Limbah dan Daur Ulang",Air & Sampah,303.93919863978783,,ADHB,0.11882034032566251
Kalimantan Barat,2022,F,Konstruksi,Konstruksi,31339.64321210132,,ADHB,12.251749984245853
Kalimantan Barat,2022,G,"Perdagangan Besar dan Eceran, Reparasi Mobil dan Sepeda Motor",Perdagangan,34937.51678135131,,ADHB,13.658283145681343
Kalimantan Barat,2022,H,Transportasi dan Pergudangan,Transportasi,10743.041519599894,,ADHB,4.199826331069624
Kalimantan Barat,2022,I,Penyediaan Akomodasi dan Makan Minum,Akomodasi,5278.150492563761,,ADHB,2.063411500139392
Kalimantan Barat,2022,J,Informasi dan Komunikasi,Infokom,10230.072971892703,,ADHB,3.9992891917743236
Kalimantan Barat,2022,K,Jasa Keuangan dan Asuransi,Keuangan,8534.95398172714,,ADHB,3.3366085760283064
Kalimantan Barat,2022,L,Real Estate,Real Estate,6428.740069559309,,ADHB,2.5132167431801107
Kalimantan Barat,2022,MN,Jasa Perusahaan,Jasa Perusahaan,1028.898872048855,,ADHB,0.4022321394695265
Kalimantan Barat,2022,O,"Administrasi Pemerintahan, Pertahanan dan Jaminan Sosial Wajib",Adm. Pemerintahan,16163.971531533998,,ADHB,6.319055281406431
Kalimantan Barat,2022,P,Jasa Pendidikan,Pendidikan,8521.011601171613,,ADHB,3.3311580174627395
Kalimantan Barat,2022,Q,Jasa Kesehatan dan Kegiatan Sosial,Kesehatan,5938.7455720619355,,ADHB,2.321660954354923
Kalimantan Barat,2022,RSTU,Jasa Lainnya,Jasa Lainnya,1919.0765899524376,,ADHB,0.7502333840111347
Kalimantan Barat,2023,A,"Pertanian, Kehutanan dan Perikanan",Pertanian,57852.252335429155,,ADHB,21.077914395676604
Kalimantan Barat,2023,B,Pertambangan dan Penggalian,Pertambangan,14612.512882168432,,ADHB,5.323929202449486
Kalimantan Barat,2023,C,Industri Pengolahan,Industri Pengolahan,42257.91993062225,,ADHB,15.396268647807428
Kalimantan Barat,2023,D,Pengadaan Listrik dan Gas,Listrik & Gas,361.0621763651088,,ADHB,0.13154954799019575
Kalimantan Barat,2023,E,"Pengadaan Air, Pengelolaan Sampah, Limbah dan Daur Ulang",Air & Sampah,326.5968822087857,,ADHB,0.11899244795480259
Kalimantan Barat,2023,F,Konstruksi,Konstruksi,34087.47313788697,,ADHB,12.419444563704511
Kalimantan Barat,2023,G,"Perdagangan Besar dan Eceran, Reparasi Mobil dan Sepeda Motor",Perdagangan,39303.66352862041,,ADHB,14.319913604908951
Kalimantan Barat,2023,H,Transportasi dan Pergudangan,Transportasi,12627.755058607574,,ADHB,4.600801686884369
Kalimantan Barat,2023,I,Penyediaan Akomodasi dan Makan Minum,Akomodasi,5845.105513602205,,ADHB,2.1296082464529107
Kalimantan Barat,2023,J,Informasi dan Komunikasi,Infokom,11294.365107710677,,ADHB,4.114993821045264
Kalimantan Barat,2023,K,Jasa Keuangan dan Asuransi,Keuangan,9096.047420167135,,ADHB,3.3140578131628526
Kalimantan Barat,2023,L,Real Estate,Real Estate,7353.578182677662,,ADHB,2.6792058248261648
Kalimantan Barat,2023,MN,Jasa Perusahaan,Jasa Perusahaan,1196.304619286328,,ADHB,0.4358621374025136
Kalimantan Barat,2023,O,"Administrasi Pemerintahan, Pertahanan dan Jaminan Sosial Wajib",Adm. Pemerintahan,17757.61219007303,,ADHB,6.469816031428088
Kalimantan Barat,2023,P,Jasa Pendidikan,Pendidikan,9457.68826170042,,ADHB,3.4458181922682805
Kalimantan Barat,2023,Q,Jasa Kesehatan dan Kegiatan Sosial,Kesehatan,7295.641142473211,,ADHB,2.6580970187819717
Kalimantan Barat,2023,RSTU,Jasa Lainnya,Jasa Lainnya,2253.592706852467,,ADHB,0.8210749320933081
Kalimantan Barat,2024,A,"Pertanian, Kehutanan dan Perikanan",Pertanian,66099.3857896682,,ADHB,22.020879115533397
Kalimantan Barat,2024,B,Pertambangan dan Penggalian,Pertambangan,15254.678428497602,,ADHB,5.082065825682568
Kalimantan Barat,2024,C,Industri Pengolahan,Industri Pengolahan,46023.318893793876,,ADHB,15.332577296267289
Kalimantan Barat,2024,D,Pengadaan Listrik dan Gas,Listrik & Gas,389.47092413972456,,ADHB,0.12975146496499698
Kalimantan Barat,2024,E,"Pengadaan Air, Pengelolaan Sampah, Limbah dan Daur Ulang",Air & Sampah,341.64564219117983,,ADHB,0.11381856725538135
Kalimantan Barat,2024,F,Konstruksi,Konstruksi,36024.2093669475,,ADHB,12.001393813650427
Kalimantan Barat,2024,G,"Perdagangan Besar dan Eceran, Reparasi Mobil dan Sepeda Motor",Perdagangan,43047.57869587815,,ADHB,14.341215358562593
Kalimantan Barat,2024,H,Transportasi dan Pergudangan,Transportasi,13634.664638452674,,ADHB,4.542361448555774
Kalimantan Barat,2024,I,Penyediaan Akomodasi dan Makan Minum,Akomodasi,6360.191023296733,,ADHB,2.118885009331054
Kalimantan Barat,2024,J,Informasi dan Komunikasi,Infokom,12149.569576767522,,ADHB,4.047604977860156
Kalimantan Barat,2024,K,Jasa Keuangan dan Asuransi,Keuangan,9610.487135514197,,ADHB,3.20171470467168
Kalimantan Barat,2024,L,Real Estate,Real Estate,8112.472213507415,,ADHB,2.7026540081661956
Kalimantan Barat,2024,MN,Jasa Perusahaan,Jasa Perusahaan,1293.4848210029047,,ADHB,0.43092189951233284
Kalimantan Barat,2024,O,"Administrasi Pemerintahan, Pertahanan dan Jaminan Sosial Wajib",Adm. Pemerintahan,19577.296585529955,,ADHB,6.52213748083398
Kalimantan Barat,2024,P,Jasa Pendidikan,Pendidikan,10457.976155726663,,ADHB,3.4840539888100457
Kalimantan Barat,2024,Q,Jasa Kesehatan dan Kegiatan Sosial,Kesehatan,7809.843359479596,,ADHB,2.601833806407821
Kalimantan Barat,2024,RSTU,Jasa Lainnya,Jasa Lainnya,2428.3825876913015,,ADHB,0.8090108368022819
Kalimantan Barat,2025,A,"Pertanian, Kehutanan dan Perikanan",Pertanian,72124.22369807398,,ADHB,21.950978865346933
Kalimantan Barat,2025,B,Pertambangan dan Penggalian,Pertambangan,21237.40947662102,,ADHB,6.463597147714959
Kalimantan Barat,2025,C,Industri Pengolahan,Industri Pengolahan,50695.960171366416,,ADHB,15.429295363214443
Kalimantan Barat,2025,D,Pengadaan Listrik dan Gas,Listrik & Gas,413.00421048220596,,ADHB,0.1256976675900956
Kalimantan Barat,2025,E,"Pengadaan Air, Pengelolaan Sampah, Limbah dan Daur Ulang",Air & Sampah,349.46343818996485,,ADHB,0.10635905875440628
Kalimantan Barat,2025,F,Konstruksi,Konstruksi,39613.66943228222,,ADHB,12.056404573961297
Kalimantan Barat,2025,G,"Perdagangan Besar dan Eceran, Reparasi Mobil dan Sepeda Motor",Perdagangan,45895.504708636116,,ADHB,13.968278647838053
Kalimantan Barat,2025,H,Transportasi dan Pergudangan,Transportasi,14345.24298364354,,ADHB,4.365969010223603
Kalimantan Barat,2025,I,Penyediaan Akomodasi dan Makan Minum,Akomodasi,6714.881565500899,,ADHB,2.043671540156267
Kalimantan Barat,2025,J,Informasi dan Komunikasi,Infokom,12955.115724968598,,ADHB,3.942884330615034
Kalimantan Barat,2025,K,Jasa Keuangan dan Asuransi,Keuangan,10171.950207306323,,ADHB,3.095829009607837
Kalimantan Barat,2025,L,Real Estate,Real Estate,8473.146392599829,,ADHB,2.5787987426465193
Kalimantan Barat,2025,MN,Jasa Perusahaan,Jasa Perusahaan,1352.9125663330703,,ADHB,0.4117584027602167
Kalimantan Barat,2025,O,"Administrasi Pemerintahan, Pertahanan dan Jaminan Sosial Wajib",Adm. Pemerintahan,20562.244760328034,,ADHB,6.258111034200353
Kalimantan Barat,2025,P,Jasa Pendidikan,Pendidikan,10978.470708342611,,ADHB,3.3412932040902428
Kalimantan Barat,2025,Q,Jasa Kesehatan dan Kegiatan Sosial,Kesehatan,8340.230087801681,,ADHB,2.538345718019204
Kalimantan Barat,2025,RSTU,Jasa Lainnya,Jasa Lainnya,2638.132429367834,,ADHB,0.8029145581304344
Kalimantan Barat,2026,A,"Pertanian, Kehutanan dan Perikanan",Pertanian,,,ADHB,
Kalimantan Barat,2026,B,Pertambangan dan Penggalian,Pertambangan,,,ADHB,
Kalimantan Barat,2026,C,Industri Pengolahan,Industri Pengolahan,,,ADHB,
Kalimantan Barat,2026,D,Pengadaan Listrik dan Gas,Listrik & Gas,,,ADHB,
Kalimantan Barat,2026,E,"Pengadaan Air, Pengelolaan Sampah, Limbah dan Daur Ulang",Air & Sampah,,,ADHB,
Kalimantan Barat,2026,F,Konstruksi,Konstruksi,,,ADHB,
Kalimantan Barat,2026,G,"Perdagangan Besar dan Eceran, Reparasi Mobil dan Sepeda Motor",Perdagangan,,,ADHB,
Kalimantan Barat,2026,H,Transportasi dan Pergudangan,Transportasi,,,ADHB,
Kalimantan Barat,2026,I,Penyediaan Akomodasi dan Makan Minum,Akomodasi,,,ADHB,
Kalimantan Barat,2026,J,Informasi dan Komunikasi,Infokom,,,ADHB,
Kalimantan Barat,2026,K,Jasa Keuangan dan Asuransi,Keuangan,,,ADHB,
Kalimantan Barat,2026,L,Real Estate,Real Estate,,,ADHB,
Kalimantan Barat,2026,MN,Jasa Perusahaan,Jasa Perusahaan,,,ADHB,
Kalimantan Barat,2026,O,"Administrasi Pemerintahan, Pertahanan dan Jaminan Sosial Wajib",Adm. Pemerintahan,,,ADHB,
Kalimantan Barat,2026,P,Jasa Pendidikan,Pendidikan,,,ADHB,
Kalimantan Barat,2026,Q,Jasa Kesehatan dan Kegiatan Sosial,Kesehatan,,,ADHB,
Kalimantan Barat,2026,RSTU,Jasa Lainnya,Jasa Lainnya,,,ADHB,
Kalimantan Selatan,2020,A,"Pertanian, Kehutanan dan Perikanan",Pertanian,26140.763836468275,,ADHB,14.59057135960576
Kalimantan Selatan,2020,B,Pertambangan dan Penggalian,Pertambangan,32594.660819640623,,ADHB,18.192839643333258
Kalimantan Selatan,2020,C,Industri Pengolahan,Industri Pengolahan,23792.16370292098,,ADHB,13.279690849071638
Kalimantan Selatan,2020,D,Pengadaan Listrik dan Gas,Listrik & Gas,272.7875284390922,,ADHB,0.15225744452610424
Kalimantan Selatan,2020,E,"Pengadaan Air, Pengelolaan Sampah, Limbah dan Daur Ulang",Air & Sampah,801.4732844555961,,ADHB,0.44734550309325927
Kalimantan Selatan,2020,F,Konstruksi,Konstruksi,14479.115519050005,,ADHB,8.081575944997947
Kalimantan Selatan,2020,G,"Perdagangan Besar dan Eceran, Reparasi Mobil dan Sepeda Motor",Perdagangan,18669.269829427452,,ADHB,10.420327247591162
Kalimantan Selatan,2020,H,Transportasi dan Pergudangan,Transportasi,11619.328559132875,,ADHB,6.485374473114016
Kalimantan Selatan,2020,I,Penyediaan Akomodasi dan Makan Minum,Akomodasi,3803.5136356454536,,ADHB,2.122946271397714
Kalimantan Selatan,2020,J,Informasi dan Komunikasi,Infokom,7014.971024288795,,ADHB,3.915433992508789
Kalimantan Selatan,2020,K,Jasa Keuangan dan Asuransi,Keuangan,6562.92008776084,,ADHB,3.6631199633989633
Kalimantan Selatan,2020,L,Real Estate,Real Estate,4347.796882848891,,ADHB,2.4267401317393484
Kalimantan Selatan,2020,MN,Jasa Perusahaan,Jasa Perusahaan,1304.4419983182217,,ADHB,0.7280794922440997
Kalimantan Selatan,2020,O,"Administrasi Pemerintahan, Pertahanan dan Jaminan Sosial Wajib",Adm. Pemerintahan,11331.606833470756,,ADHB,6.324781446978892
Kalimantan Selatan,2020,P,Jasa Pendidikan,Pendidikan,9073.49636784133,,ADHB,5.064408104686763
Kalimantan Selatan,2020,Q,Jasa Kesehatan dan Kegiatan Sosial,Kesehatan,3944.110964326258,,ADHB,2.201421229892438
Kalimantan Selatan,2020,RSTU,Jasa Lainnya,Jasa Lainnya,2378.497908971146,,ADHB,1.3275680728618369
Kalimantan Selatan,2021,A,"Pertanian, Kehutanan dan Perikanan",Pertanian,27219.619697324455,,ADHB,13.755451190320219
Kalimantan Selatan,2021,B,Pertambangan dan Penggalian,Pertambangan,42253.66497695117,,ADHB,21.35291501738819
Kalimantan Selatan,2021,C,Industri Pengolahan,Industri Pengolahan,26339.097147062344,,ADHB,13.310478589792032
Kalimantan Selatan,2021,D,Pengadaan Listrik dan Gas,Listrik & Gas,292.8950832253896,,ADHB,0.14801470652389923
Kalimantan Selatan,2021,E,"Pengadaan Air, Pengelolaan Sampah, Limbah dan Daur Ulang",Air & Sampah,850.6179791502486,,ADHB,0.4298603075251701
Kalimantan Selatan,2021,F,Konstruksi,Konstruksi,15397.693190852755,,ADHB,7.7812335177893805
Kalimantan Selatan,2021,G,"Perdagangan Besar dan Eceran, Reparasi Mobil dan Sepeda Motor",Perdagangan,19871.59037066494,,ADHB,10.04212014926083
Kalimantan Selatan,2021,H,Transportasi dan Pergudangan,Transportasi,11944.894972102955,,ADHB,6.036359860619733
Kalimantan Selatan,2021,I,Penyediaan Akomodasi dan Makan Minum,Akomodasi,3986.0310238939364,,ADHB,2.014343176060782
Kalimantan Selatan,2021,J,Informasi dan Komunikasi,Infokom,7567.806396628248,,ADHB,3.824395515593679
Kalimantan Selatan,2021,K,Jasa Keuangan dan Asuransi,Keuangan,6926.988959425913,,ADHB,3.500558038165247
Kalimantan Selatan,2021,L,Real Estate,Real Estate,4682.102193683093,,ADHB,2.366103160494547
Kalimantan Selatan,2021,MN,Jasa Perusahaan,Jasa Perusahaan,1373.8308139350397,,ADHB,0.6942662283668453
Kalimantan Selatan,2021,O,"Administrasi Pemerintahan, Pertahanan dan Jaminan Sosial Wajib",Adm. Pemerintahan,11664.423549969091,,ADHB,5.894623458702948
Kalimantan Selatan,2021,P,Jasa Pendidikan,Pendidikan,9443.678822981927,,ADHB,4.772368774842114
Kalimantan Selatan,2021,Q,Jasa Kesehatan dan Kegiatan Sosial,Kesehatan,4462.530063180036,,ADHB,2.2551422522425373
Kalimantan Selatan,2021,RSTU,Jasa Lainnya,Jasa Lainnya,2452.5062507047687,,ADHB,1.2393755093073802
Kalimantan Selatan,2022,A,"Pertanian, Kehutanan dan Perikanan",Pertanian,29060.17762568752,,ADHB,11.57321187629193
Kalimantan Selatan,2022,B,Pertambangan dan Penggalian,Pertambangan,80168.2318170028,,ADHB,31.92698766389288
Kalimantan Selatan,2022,C,Industri Pengolahan,Industri Pengolahan,28075.193886418874,,ADHB,11.1809422330678
Kalimantan Selatan,2022,D,Pengadaan Listrik dan Gas,Listrik & Gas,318.7022609486424,,ADHB,0.126923133055855
Kalimantan Selatan,2022,E,"Pengadaan Air, Pengelolaan Sampah, Limbah dan Daur Ulang",Air & Sampah,907.8888053092871,,ADHB,0.36156659602349384
Kalimantan Selatan,2022,F,Konstruksi,Konstruksi,16855.999066200744,,ADHB,6.712899387348631
Kalimantan Selatan,2022,G,"Perdagangan Besar dan Eceran, Reparasi Mobil dan Sepeda Motor",Perdagangan,22684.74971967576,,ADHB,9.034198560245391
Kalimantan Selatan,2022,H,Transportasi dan Pergudangan,Transportasi,15362.396696052143,,ADHB,6.118072441990184
Kalimantan Selatan,2022,I,Penyediaan Akomodasi dan Makan Minum,Akomodasi,4456.832134770915,,ADHB,1.7749328051999465
Kalimantan Selatan,2022,J,Informasi dan Komunikasi,Infokom,8278.654585832981,,ADHB,3.2969730882783677
Kalimantan Selatan,2022,K,Jasa Keuangan dan Asuransi,Keuangan,7454.156050194902,,ADHB,2.9686166560658798
Kalimantan Selatan,2022,L,Real Estate,Real Estate,5066.228684393035,,ADHB,2.0176249000763344
Kalimantan Selatan,2022,MN,Jasa Perusahaan,Jasa Perusahaan,1537.0728337926919,,ADHB,0.6121390517259241
Kalimantan Selatan,2022,O,"Administrasi Pemerintahan, Pertahanan dan Jaminan Sosial Wajib",Adm. Pemerintahan,11955.710260348838,,ADHB,4.761360021841949
Kalimantan Selatan,2022,P,Jasa Pendidikan,Pendidikan,9910.65013536568,,ADHB,3.946915098929122
Kalimantan Selatan,2022,Q,Jasa Kesehatan dan Kegiatan Sosial,Kesehatan,4815.758259993186,,ADHB,1.9178750868555823
Kalimantan Selatan,2022,RSTU,Jasa Lainnya,Jasa Lainnya,2734.875165163099,,ADHB,1.0891636709633707
Kalimantan Selatan,2023,A,"Pertanian, Kehutanan dan Perikanan",Pertanian,31084.729539336357,,ADHB,11.547418656517513
Kalimantan Selatan,2023,B,Pertambangan dan Penggalian,Pertambangan,82605.05546216283,,ADHB,30.68629428991351
Kalimantan Selatan,2023,C,Industri Pengolahan,Industri Pengolahan,28440.057632014676,,ADHB,10.564970548538057
Kalimantan Selatan,2023,D,Pengadaan Listrik dan Gas,Listrik & Gas,348.26284889867065,,ADHB,0.12937339260601805
Kalimantan Selatan,2023,E,"Pengadaan Air, Pengelolaan Sampah, Limbah dan Daur Ulang",Air & Sampah,980.128821007984,,ADHB,0.36410025119168987
Kalimantan Selatan,2023,F,Konstruksi,Konstruksi,18435.061803529657,,ADHB,6.848294315533446
Kalimantan Selatan,2023,G,"Perdagangan Besar dan Eceran, Reparasi Mobil dan Sepeda Motor",Perdagangan,25942.390099786553,,ADHB,9.637131925302448
Kalimantan Selatan,2023,H,Transportasi dan Pergudangan,Transportasi,18786.892010501415,,ADHB,6.97899291758404
Kalimantan Selatan,2023,I,Penyediaan Akomodasi dan Makan Minum,Akomodasi,4948.292046257511,,ADHB,1.8382016102325438
Kalimantan Selatan,2023,J,Informasi dan Komunikasi,Infokom,8914.376858130363,,ADHB,3.31153087603799
Kalimantan Selatan,2023,K,Jasa Keuangan dan Asuransi,Keuangan,8253.103555684092,,ADHB,3.065879722468776
Kalimantan Selatan,2023,L,Real Estate,Real Estate,5517.166296231449,,ADHB,2.049528175549724
Kalimantan Selatan,2023,MN,Jasa Perusahaan,Jasa Perusahaan,1739.33236596316,,ADHB,0.6461307307561197
Kalimantan Selatan,2023,O,"Administrasi Pemerintahan, Pertahanan dan Jaminan Sosial Wajib",Adm. Pemerintahan,12790.32717048017,,ADHB,4.7513767943344565
Kalimantan Selatan,2023,P,Jasa Pendidikan,Pendidikan,10515.041668569304,,ADHB,3.9061491007680327
Kalimantan Selatan,2023,Q,Jasa Kesehatan dan Kegiatan Sosial,Kesehatan,5243.464905209599,,ADHB,1.9478530252158288
Kalimantan Selatan,2023,RSTU,Jasa Lainnya,Jasa Lainnya,3080.019189544586,,ADHB,1.1441718032891857
Kalimantan Selatan,2024,A,"Pertanian, Kehutanan dan Perikanan",Pertanian,33557.66990118449,,ADHB,11.699087603448588
Kalimantan Selatan,2024,B,Pertambangan dan Penggalian,Pertambangan,84102.98728141555,,ADHB,29.320516555956498
Kalimantan Selatan,2024,C,Industri Pengolahan,Industri Pengolahan,30861.544909928816,,ADHB,10.759147418226316
Kalimantan Selatan,2024,D,Pengadaan Listrik dan Gas,Listrik & Gas,376.52265182301755,,ADHB,0.13126571366043416
Kalimantan Selatan,2024,E,"Pengadaan Air, Pengelolaan Sampah, Limbah dan Daur Ulang",Air & Sampah,1055.55165441611,,ADHB,0.36799310891794895
Kalimantan Selatan,2024,F,Konstruksi,Konstruksi,19887.909852133325,,ADHB,6.933449202365013
Kalimantan Selatan,2024,G,"Perdagangan Besar dan Eceran, Reparasi Mobil dan Sepeda Motor",Perdagangan,28087.87600524722,,ADHB,9.792173382353644
Kalimantan Selatan,2024,H,Transportasi dan Pergudangan,Transportasi,20504.07458158597,,ADHB,7.148260456222875
Kalimantan Selatan,2024,I,Penyediaan Akomodasi dan Makan Minum,Akomodasi,5473.2174346531265,,ADHB,1.9081077568639213
Kalimantan Selatan,2024,J,Informasi dan Komunikasi,Infokom,9633.285297084283,,ADHB,3.358416985787928
Kalimantan Selatan,2024,K,Jasa Keuangan dan Asuransi,Keuangan,8915.866146140539,,ADHB,3.1083057736567685
Kalimantan Selatan,2024,L,Real Estate,Real Estate,5991.426372987637,,ADHB,2.08876904187917
Kalimantan Selatan,2024,MN,Jasa Perusahaan,Jasa Perusahaan,1916.3405849569656,,ADHB,0.6680868024351151
Kalimantan Selatan,2024,O,"Administrasi Pemerintahan, Pertahanan dan Jaminan Sosial Wajib",Adm. Pemerintahan,14194.393343344536,,ADHB,4.948539385797276
Kalimantan Selatan,2024,P,Jasa Pendidikan,Pendidikan,11488.228682567464,,ADHB,4.0050991073448605
Kalimantan Selatan,2024,Q,Jasa Kesehatan dan Kegiatan Sosial,Kesehatan,5697.789379739727,,ADHB,1.9863994519244372
Kalimantan Selatan,2024,RSTU,Jasa Lainnya,Jasa Lainnya,3415.4978713612363,,ADHB,1.1907325187985376
Kalimantan Selatan,2025,A,"Pertanian, Kehutanan dan Perikanan",Pertanian,36942.545207891344,,ADHB,12.107270897774987
Kalimantan Selatan,2025,B,Pertambangan dan Penggalian,Pertambangan,83582.80821042154,,ADHB,27.392798620279656
Kalimantan Selatan,2025,C,Industri Pengolahan,Industri Pengolahan,34818.32074819687,,ADHB,11.411093608514827
Kalimantan Selatan,2025,D,Pengadaan Listrik dan Gas,Listrik & Gas,410.42249974421225,,ADHB,0.13450877190464147
Kalimantan Selatan,2025,E,"Pengadaan Air, Pengelolaan Sampah, Limbah dan Daur Ulang",Air & Sampah,1143.2780675322474,,ADHB,0.3746893235753773
Kalimantan Selatan,2025,F,Konstruksi,Konstruksi,21198.20885598485,,ADHB,6.947340951272558
Kalimantan Selatan,2025,G,"Perdagangan Besar dan Eceran, Reparasi Mobil dan Sepeda Motor",Perdagangan,31104.531973255125,,ADHB,10.193964509739823
Kalimantan Selatan,2025,H,Transportasi dan Pergudangan,Transportasi,21926.019282164893,,ADHB,7.185868046317015
Kalimantan Selatan,2025,I,Penyediaan Akomodasi dan Makan Minum,Akomodasi,6175.4485368495125,,ADHB,2.0238948867804045
Kalimantan Selatan,2025,J,Informasi dan Komunikasi,Infokom,10496.410358097635,,ADHB,3.4400142963769884
Kalimantan Selatan,2025,K,Jasa Keuangan dan Asuransi,Keuangan,9505.451322966202,,ADHB,3.1152448626680433
Kalimantan Selatan,2025,L,Real Estate,Real Estate,6594.434446656071,,ADHB,2.161210166056157
Kalimantan Selatan,2025,MN,Jasa Perusahaan,Jasa Perusahaan,2130.443829698263,,ADHB,0.6982155786369644
Kalimantan Selatan,2025,O,"Administrasi Pemerintahan, Pertahanan dan Jaminan Sosial Wajib",Adm. Pemerintahan,14846.604341995959,,ADHB,4.865714034295352
Kalimantan Selatan,2025,P,Jasa Pendidikan,Pendidikan,12551.409377336346,,ADHB,4.113504162345135
Kalimantan Selatan,2025,Q,Jasa Kesehatan dan Kegiatan Sosial,Kesehatan,6180.751035454152,,ADHB,2.02563268764605
Kalimantan Selatan,2025,RSTU,Jasa Lainnya,Jasa Lainnya,3728.907023543189,,ADHB,1.2220838394483255
Kalimantan Selatan,2026,A,"Pertanian, Kehutanan dan Perikanan",Pertanian,,,ADHB,
Kalimantan Selatan,2026,B,Pertambangan dan Penggalian,Pertambangan,,,ADHB,
Kalimantan Selatan,2026,C,Industri Pengolahan,Industri Pengolahan,,,ADHB,
Kalimantan Selatan,2026,D,Pengadaan Listrik dan Gas,Listrik & Gas,,,ADHB,
Kalimantan Selatan,2026,E,"Pengadaan Air, Pengelolaan Sampah, Limbah dan Daur Ulang",Air & Sampah,,,ADHB,
Kalimantan Selatan,2026,F,Konstruksi,Konstruksi,,,ADHB,
Kalimantan Selatan,2026,G,"Perdagangan Besar dan Eceran, Reparasi Mobil dan Sepeda Motor",Perdagangan,,,ADHB,
Kalimantan Selatan,2026,H,Transportasi dan Pergudangan,Transportasi,,,ADHB,
Kalimantan Selatan,2026,I,Penyediaan Akomodasi dan Makan Minum,Akomodasi,,,ADHB,
Kalimantan Selatan,2026,J,Informasi dan Komunikasi,Infokom,,,ADHB,
Kalimantan Selatan,2026,K,Jasa Keuangan dan Asuransi,Keuangan,,,ADHB,
Kalimantan Selatan,2026,L,Real Estate,Real Estate,,,ADHB,
Kalimantan Selatan,2026,MN,Jasa Perusahaan,Jasa Perusahaan,,,ADHB,
Kalimantan Selatan,2026,O,"Administrasi Pemerintahan, Pertahanan dan Jaminan Sosial Wajib",Adm. Pemerintahan,,,ADHB,
Kalimantan Selatan,2026,P,Jasa Pendidikan,Pendidikan,,,ADHB,
Kalimantan Selatan,2026,Q,Jasa Kesehatan dan Kegiatan Sosial,Kesehatan,,,ADHB,
Kalimantan Selatan,2026,RSTU,Jasa Lainnya,Jasa Lainnya,,,ADHB,
Kalimantan Tengah,2020,A,"Pertanian, Kehutanan dan Perikanan",Pertanian,33491.4952925661,,ADHB,22.00674648004112
Kalimantan Tengah,2020,B,Pertambangan dan Penggalian,Pertambangan,13584.624070707017,,ADHB,8.926247554467071
Kalimantan Tengah,2020,C,Industri Pengolahan,Industri Pengolahan,23935.843723366834,,ADHB,15.727874793423657
Kalimantan Tengah,2020,D,Pengadaan Listrik dan Gas,Listrik & Gas,151.78473208066262,,ADHB,0.09973541310296556
Kalimantan Tengah,2020,E,"Pengadaan Air, Pengelolaan Sampah, Limbah dan Daur Ulang",Air & Sampah,151.36287469403402,,ADHB,0.0994582171020952
Kalimantan Tengah,2020,F,Konstruksi,Konstruksi,13292.752218921172,,ADHB,8.734463049451644
Kalimantan Tengah,2020,G,"Perdagangan Besar dan Eceran, Reparasi Mobil dan Sepeda Motor",Perdagangan,20007.06872320258,,ADHB,13.146337162736588
Kalimantan Tengah,2020,H,Transportasi dan Pergudangan,Transportasi,10649.11070409455,,ADHB,6.997366867490048
Kalimantan Tengah,2020,I,Penyediaan Akomodasi dan Makan Minum,Akomodasi,2800.0437946412517,,ADHB,1.8398657146657684
Kalimantan Tengah,2020,J,Informasi dan Komunikasi,Infokom,1674.5069098372924,,ADHB,1.1002927376624427
Kalimantan Tengah,2020,K,Jasa Keuangan dan Asuransi,Keuangan,5252.929497727928,,ADHB,3.451619186429315
Kalimantan Tengah,2020,L,Real Estate,Real Estate,3406.2584865003378,,ADHB,2.238200065511559
Kalimantan Tengah,2020,MN,Jasa Perusahaan,Jasa Perusahaan,53.55071386104098,,ADHB,0.035187350504076544
Kalimantan Tengah,2020,O,"Administrasi Pemerintahan, Pertahanan dan Jaminan Sosial Wajib",Adm. Pemerintahan,10251.627823508337,,ADHB,6.736186979676595
Kalimantan Tengah,2020,P,Jasa Pendidikan,Pendidikan,7813.2156424411005,,ADHB,5.133943836638974
Kalimantan Tengah,2020,Q,Jasa Kesehatan dan Kegiatan Sosial,Kesehatan,3398.9849471056527,,ADHB,2.233420734637462
Kalimantan Tengah,2020,RSTU,Jasa Lainnya,Jasa Lainnya,1521.189962149899,,ADHB,0.9995505292487414
Kalimantan Tengah,2021,A,"Pertanian, Kehutanan dan Perikanan",Pertanian,38114.26438033649,,ADHB,22.46562329638237
Kalimantan Tengah,2021,B,Pertambangan dan Penggalian,Pertambangan,17230.64437478574,,ADHB,10.15622817260966
Kalimantan Tengah,2021,C,Industri Pengolahan,Industri Pengolahan,27953.205864957254,,ADHB,16.476408586081483
Kalimantan Tengah,2021,D,Pengadaan Listrik dan Gas,Listrik & Gas,163.4421490283728,,ADHB,0.09633741620150335
Kalimantan Tengah,2021,E,"Pengadaan Air, Pengelolaan Sampah, Limbah dan Daur Ulang",Air & Sampah,167.9831509204587,,ADHB,0.0990140108978552
Kalimantan Tengah,2021,F,Konstruksi,Konstruksi,14878.544319691111,,ADHB,8.769834006219359
Kalimantan Tengah,2021,G,"Perdagangan Besar dan Eceran, Reparasi Mobil dan Sepeda Motor",Perdagangan,21030.81141246359,,ADHB,12.396153893853402
Kalimantan Tengah,2021,H,Transportasi dan Pergudangan,Transportasi,11067.534268676298,,ADHB,6.52351710684359
Kalimantan Tengah,2021,I,Penyediaan Akomodasi dan Makan Minum,Akomodasi,2939.0580407730745,,ADHB,1.7323637715090168
Kalimantan Tengah,2021,J,Informasi dan Komunikasi,Infokom,1954.460930828909,,ADHB,1.15201444218747
Kalimantan Tengah,2021,K,Jasa Keuangan dan Asuransi,Keuangan,5819.177822916525,,ADHB,3.429987669701706
Kalimantan Tengah,2021,L,Real Estate,Real Estate,3563.3829814131805,,ADHB,2.1003585146580668
Kalimantan Tengah,2021,MN,Jasa Perusahaan,Jasa Perusahaan,56.14059213557049,,ADHB,0.03309084971358532
Kalimantan Tengah,2021,O,"Administrasi Pemerintahan, Pertahanan dan Jaminan Sosial Wajib",Adm. Pemerintahan,10112.78019711474,,ADHB,5.960758106739287
Kalimantan Tengah,2021,P,Jasa Pendidikan,Pendidikan,8178.937827562349,,ADHB,4.820896826578751
Kalimantan Tengah,2021,Q,Jasa Kesehatan dan Kegiatan Sosial,Kesehatan,4022.420242013424,,ADHB,2.3709280335327034
Kalimantan Tengah,2021,RSTU,Jasa Lainnya,Jasa Lainnya,1567.7900121339553,,ADHB,0.9240996879531335
Kalimantan Tengah,2022,A,"Pertanian, Kehutanan dan Perikanan",Pertanian,41371.63374999638,,ADHB,20.71260967123842
Kalimantan Tengah,2022,B,Pertambangan dan Penggalian,Pertambangan,32318.842810961432,,ADHB,16.180351499162455
Kalimantan Tengah,2022,C,Industri Pengolahan,Industri Pengolahan,30372.48268101838,,ADHB,15.205910946614182
Kalimantan Tengah,2022,D,Pengadaan Listrik dan Gas,Listrik & Gas,178.32670439857517,,ADHB,0.0892788388412707
Kalimantan Tengah,2022,E,"Pengadaan Air, Pengelolaan Sampah, Limbah dan Daur Ulang",Air & Sampah,180.02812668957915,,ADHB,0.09013065184948948
Kalimantan Tengah,2022,F,Konstruksi,Konstruksi,16506.160196731133,,ADHB,8.263769697657972
Kalimantan Tengah,2022,G,"Perdagangan Besar dan Eceran, Reparasi Mobil dan Sepeda Motor",Perdagangan,23610.64139460025,,ADHB,11.820611248981244
Kalimantan Tengah,2022,H,Transportasi dan Pergudangan,Transportasi,12889.581296752243,,ADHB,6.453138105172067
Kalimantan Tengah,2022,I,Penyediaan Akomodasi dan Makan Minum,Akomodasi,3329.4193794343428,,ADHB,1.6668658640556204
Kalimantan Tengah,2022,J,Informasi dan Komunikasi,Infokom,2044.4105248739993,,ADHB,1.0235292486966512
Kalimantan Tengah,2022,K,Jasa Keuangan dan Asuransi,Keuangan,6335.665506836188,,ADHB,3.1719358109863953
Kalimantan Tengah,2022,L,Real Estate,Real Estate,3807.4248595013805,,ADHB,1.9061781665179893
Kalimantan Tengah,2022,MN,Jasa Perusahaan,Jasa Perusahaan,64.7270347226645,,ADHB,0.03240543541230984
Kalimantan Tengah,2022,O,"Administrasi Pemerintahan, Pertahanan dan Jaminan Sosial Wajib",Adm. Pemerintahan,10790.32479777482,,ADHB,5.402150350473264
Kalimantan Tengah,2022,P,Jasa Pendidikan,Pendidikan,8843.148865835325,,ADHB,4.427301368603018
Kalimantan Tengah,2022,Q,Jasa Kesehatan dan Kegiatan Sosial,Kesehatan,4394.0997716048405,,ADHB,2.1998955607049697
Kalimantan Tengah,2022,RSTU,Jasa Lainnya,Jasa Lainnya,1706.518440323288,,ADHB,0.8543643832095447
Kalimantan Tengah,2023,A,"Pertanian, Kehutanan dan Perikanan",Pertanian,45337.52029654334,,ADHB,21.715103381827785
Kalimantan Tengah,2023,B,Pertambangan dan Penggalian,Pertambangan,26282.58221064126,,ADHB,12.588447407631529
Kalimantan Tengah,2023,C,Industri Pengolahan,Industri Pengolahan,31978.49619639381,,ADHB,15.316593107828671
Kalimantan Tengah,2023,D,Pengadaan Listrik dan Gas,Listrik & Gas,199.2882096597474,,ADHB,0.09545215634280578
Kalimantan Tengah,2023,E,"Pengadaan Air, Pengelolaan Sampah, Limbah dan Daur Ulang",Air & Sampah,191.56584088625937,,ADHB,0.09175340892186055
Kalimantan Tengah,2023,F,Konstruksi,Konstruksi,18091.453463873902,,ADHB,8.665180180255707
Kalimantan Tengah,2023,G,"Perdagangan Besar dan Eceran, Reparasi Mobil dan Sepeda Motor",Perdagangan,26070.16356956142,,ADHB,12.486706228998347
Kalimantan Tengah,2023,H,Transportasi dan Pergudangan,Transportasi,14493.59575339249,,ADHB,6.941930835668883
Kalimantan Tengah,2023,I,Penyediaan Akomodasi dan Makan Minum,Akomodasi,3671.8372689068024,,ADHB,1.7586829931154961
Kalimantan Tengah,2023,J,Informasi dan Komunikasi,Infokom,2170.880631705945,,ADHB,1.0397767023596205
Kalimantan Tengah,2023,K,Jasa Keuangan dan Asuransi,Keuangan,6849.915410461886,,ADHB,3.2808724500597797
Kalimantan Tengah,2023,L,Real Estate,Real Estate,4118.85717476312,,ADHB,1.9727900595344985
Kalimantan Tengah,2023,MN,Jasa Perusahaan,Jasa Perusahaan,75.1562753127891,,ADHB,0.035997255199128234
Kalimantan Tengah,2023,O,"Administrasi Pemerintahan, Pertahanan dan Jaminan Sosial Wajib",Adm. Pemerintahan,11664.45337760097,,ADHB,5.586869536100925
Kalimantan Tengah,2023,P,Jasa Pendidikan,Pendidikan,9746.9871625304,,ADHB,4.668469570265253
Kalimantan Tengah,2023,Q,Jasa Kesehatan dan Kegiatan Sosial,Kesehatan,4917.35937567781,,ADHB,2.355244982743025
Kalimantan Tengah,2023,RSTU,Jasa Lainnya,Jasa Lainnya,1890.864506880744,,ADHB,0.9056586681269095
Kalimantan Tengah,2024,A,"Pertanian, Kehutanan dan Perikanan",Pertanian,50445.6103770566,,ADHB,22.635103561606535
Kalimantan Tengah,2024,B,Pertambangan dan Penggalian,Pertambangan,23603.20869084067,,ADHB,10.590833753621895
Kalimantan Tengah,2024,C,Industri Pengolahan,Industri Pengolahan,34420.457263204305,,ADHB,15.444567108357008
Kalimantan Tengah,2024,D,Pengadaan Listrik dan Gas,Listrik & Gas,211.44210944168714,,ADHB,0.09487473753858831
Kalimantan Tengah,2024,E,"Pengadaan Air, Pengelolaan Sampah, Limbah dan Daur Ulang",Air & Sampah,215.09879932535023,,ADHB,0.09651550575589662
Kalimantan Tengah,2024,F,Konstruksi,Konstruksi,19262.656134157405,,ADHB,8.643214210498938
Kalimantan Tengah,2024,G,"Perdagangan Besar dan Eceran, Reparasi Mobil dan Sepeda Motor",Perdagangan,27875.568110231645,,ADHB,12.507854822204365
Kalimantan Tengah,2024,H,Transportasi dan Pergudangan,Transportasi,15894.500581706374,,ADHB,7.131912252380427
Kalimantan Tengah,2024,I,Penyediaan Akomodasi dan Makan Minum,Akomodasi,4115.729525567043,,ADHB,1.8467407440696224
Kalimantan Tengah,2024,J,Informasi dan Komunikasi,Infokom,2296.5127917817867,,ADHB,1.030452490989721
Kalimantan Tengah,2024,K,Jasa Keuangan dan Asuransi,Keuangan,7330.908302486645,,ADHB,3.289401543308443
Kalimantan Tengah,2024,L,Real Estate,Real Estate,4441.905775549216,,ADHB,1.9930970502476688
Kalimantan Tengah,2024,MN,Jasa Perusahaan,Jasa Perusahaan,82.88606585523102,,ADHB,0.037191237660206544
Kalimantan Tengah,2024,O,"Administrasi Pemerintahan, Pertahanan dan Jaminan Sosial Wajib",Adm. Pemerintahan,13036.743179970963,,ADHB,5.8496275449750685
Kalimantan Tengah,2024,P,Jasa Pendidikan,Pendidikan,11012.276960748777,,ADHB,4.941243204166108
Kalimantan Tengah,2024,Q,Jasa Kesehatan dan Kegiatan Sosial,Kesehatan,5489.637756530813,,ADHB,2.463217675552101
Kalimantan Tengah,2024,RSTU,Jasa Lainnya,Jasa Lainnya,2055.502801021604,,ADHB,0.9223105523856889
Kalimantan Tengah,2025,A,"Pertanian, Kehutanan dan Perikanan",Pertanian,55996.293181357934,,ADHB,23.229607589182887
Kalimantan Tengah,2025,B,Pertambangan dan Penggalian,Pertambangan,23699.808683994404,,ADHB,9.831673212454383
Kalimantan Tengah,2025,C,Industri Pengolahan,Industri Pengolahan,39314.7243582974,,ADHB,16.309394201546528
Kalimantan Tengah,2025,D,Pengadaan Listrik dan Gas,Listrik & Gas,213.94438292620416,,ADHB,0.088753090230268
Kalimantan Tengah,2025,E,"Pengadaan Air, Pengelolaan Sampah, Limbah dan Daur Ulang",Air & Sampah,230.53546521608098,,ADHB,0.09563576601427844
Kalimantan Tengah,2025,F,Konstruksi,Konstruksi,19826.778280176353,,ADHB,8.224977994785583
Kalimantan Tengah,2025,G,"Perdagangan Besar dan Eceran, Reparasi Mobil dan Sepeda Motor",Perdagangan,30373.375478843274,,ADHB,12.600148214227364
Kalimantan Tengah,2025,H,Transportasi dan Pergudangan,Transportasi,17966.327142037408,,ADHB,7.453184945237721
Kalimantan Tengah,2025,I,Penyediaan Akomodasi dan Makan Minum,Akomodasi,4404.260481328733,,ADHB,1.827071702236758
Kalimantan Tengah,2025,J,Informasi dan Komunikasi,Infokom,2428.7986481233565,,ADHB,1.007567399618991
Kalimantan Tengah,2025,K,Jasa Keuangan dan Asuransi,Keuangan,8036.5983122429525,,ADHB,3.3339175602331546
Kalimantan Tengah,2025,L,Real Estate,Real Estate,4778.4584331099695,,ADHB,1.9823046843986551
Kalimantan Tengah,2025,MN,Jasa Perusahaan,Jasa Perusahaan,89.79904863416749,,ADHB,0.037252406242278234
Kalimantan Tengah,2025,O,"Administrasi Pemerintahan, Pertahanan dan Jaminan Sosial Wajib",Adm. Pemerintahan,13300.538756302854,,ADHB,5.517620515218207
Kalimantan Tengah,2025,P,Jasa Pendidikan,Pendidikan,11165.722223293647,,ADHB,4.632009209196732
Kalimantan Tengah,2025,Q,Jasa Kesehatan dan Kegiatan Sosial,Kesehatan,5805.270372929874,,ADHB,2.4082692808881405
Kalimantan Tengah,2025,RSTU,Jasa Lainnya,Jasa Lainnya,2271.286039288917,,ADHB,0.9422245726978938
Kalimantan Tengah,2026,A,"Pertanian, Kehutanan dan Perikanan",Pertanian,,,ADHB,
Kalimantan Tengah,2026,B,Pertambangan dan Penggalian,Pertambangan,,,ADHB,
Kalimantan Tengah,2026,C,Industri Pengolahan,Industri Pengolahan,,,ADHB,
Kalimantan Tengah,2026,D,Pengadaan Listrik dan Gas,Listrik & Gas,,,ADHB,
Kalimantan Tengah,2026,E,"Pengadaan Air, Pengelolaan Sampah, Limbah dan Daur Ulang",Air & Sampah,,,ADHB,
Kalimantan Tengah,2026,F,Konstruksi,Konstruksi,,,ADHB,
Kalimantan Tengah,2026,G,"Perdagangan Besar dan Eceran, Reparasi Mobil dan Sepeda Motor",Perdagangan,,,ADHB,
Kalimantan Tengah,2026,H,Transportasi dan Pergudangan,Transportasi,,,ADHB,
Kalimantan Tengah,2026,I,Penyediaan Akomodasi dan Makan Minum,Akomodasi,,,ADHB,
Kalimantan Tengah,2026,J,Informasi dan Komunikasi,Infokom,,,ADHB,
Kalimantan Tengah,2026,K,Jasa Keuangan dan Asuransi,Keuangan,,,ADHB,
Kalimantan Tengah,2026,L,Real Estate,Real Estate,,,ADHB,
Kalimantan Tengah,2026,MN,Jasa Perusahaan,Jasa Perusahaan,,,ADHB,
Kalimantan Tengah,2026,O,"Administrasi Pemerintahan, Pertahanan dan Jaminan Sosial Wajib",Adm. Pemerintahan,,,ADHB,
Kalimantan Tengah,2026,P,Jasa Pendidikan,Pendidikan,,,ADHB,
Kalimantan Tengah,2026,Q,Jasa Kesehatan dan Kegiatan Sosial,Kesehatan,,,ADHB,
Kalimantan Tengah,2026,RSTU,Jasa Lainnya,Jasa Lainnya,,,ADHB,
Kalimantan Timur,2020,A,"Pertanian, Kehutanan dan Perikanan",Pertanian,54163.000173279564,,ADHB,8.912133627816672
Kalimantan Timur,2020,B,Pertambangan dan Penggalian,Pertambangan,249631.37960895905,,ADHB,41.07505503118005
Kalimantan Timur,2020,C,Industri Pengolahan,Industri Pengolahan,113533.692573087,,ADHB,18.681155701008915
Kalimantan Timur,2020,D,Pengadaan Listrik dan Gas,Listrik & Gas,382.3513602968726,,ADHB,0.06291317698136437
Kalimantan Timur,2020,E,"Pengadaan Air, Pengelolaan Sampah, Limbah dan Daur Ulang",Air & Sampah,324.776708331206,,ADHB,0.05343968049388223
Kalimantan Timur,2020,F,Konstruksi,Konstruksi,57031.599688962975,,ADHB,9.38414112604741
Kalimantan Timur,2020,G,"Perdagangan Besar dan Eceran, Reparasi Mobil dan Sepeda Motor",Perdagangan,38926.144208258214,,ADHB,6.405018143193701
Kalimantan Timur,2020,H,Transportasi dan Pergudangan,Transportasi,21736.601331014746,,ADHB,3.5766020171857003
Kalimantan Timur,2020,I,Penyediaan Akomodasi dan Makan Minum,Akomodasi,6407.689452845794,,ADHB,1.0543393915886812
Kalimantan Timur,2020,J,Informasi dan Komunikasi,Infokom,9367.84571097518,,ADHB,1.5414118958308236
Kalimantan Timur,2020,K,Jasa Keuangan dan Asuransi,Keuangan,10479.864779719705,,ADHB,1.7243866665345449
Kalimantan Timur,2020,L,Real Estate,Real Estate,5861.929260499874,,ADHB,0.9645384620358664
Kalimantan Timur,2020,MN,Jasa Perusahaan,Jasa Perusahaan,1329.5538565108716,,ADHB,0.21876856150316193
Kalimantan Timur,2020,O,"Administrasi Pemerintahan, Pertahanan dan Jaminan Sosial Wajib",Adm. Pemerintahan,12677.350043469041,,ADHB,2.0859671228061245
Kalimantan Timur,2020,P,Jasa Pendidikan,Pendidikan,11698.529915068157,,ADHB,1.9249092834324317
Kalimantan Timur,2020,Q,Jasa Kesehatan dan Kegiatan Sosial,Kesehatan,5277.0613770172395,,ADHB,0.8683026420934732
Kalimantan Timur,2020,RSTU,Jasa Lainnya,Jasa Lainnya,4335.312997664931,,ADHB,0.7133446934252584
Kalimantan Timur,2021,A,"Pertanian, Kehutanan dan Perikanan",Pertanian,59915.75313830308,,ADHB,8.600766926165894
Kalimantan Timur,2021,B,Pertambangan dan Penggalian,Pertambangan,312673.528308832,,ADHB,44.883557330217705
Kalimantan Timur,2021,C,Industri Pengolahan,Industri Pengolahan,121641.4505158914,,ADHB,17.461347135751858
Kalimantan Timur,2021,D,Pengadaan Listrik dan Gas,Listrik & Gas,392.68813290553214,,ADHB,0.05636946760888854
Kalimantan Timur,2021,E,"Pengadaan Air, Pengelolaan Sampah, Limbah dan Daur Ulang",Air & Sampah,346.50938550340106,,ADHB,0.04974061588718478
Kalimantan Timur,2021,F,Konstruksi,Konstruksi,60954.50558143133,,ADHB,8.74987742197672
Kalimantan Timur,2021,G,"Perdagangan Besar dan Eceran, Reparasi Mobil dan Sepeda Motor",Perdagangan,41340.124844612525,,ADHB,5.934278714086816
Kalimantan Timur,2021,H,Transportasi dan Pergudangan,Transportasi,22871.917172492365,,ADHB,3.2832104822432915
Kalimantan Timur,2021,I,Penyediaan Akomodasi dan Makan Minum,Akomodasi,6633.39352480045,,ADHB,0.9522082031524061
Kalimantan Timur,2021,J,Informasi dan Komunikasi,Infokom,10181.801253407155,,ADHB,1.4615738746863205
Kalimantan Timur,2021,K,Jasa Keuangan dan Asuransi,Keuangan,11233.017709907392,,ADHB,1.6124735506102574
Kalimantan Timur,2021,L,Real Estate,Real Estate,5884.522586257476,,ADHB,0.8447095227082193
Kalimantan Timur,2021,MN,Jasa Perusahaan,Jasa Perusahaan,1379.1599865383982,,ADHB,0.1979752064658233
Kalimantan Timur,2021,O,"Administrasi Pemerintahan, Pertahanan dan Jaminan Sosial Wajib",Adm. Pemerintahan,13122.348483461748,,ADHB,1.8836825862751299
Kalimantan Timur,2021,P,Jasa Pendidikan,Pendidikan,12313.468440241471,,ADHB,1.7675697385086029
Kalimantan Timur,2021,Q,Jasa Kesehatan dan Kegiatan Sosial,Kesehatan,6142.284362076282,,ADHB,0.8817106257599461
Kalimantan Timur,2021,RSTU,Jasa Lainnya,Jasa Lainnya,4516.979759815296,,ADHB,0.6484019325385793
Kalimantan Timur,2022,A,"Pertanian, Kehutanan dan Perikanan",Pertanian,65855.06358210194,,ADHB,7.146887356080726
Kalimantan Timur,2022,B,Pertambangan dan Penggalian,Pertambangan,487673.3474504333,,ADHB,52.92450255470273
Kalimantan Timur,2022,C,Industri Pengolahan,Industri Pengolahan,136171.4646778904,,ADHB,14.777939101859811
Kalimantan Timur,2022,D,Pengadaan Listrik dan Gas,Listrik & Gas,419.63722114751295,,ADHB,0.04554091647365907
Kalimantan Timur,2022,E,"Pengadaan Air, Pengelolaan Sampah, Limbah dan Daur Ulang",Air & Sampah,377.86013994127694,,ADHB,0.04100707993617598
Kalimantan Timur,2022,F,Konstruksi,Konstruksi,69929.83319510263,,ADHB,7.589099660526992
Kalimantan Timur,2022,G,"Perdagangan Besar dan Eceran, Reparasi Mobil dan Sepeda Motor",Perdagangan,47441.604559689906,,ADHB,5.148576059867005
Kalimantan Timur,2022,H,Transportasi dan Pergudangan,Transportasi,28462.485066856894,,ADHB,3.0888767481539707
Kalimantan Timur,2022,I,Penyediaan Akomodasi dan Makan Minum,Akomodasi,7437.682464378953,,ADHB,0.8071707150801395
Kalimantan Timur,2022,J,Informasi dan Komunikasi,Infokom,11025.174712312346,,ADHB,1.196501490758884
Kalimantan Timur,2022,K,Jasa Keuangan dan Asuransi,Keuangan,13365.14280570759,,ADHB,1.4504453406417335
Kalimantan Timur,2022,L,Real Estate,Real Estate,6145.69424050584,,ADHB,0.6669583487236446
Kalimantan Timur,2022,MN,Jasa Perusahaan,Jasa Perusahaan,1510.108216526725,,ADHB,0.16388372787087654
Kalimantan Timur,2022,O,"Administrasi Pemerintahan, Pertahanan dan Jaminan Sosial Wajib",Adm. Pemerintahan,14380.110121962938,,ADHB,1.5605941535775392
Kalimantan Timur,2022,P,Jasa Pendidikan,Pendidikan,13143.597531941166,,ADHB,1.4264022522327957
Kalimantan Timur,2022,Q,Jasa Kesehatan dan Kegiatan Sosial,Kesehatan,6617.52496652083,,ADHB,0.7181635388266482
Kalimantan Timur,2022,RSTU,Jasa Lainnya,Jasa Lainnya,5033.539726152616,,ADHB,0.5462623444334083
Kalimantan Timur,2023,A,"Pertanian, Kehutanan dan Perikanan",Pertanian,68584.25196905482,,ADHB,8.12862060385303
Kalimantan Timur,2023,B,Pertambangan dan Penggalian,Pertambangan,362494.6836941367,,ADHB,42.96294951197897
Kalimantan Timur,2023,C,Industri Pengolahan,Industri Pengolahan,147269.2406872039,,ADHB,17.454382745239037
Kalimantan Timur,2023,D,Pengadaan Listrik dan Gas,Listrik & Gas,499.87877681569523,,ADHB,0.05924574239704883
Kalimantan Timur,2023,E,"Pengadaan Air, Pengelolaan Sampah, Limbah dan Daur Ulang",Air & Sampah,412.68215494349886,,ADHB,0.048911179625167577
Kalimantan Timur,2023,F,Konstruksi,Konstruksi,85099.1877383817,,ADHB,10.085974417763993
Kalimantan Timur,2023,G,"Perdagangan Besar dan Eceran, Reparasi Mobil dan Sepeda Motor",Perdagangan,53000.51300916739,,ADHB,6.281632440279219
Kalimantan Timur,2023,H,Transportasi dan Pergudangan,Transportasi,33710.25867531523,,ADHB,3.9953472606658957
Kalimantan Timur,2023,I,Penyediaan Akomodasi dan Makan Minum,Akomodasi,8279.877187938626,,ADHB,0.9813328625005363
Kalimantan Timur,2023,J,Informasi dan Komunikasi,Infokom,11867.181519960555,,ADHB,1.406500959671321
Kalimantan Timur,2023,K,Jasa Keuangan dan Asuransi,Keuangan,15313.969719214598,,ADHB,1.8150150539303855
Kalimantan Timur,2023,L,Real Estate,Real Estate,6518.983525889964,,ADHB,0.7726313589982268
Kalimantan Timur,2023,MN,Jasa Perusahaan,Jasa Perusahaan,1695.5933063344714,,ADHB,0.20096209100369683
Kalimantan Timur,2023,O,"Administrasi Pemerintahan, Pertahanan dan Jaminan Sosial Wajib",Adm. Pemerintahan,15544.789663915839,,ADHB,1.8423718844623465
Kalimantan Timur,2023,P,Jasa Pendidikan,Pendidikan,14073.059930223913,,ADHB,1.6679421532466574
Kalimantan Timur,2023,Q,Jasa Kesehatan dan Kegiatan Sosial,Kesehatan,7220.944920829001,,ADHB,0.855827977670767
Kalimantan Timur,2023,RSTU,Jasa Lainnya,Jasa Lainnya,5665.180778449283,,ADHB,0.6714384698842057
Kalimantan Timur,2024,A,"Pertanian, Kehutanan dan Perikanan",Pertanian,75341.09392355263,,ADHB,8.77903124267278
Kalimantan Timur,2024,B,Pertambangan dan Penggalian,Pertambangan,327522.8788583607,,ADHB,38.164213398669716
Kalimantan Timur,2024,C,Industri Pengolahan,Industri Pengolahan,154058.56128957245,,ADHB,17.951490379668762
Kalimantan Timur,2024,D,Pengadaan Listrik dan Gas,Listrik & Gas,584.6383262753666,,ADHB,0.06812428469970569
Kalimantan Timur,2024,E,"Pengadaan Air, Pengelolaan Sampah, Limbah dan Daur Ulang",Air & Sampah,469.54518258351675,,ADHB,0.05471319320011291
Kalimantan Timur,2024,F,Konstruksi,Konstruksi,99741.49032087652,,ADHB,11.622258373447705
Kalimantan Timur,2024,G,"Perdagangan Besar dan Eceran, Reparasi Mobil dan Sepeda Motor",Perdagangan,59103.06921498007,,ADHB,6.886914752029593
Kalimantan Timur,2024,H,Transportasi dan Pergudangan,Transportasi,38051.15074833458,,ADHB,4.433865024288582
Kalimantan Timur,2024,I,Penyediaan Akomodasi dan Makan Minum,Akomodasi,9521.096299146651,,ADHB,1.1094344071977238
Kalimantan Timur,2024,J,Informasi dan Komunikasi,Infokom,12909.21818895868,,ADHB,1.5042312753560825
Kalimantan Timur,2024,K,Jasa Keuangan dan Asuransi,Keuangan,16597.037015085738,,ADHB,1.9339499720972948
Kalimantan Timur,2024,L,Real Estate,Real Estate,6969.991055182093,,ADHB,0.8121699068596172
Kalimantan Timur,2024,MN,Jasa Perusahaan,Jasa Perusahaan,1881.3971503913906,,ADHB,0.219227562317066
Kalimantan Timur,2024,O,"Administrasi Pemerintahan, Pertahanan dan Jaminan Sosial Wajib",Adm. Pemerintahan,18769.28592303409,,ADHB,2.1870686890765128
Kalimantan Timur,2024,P,Jasa Pendidikan,Pendidikan,15504.02830428408,,ADHB,1.8065884337796045
Kalimantan Timur,2024,Q,Jasa Kesehatan dan Kegiatan Sosial,Kesehatan,7785.987290812414,,ADHB,0.9072528964133767
Kalimantan Timur,2024,RSTU,Jasa Lainnya,Jasa Lainnya,6564.613344559781,,ADHB,0.7649337519101347
Kalimantan Timur,2025,A,"Pertanian, Kehutanan dan Perikanan",Pertanian,86290.46361975528,,ADHB,9.705671892616914
Kalimantan Timur,2025,B,Pertambangan dan Penggalian,Pertambangan,302443.9502762285,,ADHB,34.01791604948551
Kalimantan Timur,2025,C,Industri Pengolahan,Industri Pengolahan,175768.43062985543,,ADHB,19.769863843714646
Kalimantan Timur,2025,D,Pengadaan Listrik dan Gas,Listrik & Gas,623.6618770458105,,ADHB,0.07014746817462278
Kalimantan Timur,2025,E,"Pengadaan Air, Pengelolaan Sampah, Limbah dan Daur Ulang",Air & Sampah,519.8734876138632,,ADHB,0.058473686254426796
Kalimantan Timur,2025,F,Konstruksi,Konstruksi,100697.519638923,,ADHB,11.326130895789785
Kalimantan Timur,2025,G,"Perdagangan Besar dan Eceran, Reparasi Mobil dan Sepeda Motor",Perdagangan,67530.52644880177,,ADHB,7.595614914481755
Kalimantan Timur,2025,H,Transportasi dan Pergudangan,Transportasi,41407.50288098163,,ADHB,4.657381824095212
Kalimantan Timur,2025,I,Penyediaan Akomodasi dan Makan Minum,Akomodasi,11014.048186571905,,ADHB,1.2388244705625375
Kalimantan Timur,2025,J,Informasi dan Komunikasi,Infokom,14284.827495782436,,ADHB,1.6067111347047605
Kalimantan Timur,2025,K,Jasa Keuangan dan Asuransi,Keuangan,16655.96855952369,,ADHB,1.8734094025132855
Kalimantan Timur,2025,L,Real Estate,Real Estate,7690.640238829768,,ADHB,0.8650183075983617
Kalimantan Timur,2025,MN,Jasa Perusahaan,Jasa Perusahaan,2139.4984425888297,,ADHB,0.2406438559657719
Kalimantan Timur,2025,O,"Administrasi Pemerintahan, Pertahanan dan Jaminan Sosial Wajib",Adm. Pemerintahan,21233.31676487052,,ADHB,2.3882547047140292
Kalimantan Timur,2025,P,Jasa Pendidikan,Pendidikan,17207.97119046806,,ADHB,1.9354968707579314
Kalimantan Timur,2025,Q,Jasa Kesehatan dan Kegiatan Sosial,Kesehatan,8852.036799157668,,ADHB,0.9956484314719322
Kalimantan Timur,2025,RSTU,Jasa Lainnya,Jasa Lainnya,7610.9611023257185,,ADHB,0.8560562563686557
Kalimantan Timur,2026,A,"Pertanian, Kehutanan dan Perikanan",Pertanian,,,ADHB,
Kalimantan Timur,2026,B,Pertambangan dan Penggalian,Pertambangan,,,ADHB,
Kalimantan Timur,2026,C,Industri Pengolahan,Industri Pengolahan,,,ADHB,
Kalimantan Timur,2026,D,Pengadaan Listrik dan Gas,Listrik & Gas,,,ADHB,
Kalimantan Timur,2026,E,"Pengadaan Air, Pengelolaan Sampah, Limbah dan Daur Ulang",Air & Sampah,,,ADHB,
Kalimantan Timur,2026,F,Konstruksi,Konstruksi,,,ADHB,
Kalimantan Timur,2026,G,"Perdagangan Besar dan Eceran, Reparasi Mobil dan Sepeda Motor",Perdagangan,,,ADHB,
Kalimantan Timur,2026,H,Transportasi dan Pergudangan,Transportasi,,,ADHB,
Kalimantan Timur,2026,I,Penyediaan Akomodasi dan Makan Minum,Akomodasi,,,ADHB,
Kalimantan Timur,2026,J,Informasi dan Komunikasi,Infokom,,,ADHB,
Kalimantan Timur,2026,K,Jasa Keuangan dan Asuransi,Keuangan,,,ADHB,
Kalimantan Timur,2026,L,Real Estate,Real Estate,,,ADHB,
Kalimantan Timur,2026,MN,Jasa Perusahaan,Jasa Perusahaan,,,ADHB,
Kalimantan Timur,2026,O,"Administrasi Pemerintahan, Pertahanan dan Jaminan Sosial Wajib",Adm. Pemerintahan,,,ADHB,
Kalimantan Timur,2026,P,Jasa Pendidikan,Pendidikan,,,ADHB,
Kalimantan Timur,2026,Q,Jasa Kesehatan dan Kegiatan Sosial,Kesehatan,,,ADHB,
Kalimantan Timur,2026,RSTU,Jasa Lainnya,Jasa Lainnya,,,ADHB,
Kalimantan Utara,2020,A,"Pertanian, Kehutanan dan Perikanan",Pertanian,16754.638814413905,,ADHB,16.684028668283993
Kalimantan Utara,2020,B,Pertambangan dan Penggalian,Pertambangan,25447.80382126166,,ADHB,25.34055751375196
Kalimantan Utara,2020,C,Industri Pengolahan,Industri Pengolahan,9047.538255681658,,ADHB,9.009408636450472
Kalimantan Utara,2020,D,Pengadaan Listrik dan Gas,Listrik & Gas,58.29701439523552,,ADHB,0.05805132955827898
Kalimantan Utara,2020,E,"Pengadaan Air, Pengelolaan Sampah, Limbah dan Daur Ulang",Air & Sampah,62.62193843301604,,ADHB,0.06235802679202682
Kalimantan Utara,2020,F,Konstruksi,Konstruksi,14015.523020482859,,ADHB,13.956456505261292
Kalimantan Utara,2020,G,"Perdagangan Besar dan Eceran, Reparasi Mobil dan Sepeda Motor",Perdagangan,12192.393872938026,,ADHB,12.14101068750636
Kalimantan Utara,2020,H,Transportasi dan Pergudangan,Transportasi,6680.63225026837,,ADHB,6.652477634423961
Kalimantan Utara,2020,I,Penyediaan Akomodasi dan Makan Minum,Akomodasi,1520.503547788293,,ADHB,1.5140955924220445
Kalimantan Utara,2020,J,Informasi dan Komunikasi,Infokom,2553.253692518005,,ADHB,2.542493352153023
Kalimantan Utara,2020,K,Jasa Keuangan dan Asuransi,Keuangan,1119.1698695193818,,ADHB,1.1144532803463
Kalimantan Utara,2020,L,Real Estate,Real Estate,765.3863658175704,,ADHB,0.7621607490952496
Kalimantan Utara,2020,MN,Jasa Perusahaan,Jasa Perusahaan,225.99676266355985,,ADHB,0.22504433004992258
Kalimantan Utara,2020,O,"Administrasi Pemerintahan, Pertahanan dan Jaminan Sosial Wajib",Adm. Pemerintahan,4949.0503939712435,,ADHB,4.92819329431106
Kalimantan Utara,2020,P,Jasa Pendidikan,Pendidikan,2584.601748304224,,ADHB,2.5737092958224443
Kalimantan Utara,2020,Q,Jasa Kesehatan dan Kegiatan Sosial,Kesehatan,1127.8080197205827,,ADHB,1.123055026238536
Kalimantan Utara,2020,RSTU,Jasa Lainnya,Jasa Lainnya,717.8749608063458,,ADHB,0.7148495744374118
Kalimantan Utara,2021,A,"Pertanian, Kehutanan dan Perikanan",Pertanian,18324.35808279082,,ADHB,16.42994883610094
Kalimantan Utara,2021,B,Pertambangan dan Penggalian,Pertambangan,30250.575954350756,,ADHB,27.123210152683956
Kalimantan Utara,2021,C,Industri Pengolahan,Industri Pengolahan,9755.36743811608,,ADHB,8.746837797070677
Kalimantan Utara,2021,D,Pengadaan Listrik dan Gas,Listrik & Gas,61.017740326813545,,ADHB,0.05470960276668829
Kalimantan Utara,2021,E,"Pengadaan Air, Pengelolaan Sampah, Limbah dan Daur Ulang",Air & Sampah,67.70450046276052,,ADHB,0.06070507209862988
Kalimantan Utara,2021,F,Konstruksi,Konstruksi,14803.865991388471,,ADHB,13.273412346347449
Kalimantan Utara,2021,G,"Perdagangan Besar dan Eceran, Reparasi Mobil dan Sepeda Motor",Perdagangan,13812.562267083867,,ADHB,12.384591608519974
Kalimantan Utara,2021,H,Transportasi dan Pergudangan,Transportasi,6882.10675743556,,ADHB,6.170620624110272
Kalimantan Utara,2021,I,Penyediaan Akomodasi dan Makan Minum,Akomodasi,1649.430682085837,,ADHB,1.4789091979607294
Kalimantan Utara,2021,J,Informasi dan Komunikasi,Infokom,2933.7114464589713,,ADHB,2.6304184161557034
Kalimantan Utara,2021,K,Jasa Keuangan dan Asuransi,Keuangan,1246.8632075437754,,ADHB,1.1179599641637714
Kalimantan Utara,2021,L,Real Estate,Real Estate,819.5524160313105,,ADHB,0.7348254276117365
Kalimantan Utara,2021,MN,Jasa Perusahaan,Jasa Perusahaan,244.09602737440648,,ADHB,0.21886088575312276
Kalimantan Utara,2021,O,"Administrasi Pemerintahan, Pertahanan dan Jaminan Sosial Wajib",Adm. Pemerintahan,5162.834974187147,,ADHB,4.629090639458209
Kalimantan Utara,2021,P,Jasa Pendidikan,Pendidikan,2817.324069694132,,ADHB,2.526063402093291
Kalimantan Utara,2021,Q,Jasa Kesehatan dan Kegiatan Sosial,Kesehatan,1249.078018576033,,ADHB,1.1199458035463687
Kalimantan Utara,2021,RSTU,Jasa Lainnya,Jasa Lainnya,801.8463455944814,,ADHB,0.7189498465926826
Kalimantan Utara,2022,A,"Pertanian, Kehutanan dan Perikanan",Pertanian,19813.37290197994,,ADHB,14.287635563031664
Kalimantan Utara,2022,B,Pertambangan dan Penggalian,Pertambangan,49957.33281461494,,ADHB,36.02476814459866
Kalimantan Utara,2022,C,Industri Pengolahan,Industri Pengolahan,10584.526415593666,,ADHB,7.632615445206305
Kalimantan Utara,2022,D,Pengadaan Listrik dan Gas,Listrik & Gas,68.7032946006872,,ADHB,0.04954268211123853
Kalimantan Utara,2022,E,"Pengadaan Air, Pengelolaan Sampah, Limbah dan Daur Ulang",Air & Sampah,72.90641815660858,,ADHB,0.052573599557273046
Kalimantan Utara,2022,F,Konstruksi,Konstruksi,14866.748371566293,,ADHB,10.720571595309124
Kalimantan Utara,2022,G,"Perdagangan Besar dan Eceran, Reparasi Mobil dan Sepeda Motor",Perdagangan,15425.853081532021,,ADHB,11.123747994253625
Kalimantan Utara,2022,H,Transportasi dan Pergudangan,Transportasi,8583.932979802326,,ADHB,6.189966075924828
Kalimantan Utara,2022,I,Penyediaan Akomodasi dan Makan Minum,Akomodasi,1892.4410733640107,,ADHB,1.364659541538004
Kalimantan Utara,2022,J,Informasi dan Komunikasi,Infokom,3325.4914571639583,,ADHB,2.398047532996554
Kalimantan Utara,2022,K,Jasa Keuangan dan Asuransi,Keuangan,1407.4339337263816,,ADHB,1.0149156947486278
Kalimantan Utara,2022,L,Real Estate,Real Estate,867.8953411713624,,ADHB,0.6258486327822718
Kalimantan Utara,2022,MN,Jasa Perusahaan,Jasa Perusahaan,266.74750120625305,,ADHB,0.19235448216913348
Kalimantan Utara,2022,O,"Administrasi Pemerintahan, Pertahanan dan Jaminan Sosial Wajib",Adm. Pemerintahan,5498.932730192098,,ADHB,3.9653393303247366
Kalimantan Utara,2022,P,Jasa Pendidikan,Pendidikan,3081.7472363893494,,ADHB,2.222280962900115
Kalimantan Utara,2022,Q,Jasa Kesehatan dan Kegiatan Sosial,Kesehatan,1290.4054404372284,,ADHB,0.9305251939046734
Kalimantan Utara,2022,RSTU,Jasa Lainnya,Jasa Lainnya,891.017565602303,,ADHB,0.6425223166477226
Kalimantan Utara,2023,A,"Pertanian, Kehutanan dan Perikanan",Pertanian,21234.166370713137,,ADHB,14.41483607967942
Kalimantan Utara,2023,B,Pertambangan dan Penggalian,Pertambangan,50094.06753244046,,ADHB,34.00641020880675
Kalimantan Utara,2023,C,Industri Pengolahan,Industri Pengolahan,11127.51408944272,,ADHB,7.553924593661976
Kalimantan Utara,2023,D,Pengadaan Listrik dan Gas,Listrik & Gas,85.50427371101568,,ADHB,0.05804466575887243
Kalimantan Utara,2023,E,"Pengadaan Air, Pengelolaan Sampah, Limbah dan Daur Ulang",Air & Sampah,77.72042994211998,,ADHB,0.05276059526419931
Kalimantan Utara,2023,F,Konstruksi,Konstruksi,16522.621706427708,,ADHB,11.216399049844576
Kalimantan Utara,2023,G,"Perdagangan Besar dan Eceran, Reparasi Mobil dan Sepeda Motor",Perdagangan,16997.569425082995,,ADHB,11.538817806074926
Kalimantan Utara,2023,H,Transportasi dan Pergudangan,Transportasi,10210.947484073129,,ADHB,6.93171239367029
Kalimantan Utara,2023,I,Penyediaan Akomodasi dan Makan Minum,Akomodasi,2109.1953058970753,,ADHB,1.4318294424060567
Kalimantan Utara,2023,J,Informasi dan Komunikasi,Infokom,3618.473555101664,,ADHB,2.456404562572595
Kalimantan Utara,2023,K,Jasa Keuangan dan Asuransi,Keuangan,1606.3566177149376,,ADHB,1.0904768723016944
Kalimantan Utara,2023,L,Real Estate,Real Estate,904.322334556852,,ADHB,0.6139001639268138
Kalimantan Utara,2023,MN,Jasa Perusahaan,Jasa Perusahaan,280.33440107724635,,ADHB,0.19030530177050214
Kalimantan Utara,2023,O,"Administrasi Pemerintahan, Pertahanan dan Jaminan Sosial Wajib",Adm. Pemerintahan,5892.279654315509,,ADHB,3.9999802144215586
Kalimantan Utara,2023,P,Jasa Pendidikan,Pendidikan,3355.889201739704,,ADHB,2.278148899283557
Kalimantan Utara,2023,Q,Jasa Kesehatan dan Kegiatan Sosial,Kesehatan,1365.8341720737094,,ADHB,0.9271979581747035
Kalimantan Utara,2023,RSTU,Jasa Lainnya,Jasa Lainnya,978.8193633576118,,ADHB,0.6644725499502754
Kalimantan Utara,2024,A,"Pertanian, Kehutanan dan Perikanan",Pertanian,21986.06028921641,,ADHB,14.95887463061588
Kalimantan Utara,2024,B,Pertambangan dan Penggalian,Pertambangan,41959.84455891635,,ADHB,28.548637000909906
Kalimantan Utara,2024,C,Industri Pengolahan,Industri Pengolahan,11939.608301415044,,ADHB,8.123470115613593
Kalimantan Utara,2024,D,Pengadaan Listrik dan Gas,Listrik & Gas,85.97096757519148,,ADHB,0.05849292273890452
Kalimantan Utara,2024,E,"Pengadaan Air, Pengelolaan Sampah, Limbah dan Daur Ulang",Air & Sampah,85.75704465842827,,ADHB,0.05834737387519809
Kalimantan Utara,2024,F,Konstruksi,Konstruksi,18578.109681908976,,ADHB,12.64017336211044
Kalimantan Utara,2024,G,"Perdagangan Besar dan Eceran, Reparasi Mobil dan Sepeda Motor",Perdagangan,19012.999301709708,,ADHB,12.936063540486147
Kalimantan Utara,2024,H,Transportasi dan Pergudangan,Transportasi,10900.446556489094,,ADHB,7.416445298124868
Kalimantan Utara,2024,I,Penyediaan Akomodasi dan Makan Minum,Akomodasi,2405.499271366356,,ADHB,1.6366534772969836
Kalimantan Utara,2024,J,Informasi dan Komunikasi,Infokom,3847.083386168685,,ADHB,2.6174784072364425
Kalimantan Utara,2024,K,Jasa Keuangan dan Asuransi,Keuangan,1729.4445239736256,,ADHB,1.1766793811356666
Kalimantan Utara,2024,L,Real Estate,Real Estate,957.4196465495205,,ADHB,0.6514091325696661
Kalimantan Utara,2024,MN,Jasa Perusahaan,Jasa Perusahaan,295.3357729289442,,ADHB,0.20094053882618412
Kalimantan Utara,2024,O,"Administrasi Pemerintahan, Pertahanan dan Jaminan Sosial Wajib",Adm. Pemerintahan,6203.133291207439,,ADHB,4.220487527075678
Kalimantan Utara,2024,P,Jasa Pendidikan,Pendidikan,3617.7379843969074,,ADHB,2.461436393929723
Kalimantan Utara,2024,Q,Jasa Kesehatan dan Kegiatan Sosial,Kesehatan,1428.582561816971,,ADHB,0.9719789339514161
Kalimantan Utara,2024,RSTU,Jasa Lainnya,Jasa Lainnya,1061.550329438761,,ADHB,0.7222575615310188
Kalimantan Utara,2025,A,"Pertanian, Kehutanan dan Perikanan",Pertanian,23514.986574237384,,ADHB,15.07122162478782
Kalimantan Utara,2025,B,Pertambangan dan Penggalian,Pertambangan,41670.33317529336,,ADHB,26.70734361173932
Kalimantan Utara,2025,C,Industri Pengolahan,Industri Pengolahan,13417.27748946708,,ADHB,8.59939945135151
Kalimantan Utara,2025,D,Pengadaan Listrik dan Gas,Listrik & Gas,90.31022754635788,,ADHB,0.05788161732685655
Kalimantan Utara,2025,E,"Pengadaan Air, Pengelolaan Sampah, Limbah dan Daur Ulang",Air & Sampah,89.12884216935464,,ADHB,0.057124443990401993
Kalimantan Utara,2025,F,Konstruksi,Konstruksi,20910.303604696288,,ADHB,13.401828611428746
Kalimantan Utara,2025,G,"Perdagangan Besar dan Eceran, Reparasi Mobil dan Sepeda Motor",Perdagangan,21349.74172780694,,ADHB,13.683473226571216
Kalimantan Utara,2025,H,Transportasi dan Pergudangan,Transportasi,11444.981303004037,,ADHB,7.335315678985063
Kalimantan Utara,2025,I,Penyediaan Akomodasi dan Makan Minum,Akomodasi,2738.4926338014943,,ADHB,1.755154283060004
Kalimantan Utara,2025,J,Informasi dan Komunikasi,Infokom,4087.3147406983358,,ADHB,2.6196411430153903
Kalimantan Utara,2025,K,Jasa Keuangan dan Asuransi,Keuangan,1818.3163699339607,,ADHB,1.1653950517359863
Kalimantan Utara,2025,L,Real Estate,Real Estate,1030.1637630360904,,ADHB,0.6602524025912968
Kalimantan Utara,2025,MN,Jasa Perusahaan,Jasa Perusahaan,309.74944163372965,,ADHB,0.19852456510142052
Kalimantan Utara,2025,O,"Administrasi Pemerintahan, Pertahanan dan Jaminan Sosial Wajib",Adm. Pemerintahan,6166.64415487629,,ADHB,3.9523246354376056
Kalimantan Utara,2025,P,Jasa Pendidikan,Pendidikan,3747.6944871530777,,ADHB,2.4019717816790354
Kalimantan Utara,2025,Q,Jasa Kesehatan dan Kegiatan Sosial,Kesehatan,1518.988153160276,,ADHB,0.9735496564895705
Kalimantan Utara,2025,RSTU,Jasa Lainnya,Jasa Lainnya,1159.73195093413,,ADHB,0.7432952259060637
Kalimantan Utara,2026,A,"Pertanian, Kehutanan dan Perikanan",Pertanian,,,ADHB,
Kalimantan Utara,2026,B,Pertambangan dan Penggalian,Pertambangan,,,ADHB,
Kalimantan Utara,2026,C,Industri Pengolahan,Industri Pengolahan,,,ADHB,
Kalimantan Utara,2026,D,Pengadaan Listrik dan Gas,Listrik & Gas,,,ADHB,
Kalimantan Utara,2026,E,"Pengadaan Air, Pengelolaan Sampah, Limbah dan Daur Ulang",Air & Sampah,,,ADHB,
Kalimantan Utara,2026,F,Konstruksi,Konstruksi,,,ADHB,
Kalimantan Utara,2026,G,"Perdagangan Besar dan Eceran, Reparasi Mobil dan Sepeda Motor",Perdagangan,,,ADHB,
Kalimantan Utara,2026,H,Transportasi dan Pergudangan,Transportasi,,,ADHB,
Kalimantan Utara,2026,I,Penyediaan Akomodasi dan Makan Minum,Akomodasi,,,ADHB,
Kalimantan Utara,2026,J,Informasi dan Komunikasi,Infokom,,,ADHB,
Kalimantan Utara,2026,K,Jasa Keuangan dan Asuransi,Keuangan,,,ADHB,
Kalimantan Utara,2026,L,Real Estate,Real Estate,,,ADHB,
Kalimantan Utara,2026,MN,Jasa Perusahaan,Jasa Perusahaan,,,ADHB,
Kalimantan Utara,2026,O,"Administrasi Pemerintahan, Pertahanan dan Jaminan Sosial Wajib",Adm. Pemerintahan,,,ADHB,
Kalimantan Utara,2026,P,Jasa Pendidikan,Pendidikan,,,ADHB,
Kalimantan Utara,2026,Q,Jasa Kesehatan dan Kegiatan Sosial,Kesehatan,,,ADHB,
Kalimantan Utara,2026,RSTU,Jasa Lainnya,Jasa Lainnya,,,ADHB,
Kep. Bangka Belitung,2020,A,"Pertanian, Kehutanan dan Perikanan",Pertanian,15648.182335907062,,ADHB,20.720640785641937
Kep. Bangka Belitung,2020,B,Pertambangan dan Penggalian,Pertambangan,6438.0755713275175,,ADHB,8.52501897029827
Kep. Bangka Belitung,2020,C,Industri Pengolahan,Industri Pengolahan,13917.136596495122,,ADHB,18.428465491418436
Kep. Bangka Belitung,2020,D,Pengadaan Listrik dan Gas,Listrik & Gas,100.35904011116428,,ADHB,0.13289106524299235
Kep. Bangka Belitung,2020,E,"Pengadaan Air, Pengelolaan Sampah, Limbah dan Daur Ulang",Air & Sampah,16.51086686766306,,ADHB,0.02186297002939238
Kep. Bangka Belitung,2020,F,Konstruksi,Konstruksi,7541.004876633472,,ADHB,9.985469868468199
Kep. Bangka Belitung,2020,G,"Perdagangan Besar dan Eceran, Reparasi Mobil dan Sepeda Motor",Perdagangan,11569.952975283682,,ADHB,15.320427277838577
Kep. Bangka Belitung,2020,H,Transportasi dan Pergudangan,Transportasi,2689.7940070968525,,ADHB,3.5617079486948353
Kep. Bangka Belitung,2020,I,Penyediaan Akomodasi dan Makan Minum,Akomodasi,2269.88695314727,,ADHB,3.005685335877925
Kep. Bangka Belitung,2020,J,Informasi dan Komunikasi,Infokom,1626.664140286416,,ADHB,2.15395773171799
Kep. Bangka Belitung,2020,K,Jasa Keuangan dan Asuransi,Keuangan,1406.4249345759777,,ADHB,1.8623265779852345
Kep. Bangka Belitung,2020,L,Real Estate,Real Estate,2789.626497565163,,ADHB,3.6939017798584195
Kep. Bangka Belitung,2020,MN,Jasa Perusahaan,Jasa Perusahaan,211.58309395877444,,ADHB,0.2801691079592319
Kep. Bangka Belitung,2020,O,"Administrasi Pemerintahan, Pertahanan dan Jaminan Sosial Wajib",Adm. Pemerintahan,4809.834893451147,,ADHB,6.368973656240984
Kep. Bangka Belitung,2020,P,Jasa Pendidikan,Pendidikan,2380.9360405526745,,ADHB,3.152731695659964
Kep. Bangka Belitung,2020,Q,Jasa Kesehatan dan Kegiatan Sosial,Kesehatan,1038.451699447287,,ADHB,1.3750724637271017
Kep. Bangka Belitung,2020,RSTU,Jasa Lainnya,Jasa Lainnya,657.7096918426889,,ADHB,0.8709104976771502
Kep. Bangka Belitung,2021,A,"Pertanian, Kehutanan dan Perikanan",Pertanian,17110.893482768308,,ADHB,19.905347491607333
Kep. Bangka Belitung,2021,B,Pertambangan dan Penggalian,Pertambangan,8172.795300037333,,ADHB,9.50752984283662
Kep. Bangka Belitung,2021,C,Industri Pengolahan,Industri Pengolahan,17617.253252941093,,ADHB,20.494403065543914
Kep. Bangka Belitung,2021,D,Pengadaan Listrik dan Gas,Listrik & Gas,110.27876713907098,,ADHB,0.12828886948889548
Kep. Bangka Belitung,2021,E,"Pengadaan Air, Pengelolaan Sampah, Limbah dan Daur Ulang",Air & Sampah,17.585067844595358,,ADHB,0.02045696131897899
Kep. Bangka Belitung,2021,F,Konstruksi,Konstruksi,8132.269440601318,,ADHB,9.46038553004651
Kep. Bangka Belitung,2021,G,"Perdagangan Besar dan Eceran, Reparasi Mobil dan Sepeda Motor",Perdagangan,12643.353783463359,,ADHB,14.708194564627123
Kep. Bangka Belitung,2021,H,Transportasi dan Pergudangan,Transportasi,3046.6641251504025,,ADHB,3.5442280183910713
Kep. Bangka Belitung,2021,I,Penyediaan Akomodasi dan Makan Minum,Akomodasi,2550.50644864678,,ADHB,2.967040686158595
Kep. Bangka Belitung,2021,J,Informasi dan Komunikasi,Infokom,1783.0509414225899,,ADHB,2.0742487012730844
Kep. Bangka Belitung,2021,K,Jasa Keuangan dan Asuransi,Keuangan,1558.8137765587735,,ADHB,1.8133903953265165
Kep. Bangka Belitung,2021,L,Real Estate,Real Estate,3008.0985640090385,,ADHB,3.4993641486872034
Kep. Bangka Belitung,2021,MN,Jasa Perusahaan,Jasa Perusahaan,229.6624365290478,,ADHB,0.26716960218843594
Kep. Bangka Belitung,2021,O,"Administrasi Pemerintahan, Pertahanan dan Jaminan Sosial Wajib",Adm. Pemerintahan,5070.25994738079,,ADHB,5.898306025166432
Kep. Bangka Belitung,2021,P,Jasa Pendidikan,Pendidikan,2515.003575183502,,ADHB,2.925739684901776
Kep. Bangka Belitung,2021,Q,Jasa Kesehatan dan Kegiatan Sosial,Kesehatan,1209.7600498017414,,ADHB,1.407331195008522
Kep. Bangka Belitung,2021,RSTU,Jasa Lainnya,Jasa Lainnya,691.8162446099805,,ADHB,0.8047997472001414
Kep. Bangka Belitung,2022,A,"Pertanian, Kehutanan dan Perikanan",Pertanian,18515.971621847988,,ADHB,19.431906178725942
Kep. Bangka Belitung,2022,B,Pertambangan dan Penggalian,Pertambangan,8186.7971739806,,ADHB,8.591775675511226
Kep. Bangka Belitung,2022,C,Industri Pengolahan,Industri Pengolahan,20430.876463579767,,ADHB,21.44153613418632
Kep. Bangka Belitung,2022,D,Pengadaan Listrik dan Gas,Listrik & Gas,108.29283580215272,,ADHB,0.11364978668754201
Kep. Bangka Belitung,2022,E,"Pengadaan Air, Pengelolaan Sampah, Limbah dan Daur Ulang",Air & Sampah,18.539913157424063,,ADHB,0.0194570320366928
Kep. Bangka Belitung,2022,F,Konstruksi,Konstruksi,8471.642584951893,,ADHB,8.890711611171424
Kep. Bangka Belitung,2022,G,"Perdagangan Besar dan Eceran, Reparasi Mobil dan Sepeda Motor",Perdagangan,14954.938222376586,,ADHB,15.694718180652552
Kep. Bangka Belitung,2022,H,Transportasi dan Pergudangan,Transportasi,4132.906631597859,,ADHB,4.3373502374502175
Kep. Bangka Belitung,2022,I,Penyediaan Akomodasi dan Makan Minum,Akomodasi,2902.3785331325444,,ADHB,3.0459512740034618
Kep. Bangka Belitung,2022,J,Informasi dan Komunikasi,Infokom,1983.2503872350453,,ADHB,2.0813563684770315
Kep. Bangka Belitung,2022,K,Jasa Keuangan dan Asuransi,Keuangan,1790.8236406081016,,ADHB,1.8794107961301751
Kep. Bangka Belitung,2022,L,Real Estate,Real Estate,3256.6750883810364,,ADHB,3.417773912406672
Kep. Bangka Belitung,2022,MN,Jasa Perusahaan,Jasa Perusahaan,267.42485398574536,,ADHB,0.28065363128871784
Kep. Bangka Belitung,2022,O,"Administrasi Pemerintahan, Pertahanan dan Jaminan Sosial Wajib",Adm. Pemerintahan,5015.506357796148,,ADHB,5.263609762098519
Kep. Bangka Belitung,2022,P,Jasa Pendidikan,Pendidikan,2647.8338089588506,,ADHB,2.7788149173784333
Kep. Bangka Belitung,2022,Q,Jasa Kesehatan dan Kegiatan Sosial,Kesehatan,1267.469958652225,,ADHB,1.330168236584581
Kep. Bangka Belitung,2022,RSTU,Jasa Lainnya,Jasa Lainnya,771.9274463819751,,ADHB,0.8101125893484687
Kep. Bangka Belitung,2023,A,"Pertanian, Kehutanan dan Perikanan",Pertanian,20261.43711384854,,ADHB,19.76218117830479
Kep. Bangka Belitung,2023,B,Pertambangan dan Penggalian,Pertambangan,7731.054587551387,,ADHB,7.540556012886629
Kep. Bangka Belitung,2023,C,Industri Pengolahan,Industri Pengolahan,21298.39923455076,,ADHB,20.77359182944512
Kep. Bangka Belitung,2023,D,Pengadaan Listrik dan Gas,Listrik & Gas,111.50011491127572,,ADHB,0.10875267434867038
Kep. Bangka Belitung,2023,E,"Pengadaan Air, Pengelolaan Sampah, Limbah dan Daur Ulang",Air & Sampah,19.156584088625937,,ADHB,0.01868455250186092
Kep. Bangka Belitung,2023,F,Konstruksi,Konstruksi,9532.788863609818,,ADHB,9.297894300321923
Kep. Bangka Belitung,2023,G,"Perdagangan Besar dan Eceran, Reparasi Mobil dan Sepeda Motor",Perdagangan,16054.194743216845,,ADHB,15.65860819272246
Kep. Bangka Belitung,2023,H,Transportasi dan Pergudangan,Transportasi,4890.2139814822385,,ADHB,4.76971569981468
Kep. Bangka Belitung,2023,I,Penyediaan Akomodasi dan Makan Minum,Akomodasi,3245.567789980567,,ADHB,3.165594737020276
Kep. Bangka Belitung,2023,J,Informasi dan Komunikasi,Infokom,2284.542123837447,,ADHB,2.2282494132603676
Kep. Bangka Belitung,2023,K,Jasa Keuangan dan Asuransi,Keuangan,2072.484254929784,,ADHB,2.021416798076615
Kep. Bangka Belitung,2023,L,Real Estate,Real Estate,3475.4368128474453,,ADHB,3.389799626912821
Kep. Bangka Belitung,2023,MN,Jasa Perusahaan,Jasa Perusahaan,304.4601133115174,,ADHB,0.2969580038681944
Kep. Bangka Belitung,2023,O,"Administrasi Pemerintahan, Pertahanan dan Jaminan Sosial Wajib",Adm. Pemerintahan,5377.35530265605,,ADHB,5.244853519229062
Kep. Bangka Belitung,2023,P,Jasa Pendidikan,Pendidikan,2978.0933550448244,,ADHB,2.9047110586284814
Kep. Bangka Belitung,2023,Q,Jasa Kesehatan dan Kegiatan Sosial,Kesehatan,1402.1033154747684,,ADHB,1.3675545123191473
Kep. Bangka Belitung,2023,RSTU,Jasa Lainnya,Jasa Lainnya,884.6269284239102,,ADHB,0.8628291041987171
Kep. Bangka Belitung,2024,A,"Pertanian, Kehutanan dan Perikanan",Pertanian,22074.880779056988,,ADHB,20.53416538846292
Kep. Bangka Belitung,2024,B,Pertambangan dan Penggalian,Pertambangan,8071.219516569716,,ADHB,7.507889084369148
Kep. Bangka Belitung,2024,C,Industri Pengolahan,Industri Pengolahan,21752.43792343456,,ADHB,20.234227418607116
Kep. Bangka Belitung,2024,D,Pengadaan Listrik dan Gas,Listrik & Gas,116.7628329541091,,ADHB,0.10861337585930864
Kep. Bangka Belitung,2024,E,"Pengadaan Air, Pengelolaan Sampah, Limbah dan Daur Ulang",Air & Sampah,21.07622101962532,,ADHB,0.019605207045619785
Kep. Bangka Belitung,2024,F,Konstruksi,Konstruksi,9569.907954102093,,ADHB,8.90197662441436
Kep. Bangka Belitung,2024,G,"Perdagangan Besar dan Eceran, Reparasi Mobil dan Sepeda Motor",Perdagangan,16461.69632405824,,ADHB,15.31275291024716
Kep. Bangka Belitung,2024,H,Transportasi dan Pergudangan,Transportasi,5140.870175081705,,ADHB,4.782063353922838
Kep. Bangka Belitung,2024,I,Penyediaan Akomodasi dan Makan Minum,Akomodasi,3452.2151320286976,,ADHB,3.2112679197291634
Kep. Bangka Belitung,2024,J,Informasi dan Komunikasi,Infokom,2521.0326446344916,,ADHB,2.3450772755136096
Kep. Bangka Belitung,2024,K,Jasa Keuangan dan Asuransi,Keuangan,2109.2777586024363,,ADHB,1.9620608047152062
Kep. Bangka Belitung,2024,L,Real Estate,Real Estate,3645.2663079210615,,ADHB,3.390845096787892
Kep. Bangka Belitung,2024,MN,Jasa Perusahaan,Jasa Perusahaan,324.6810859934209,,ADHB,0.3020199830306609
Kep. Bangka Belitung,2024,O,"Administrasi Pemerintahan, Pertahanan dan Jaminan Sosial Wajib",Adm. Pemerintahan,5856.2677600944135,,ADHB,5.447529794090197
Kep. Bangka Belitung,2024,P,Jasa Pendidikan,Pendidikan,3353.773816406142,,ADHB,3.1196973116573314
Kep. Bangka Belitung,2024,Q,Jasa Kesehatan dan Kegiatan Sosial,Kesehatan,1443.3614458502082,,ADHB,1.3426220934582664
Kep. Bangka Belitung,2024,RSTU,Jasa Lainnya,Jasa Lainnya,985.4878543263693,,ADHB,0.9167057703096498
Kep. Bangka Belitung,2025,A,"Pertanian, Kehutanan dan Perikanan",Pertanian,24376.20893049788,,ADHB,20.867940805358877
Kep. Bangka Belitung,2025,B,Pertambangan dan Penggalian,Pertambangan,9170.043194745853,,ADHB,7.85027397476577
Kep. Bangka Belitung,2025,C,Industri Pengolahan,Industri Pengolahan,24258.571153906756,,ADHB,20.76723367057114
Kep. Bangka Belitung,2025,D,Pengadaan Listrik dan Gas,Listrik & Gas,124.84557349536641,,ADHB,0.10687757251099238
Kep. Bangka Belitung,2025,E,"Pengadaan Air, Pengelolaan Sampah, Limbah dan Daur Ulang",Air & Sampah,22.677576179681797,,ADHB,0.019413778355605458
Kep. Bangka Belitung,2025,F,Konstruksi,Konstruksi,9552.91826762381,,ADHB,8.178044973916847
Kep. Bangka Belitung,2025,G,"Perdagangan Besar dan Eceran, Reparasi Mobil dan Sepeda Motor",Perdagangan,18227.04145486614,,ADHB,15.603772646577827
Kep. Bangka Belitung,2025,H,Transportasi dan Pergudangan,Transportasi,5446.411278915629,,ADHB,4.662553906315279
Kep. Bangka Belitung,2025,I,Penyediaan Akomodasi dan Makan Minum,Akomodasi,3833.003603772728,,ADHB,3.2813507850345958
Kep. Bangka Belitung,2025,J,Informasi dan Komunikasi,Infokom,2729.661435791086,,ADHB,2.336803619593683
Kep. Bangka Belitung,2025,K,Jasa Keuangan dan Asuransi,Keuangan,2166.2612353737663,,ADHB,1.854488996119711
Kep. Bangka Belitung,2025,L,Real Estate,Real Estate,3828.5698951463164,,ADHB,3.2775551837814243
Kep. Bangka Belitung,2025,MN,Jasa Perusahaan,Jasa Perusahaan,352.1437567737204,,ADHB,0.3014625897030576
Kep. Bangka Belitung,2025,O,"Administrasi Pemerintahan, Pertahanan dan Jaminan Sosial Wajib",Adm. Pemerintahan,5841.662163017994,,ADHB,5.000919567531552
Kep. Bangka Belitung,2025,P,Jasa Pendidikan,Pendidikan,3611.9106964969073,,ADHB,3.0920779692874305
Kep. Bangka Belitung,2025,Q,Jasa Kesehatan dan Kegiatan Sosial,Kesehatan,1540.8050723895153,,ADHB,1.3190496165707248
Kep. Bangka Belitung,2025,RSTU,Jasa Lainnya,Jasa Lainnya,1088.4029136075976,,ADHB,0.9317579956055774
Kep. Bangka Belitung,2026,A,"Pertanian, Kehutanan dan Perikanan",Pertanian,,,ADHB,
Kep. Bangka Belitung,2026,B,Pertambangan dan Penggalian,Pertambangan,,,ADHB,
Kep. Bangka Belitung,2026,C,Industri Pengolahan,Industri Pengolahan,,,ADHB,
Kep. Bangka Belitung,2026,D,Pengadaan Listrik dan Gas,Listrik & Gas,,,ADHB,
Kep. Bangka Belitung,2026,E,"Pengadaan Air, Pengelolaan Sampah, Limbah dan Daur Ulang",Air & Sampah,,,ADHB,
Kep. Bangka Belitung,2026,F,Konstruksi,Konstruksi,,,ADHB,
Kep. Bangka Belitung,2026,G,"Perdagangan Besar dan Eceran, Reparasi Mobil dan Sepeda Motor",Perdagangan,,,ADHB,
Kep. Bangka Belitung,2026,H,Transportasi dan Pergudangan,Transportasi,,,ADHB,
Kep. Bangka Belitung,2026,I,Penyediaan Akomodasi dan Makan Minum,Akomodasi,,,ADHB,
Kep. Bangka Belitung,2026,J,Informasi dan Komunikasi,Infokom,,,ADHB,
Kep. Bangka Belitung,2026,K,Jasa Keuangan dan Asuransi,Keuangan,,,ADHB,
Kep. Bangka Belitung,2026,L,Real Estate,Real Estate,,,ADHB,
Kep. Bangka Belitung,2026,MN,Jasa Perusahaan,Jasa Perusahaan,,,ADHB,
Kep. Bangka Belitung,2026,O,"Administrasi Pemerintahan, Pertahanan dan Jaminan Sosial Wajib",Adm. Pemerintahan,,,ADHB,
Kep. Bangka Belitung,2026,P,Jasa Pendidikan,Pendidikan,,,ADHB,
Kep. Bangka Belitung,2026,Q,Jasa Kesehatan dan Kegiatan Sosial,Kesehatan,,,ADHB,
Kep. Bangka Belitung,2026,RSTU,Jasa Lainnya,Jasa Lainnya,,,ADHB,
Kep. Riau,2020,A,"Pertanian, Kehutanan dan Perikanan",Pertanian,8153.814185310038,,ADHB,3.2089584422973645
Kep. Riau,2020,B,Pertambangan dan Penggalian,Pertambangan,28228.554092917308,,ADHB,11.10943356221092
Kep. Riau,2020,C,Industri Pengolahan,Industri Pengolahan,103930.95506985276,,ADHB,40.90234436397705
Kep. Riau,2020,D,Pengadaan Listrik dan Gas,Listrik & Gas,2584.09385559804,,ADHB,1.0169780185265256
Kep. Riau,2020,E,"Pengadaan Air, Pengelolaan Sampah, Limbah dan Daur Ulang",Air & Sampah,279.9487101549666,,ADHB,0.11017466874343296
Kep. Riau,2020,F,Konstruksi,Konstruksi,48237.90620189023,,ADHB,18.98417511453485
Kep. Riau,2020,G,"Perdagangan Besar dan Eceran, Reparasi Mobil dan Sepeda Motor",Perdagangan,21491.888342399292,,ADHB,8.458198208821724
Kep. Riau,2020,H,Transportasi dan Pergudangan,Transportasi,4050.33301305955,,ADHB,1.5940209110711983
Kep. Riau,2020,I,Penyediaan Akomodasi dan Makan Minum,Akomodasi,3350.720986190261,,ADHB,1.3186864640341749
Kep. Riau,2020,J,Informasi dan Komunikasi,Infokom,6467.69203698684,,ADHB,2.5453799280415166
Kep. Riau,2020,K,Jasa Keuangan dan Asuransi,Keuangan,6984.461950636548,,ADHB,2.748756303740524
Kep. Riau,2020,L,Real Estate,Real Estate,3187.5566912799704,,ADHB,1.2544726581104182
Kep. Riau,2020,MN,Jasa Perusahaan,Jasa Perusahaan,5.787381836544793,,ADHB,0.002277641773666772
Kep. Riau,2020,O,"Administrasi Pemerintahan, Pertahanan dan Jaminan Sosial Wajib",Adm. Pemerintahan,7305.085323320224,,ADHB,2.874938609982522
Kep. Riau,2020,P,Jasa Pendidikan,Pendidikan,3887.689092010961,,ADHB,1.5300118998678884
Kep. Riau,2020,Q,Jasa Kesehatan dan Kegiatan Sosial,Kesehatan,2254.1015255382285,,ADHB,0.8871085305332146
Kep. Riau,2020,RSTU,Jasa Lainnya,Jasa Lainnya,432.46950135331286,,ADHB,0.17019969131796897
Kep. Riau,2021,A,"Pertanian, Kehutanan dan Perikanan",Pertanian,8573.852219343931,,ADHB,3.1107189477737176
Kep. Riau,2021,B,Pertambangan dan Penggalian,Pertambangan,34528.09371032569,,ADHB,12.527297250690822
Kep. Riau,2021,C,Industri Pengolahan,Industri Pengolahan,113816.6808116472,,ADHB,41.29435596927004
Kep. Riau,2021,D,Pengadaan Listrik dan Gas,Listrik & Gas,2714.0929209127094,,ADHB,0.9847125958216851
Kep. Riau,2021,E,"Pengadaan Air, Pengelolaan Sampah, Limbah dan Daur Ulang",Air & Sampah,278.13848258272884,,ADHB,0.10091270828334038
Kep. Riau,2021,F,Konstruksi,Konstruksi,51995.24823539607,,ADHB,18.864636308417854
Kep. Riau,2021,G,"Perdagangan Besar dan Eceran, Reparasi Mobil dan Sepeda Motor",Perdagangan,22401.841973937404,,ADHB,8.127715816717448
Kep. Riau,2021,H,Transportasi dan Pergudangan,Transportasi,3769.249775720988,,ADHB,1.3675389307239905
Kep. Riau,2021,I,Penyediaan Akomodasi dan Makan Minum,Akomodasi,3132.5130228340204,,ADHB,1.136521526729014
Kep. Riau,2021,J,Informasi dan Komunikasi,Infokom,7060.768804732514,,ADHB,2.5617501614008105
Kep. Riau,2021,K,Jasa Keuangan dan Asuransi,Keuangan,7184.693336493449,,ADHB,2.6067117934864434
Kep. Riau,2021,L,Real Estate,Real Estate,3112.9248035430974,,ADHB,1.1294146343610836
Kep. Riau,2021,MN,Jasa Perusahaan,Jasa Perusahaan,6.614150670336907,,ADHB,0.002399710572014225
Kep. Riau,2021,O,"Administrasi Pemerintahan, Pertahanan dan Jaminan Sosial Wajib",Adm. Pemerintahan,6659.47617385787,,ADHB,2.4161553274185614
Kep. Riau,2021,P,Jasa Pendidikan,Pendidikan,3870.0375983549666,,ADHB,1.4041062264449289
Kep. Riau,2021,Q,Jasa Kesehatan dan Kegiatan Sosial,Kesehatan,2545.739490298597,,ADHB,0.9236315096148948
Kep. Riau,2021,RSTU,Jasa Lainnya,Jasa Lainnya,426.6742651542735,,ADHB,0.15480366201651044
Kep. Riau,2022,A,"Pertanian, Kehutanan dan Perikanan",Pertanian,9495.372400728918,,ADHB,3.0755266606865224
Kep. Riau,2022,B,Pertambangan dan Penggalian,Pertambangan,38651.23259602206,,ADHB,12.519034672967269
Kep. Riau,2022,C,Industri Pengolahan,Industri Pengolahan,123775.72511703736,,ADHB,40.09063852135299
Kep. Riau,2022,D,Pengadaan Listrik dan Gas,Listrik & Gas,3240.315076912625,,ADHB,1.0495297064182818
Kep. Riau,2022,E,"Pengadaan Air, Pengelolaan Sampah, Limbah dan Daur Ulang",Air & Sampah,304.51608434962185,,ADHB,0.09863197529285248
Kep. Riau,2022,F,Konstruksi,Konstruksi,57764.131979934755,,ADHB,18.709653548929424
Kep. Riau,2022,G,"Perdagangan Besar dan Eceran, Reparasi Mobil dan Sepeda Motor",Perdagangan,27254.55256605088,,ADHB,8.827679368903645
Kep. Riau,2022,H,Transportasi dan Pergudangan,Transportasi,5799.46939764026,,ADHB,1.8784331985661773
Kep. Riau,2022,I,Penyediaan Akomodasi dan Makan Minum,Akomodasi,4820.91753603642,,ADHB,1.5614827713247976
Kep. Riau,2022,J,Informasi dan Komunikasi,Infokom,7700.980077509023,,ADHB,2.494327609518148
Kep. Riau,2022,K,Jasa Keuangan dan Asuransi,Keuangan,7898.405388999999,,ADHB,2.558273159346002
Kep. Riau,2022,L,Real Estate,Real Estate,3349.525466914492,,ADHB,1.084902670415874
Kep. Riau,2022,MN,Jasa Perusahaan,Jasa Perusahaan,8.79562506311369,,ADHB,0.0028488803005695834
Kep. Riau,2022,O,"Administrasi Pemerintahan, Pertahanan dan Jaminan Sosial Wajib",Adm. Pemerintahan,7161.39567801838,,ADHB,2.319557612482897
Kep. Riau,2022,P,Jasa Pendidikan,Pendidikan,4173.814914840596,,ADHB,1.3518878992442556
Kep. Riau,2022,Q,Jasa Kesehatan dan Kegiatan Sosial,Kesehatan,2619.4656311422336,,ADHB,0.8484381702303266
Kep. Riau,2022,RSTU,Jasa Lainnya,Jasa Lainnya,780.4416803867281,,ADHB,0.25278304987344297
Kep. Riau,2023,A,"Pertanian, Kehutanan dan Perikanan",Pertanian,10029.693608948513,,ADHB,3.0242300721644684
Kep. Riau,2023,B,Pertambangan dan Penggalian,Pertambangan,36855.748515999105,,ADHB,11.113027709517507
Kep. Riau,2023,C,Industri Pengolahan,Industri Pengolahan,130589.04642299216,,ADHB,39.37620995075425
Kep. Riau,2023,D,Pengadaan Listrik dan Gas,Listrik & Gas,3532.058319962602,,ADHB,1.0650132899712237
Kep. Riau,2023,E,"Pengadaan Air, Pengelolaan Sampah, Limbah dan Daur Ulang",Air & Sampah,320.6887768356581,,ADHB,0.09669653735451571
Kep. Riau,2023,F,Konstruksi,Konstruksi,65518.49093322382,,ADHB,19.755637439044694
Kep. Riau,2023,G,"Perdagangan Besar dan Eceran, Reparasi Mobil dan Sepeda Motor",Perdagangan,30067.941167718287,,ADHB,9.066316024485097
Kep. Riau,2023,H,Transportasi dan Pergudangan,Transportasi,6667.472479975255,,ADHB,2.0104273934429897
Kep. Riau,2023,I,Penyediaan Akomodasi dan Makan Minum,Akomodasi,6232.124260302702,,ADHB,1.8791578622758234
Kep. Riau,2023,J,Informasi dan Komunikasi,Infokom,9311.36410939114,,ADHB,2.807633857067125
Kep. Riau,2023,K,Jasa Keuangan dan Asuransi,Keuangan,8814.546647295023,,ADHB,2.65782964889999
Kep. Riau,2023,L,Real Estate,Real Estate,3635.7075931774607,,ADHB,1.0962664130710855
Kep. Riau,2023,MN,Jasa Perusahaan,Jasa Perusahaan,11.066749088470337,,ADHB,0.003336930987063268
Kep. Riau,2023,O,"Administrasi Pemerintahan, Pertahanan dan Jaminan Sosial Wajib",Adm. Pemerintahan,7841.197236157252,,ADHB,2.3643378759050395
Kep. Riau,2023,P,Jasa Pendidikan,Pendidikan,4406.716844419203,,ADHB,1.3287470305689053
Kep. Riau,2023,Q,Jasa Kesehatan dan Kegiatan Sosial,Kesehatan,2552.5993473883714,,ADHB,0.7696793151958126
Kep. Riau,2023,RSTU,Jasa Lainnya,Jasa Lainnya,986.8175831802586,,ADHB,0.2975527994326511
Kep. Riau,2024,A,"Pertanian, Kehutanan dan Perikanan",Pertanian,10492.62203010255,,ADHB,2.9771673512353094
Kep. Riau,2024,B,Pertambangan dan Penggalian,Pertambangan,34076.63030356641,,ADHB,9.668873127120747
Kep. Riau,2024,C,Industri Pengolahan,Industri Pengolahan,142087.4563628207,,ADHB,40.315769965777285
Kep. Riau,2024,D,Pengadaan Listrik dan Gas,Listrik & Gas,3838.0109017282293,,ADHB,1.0889938394358418
Kep. Riau,2024,E,"Pengadaan Air, Pengelolaan Sampah, Limbah dan Daur Ulang",Air & Sampah,341.6257495804959,,ADHB,0.09693258987833774
Kep. Riau,2024,F,Konstruksi,Konstruksi,69793.42665070071,,ADHB,19.803125525648205
Kep. Riau,2024,G,"Perdagangan Besar dan Eceran, Reparasi Mobil dan Sepeda Motor",Perdagangan,32496.703616669216,,ADHB,9.220586117822108
Kep. Riau,2024,H,Transportasi dan Pergudangan,Transportasi,7099.2232670170215,,ADHB,2.014327369179673
Kep. Riau,2024,I,Penyediaan Akomodasi dan Makan Minum,Akomodasi,6607.503271092468,,ADHB,1.8748071697846858
Kep. Riau,2024,J,Informasi dan Komunikasi,Infokom,9365.830648537882,,ADHB,2.6574525551411177
Kep. Riau,2024,K,Jasa Keuangan dan Asuransi,Keuangan,9634.783035848677,,ADHB,2.7337648690928926
Kep. Riau,2024,L,Real Estate,Real Estate,3878.1713344532373,,ADHB,1.1003889253140289
Kep. Riau,2024,MN,Jasa Perusahaan,Jasa Perusahaan,11.923401133122406,,ADHB,0.0033831353561934395
Kep. Riau,2024,O,"Administrasi Pemerintahan, Pertahanan dan Jaminan Sosial Wajib",Adm. Pemerintahan,9170.376167919107,,ADHB,2.6019944726254756
Kep. Riau,2024,P,Jasa Pendidikan,Pendidikan,4692.3736903116815,,ADHB,1.3314099860371076
Kep. Riau,2024,Q,Jasa Kesehatan dan Kegiatan Sosial,Kesehatan,3092.439414124216,,ADHB,0.8774460409410061
Kep. Riau,2024,RSTU,Jasa Lainnya,Jasa Lainnya,1166.8569159870585,,ADHB,0.33108295561141454
Kep. Riau,2025,A,"Pertanian, Kehutanan dan Perikanan",Pertanian,11538.851610182246,,ADHB,3.02277925170077
Kep. Riau,2025,B,Pertambangan dan Penggalian,Pertambangan,38210.745782695216,,ADHB,10.009891230598772
Kep. Riau,2025,C,Industri Pengolahan,Industri Pengolahan,155897.43959295662,,ADHB,40.839726665608836
Kep. Riau,2025,D,Pengadaan Listrik dan Gas,Listrik & Gas,4325.904582925623,,ADHB,1.1332370897781496
Kep. Riau,2025,E,"Pengadaan Air, Pengelolaan Sampah, Limbah dan Daur Ulang",Air & Sampah,386.82176105438805,,ADHB,0.10133389638096657
Kep. Riau,2025,F,Konstruksi,Konstruksi,74197.43312394468,,ADHB,19.437156222600304
Kep. Riau,2025,G,"Perdagangan Besar dan Eceran, Reparasi Mobil dan Sepeda Motor",Perdagangan,35848.90573386981,,ADHB,9.39117098558536
Kep. Riau,2025,H,Transportasi dan Pergudangan,Transportasi,7606.800335283636,,ADHB,1.992718079937477
Kep. Riau,2025,I,Penyediaan Akomodasi dan Makan Minum,Akomodasi,6902.699632125043,,ADHB,1.808268095786749
Kep. Riau,2025,J,Informasi dan Komunikasi,Infokom,9091.452963697004,,ADHB,2.381645619068909
Kep. Riau,2025,K,Jasa Keuangan dan Asuransi,Keuangan,10218.404128587299,,ADHB,2.676867770630714
Kep. Riau,2025,L,Real Estate,Real Estate,4154.824710595626,,ADHB,1.0884200918711486
Kep. Riau,2025,MN,Jasa Perusahaan,Jasa Perusahaan,14.1646419476191,,ADHB,0.003710645325332955
Kep. Riau,2025,O,"Administrasi Pemerintahan, Pertahanan dan Jaminan Sosial Wajib",Adm. Pemerintahan,8822.943911800394,,ADHB,2.3113055524499138
Kep. Riau,2025,P,Jasa Pendidikan,Pendidikan,5081.295266473171,,ADHB,1.331123271375343
Kep. Riau,2025,Q,Jasa Kesehatan dan Kegiatan Sosial,Kesehatan,3239.921392162527,,ADHB,0.8487471277235429
Kep. Riau,2025,RSTU,Jasa Lainnya,Jasa Lainnya,1222.1200502207062,,ADHB,0.32015310151269954
Kep. Riau,2026,A,"Pertanian, Kehutanan dan Perikanan",Pertanian,,,ADHB,
Kep. Riau,2026,B,Pertambangan dan Penggalian,Pertambangan,,,ADHB,
Kep. Riau,2026,C,Industri Pengolahan,Industri Pengolahan,,,ADHB,
Kep. Riau,2026,D,Pengadaan Listrik dan Gas,Listrik & Gas,,,ADHB,
Kep. Riau,2026,E,"Pengadaan Air, Pengelolaan Sampah, Limbah dan Daur Ulang",Air & Sampah,,,ADHB,
Kep. Riau,2026,F,Konstruksi,Konstruksi,,,ADHB,
Kep. Riau,2026,G,"Perdagangan Besar dan Eceran, Reparasi Mobil dan Sepeda Motor",Perdagangan,,,ADHB,
Kep. Riau,2026,H,Transportasi dan Pergudangan,Transportasi,,,ADHB,
Kep. Riau,2026,I,Penyediaan Akomodasi dan Makan Minum,Akomodasi,,,ADHB,
Kep. Riau,2026,J,Informasi dan Komunikasi,Infokom,,,ADHB,
Kep. Riau,2026,K,Jasa Keuangan dan Asuransi,Keuangan,,,ADHB,
Kep. Riau,2026,L,Real Estate,Real Estate,,,ADHB,
Kep. Riau,2026,MN,Jasa Perusahaan,Jasa Perusahaan,,,ADHB,
Kep. Riau,2026,O,"Administrasi Pemerintahan, Pertahanan dan Jaminan Sosial Wajib",Adm. Pemerintahan,,,ADHB,
Kep. Riau,2026,P,Jasa Pendidikan,Pendidikan,,,ADHB,
Kep. Riau,2026,Q,Jasa Kesehatan dan Kegiatan Sosial,Kesehatan,,,ADHB,
Kep. Riau,2026,RSTU,Jasa Lainnya,Jasa Lainnya,,,ADHB,
Lampung,2020,A,"Pertanian, Kehutanan dan Perikanan",Pertanian,106356.994169313,,ADHB,30.127318760633415
Lampung,2020,B,Pertambangan dan Penggalian,Pertambangan,17616.785606304355,,ADHB,4.990236134860656
Lampung,2020,C,Industri Pengolahan,Industri Pengolahan,67491.16722185917,,ADHB,19.11795199085118
Lampung,2020,D,Pengadaan Listrik dan Gas,Listrik & Gas,564.5407011457538,,ADHB,0.15991517802481228
Lampung,2020,E,"Pengadaan Air, Pengelolaan Sampah, Limbah dan Daur Ulang",Air & Sampah,381.62978966588196,,ADHB,0.1081027384387557
Lampung,2020,F,Konstruksi,Konstruksi,32440.461435696445,,ADHB,9.189279276352975
Lampung,2020,G,"Perdagangan Besar dan Eceran, Reparasi Mobil dan Sepeda Motor",Perdagangan,39339.85554584114,,ADHB,11.14364294782593
Lampung,2020,H,Transportasi dan Pergudangan,Transportasi,17464.837452544107,,ADHB,4.947194391351648
Lampung,2020,I,Penyediaan Akomodasi dan Makan Minum,Akomodasi,5472.8910869173105,,ADHB,1.5502838868810458
Lampung,2020,J,Informasi dan Komunikasi,Infokom,15235.498041695388,,ADHB,4.315698366281951
Lampung,2020,K,Jasa Keuangan dan Asuransi,Keuangan,7721.820547588703,,ADHB,2.187329106718365
Lampung,2020,L,Real Estate,Real Estate,10481.485297731106,,ADHB,2.9690482616210376
Lampung,2020,MN,Jasa Perusahaan,Jasa Perusahaan,527.7972702085412,,ADHB,0.14950701385234155
Lampung,2020,O,"Administrasi Pemerintahan, Pertahanan dan Jaminan Sosial Wajib",Adm. Pemerintahan,12751.89923807693,,ADHB,3.6121793037647634
Lampung,2020,P,Jasa Pendidikan,Pendidikan,10936.592065677713,,ADHB,3.097964528718826
Lampung,2020,Q,Jasa Kesehatan dan Kegiatan Sosial,Kesehatan,3740.4335913404,,ADHB,1.059537607182651
Lampung,2020,RSTU,Jasa Lainnya,Jasa Lainnya,3189.7615133890663,,ADHB,0.903550938373549
Lampung,2021,A,"Pertanian, Kehutanan dan Perikanan",Pertanian,106577.910566757,,ADHB,28.711809000592325
Lampung,2021,B,Pertambangan dan Penggalian,Pertambangan,20669.30359332369,,ADHB,5.568256065360245
Lampung,2021,C,Industri Pengolahan,Industri Pengolahan,71919.78333513397,,ADHB,19.375000612241617
Lampung,2021,D,Pengadaan Listrik dan Gas,Listrik & Gas,516.6698262693392,,ADHB,0.13918949329488509
Lampung,2021,E,"Pengadaan Air, Pengelolaan Sampah, Limbah dan Daur Ulang",Air & Sampah,412.5528529740533,,ADHB,0.11114065432743729
Lampung,2021,F,Konstruksi,Konstruksi,35960.29997636081,,ADHB,9.687610303436756
Lampung,2021,G,"Perdagangan Besar dan Eceran, Reparasi Mobil dan Sepeda Motor",Perdagangan,43258.60078251546,,ADHB,11.653753359355717
Lampung,2021,H,Transportasi dan Pergudangan,Transportasi,18123.801129818865,,ADHB,4.882504391734507
Lampung,2021,I,Penyediaan Akomodasi dan Makan Minum,Akomodasi,5420.250208197834,,ADHB,1.460201160687217
Lampung,2021,J,Informasi dan Komunikasi,Infokom,15836.914374775619,,ADHB,4.266423110279301
Lampung,2021,K,Jasa Keuangan dan Asuransi,Keuangan,8245.301294927009,,ADHB,2.2212624987050766
Lampung,2021,L,Real Estate,Real Estate,10674.097894508122,,ADHB,2.8755739193139576
Lampung,2021,MN,Jasa Perusahaan,Jasa Perusahaan,537.0311823642676,,ADHB,0.14467478911351955
Lampung,2021,O,"Administrasi Pemerintahan, Pertahanan dan Jaminan Sosial Wajib",Adm. Pemerintahan,13192.513016183526,,ADHB,3.5540283342412993
Lampung,2021,P,Jasa Pendidikan,Pendidikan,11242.873918572419,,ADHB,3.0288006853502596
Lampung,2021,Q,Jasa Kesehatan dan Kegiatan Sosial,Kesehatan,3959.939119429504,,ADHB,1.0667971913356051
Lampung,2021,RSTU,Jasa Lainnya,Jasa Lainnya,3141.0577132779613,,ADHB,0.8461926926873354
Lampung,2022,A,"Pertanian, Kehutanan dan Perikanan",Pertanian,116980.81032472423,,ADHB,28.248067684181894
Lampung,2022,B,Pertambangan dan Penggalian,Pertambangan,24282.31450446011,,ADHB,5.863598155513956
Lampung,2022,C,Industri Pengolahan,Industri Pengolahan,75489.45326942745,,ADHB,18.22889736767345
Lampung,2022,D,Pengadaan Listrik dan Gas,Listrik & Gas,557.0934586323103,,ADHB,0.13452474540206247
Lampung,2022,E,"Pengadaan Air, Pengelolaan Sampah, Limbah dan Daur Ulang",Air & Sampah,432.4554099633267,,ADHB,0.10442763780764125
Lampung,2022,F,Konstruksi,Konstruksi,39501.76442192067,,ADHB,9.538731283682905
Lampung,2022,G,"Perdagangan Besar dan Eceran, Reparasi Mobil dan Sepeda Motor",Perdagangan,54480.8572178072,,ADHB,13.155823915981198
Lampung,2022,H,Transportasi dan Pergudangan,Transportasi,24378.27746544553,,ADHB,5.886770915298794
Lampung,2022,I,Penyediaan Akomodasi dan Makan Minum,Akomodasi,6221.6217968046585,,ADHB,1.5023728518691442
Lampung,2022,J,Informasi dan Komunikasi,Infokom,16056.915300479337,,ADHB,3.877360987225538
Lampung,2022,K,Jasa Keuangan dan Asuransi,Keuangan,8602.457023898225,,ADHB,2.077287613129003
Lampung,2022,L,Real Estate,Real Estate,11363.883516444484,,ADHB,2.7441060618113777
Lampung,2022,MN,Jasa Perusahaan,Jasa Perusahaan,655.1595148936733,,ADHB,0.15820535239309033
Lampung,2022,O,"Administrasi Pemerintahan, Pertahanan dan Jaminan Sosial Wajib",Adm. Pemerintahan,13321.09993721098,,ADHB,3.216727013683165
Lampung,2022,P,Jasa Pendidikan,Pendidikan,11942.348031226558,,ADHB,2.8837914061093204
Lampung,2022,Q,Jasa Kesehatan dan Kegiatan Sosial,Kesehatan,4074.2106782236688,,ADHB,0.9838244296530959
Lampung,2022,RSTU,Jasa Lainnya,Jasa Lainnya,4090.136797716873,,ADHB,0.9876702065813082
Lampung,2023,A,"Pertanian, Kehutanan dan Perikanan",Pertanian,124160.0511590388,,ADHB,27.663721922100002
Lampung,2023,B,Pertambangan dan Penggalian,Pertambangan,23470.394895782494,,ADHB,5.2293670285874
Lampung,2023,C,Industri Pengolahan,Industri Pengolahan,79428.69277699494,,ADHB,17.697264531601633
Lampung,2023,D,Pengadaan Listrik dan Gas,Listrik & Gas,566.844381496579,,ADHB,0.12629686599226694
Lampung,2023,E,"Pengadaan Air, Pengelolaan Sampah, Limbah dan Daur Ulang",Air & Sampah,439.18905867983744,,ADHB,0.09785437326362925
Lampung,2023,F,Konstruksi,Konstruksi,43286.38580809659,,ADHB,9.644507462984766
Lampung,2023,G,"Perdagangan Besar dan Eceran, Reparasi Mobil dan Sepeda Motor",Perdagangan,62493.47678577665,,ADHB,13.923980761996338
Lampung,2023,H,Transportasi dan Pergudangan,Transportasi,31676.01035126281,,ADHB,7.0576351554209475
Lampung,2023,I,Penyediaan Akomodasi dan Makan Minum,Akomodasi,7145.5814621739555,,ADHB,1.592085189205421
Lampung,2023,J,Informasi dan Komunikasi,Infokom,17353.278785511568,,ADHB,3.866431064402162
Lampung,2023,K,Jasa Keuangan dan Asuransi,Keuangan,9058.474689427836,,ADHB,2.0182910888601864
Lampung,2023,L,Real Estate,Real Estate,11706.43908681705,,ADHB,2.6082759516657426
Lampung,2023,MN,Jasa Perusahaan,Jasa Perusahaan,716.7786956869023,,ADHB,0.15970327276821908
Lampung,2023,O,"Administrasi Pemerintahan, Pertahanan dan Jaminan Sosial Wajib",Adm. Pemerintahan,13514.84034880465,,ADHB,3.011200315566971
Lampung,2023,P,Jasa Pendidikan,Pendidikan,12617.774603060492,,ADHB,2.811327835615105
Lampung,2023,Q,Jasa Kesehatan dan Kegiatan Sosial,Kesehatan,4351.238038273349,,ADHB,0.9694860624169039
Lampung,2023,RSTU,Jasa Lainnya,Jasa Lainnya,4923.608858664673,,ADHB,1.0970142573863784
Lampung,2024,A,"Pertanian, Kehutanan dan Perikanan",Pertanian,128951.41300638684,,ADHB,26.640513524800845
Lampung,2024,B,Pertambangan dan Penggalian,Pertambangan,24626.659097342104,,ADHB,5.087705744805664
Lampung,2024,C,Industri Pengolahan,Industri Pengolahan,89870.74755795574,,ADHB,18.566705164239647
Lampung,2024,D,Pengadaan Listrik dan Gas,Listrik & Gas,504.8038865312526,,ADHB,0.10428916173133974
Lampung,2024,E,"Pengadaan Air, Pengelolaan Sampah, Limbah dan Daur Ulang",Air & Sampah,462.78169495098007,,ADHB,0.09560765342494705
Lampung,2024,F,Konstruksi,Konstruksi,44801.44134432367,,ADHB,9.255683022293923
Lampung,2024,G,"Perdagangan Besar dan Eceran, Reparasi Mobil dan Sepeda Motor",Perdagangan,68701.51911614096,,ADHB,14.193281845599218
Lampung,2024,H,Transportasi dan Pergudangan,Transportasi,35389.18335132609,,ADHB,7.311172446446666
Lampung,2024,I,Penyediaan Akomodasi dan Makan Minum,Akomodasi,7710.083930531124,,ADHB,1.5928526135536862
Lampung,2024,J,Informasi dan Komunikasi,Infokom,18814.30878367481,,ADHB,3.8869124108507673
Lampung,2024,K,Jasa Keuangan dan Asuransi,Keuangan,9626.910844457407,,ADHB,1.9888564427061919
Lampung,2024,L,Real Estate,Real Estate,12709.634689134517,,ADHB,2.625726907035877
Lampung,2024,MN,Jasa Perusahaan,Jasa Perusahaan,803.6691117973675,,ADHB,0.1660327509652184
Lampung,2024,O,"Administrasi Pemerintahan, Pertahanan dan Jaminan Sosial Wajib",Adm. Pemerintahan,14885.56917177301,,ADHB,3.075260655153396
Lampung,2024,P,Jasa Pendidikan,Pendidikan,13646.979415467216,,ADHB,2.8193761604801195
Lampung,2024,Q,Jasa Kesehatan dan Kegiatan Sosial,Kesehatan,4790.5064628272185,,ADHB,0.989687117327465
Lampung,2024,RSTU,Jasa Lainnya,Jasa Lainnya,5564.6175530365,,ADHB,1.1496133755019082
Lampung,2025,A,"Pertanian, Kehutanan dan Perikanan",Pertanian,142783.47672735716,,ADHB,27.256737579550904
Lampung,2025,B,Pertambangan dan Penggalian,Pertambangan,24277.169537275557,,ADHB,4.634404865454596
Lampung,2025,C,Industri Pengolahan,Industri Pengolahan,98356.88744862146,,ADHB,18.775897126021192
Lampung,2025,D,Pengadaan Listrik dan Gas,Listrik & Gas,487.2780424829489,,ADHB,0.09301923469475408
Lampung,2025,E,"Pengadaan Air, Pengelolaan Sampah, Limbah dan Daur Ulang",Air & Sampah,489.84559178646873,,ADHB,0.09350936856172967
Lampung,2025,F,Konstruksi,Konstruksi,47630.32684399851,,ADHB,9.092419860976559
Lampung,2025,G,"Perdagangan Besar dan Eceran, Reparasi Mobil dan Sepeda Motor",Perdagangan,74980.67960758207,,ADHB,14.313481884901266
Lampung,2025,H,Transportasi dan Pergudangan,Transportasi,38542.85926125523,,ADHB,7.35766227667653
Lampung,2025,I,Penyediaan Akomodasi dan Makan Minum,Akomodasi,8513.19604039563,,ADHB,1.6251316731796355
Lampung,2025,J,Informasi dan Komunikasi,Infokom,19597.948609537743,,ADHB,3.7411621750021946
Lampung,2025,K,Jasa Keuangan dan Asuransi,Keuangan,10429.065169028574,,ADHB,1.9908626616162384
Lampung,2025,L,Real Estate,Real Estate,13617.672636945936,,ADHB,2.599553800039595
Lampung,2025,MN,Jasa Perusahaan,Jasa Perusahaan,853.6736846363603,,ADHB,0.16296255094790935
Lampung,2025,O,"Administrasi Pemerintahan, Pertahanan dan Jaminan Sosial Wajib",Adm. Pemerintahan,15691.800118900137,,ADHB,2.9954956119210285
Lampung,2025,P,Jasa Pendidikan,Pendidikan,14157.156475465697,,ADHB,2.7025388915360016
Lampung,2025,Q,Jasa Kesehatan dan Kegiatan Sosial,Kesehatan,5000.796223310867,,ADHB,0.9546299997153493
Lampung,2025,RSTU,Jasa Lainnya,Jasa Lainnya,6128.6012073793145,,ADHB,1.16992300977674
Lampung,2026,A,"Pertanian, Kehutanan dan Perikanan",Pertanian,,,ADHB,
Lampung,2026,B,Pertambangan dan Penggalian,Pertambangan,,,ADHB,
Lampung,2026,C,Industri Pengolahan,Industri Pengolahan,,,ADHB,
Lampung,2026,D,Pengadaan Listrik dan Gas,Listrik & Gas,,,ADHB,
Lampung,2026,E,"Pengadaan Air, Pengelolaan Sampah, Limbah dan Daur Ulang",Air & Sampah,,,ADHB,
Lampung,2026,F,Konstruksi,Konstruksi,,,ADHB,
Lampung,2026,G,"Perdagangan Besar dan Eceran, Reparasi Mobil dan Sepeda Motor",Perdagangan,,,ADHB,
Lampung,2026,H,Transportasi dan Pergudangan,Transportasi,,,ADHB,
Lampung,2026,I,Penyediaan Akomodasi dan Makan Minum,Akomodasi,,,ADHB,
Lampung,2026,J,Informasi dan Komunikasi,Infokom,,,ADHB,
Lampung,2026,K,Jasa Keuangan dan Asuransi,Keuangan,,,ADHB,
Lampung,2026,L,Real Estate,Real Estate,,,ADHB,
Lampung,2026,MN,Jasa Perusahaan,Jasa Perusahaan,,,ADHB,
Lampung,2026,O,"Administrasi Pemerintahan, Pertahanan dan Jaminan Sosial Wajib",Adm. Pemerintahan,,,ADHB,
Lampung,2026,P,Jasa Pendidikan,Pendidikan,,,ADHB,
Lampung,2026,Q,Jasa Kesehatan dan Kegiatan Sosial,Kesehatan,,,ADHB,
Lampung,2026,RSTU,Jasa Lainnya,Jasa Lainnya,,,ADHB,
Maluku,2020,A,"Pertanian, Kehutanan dan Perikanan",Pertanian,11250.048230998358,,ADHB,24.317351601022402
Maluku,2020,B,Pertambangan dan Penggalian,Pertambangan,1011.1104465230003,,ADHB,2.1855486954996453
Maluku,2020,C,Industri Pengolahan,Industri Pengolahan,2321.928076054429,,ADHB,5.018924386663749
Maluku,2020,D,Pengadaan Listrik dan Gas,Listrik & Gas,43.769926665678454,,ADHB,0.09461014516786781
Maluku,2020,E,"Pengadaan Air, Pengelolaan Sampah, Limbah dan Daur Ulang",Air & Sampah,190.39217685590742,,ADHB,0.41153899180024023
Maluku,2020,F,Konstruksi,Konstruksi,3553.064772654417,,ADHB,7.6800671040480255
Maluku,2020,G,"Perdagangan Besar dan Eceran, Reparasi Mobil dan Sepeda Motor",Perdagangan,6101.100949818669,,ADHB,13.18773163489862
Maluku,2020,H,Transportasi dan Pergudangan,Transportasi,2065.6111299006798,,ADHB,4.464886824073858
Maluku,2020,I,Penyediaan Akomodasi dan Makan Minum,Akomodasi,718.9638406508968,,ADHB,1.554064137552394
Maluku,2020,J,Informasi dan Komunikasi,Infokom,1404.5683476924396,,ADHB,3.0360209713939246
Maluku,2020,K,Jasa Keuangan dan Asuransi,Keuangan,1910.215213345508,,ADHB,4.128993407206266
Maluku,2020,L,Real Estate,Real Estate,131.29498986900472,,ADHB,0.2837984661523473
Maluku,2020,MN,Jasa Perusahaan,Jasa Perusahaan,449.0749317331307,,ADHB,0.9706903282485373
Maluku,2020,O,"Administrasi Pemerintahan, Pertahanan dan Jaminan Sosial Wajib",Adm. Pemerintahan,10516.029895021755,,ADHB,22.730746673555664
Maluku,2020,P,Jasa Pendidikan,Pendidikan,2683.1966656670716,,ADHB,5.799818400238702
Maluku,2020,Q,Jasa Kesehatan dan Kegiatan Sosial,Kesehatan,1031.611639924871,,ADHB,2.2298627035783123
Maluku,2020,RSTU,Jasa Lainnya,Jasa Lainnya,751.5945029370578,,ADHB,1.624596394080896
Maluku,2021,A,"Pertanian, Kehutanan dan Perikanan",Pertanian,11430.009526921069,,ADHB,23.377278749828083
Maluku,2021,B,Pertambangan dan Penggalian,Pertambangan,1171.301039888164,,ADHB,2.3956087564876274
Maluku,2021,C,Industri Pengolahan,Industri Pengolahan,2612.775734536448,,ADHB,5.343791403951571
Maluku,2021,D,Pengadaan Listrik dan Gas,Listrik & Gas,47.21551753523163,,ADHB,0.09656775107131789
Maluku,2021,E,"Pengadaan Air, Pengelolaan Sampah, Limbah dan Daur Ulang",Air & Sampah,201.81053538848406,,ADHB,0.41275391147460205
Maluku,2021,F,Konstruksi,Konstruksi,3786.010295490781,,ADHB,7.743354703156423
Maluku,2021,G,"Perdagangan Besar dan Eceran, Reparasi Mobil dan Sepeda Motor",Perdagangan,6472.589928561882,,ADHB,13.238093864833386
Maluku,2021,H,Transportasi dan Pergudangan,Transportasi,2330.58940883412,,ADHB,4.76664854332702
Maluku,2021,I,Penyediaan Akomodasi dan Makan Minum,Akomodasi,738.8413845596231,,ADHB,1.5111186878784577
Maluku,2021,J,Informasi dan Komunikasi,Infokom,1530.4498966837884,,ADHB,3.130159582383136
Maluku,2021,K,Jasa Keuangan dan Asuransi,Keuangan,2078.2984876578544,,ADHB,4.250649394201447
Maluku,2021,L,Real Estate,Real Estate,138.2667588251527,,ADHB,0.28279071467769284
Maluku,2021,MN,Jasa Perusahaan,Jasa Perusahaan,473.250449318835,,ADHB,0.9679176247535418
Maluku,2021,O,"Administrasi Pemerintahan, Pertahanan dan Jaminan Sosial Wajib",Adm. Pemerintahan,11038.659718249783,,ADHB,22.576868781275333
Maluku,2021,P,Jasa Pendidikan,Pendidikan,2816.3960940525226,,ADHB,5.760246866419565
Maluku,2021,Q,Jasa Kesehatan dan Kegiatan Sosial,Kesehatan,1103.8529632166087,,ADHB,2.2576602722123513
Maluku,2021,RSTU,Jasa Lainnya,Jasa Lainnya,774.2892036000768,,ADHB,1.583618500309093
Maluku,2022,A,"Pertanian, Kehutanan dan Perikanan",Pertanian,12818.622539832493,,ADHB,23.703679087655146
Maluku,2022,B,Pertambangan dan Penggalian,Pertambangan,1402.8345147737887,,ADHB,2.594064927643843
Maluku,2022,C,Industri Pengolahan,Industri Pengolahan,3038.235607729517,,ADHB,5.618182578862991
Maluku,2022,D,Pengadaan Listrik dan Gas,Listrik & Gas,50.571741494623495,,ADHB,0.09351522190215561
Maluku,2022,E,"Pengadaan Air, Pengelolaan Sampah, Limbah dan Daur Ulang",Air & Sampah,211.63748506634616,,ADHB,0.39135148986114326
Maluku,2022,F,Konstruksi,Konstruksi,4071.4702839010633,,ADHB,7.5287984122025735
Maluku,2022,G,"Perdagangan Besar dan Eceran, Reparasi Mobil dan Sepeda Motor",Perdagangan,7174.282472848565,,ADHB,13.266393396962728
Maluku,2022,H,Transportasi dan Pergudangan,Transportasi,2771.3432123788107,,ADHB,5.124655940515514
Maluku,2022,I,Penyediaan Akomodasi dan Makan Minum,Akomodasi,789.2373864297069,,ADHB,1.4594258996063638
Maluku,2022,J,Informasi dan Komunikasi,Infokom,1689.2507825220705,,ADHB,3.1236943223071716
Maluku,2022,K,Jasa Keuangan dan Asuransi,Keuangan,2234.8831676918353,,ADHB,4.132655692197463
Maluku,2022,L,Real Estate,Real Estate,145.97765514914448,,ADHB,0.26993598421916926
Maluku,2022,MN,Jasa Perusahaan,Jasa Perusahaan,518.8024237396944,,ADHB,0.9593484888107249
Maluku,2022,O,"Administrasi Pemerintahan, Pertahanan dan Jaminan Sosial Wajib",Adm. Pemerintahan,11901.165464187347,,ADHB,22.007154517233147
Maluku,2022,P,Jasa Pendidikan,Pendidikan,3008.0979007902024,,ADHB,5.5624531483795305
Maluku,2022,Q,Jasa Kesehatan dan Kegiatan Sosial,Kesehatan,1230.498001609934,,ADHB,2.27538720775407
Maluku,2022,RSTU,Jasa Lainnya,Jasa Lainnya,857.8636544019766,,ADHB,1.5863268226925478
Maluku,2023,A,"Pertanian, Kehutanan dan Perikanan",Pertanian,14134.37356980488,,ADHB,24.166362164083584
Maluku,2023,B,Pertambangan dan Penggalian,Pertambangan,1076.5221859893122,,ADHB,1.8405927150436712
Maluku,2023,C,Industri Pengolahan,Industri Pengolahan,3598.435411207366,,ADHB,6.152454719116407
Maluku,2023,D,Pengadaan Listrik dan Gas,Listrik & Gas,55.953615417671976,,ADHB,0.09566715694157067
Maluku,2023,E,"Pengadaan Air, Pengelolaan Sampah, Limbah dan Daur Ulang",Air & Sampah,227.7504997203306,,ADHB,0.3893983013899148
Maluku,2023,F,Konstruksi,Konstruksi,4443.443672944854,,ADHB,7.597214586537455
Maluku,2023,G,"Perdagangan Besar dan Eceran, Reparasi Mobil dan Sepeda Motor",Perdagangan,7913.23355758446,,ADHB,13.529716552143285
Maluku,2023,H,Transportasi dan Pergudangan,Transportasi,3135.019768510611,,ADHB,5.360125989540744
Maluku,2023,I,Penyediaan Akomodasi dan Makan Minum,Akomodasi,840.0091826622444,,ADHB,1.436212650607895
Maluku,2023,J,Informasi dan Komunikasi,Infokom,1837.347896106789,,ADHB,3.1414207682743904
Maluku,2023,K,Jasa Keuangan dan Asuransi,Keuangan,2372.616546767278,,ADHB,4.056600772754793
Maluku,2023,L,Real Estate,Real Estate,154.57750195608347,,ADHB,0.26429016300165753
Maluku,2023,MN,Jasa Perusahaan,Jasa Perusahaan,553.6562086726897,,ADHB,0.9466182839373163
Maluku,2023,O,"Administrasi Pemerintahan, Pertahanan dan Jaminan Sosial Wajib",Adm. Pemerintahan,12504.727595245224,,ADHB,21.380061474778028
Maluku,2023,P,Jasa Pendidikan,Pendidikan,3130.2713820360977,,ADHB,5.352007396476013
Maluku,2023,Q,Jasa Kesehatan dan Kegiatan Sosial,Kesehatan,1387.3442290088897,,ADHB,2.372023274954588
Maluku,2023,RSTU,Jasa Lainnya,Jasa Lainnya,943.8594025199136,,ADHB,1.6137714233052252
Maluku,2024,A,"Pertanian, Kehutanan dan Perikanan",Pertanian,14977.154984756931,,ADHB,23.907023574850673
Maluku,2024,B,Pertambangan dan Penggalian,Pertambangan,1046.3290903646675,,ADHB,1.6701846415997499
Maluku,2024,C,Industri Pengolahan,Industri Pengolahan,3880.9324360224473,,ADHB,6.194871010870899
Maluku,2024,D,Pengadaan Listrik dan Gas,Listrik & Gas,59.776533241239626,,ADHB,0.09541725320166697
Maluku,2024,E,"Pengadaan Air, Pengelolaan Sampah, Limbah dan Daur Ulang",Air & Sampah,235.25001394817275,,ADHB,0.375513749785383
Maluku,2024,F,Konstruksi,Konstruksi,4764.115446802353,,ADHB,7.604636555870063
Maluku,2024,G,"Perdagangan Besar dan Eceran, Reparasi Mobil dan Sepeda Motor",Perdagangan,8745.75959623614,,ADHB,13.960266890473605
Maluku,2024,H,Transportasi dan Pergudangan,Transportasi,3350.4617564230384,,ADHB,5.3481163998745345
Maluku,2024,I,Penyediaan Akomodasi dan Makan Minum,Akomodasi,899.1671267726922,,ADHB,1.4352799125977909
Maluku,2024,J,Informasi dan Komunikasi,Infokom,1935.8764688453223,,ADHB,3.090109198027699
Maluku,2024,K,Jasa Keuangan dan Asuransi,Keuangan,2480.969069393829,,ADHB,3.960203796437926
Maluku,2024,L,Real Estate,Real Estate,162.91765536350977,,ADHB,0.260054478403866
Maluku,2024,MN,Jasa Perusahaan,Jasa Perusahaan,588.908436417151,,ADHB,0.9400348655790967
Maluku,2024,O,"Administrasi Pemerintahan, Pertahanan dan Jaminan Sosial Wajib",Adm. Pemerintahan,13408.455128438629,,ADHB,21.403013668761346
Maluku,2024,P,Jasa Pendidikan,Pendidikan,3344.0051265874777,,ADHB,5.337810116615134
Maluku,2024,Q,Jasa Kesehatan dan Kegiatan Sosial,Kesehatan,1540.0131696951692,,ADHB,2.4582192806947463
Maluku,2024,RSTU,Jasa Lainnya,Jasa Lainnya,1032.4649915973494,,ADHB,1.6480543146844133
Maluku,2025,A,"Pertanian, Kehutanan dan Perikanan",Pertanian,16097.3205806211,,ADHB,24.274714537064614
Maluku,2025,B,Pertambangan dan Penggalian,Pertambangan,955.7995613938718,,ADHB,1.4413430726738115
Maluku,2025,C,Industri Pengolahan,Industri Pengolahan,4242.347861127549,,ADHB,6.397448741859151
Maluku,2025,D,Pengadaan Listrik dan Gas,Listrik & Gas,62.70578196319406,,ADHB,0.09456014430205374
Maluku,2025,E,"Pengadaan Air, Pengelolaan Sampah, Limbah dan Daur Ulang",Air & Sampah,241.555971534979,,ADHB,0.36426573132885165
Maluku,2025,F,Konstruksi,Konstruksi,5047.511633343368,,ADHB,7.611633464604544
Maluku,2025,G,"Perdagangan Besar dan Eceran, Reparasi Mobil dan Sepeda Motor",Perdagangan,9580.65790150818,,ADHB,14.447605393183402
Maluku,2025,H,Transportasi dan Pergudangan,Transportasi,3529.7931770491195,,ADHB,5.322918265720449
Maluku,2025,I,Penyediaan Akomodasi dan Makan Minum,Akomodasi,953.2815149660004,,ADHB,1.4375458656838955
Maluku,2025,J,Informasi dan Komunikasi,Infokom,2029.227727697929,,ADHB,3.060069753463461
Maluku,2025,K,Jasa Keuangan dan Asuransi,Keuangan,2721.9700149814107,,ADHB,4.104723190495955
Maluku,2025,L,Real Estate,Real Estate,171.12796207117975,,ADHB,0.2580604894946577
Maluku,2025,MN,Jasa Perusahaan,Jasa Perusahaan,625.3858758068706,,ADHB,0.9430801563957036
Maluku,2025,O,"Administrasi Pemerintahan, Pertahanan dan Jaminan Sosial Wajib",Adm. Pemerintahan,13682.948882070883,,ADHB,20.633848749796247
Maluku,2025,P,Jasa Pendidikan,Pendidikan,3426.006242961111,,ADHB,5.16640785859738
Maluku,2025,Q,Jasa Kesehatan dan Kegiatan Sosial,Kesehatan,1646.0192441170952,,ADHB,2.482192429065463
Maluku,2025,RSTU,Jasa Lainnya,Jasa Lainnya,1096.7087572695768,,ADHB,1.6538337470316233
Maluku,2026,A,"Pertanian, Kehutanan dan Perikanan",Pertanian,,,ADHB,
Maluku,2026,B,Pertambangan dan Penggalian,Pertambangan,,,ADHB,
Maluku,2026,C,Industri Pengolahan,Industri Pengolahan,,,ADHB,
Maluku,2026,D,Pengadaan Listrik dan Gas,Listrik & Gas,,,ADHB,
Maluku,2026,E,"Pengadaan Air, Pengelolaan Sampah, Limbah dan Daur Ulang",Air & Sampah,,,ADHB,
Maluku,2026,F,Konstruksi,Konstruksi,,,ADHB,
Maluku,2026,G,"Perdagangan Besar dan Eceran, Reparasi Mobil dan Sepeda Motor",Perdagangan,,,ADHB,
Maluku,2026,H,Transportasi dan Pergudangan,Transportasi,,,ADHB,
Maluku,2026,I,Penyediaan Akomodasi dan Makan Minum,Akomodasi,,,ADHB,
Maluku,2026,J,Informasi dan Komunikasi,Infokom,,,ADHB,
Maluku,2026,K,Jasa Keuangan dan Asuransi,Keuangan,,,ADHB,
Maluku,2026,L,Real Estate,Real Estate,,,ADHB,
Maluku,2026,MN,Jasa Perusahaan,Jasa Perusahaan,,,ADHB,
Maluku,2026,O,"Administrasi Pemerintahan, Pertahanan dan Jaminan Sosial Wajib",Adm. Pemerintahan,,,ADHB,
Maluku,2026,P,Jasa Pendidikan,Pendidikan,,,ADHB,
Maluku,2026,Q,Jasa Kesehatan dan Kegiatan Sosial,Kesehatan,,,ADHB,
Maluku,2026,RSTU,Jasa Lainnya,Jasa Lainnya,,,ADHB,
Maluku Utara,2020,A,"Pertanian, Kehutanan dan Perikanan",Pertanian,9013.942243954429,,ADHB,21.310125409861843
Maluku Utara,2020,B,Pertambangan dan Penggalian,Pertambangan,4866.979731299446,,ADHB,11.50616962415177
Maluku Utara,2020,C,Industri Pengolahan,Industri Pengolahan,4758.672452891811,,ADHB,11.250117208549096
Maluku Utara,2020,D,Pengadaan Listrik dan Gas,Listrik & Gas,38.09016304209223,,ADHB,0.09005007235912502
Maluku Utara,2020,E,"Pengadaan Air, Pengelolaan Sampah, Limbah dan Daur Ulang",Air & Sampah,30.714190895990082,,ADHB,0.07261232013051432
Maluku Utara,2020,F,Konstruksi,Konstruksi,2867.0316005759933,,ADHB,6.778033551666966
Maluku Utara,2020,G,"Perdagangan Besar dan Eceran, Reparasi Mobil dan Sepeda Motor",Perdagangan,6699.978661378327,,ADHB,15.839616191586977
Maluku Utara,2020,H,Transportasi dan Pergudangan,Transportasi,1936.2986565413917,,ADHB,4.577660482517362
Maluku Utara,2020,I,Penyediaan Akomodasi dan Makan Minum,Akomodasi,162.50139378516852,,ADHB,0.3841743143142323
Maluku Utara,2020,J,Informasi dan Komunikasi,Infokom,1445.9669076666132,,ADHB,3.418452804215841
Maluku Utara,2020,K,Jasa Keuangan dan Asuransi,Keuangan,1270.7794844355292,,ADHB,3.0042870753652027
Maluku Utara,2020,L,Real Estate,Real Estate,42.88936375028575,,ADHB,0.10139600360549998
Maluku Utara,2020,MN,Jasa Perusahaan,Jasa Perusahaan,119.76194805641661,,ADHB,0.28313273630339675
Maluku Utara,2020,O,"Administrasi Pemerintahan, Pertahanan dan Jaminan Sosial Wajib",Adm. Pemerintahan,6321.300426165397,,ADHB,14.94437186186155
Maluku Utara,2020,P,Jasa Pendidikan,Pendidikan,1369.7419381793418,,ADHB,3.2382471167181106
Maluku Utara,2020,Q,Jasa Kesehatan dan Kegiatan Sosial,Kesehatan,883.3872531106101,,ADHB,2.0884417316836363
Maluku Utara,2020,RSTU,Jasa Lainnya,Jasa Lainnya,305.83763639450916,,ADHB,0.7230397322540983
Maluku Utara,2021,A,"Pertanian, Kehutanan dan Perikanan",Pertanian,9555.852608789424,,ADHB,18.20837672330943
Maluku Utara,2021,B,Pertambangan dan Penggalian,Pertambangan,7645.1425919918765,,ADHB,14.567578856371831
Maluku Utara,2021,C,Industri Pengolahan,Industri Pengolahan,10548.599042276026,,ADHB,20.100023841748598
Maluku Utara,2021,D,Pengadaan Listrik dan Gas,Listrik & Gas,40.85060760040861,,ADHB,0.07783954849619203
Maluku Utara,2021,E,"Pengadaan Air, Pengelolaan Sampah, Limbah dan Daur Ulang",Air & Sampah,32.663666743015355,,ADHB,0.06223959007848311
Maluku Utara,2021,F,Konstruksi,Konstruksi,3132.479557590441,,ADHB,5.9688413161803835
Maluku Utara,2021,G,"Perdagangan Besar dan Eceran, Reparasi Mobil dan Sepeda Motor",Perdagangan,6923.818961771037,,ADHB,13.193119356399482
Maluku Utara,2021,H,Transportasi dan Pergudangan,Transportasi,1930.7628849061146,,ADHB,3.679007976684143
Maluku Utara,2021,I,Penyediaan Akomodasi dan Makan Minum,Akomodasi,174.66526393826962,,ADHB,0.3328191692009772
Maluku Utara,2021,J,Informasi dan Komunikasi,Infokom,1569.763565324323,,ADHB,2.9911351225384406
Maluku Utara,2021,K,Jasa Keuangan dan Asuransi,Keuangan,1461.44036349949,,ADHB,2.7847286669922924
Maluku Utara,2021,L,Real Estate,Real Estate,44.257748201564084,,ADHB,0.08433174779592371
Maluku Utara,2021,MN,Jasa Perusahaan,Jasa Perusahaan,130.67928109058718,,ADHB,0.2490052617429496
Maluku Utara,2021,O,"Administrasi Pemerintahan, Pertahanan dan Jaminan Sosial Wajib",Adm. Pemerintahan,6335.339298236127,,ADHB,12.071789858517297
Maluku Utara,2021,P,Jasa Pendidikan,Pendidikan,1415.6218521591381,,ADHB,2.697422934103635
Maluku Utara,2021,Q,Jasa Kesehatan dan Kegiatan Sosial,Kesehatan,934.1581146018846,,ADHB,1.7800089187397394
Maluku Utara,2021,RSTU,Jasa Lainnya,Jasa Lainnya,321.3379085570083,,ADHB,0.6122992823376752
Maluku Utara,2022,A,"Pertanian, Kehutanan dan Perikanan",Pertanian,10298.465262326468,,ADHB,14.524802133301238
Maluku Utara,2022,B,Pertambangan dan Penggalian,Pertambangan,12383.836497418779,,ADHB,17.465978686568675
Maluku Utara,2022,C,Industri Pengolahan,Industri Pengolahan,20271.664264513405,,ADHB,28.590853574259185
Maluku Utara,2022,D,Pengadaan Listrik dan Gas,Listrik & Gas,45.43810898868979,,ADHB,0.06408523265951216
Maluku Utara,2022,E,"Pengadaan Air, Pengelolaan Sampah, Limbah dan Daur Ulang",Air & Sampah,34.41421648320133,,ADHB,0.048537298739032966
Maluku Utara,2022,F,Konstruksi,Konstruksi,3535.478442033835,,ADHB,4.986386175904127
Maluku Utara,2022,G,"Perdagangan Besar dan Eceran, Reparasi Mobil dan Sepeda Motor",Perdagangan,7824.263591814084,,ADHB,11.035224920904312
Maluku Utara,2022,H,Transportasi dan Pergudangan,Transportasi,2602.4824772479246,,ADHB,3.6705025530056923
Maluku Utara,2022,I,Penyediaan Akomodasi dan Makan Minum,Akomodasi,187.35326833374012,,ADHB,0.26424026126783484
Maluku Utara,2022,J,Informasi dan Komunikasi,Infokom,1701.470839381917,,ADHB,2.3997291487704078
Maluku Utara,2022,K,Jasa Keuangan dan Asuransi,Keuangan,1637.275948115931,,ADHB,2.3091896295453274
Maluku Utara,2022,L,Real Estate,Real Estate,46.17548407488846,,ADHB,0.06512521550668857
Maluku Utara,2022,MN,Jasa Perusahaan,Jasa Perusahaan,148.09123195165483,,ADHB,0.20886566949381397
Maluku Utara,2022,O,"Administrasi Pemerintahan, Pertahanan dan Jaminan Sosial Wajib",Adm. Pemerintahan,6857.939293832275,,ADHB,9.672335512893989
Maluku Utara,2022,P,Jasa Pendidikan,Pendidikan,1509.9859988548617,,ADHB,2.1296617795715616
Maluku Utara,2022,Q,Jasa Kesehatan dan Kegiatan Sosial,Kesehatan,981.4644018053942,,ADHB,1.3842427851120231
Maluku Utara,2022,RSTU,Jasa Lainnya,Jasa Lainnya,339.6663353714359,,ADHB,0.4790603441331729
Maluku Utara,2023,A,"Pertanian, Kehutanan dan Perikanan",Pertanian,11018.22938693464,,ADHB,12.821113911369103
Maluku Utara,2023,B,Pertambangan dan Penggalian,Pertambangan,17288.224220298,,ADHB,20.117051866479336
Maluku Utara,2023,C,Industri Pengolahan,Industri Pengolahan,27547.227528895408,,ADHB,32.0547094898185
Maluku Utara,2023,D,Pengadaan Listrik dan Gas,Listrik & Gas,53.11373360587886,,ADHB,0.06180459717298911
Maluku Utara,2023,E,"Pengadaan Air, Pengelolaan Sampah, Limbah dan Daur Ulang",Air & Sampah,36.43331646762036,,ADHB,0.042394806297482227
Maluku Utara,2023,F,Konstruksi,Konstruksi,3649.750466861566,,ADHB,4.246949744864873
Maluku Utara,2023,G,"Perdagangan Besar dan Eceran, Reparasi Mobil dan Sepeda Motor",Perdagangan,8599.825329056655,,ADHB,10.00699262010806
Maluku Utara,2023,H,Transportasi dan Pergudangan,Transportasi,2955.057939726775,,ADHB,3.438586466974363
Maluku Utara,2023,I,Penyediaan Akomodasi dan Makan Minum,Akomodasi,194.48347189502948,,ADHB,0.22630630199090776
Maluku Utara,2023,J,Informasi dan Komunikasi,Infokom,1809.974968740733,,ADHB,2.106136515769866
Maluku Utara,2023,K,Jasa Keuangan dan Asuransi,Keuangan,1732.2717196128765,,ADHB,2.0157188839194093
Maluku Utara,2023,L,Real Estate,Real Estate,50.98980017354653,,ADHB,0.05933312997805227
Maluku Utara,2023,MN,Jasa Perusahaan,Jasa Perusahaan,155.57199573693043,,ADHB,0.18102784110915388
Maluku Utara,2023,O,"Administrasi Pemerintahan, Pertahanan dan Jaminan Sosial Wajib",Adm. Pemerintahan,7176.0708729025155,,ADHB,8.350272885645346
Maluku Utara,2023,P,Jasa Pendidikan,Pendidikan,1595.888604216338,,ADHB,1.8570197502673296
Maluku Utara,2023,Q,Jasa Kesehatan dan Kegiatan Sosial,Kesehatan,1062.3176668981473,,ADHB,1.2361419733656704
Maluku Utara,2023,RSTU,Jasa Lainnya,Jasa Lainnya,357.0024272202745,,ADHB,0.41541781581113035
Maluku Utara,2024,A,"Pertanian, Kehutanan dan Perikanan",Pertanian,12078.087025288984,,ADHB,12.458127178108041
Maluku Utara,2024,B,Pertambangan dan Penggalian,Pertambangan,17934.02209355631,,ADHB,18.498320767909703
Maluku Utara,2024,C,Industri Pengolahan,Industri Pengolahan,32783.497281886695,,ADHB,33.81503855914897
Maluku Utara,2024,D,Pengadaan Listrik dan Gas,Listrik & Gas,68.79266151084853,,ADHB,0.07095724051567542
Maluku Utara,2024,E,"Pengadaan Air, Pengelolaan Sampah, Limbah dan Daur Ulang",Air & Sampah,41.108079978344236,,ADHB,0.0424015564174821
Maluku Utara,2024,F,Konstruksi,Konstruksi,3975.8116001027915,,ADHB,4.100911547215211
Maluku Utara,2024,G,"Perdagangan Besar dan Eceran, Reparasi Mobil dan Sepeda Motor",Perdagangan,9959.941470575439,,ADHB,10.27333362204951
Maluku Utara,2024,H,Transportasi dan Pergudangan,Transportasi,3326.328944134018,,ADHB,3.430992750381506
Maluku Utara,2024,I,Penyediaan Akomodasi dan Makan Minum,Akomodasi,209.67347559841426,,ADHB,0.21627090609727403
Maluku Utara,2024,J,Informasi dan Komunikasi,Infokom,1936.6944644881855,,ADHB,1.9976330600378647
Maluku Utara,2024,K,Jasa Keuangan dan Asuransi,Keuangan,2033.4130106007742,,ADHB,2.0973948803848668
Maluku Utara,2024,L,Real Estate,Real Estate,56.84288987025529,,ADHB,0.05863146619924989
Maluku Utara,2024,MN,Jasa Perusahaan,Jasa Perusahaan,169.25850631079027,,ADHB,0.1745842692788493
Maluku Utara,2024,O,"Administrasi Pemerintahan, Pertahanan dan Jaminan Sosial Wajib",Adm. Pemerintahan,8351.637500491004,,ADHB,8.614423948819319
Maluku Utara,2024,P,Jasa Pendidikan,Pendidikan,1738.647179533639,,ADHB,1.7933541656999834
Maluku Utara,2024,Q,Jasa Kesehatan dan Kegiatan Sosial,Kesehatan,1132.0051040006178,,ADHB,1.1676239393191234
Maluku Utara,2024,RSTU,Jasa Lainnya,Jasa Lainnya,388.59837252462614,,ADHB,0.4008257214889347
Maluku Utara,2025,A,"Pertanian, Kehutanan dan Perikanan",Pertanian,12922.682137215876,,ADHB,9.671195322100617
Maluku Utara,2025,B,Pertambangan dan Penggalian,Pertambangan,27707.07136486107,,ADHB,20.73567206309719
Maluku Utara,2025,C,Industri Pengolahan,Industri Pengolahan,55149.372754494565,,ADHB,41.27319314494574
Maluku Utara,2025,D,Pengadaan Listrik dan Gas,Listrik & Gas,97.45958035926361,,ADHB,0.0729376941765022
Maluku Utara,2025,E,"Pengadaan Air, Pengelolaan Sampah, Limbah dan Daur Ulang",Air & Sampah,44.867783397607276,,ADHB,0.03357856304909858
Maluku Utara,2025,F,Konstruksi,Konstruksi,4549.734359737883,,ADHB,3.404971908268056
Maluku Utara,2025,G,"Perdagangan Besar dan Eceran, Reparasi Mobil dan Sepeda Motor",Perdagangan,11239.08158678406,,ADHB,8.411206908338537
Maluku Utara,2025,H,Transportasi dan Pergudangan,Transportasi,3802.523506297441,,ADHB,2.845767399971382
Maluku Utara,2025,I,Penyediaan Akomodasi dan Makan Minum,Akomodasi,231.4398806447358,,ADHB,0.17320709952253954
Maluku Utara,2025,J,Informasi dan Komunikasi,Infokom,2070.077632057987,,ADHB,1.5492236750054087
Maluku Utara,2025,K,Jasa Keuangan dan Asuransi,Keuangan,2282.88555301551,,ADHB,1.7084868177351393
Maluku Utara,2025,L,Real Estate,Real Estate,61.90691116075247,,ADHB,0.046330461684833915
Maluku Utara,2025,MN,Jasa Perusahaan,Jasa Perusahaan,186.14252044666534,,ADHB,0.1393070458495125
Maluku Utara,2025,O,"Administrasi Pemerintahan, Pertahanan dan Jaminan Sosial Wajib",Adm. Pemerintahan,8523.77276406081,,ADHB,6.379099199927683
Maluku Utara,2025,P,Jasa Pendidikan,Pendidikan,1865.1611920064186,,ADHB,1.3958664310985174
Maluku Utara,2025,Q,Jasa Kesehatan dan Kegiatan Sosial,Kesehatan,1228.3103704168025,,ADHB,0.9192541751260604
Maluku Utara,2025,RSTU,Jasa Lainnya,Jasa Lainnya,428.21238435093636,,ADHB,0.32046950969054433
Maluku Utara,2026,A,"Pertanian, Kehutanan dan Perikanan",Pertanian,,,ADHB,
Maluku Utara,2026,B,Pertambangan dan Penggalian,Pertambangan,,,ADHB,
Maluku Utara,2026,C,Industri Pengolahan,Industri Pengolahan,,,ADHB,
Maluku Utara,2026,D,Pengadaan Listrik dan Gas,Listrik & Gas,,,ADHB,
Maluku Utara,2026,E,"Pengadaan Air, Pengelolaan Sampah, Limbah dan Daur Ulang",Air & Sampah,,,ADHB,
Maluku Utara,2026,F,Konstruksi,Konstruksi,,,ADHB,
Maluku Utara,2026,G,"Perdagangan Besar dan Eceran, Reparasi Mobil dan Sepeda Motor",Perdagangan,,,ADHB,
Maluku Utara,2026,H,Transportasi dan Pergudangan,Transportasi,,,ADHB,
Maluku Utara,2026,I,Penyediaan Akomodasi dan Makan Minum,Akomodasi,,,ADHB,
Maluku Utara,2026,J,Informasi dan Komunikasi,Infokom,,,ADHB,
Maluku Utara,2026,K,Jasa Keuangan dan Asuransi,Keuangan,,,ADHB,
Maluku Utara,2026,L,Real Estate,Real Estate,,,ADHB,
Maluku Utara,2026,MN,Jasa Perusahaan,Jasa Perusahaan,,,ADHB,
Maluku Utara,2026,O,"Administrasi Pemerintahan, Pertahanan dan Jaminan Sosial Wajib",Adm. Pemerintahan,,,ADHB,
Maluku Utara,2026,P,Jasa Pendidikan,Pendidikan,,,ADHB,
Maluku Utara,2026,Q,Jasa Kesehatan dan Kegiatan Sosial,Kesehatan,,,ADHB,
Maluku Utara,2026,RSTU,Jasa Lainnya,Jasa Lainnya,,,ADHB,
Nusa Tenggara Barat,2020,A,"Pertanian, Kehutanan dan Perikanan",Pertanian,31386.9279319322,,ADHB,23.490793635394237
Nusa Tenggara Barat,2020,B,Pertambangan dan Penggalian,Pertambangan,23176.176414522564,,ADHB,17.34565353422677
Nusa Tenggara Barat,2020,C,Industri Pengolahan,Industri Pengolahan,5298.948626867836,,ADHB,3.9658710450495858
Nusa Tenggara Barat,2020,D,Pengadaan Listrik dan Gas,Listrik & Gas,112.10582396903578,,ADHB,0.08390291594938948
Nusa Tenggara Barat,2020,E,"Pengadaan Air, Pengelolaan Sampah, Limbah dan Daur Ulang",Air & Sampah,111.24942524988636,,ADHB,0.0832619648622113
Nusa Tenggara Barat,2020,F,Konstruksi,Konstruksi,11876.30924404932,,ADHB,8.888538891321597
Nusa Tenggara Barat,2020,G,"Perdagangan Besar dan Eceran, Reparasi Mobil dan Sepeda Motor",Perdagangan,18900.695402501235,,ADHB,14.145772285470967
Nusa Tenggara Barat,2020,H,Transportasi dan Pergudangan,Transportasi,6526.605807099631,,ADHB,4.884681625631939
Nusa Tenggara Barat,2020,I,Penyediaan Akomodasi dan Makan Minum,Akomodasi,1903.329220549835,,ADHB,1.4245011183354612
Nusa Tenggara Barat,2020,J,Informasi dan Komunikasi,Infokom,2927.177456872686,,ADHB,2.190775781646922
Nusa Tenggara Barat,2020,K,Jasa Keuangan dan Asuransi,Keuangan,5383.779704381308,,ADHB,4.029360830990367
Nusa Tenggara Barat,2020,L,Real Estate,Real Estate,4375.943652072996,,ADHB,3.275070102874896
Nusa Tenggara Barat,2020,MN,Jasa Perusahaan,Jasa Perusahaan,238.45806159216147,,ADHB,0.1784682186069797
Nusa Tenggara Barat,2020,O,"Administrasi Pemerintahan, Pertahanan dan Jaminan Sosial Wajib",Adm. Pemerintahan,8722.365137106686,,ADHB,6.528045047692466
Nusa Tenggara Barat,2020,P,Jasa Pendidikan,Pendidikan,6873.954619641572,,ADHB,5.144646515875967
Nusa Tenggara Barat,2020,Q,Jasa Kesehatan dan Kegiatan Sosial,Kesehatan,2652.2405039044893,,ADHB,1.9850058114565834
Nusa Tenggara Barat,2020,RSTU,Jasa Lainnya,Jasa Lainnya,2768.0389997130815,,ADHB,2.071672419103815
Nusa Tenggara Barat,2021,A,"Pertanian, Kehutanan dan Perikanan",Pertanian,32355.421851727056,,ADHB,23.09200099498574
Nusa Tenggara Barat,2021,B,Pertambangan dan Penggalian,Pertambangan,24165.64217318017,,ADHB,17.246971331877702
Nusa Tenggara Barat,2021,C,Industri Pengolahan,Industri Pengolahan,5505.091387142391,,ADHB,3.928972905126686
Nusa Tenggara Barat,2021,D,Pengadaan Listrik dan Gas,Listrik & Gas,119.54313682579466,,ADHB,0.08531770184222211
Nusa Tenggara Barat,2021,E,"Pengadaan Air, Pengelolaan Sampah, Limbah dan Daur Ulang",Air & Sampah,113.31825676101522,,ADHB,0.08087501717229928
Nusa Tenggara Barat,2021,F,Konstruksi,Konstruksi,13368.05653452065,,ADHB,9.54075567955233
Nusa Tenggara Barat,2021,G,"Perdagangan Besar dan Eceran, Reparasi Mobil dan Sepeda Motor",Perdagangan,19533.153644497863,,ADHB,13.940773372110352
Nusa Tenggara Barat,2021,H,Transportasi dan Pergudangan,Transportasi,6890.715768839888,,ADHB,4.917890303498583
Nusa Tenggara Barat,2021,I,Penyediaan Akomodasi dan Makan Minum,Akomodasi,1951.173776485366,,ADHB,1.3925488900891938
Nusa Tenggara Barat,2021,J,Informasi dan Komunikasi,Infokom,3088.3225985167346,,ADHB,2.2041297697986506
Nusa Tenggara Barat,2021,K,Jasa Keuangan dan Asuransi,Keuangan,5937.720237953095,,ADHB,4.23773926580534
Nusa Tenggara Barat,2021,L,Real Estate,Real Estate,4459.455056431668,,ADHB,3.1827043106445405
Nusa Tenggara Barat,2021,MN,Jasa Perusahaan,Jasa Perusahaan,239.37448005853344,,ADHB,0.17084109603073516
Nusa Tenggara Barat,2021,O,"Administrasi Pemerintahan, Pertahanan dan Jaminan Sosial Wajib",Adm. Pemerintahan,9043.757870595624,,ADHB,6.454512220648328
Nusa Tenggara Barat,2021,P,Jasa Pendidikan,Pendidikan,7152.327355659051,,ADHB,5.10460197892696
Nusa Tenggara Barat,2021,Q,Jasa Kesehatan dan Kegiatan Sosial,Kesehatan,2901.25430614167,,ADHB,2.070619497132411
Nusa Tenggara Barat,2021,RSTU,Jasa Lainnya,Jasa Lainnya,2867.2625729223187,,ADHB,2.0463596639298145
Nusa Tenggara Barat,2022,A,"Pertanian, Kehutanan dan Perikanan",Pertanian,34012.58360553908,,ADHB,21.671979714337144
Nusa Tenggara Barat,2022,B,Pertambangan dan Penggalian,Pertambangan,31810.187670334384,,ADHB,20.268667323127858
Nusa Tenggara Barat,2022,C,Industri Pengolahan,Industri Pengolahan,5802.933929354834,,ADHB,3.6974864320549883
Nusa Tenggara Barat,2022,D,Pengadaan Listrik dan Gas,Listrik & Gas,132.22330841201776,,ADHB,0.08424943223663632
Nusa Tenggara Barat,2022,E,"Pengadaan Air, Pengelolaan Sampah, Limbah dan Daur Ulang",Air & Sampah,123.43364929379433,,ADHB,0.07864887815008777
Nusa Tenggara Barat,2022,F,Konstruksi,Konstruksi,13817.56431890891,,ADHB,8.804211320547122
Nusa Tenggara Barat,2022,G,"Perdagangan Besar dan Eceran, Reparasi Mobil dan Sepeda Motor",Perdagangan,21672.778655955284,,ADHB,13.809360230685055
Nusa Tenggara Barat,2022,H,Transportasi dan Pergudangan,Transportasi,8533.1654228482,,ADHB,5.437122627548137
Nusa Tenggara Barat,2022,I,Penyediaan Akomodasi dan Makan Minum,Akomodasi,2548.6274768345124,,ADHB,1.6239225934123032
Nusa Tenggara Barat,2022,J,Informasi dan Komunikasi,Infokom,3240.749103674656,,ADHB,2.0649254302062383
Nusa Tenggara Barat,2022,K,Jasa Keuangan dan Asuransi,Keuangan,6474.6376571457895,,ADHB,4.125479486965393
Nusa Tenggara Barat,2022,L,Real Estate,Real Estate,4728.91692304909,,ADHB,3.0131492748588324
Nusa Tenggara Barat,2022,MN,Jasa Perusahaan,Jasa Perusahaan,271.19013855409986,,ADHB,0.17279567026233203
Nusa Tenggara Barat,2022,O,"Administrasi Pemerintahan, Pertahanan dan Jaminan Sosial Wajib",Adm. Pemerintahan,9437.820657884116,,ADHB,6.013546639600382
Nusa Tenggara Barat,2022,P,Jasa Pendidikan,Pendidikan,7593.425110637495,,ADHB,4.83834326932089
Nusa Tenggara Barat,2022,Q,Jasa Kesehatan dan Kegiatan Sosial,Kesehatan,3012.4275456442056,,ADHB,1.9194445625553624
Nusa Tenggara Barat,2022,RSTU,Jasa Lainnya,Jasa Lainnya,3228.055719711143,,ADHB,2.056837518892181
Nusa Tenggara Barat,2023,A,"Pertanian, Kehutanan dan Perikanan",Pertanian,37481.547578135396,,ADHB,22.525583076686946
Nusa Tenggara Barat,2023,B,Pertambangan dan Penggalian,Pertambangan,29689.26700062219,,ADHB,17.842594383658177
Nusa Tenggara Barat,2023,C,Industri Pengolahan,Industri Pengolahan,6317.804528433559,,ADHB,3.7968611213512435
Nusa Tenggara Barat,2023,D,Pengadaan Listrik dan Gas,Listrik & Gas,140.00815925273736,,ADHB,0.08414181447783332
Nusa Tenggara Barat,2023,E,"Pengadaan Air, Pengelolaan Sampah, Limbah dan Daur Ulang",Air & Sampah,129.2124526974764,,ADHB,0.07765383304176472
Nusa Tenggara Barat,2023,F,Konstruksi,Konstruksi,15664.715897160813,,ADHB,9.414148617492819
Nusa Tenggara Barat,2023,G,"Perdagangan Besar dan Eceran, Reparasi Mobil dan Sepeda Motor",Perdagangan,23977.22635999381,,ADHB,14.409783992900893
Nusa Tenggara Barat,2023,H,Transportasi dan Pergudangan,Transportasi,9661.753627267288,,ADHB,5.806500746635328
Nusa Tenggara Barat,2023,I,Penyediaan Akomodasi dan Makan Minum,Akomodasi,2849.9255515942937,,ADHB,1.7127423738570113
Nusa Tenggara Barat,2023,J,Informasi dan Komunikasi,Infokom,3470.6457815456934,,ADHB,2.0857815360741774
Nusa Tenggara Barat,2023,K,Jasa Keuangan dan Asuransi,Keuangan,6511.271319368873,,ADHB,3.9131303939235322
Nusa Tenggara Barat,2023,L,Real Estate,Real Estate,5001.20545243813,,ADHB,3.0056141269948893
Nusa Tenggara Barat,2023,MN,Jasa Perusahaan,Jasa Perusahaan,300.6051791105831,,ADHB,0.180657079893035
Nusa Tenggara Barat,2023,O,"Administrasi Pemerintahan, Pertahanan dan Jaminan Sosial Wajib",Adm. Pemerintahan,9748.425731177058,,ADHB,5.858588768694204
Nusa Tenggara Barat,2023,P,Jasa Pendidikan,Pendidikan,8155.548850100705,,ADHB,4.901304909461295
Nusa Tenggara Barat,2023,Q,Jasa Kesehatan dan Kegiatan Sosial,Kesehatan,3245.7715733170103,,ADHB,1.9506370987026993
Nusa Tenggara Barat,2023,RSTU,Jasa Lainnya,Jasa Lainnya,3516.874811445802,,ADHB,2.1135641630161075
Nusa Tenggara Barat,2024,A,"Pertanian, Kehutanan dan Perikanan",Pertanian,39614.11071944799,,ADHB,21.734273609044113
Nusa Tenggara Barat,2024,B,Pertambangan dan Penggalian,Pertambangan,36485.41039451739,,ADHB,20.017712826338894
Nusa Tenggara Barat,2024,C,Industri Pengolahan,Industri Pengolahan,6932.028019599049,,ADHB,3.803255731538112
Nusa Tenggara Barat,2024,D,Pengadaan Listrik dan Gas,Listrik & Gas,152.6287528988529,,ADHB,0.08373973354101533
Nusa Tenggara Barat,2024,E,"Pengadaan Air, Pengelolaan Sampah, Limbah dan Daur Ulang",Air & Sampah,131.16192854450168,,ADHB,0.071961964822716
Nusa Tenggara Barat,2024,F,Konstruksi,Konstruksi,16240.086252419846,,ADHB,8.91011994549924
Nusa Tenggara Barat,2024,G,"Perdagangan Besar dan Eceran, Reparasi Mobil dan Sepeda Motor",Perdagangan,25800.2434851942,,ADHB,14.155298223364548
Nusa Tenggara Barat,2024,H,Transportasi dan Pergudangan,Transportasi,10467.651655936048,,ADHB,5.743074904432639
Nusa Tenggara Barat,2024,I,Penyediaan Akomodasi dan Makan Minum,Akomodasi,3160.855829223279,,ADHB,1.7342028934491265
Nusa Tenggara Barat,2024,J,Informasi dan Komunikasi,Infokom,3634.304763458053,,ADHB,1.9939605527701811
Nusa Tenggara Barat,2024,K,Jasa Keuangan dan Asuransi,Keuangan,6966.100164117314,,ADHB,3.8219494065432493
Nusa Tenggara Barat,2024,L,Real Estate,Real Estate,5263.875337837528,,ADHB,2.888024109557862
Nusa Tenggara Barat,2024,MN,Jasa Perusahaan,Jasa Perusahaan,322.50957267093077,,ADHB,0.1769448099847079
Nusa Tenggara Barat,2024,O,"Administrasi Pemerintahan, Pertahanan dan Jaminan Sosial Wajib",Adm. Pemerintahan,10541.562347909601,,ADHB,5.7836259902152705
Nusa Tenggara Barat,2024,P,Jasa Pendidikan,Pendidikan,8675.065535911515,,ADHB,4.759572902423521
Nusa Tenggara Barat,2024,Q,Jasa Kesehatan dan Kegiatan Sosial,Kesehatan,3485.6685957855298,,ADHB,1.9124113502833913
Nusa Tenggara Barat,2024,RSTU,Jasa Lainnya,Jasa Lainnya,3796.2766443570217,,ADHB,2.0828263915456917
Nusa Tenggara Barat,2025,A,"Pertanian, Kehutanan dan Perikanan",Pertanian,42798.699165251506,,ADHB,22.181061195599426
Nusa Tenggara Barat,2025,B,Pertambangan dan Penggalian,Pertambangan,31699.45643268922,,ADHB,16.42871387950012
Nusa Tenggara Barat,2025,C,Industri Pengolahan,Industri Pengolahan,12688.188576144124,,ADHB,6.57584208767866
Nusa Tenggara Barat,2025,D,Pengadaan Listrik dan Gas,Listrik & Gas,172.4781366113509,,ADHB,0.08938935476304097
Nusa Tenggara Barat,2025,E,"Pengadaan Air, Pengelolaan Sampah, Limbah dan Daur Ulang",Air & Sampah,138.16412750524555,,ADHB,0.07160561014711027
Nusa Tenggara Barat,2025,F,Konstruksi,Konstruksi,17002.147537909717,,ADHB,8.81161536099153
Nusa Tenggara Barat,2025,G,"Perdagangan Besar dan Eceran, Reparasi Mobil dan Sepeda Motor",Perdagangan,27942.27066579241,,ADHB,14.481496579810873
Nusa Tenggara Barat,2025,H,Transportasi dan Pergudangan,Transportasi,11075.079466314415,,ADHB,5.739824344658983
Nusa Tenggara Barat,2025,I,Penyediaan Akomodasi dan Makan Minum,Akomodasi,3462.816488780018,,ADHB,1.7946560513484464
Nusa Tenggara Barat,2025,J,Informasi dan Komunikasi,Infokom,3748.5747645433926,,ADHB,1.9427545198879432
Nusa Tenggara Barat,2025,K,Jasa Keuangan dan Asuransi,Keuangan,7781.551299274499,,ADHB,4.032904479163265
Nusa Tenggara Barat,2025,L,Real Estate,Real Estate,5516.956543870305,,ADHB,2.859244628920974
Nusa Tenggara Barat,2025,MN,Jasa Perusahaan,Jasa Perusahaan,342.5213628768146,,ADHB,0.17751678109271093
Nusa Tenggara Barat,2025,O,"Administrasi Pemerintahan, Pertahanan dan Jaminan Sosial Wajib",Adm. Pemerintahan,11072.663218591071,,ADHB,5.7385720884067934
Nusa Tenggara Barat,2025,P,Jasa Pendidikan,Pendidikan,9055.535548971464,,ADHB,4.693165729058945
Nusa Tenggara Barat,2025,Q,Jasa Kesehatan dan Kegiatan Sosial,Kesehatan,3643.9897419527056,,ADHB,1.8885517793497297
Nusa Tenggara Barat,2025,RSTU,Jasa Lainnya,Jasa Lainnya,4129.87981308871,,ADHB,2.1403715218280763
Nusa Tenggara Barat,2026,A,"Pertanian, Kehutanan dan Perikanan",Pertanian,,,ADHB,
Nusa Tenggara Barat,2026,B,Pertambangan dan Penggalian,Pertambangan,,,ADHB,
Nusa Tenggara Barat,2026,C,Industri Pengolahan,Industri Pengolahan,,,ADHB,
Nusa Tenggara Barat,2026,D,Pengadaan Listrik dan Gas,Listrik & Gas,,,ADHB,
Nusa Tenggara Barat,2026,E,"Pengadaan Air, Pengelolaan Sampah, Limbah dan Daur Ulang",Air & Sampah,,,ADHB,
Nusa Tenggara Barat,2026,F,Konstruksi,Konstruksi,,,ADHB,
Nusa Tenggara Barat,2026,G,"Perdagangan Besar dan Eceran, Reparasi Mobil dan Sepeda Motor",Perdagangan,,,ADHB,
Nusa Tenggara Barat,2026,H,Transportasi dan Pergudangan,Transportasi,,,ADHB,
Nusa Tenggara Barat,2026,I,Penyediaan Akomodasi dan Makan Minum,Akomodasi,,,ADHB,
Nusa Tenggara Barat,2026,J,Informasi dan Komunikasi,Infokom,,,ADHB,
Nusa Tenggara Barat,2026,K,Jasa Keuangan dan Asuransi,Keuangan,,,ADHB,
Nusa Tenggara Barat,2026,L,Real Estate,Real Estate,,,ADHB,
Nusa Tenggara Barat,2026,MN,Jasa Perusahaan,Jasa Perusahaan,,,ADHB,
Nusa Tenggara Barat,2026,O,"Administrasi Pemerintahan, Pertahanan dan Jaminan Sosial Wajib",Adm. Pemerintahan,,,ADHB,
Nusa Tenggara Barat,2026,P,Jasa Pendidikan,Pendidikan,,,ADHB,
Nusa Tenggara Barat,2026,Q,Jasa Kesehatan dan Kegiatan Sosial,Kesehatan,,,ADHB,
Nusa Tenggara Barat,2026,RSTU,Jasa Lainnya,Jasa Lainnya,,,ADHB,
Nusa Tenggara Timur,2020,A,"Pertanian, Kehutanan dan Perikanan",Pertanian,30757.44336065275,,ADHB,28.884988428283485
Nusa Tenggara Timur,2020,B,Pertambangan dan Penggalian,Pertambangan,1149.109015088244,,ADHB,1.0791534333481658
Nusa Tenggara Timur,2020,C,Industri Pengolahan,Industri Pengolahan,1343.24363456413,,ADHB,1.2614695046593405
Nusa Tenggara Timur,2020,D,Pengadaan Listrik dan Gas,Listrik & Gas,84.65032323614084,,ADHB,0.07949697178844105
Nusa Tenggara Timur,2020,E,"Pengadaan Air, Pengelolaan Sampah, Limbah dan Daur Ulang",Air & Sampah,60.01600643342103,,ADHB,0.056362345563443585
Nusa Tenggara Timur,2020,F,Konstruksi,Konstruksi,10223.39956779638,,ADHB,9.601018353537489
Nusa Tenggara Timur,2020,G,"Perdagangan Besar dan Eceran, Reparasi Mobil dan Sepeda Motor",Perdagangan,11849.581411282128,,ADHB,11.128201324520735
Nusa Tenggara Timur,2020,H,Transportasi dan Pergudangan,Transportasi,4843.406175769004,,ADHB,4.548548775661158
Nusa Tenggara Timur,2020,I,Penyediaan Akomodasi dan Makan Minum,Akomodasi,586.5556638379937,,ADHB,0.5508472652892507
Nusa Tenggara Timur,2020,J,Informasi dan Komunikasi,Infokom,7904.172190307564,,ADHB,7.4229811488255235
Nusa Tenggara Timur,2020,K,Jasa Keuangan dan Asuransi,Keuangan,4634.992443784973,,ADHB,4.352822877183023
Nusa Tenggara Timur,2020,L,Real Estate,Real Estate,2423.159158022083,,ADHB,2.275641815174316
Nusa Tenggara Timur,2020,MN,Jasa Perusahaan,Jasa Perusahaan,190.4855470916456,,ADHB,0.17888914754651647
Nusa Tenggara Timur,2020,O,"Administrasi Pemerintahan, Pertahanan dan Jaminan Sosial Wajib",Adm. Pemerintahan,15096.301390993365,,ADHB,14.17726713744224
Nusa Tenggara Timur,2020,P,Jasa Pendidikan,Pendidikan,10714.965539056298,,ADHB,10.062658718930958
Nusa Tenggara Timur,2020,Q,Jasa Kesehatan dan Kegiatan Sosial,Kesehatan,2533.9005450181203,,ADHB,2.379641476147591
Nusa Tenggara Timur,2020,RSTU,Jasa Lainnya,Jasa Lainnya,1931.6395506167935,,ADHB,1.8140449910917653
Nusa Tenggara Timur,2021,A,"Pertanian, Kehutanan dan Perikanan",Pertanian,32767.20199171349,,ADHB,29.551574057106134
Nusa Tenggara Timur,2021,B,Pertambangan dan Penggalian,Pertambangan,1183.5414840603173,,ADHB,1.0673939698821626
Nusa Tenggara Timur,2021,C,Industri Pengolahan,Industri Pengolahan,1289.7995790957232,,ADHB,1.1632243665513662
Nusa Tenggara Timur,2021,D,Pengadaan Listrik dan Gas,Listrik & Gas,90.23079029288115,,ADHB,0.08137594055927062
Nusa Tenggara Timur,2021,E,"Pengadaan Air, Pengelolaan Sampah, Limbah dan Daur Ulang",Air & Sampah,67.5950911039989,,ADHB,0.060961608536542686
Nusa Tenggara Timur,2021,F,Konstruksi,Konstruksi,11233.713721740642,,ADHB,10.131286860205549
Nusa Tenggara Timur,2021,G,"Perdagangan Besar dan Eceran, Reparasi Mobil dan Sepeda Motor",Perdagangan,12683.084265601015,,ADHB,11.438422604475372
Nusa Tenggara Timur,2021,H,Transportasi dan Pergudangan,Transportasi,4982.785479397426,,ADHB,4.49379700293983
Nusa Tenggara Timur,2021,I,Penyediaan Akomodasi dan Makan Minum,Akomodasi,606.7892234585181,,ADHB,0.5472416191844225
Nusa Tenggara Timur,2021,J,Informasi dan Komunikasi,Infokom,8201.683190950878,,ADHB,7.396806363619364
Nusa Tenggara Timur,2021,K,Jasa Keuangan dan Asuransi,Keuangan,4941.728185507784,,ADHB,4.456768889850682
Nusa Tenggara Timur,2021,L,Real Estate,Real Estate,2464.4504085445988,,ADHB,2.222600171250166
Nusa Tenggara Timur,2021,MN,Jasa Perusahaan,Jasa Perusahaan,164.03890548058462,,ADHB,0.14794085454052633
Nusa Tenggara Timur,2021,O,"Administrasi Pemerintahan, Pertahanan dan Jaminan Sosial Wajib",Adm. Pemerintahan,14780.983551863646,,ADHB,13.330443355530603
Nusa Tenggara Timur,2021,P,Jasa Pendidikan,Pendidikan,10575.549671695333,,ADHB,9.537712112152374
Nusa Tenggara Timur,2021,Q,Jasa Kesehatan dan Kegiatan Sosial,Kesehatan,2835.328406837344,,ADHB,2.5570818470267866
Nusa Tenggara Timur,2021,RSTU,Jasa Lainnya,Jasa Lainnya,1855.4183019099073,,ADHB,1.6733357755009675
Nusa Tenggara Timur,2022,A,"Pertanian, Kehutanan dan Perikanan",Pertanian,35601.473346968516,,ADHB,29.98714509932074
Nusa Tenggara Timur,2022,B,Pertambangan dan Penggalian,Pertambangan,1246.5250378534543,,ADHB,1.0499488831753845
Nusa Tenggara Timur,2022,C,Industri Pengolahan,Industri Pengolahan,1408.3884014411533,,ADHB,1.1862865038930324
Nusa Tenggara Timur,2022,D,Pengadaan Listrik dan Gas,Listrik & Gas,100.65692981170201,,ADHB,0.08478340011657612
Nusa Tenggara Timur,2022,E,"Pengadaan Air, Pengelolaan Sampah, Limbah dan Daur Ulang",Air & Sampah,69.6539763097858,,ADHB,0.05866959139554971
Nusa Tenggara Timur,2022,F,Konstruksi,Konstruksi,11848.257188309703,,ADHB,9.979795049975555
Nusa Tenggara Timur,2022,G,"Perdagangan Besar dan Eceran, Reparasi Mobil dan Sepeda Motor",Perdagangan,14256.714370459173,,ADHB,12.0084401648207
Nusa Tenggara Timur,2022,H,Transportasi dan Pergudangan,Transportasi,5661.321359944952,,ADHB,4.768534813714636
Nusa Tenggara Timur,2022,I,Penyediaan Akomodasi dan Makan Minum,Akomodasi,733.0956865442151,,ADHB,0.6174869930196144
Nusa Tenggara Timur,2022,J,Informasi dan Komunikasi,Infokom,8619.41959998184,,ADHB,7.260142963678597
Nusa Tenggara Timur,2022,K,Jasa Keuangan dan Asuransi,Keuangan,5377.815620294266,,ADHB,4.5297377372975935
Nusa Tenggara Timur,2022,L,Real Estate,Real Estate,2754.2482659853977,,ADHB,2.3199051788312977
Nusa Tenggara Timur,2022,MN,Jasa Perusahaan,Jasa Perusahaan,177.97444281161071,,ADHB,0.1499079936537788
Nusa Tenggara Timur,2022,O,"Administrasi Pemerintahan, Pertahanan dan Jaminan Sosial Wajib",Adm. Pemerintahan,15131.25937555476,,ADHB,12.745070014605291
Nusa Tenggara Timur,2022,P,Jasa Pendidikan,Pendidikan,10741.82694149945,,ADHB,9.047848104128116
Nusa Tenggara Timur,2022,Q,Jasa Kesehatan dan Kegiatan Sosial,Kesehatan,2867.36087082365,,ADHB,2.4151800024541696
Nusa Tenggara Timur,2022,RSTU,Jasa Lainnya,Jasa Lainnya,1967.452919524898,,ADHB,1.6571869259140948
Nusa Tenggara Timur,2023,A,"Pertanian, Kehutanan dan Perikanan",Pertanian,38175.31200197572,,ADHB,29.70245502651353
Nusa Tenggara Timur,2023,B,Pertambangan dan Penggalian,Pertambangan,1337.5919521781489,,ADHB,1.040718797565865
Nusa Tenggara Timur,2023,C,Industri Pengolahan,Industri Pengolahan,1660.9705091787894,,ADHB,1.292324784318593
Nusa Tenggara Timur,2023,D,Pengadaan Listrik dan Gas,Listrik & Gas,115.9585307626572,,ADHB,0.09022200119124521
Nusa Tenggara Timur,2023,E,"Pengadaan Air, Pengelolaan Sampah, Limbah dan Daur Ulang",Air & Sampah,71.79243195830843,,ADHB,0.05585839040098292
Nusa Tenggara Timur,2023,F,Konstruksi,Konstruksi,13270.118865719822,,ADHB,10.324869349728765
Nusa Tenggara Timur,2023,G,"Perdagangan Besar dan Eceran, Reparasi Mobil dan Sepeda Motor",Perdagangan,16038.824847718537,,ADHB,12.479072173472542
Nusa Tenggara Timur,2023,H,Transportasi dan Pergudangan,Transportasi,6412.492080418695,,ADHB,4.989265251234962
Nusa Tenggara Timur,2023,I,Penyediaan Akomodasi dan Makan Minum,Akomodasi,842.3232847889319,,ADHB,0.6553730191631063
Nusa Tenggara Timur,2023,J,Informasi dan Komunikasi,Infokom,8944.064114632325,,ADHB,6.958965053261941
Nusa Tenggara Timur,2023,K,Jasa Keuangan dan Asuransi,Keuangan,5601.673570415578,,ADHB,4.358404648791533
Nusa Tenggara Timur,2023,L,Real Estate,Real Estate,3053.005545709384,,ADHB,2.3754032426096803
Nusa Tenggara Timur,2023,MN,Jasa Perusahaan,Jasa Perusahaan,190.22655926419264,,ADHB,0.14800653943838554
Nusa Tenggara Timur,2023,O,"Administrasi Pemerintahan, Pertahanan dan Jaminan Sosial Wajib",Adm. Pemerintahan,15852.660537619935,,ADHB,12.334226283333924
Nusa Tenggara Timur,2023,P,Jasa Pendidikan,Pendidikan,11417.233556867974,,ADHB,8.883224483732349
Nusa Tenggara Timur,2023,Q,Jasa Kesehatan dan Kegiatan Sosial,Kesehatan,3240.5450155343246,,ADHB,2.52131908130363
Nusa Tenggara Timur,2023,RSTU,Jasa Lainnya,Jasa Lainnya,2108.235481093,,ADHB,1.6403210944084528
Nusa Tenggara Timur,2024,A,"Pertanian, Kehutanan dan Perikanan",Pertanian,40166.153469617304,,ADHB,29.2205715279387
Nusa Tenggara Timur,2024,B,Pertambangan dan Penggalian,Pertambangan,1398.9533983289598,,ADHB,1.0177279701688537
Nusa Tenggara Timur,2024,C,Industri Pengolahan,Industri Pengolahan,1889.522440505447,,ADHB,1.3746132217564515
Nusa Tenggara Timur,2024,D,Pengadaan Listrik dan Gas,Listrik & Gas,125.28247838948843,,ADHB,0.09114205132305293
Nusa Tenggara Timur,2024,E,"Pengadaan Air, Pengelolaan Sampah, Limbah dan Daur Ulang",Air & Sampah,75.65159843099111,,ADHB,0.05503596317301859
Nusa Tenggara Timur,2024,F,Konstruksi,Konstruksi,13739.355031010036,,ADHB,9.995276414383483
Nusa Tenggara Timur,2024,G,"Perdagangan Besar dan Eceran, Reparasi Mobil dan Sepeda Motor",Perdagangan,17565.02955518307,,ADHB,12.778425569075894
Nusa Tenggara Timur,2024,H,Transportasi dan Pergudangan,Transportasi,7035.532342828938,,ADHB,5.118296334157732
Nusa Tenggara Timur,2024,I,Penyediaan Akomodasi dan Makan Minum,Akomodasi,961.8258920491544,,ADHB,0.6997210299787648
Nusa Tenggara Timur,2024,J,Informasi dan Komunikasi,Infokom,9409.633317657544,,ADHB,6.845436758545231
Nusa Tenggara Timur,2024,K,Jasa Keuangan dan Asuransi,Keuangan,5887.260290342298,,ADHB,4.282937138794419
Nusa Tenggara Timur,2024,L,Real Estate,Real Estate,3408.5857388882787,,ADHB,2.479720231802563
Nusa Tenggara Timur,2024,MN,Jasa Perusahaan,Jasa Perusahaan,204.0624858923522,,ADHB,0.14845390833097546
Nusa Tenggara Timur,2024,O,"Administrasi Pemerintahan, Pertahanan dan Jaminan Sosial Wajib",Adm. Pemerintahan,17384.86621703358,,ADHB,12.647358109178555
Nusa Tenggara Timur,2024,P,Jasa Pendidikan,Pendidikan,12168.823978942835,,ADHB,8.852727004505532
Nusa Tenggara Timur,2024,Q,Jasa Kesehatan dan Kegiatan Sosial,Kesehatan,3641.980288865802,,ADHB,2.649512993935189
Nusa Tenggara Timur,2024,RSTU,Jasa Lainnya,Jasa Lainnya,2181.4400315044954,,ADHB,1.5869810516633793
Nusa Tenggara Timur,2025,A,"Pertanian, Kehutanan dan Perikanan",Pertanian,42966.61305501172,,ADHB,28.958435912943497
Nusa Tenggara Timur,2025,B,Pertambangan dan Penggalian,Pertambangan,1415.9506980411854,,ADHB,0.9543157961418725
Nusa Tenggara Timur,2025,C,Industri Pengolahan,Industri Pengolahan,2158.963003975397,,ADHB,1.4550877377509517
Nusa Tenggara Timur,2025,D,Pengadaan Listrik dan Gas,Listrik & Gas,135.18234610402595,,ADHB,0.09110956223621092
Nusa Tenggara Timur,2025,E,"Pengadaan Air, Pengelolaan Sampah, Limbah dan Daur Ulang",Air & Sampah,79.80915406393278,,ADHB,0.05378939853293961
Nusa Tenggara Timur,2025,F,Konstruksi,Konstruksi,13895.16718161397,,ADHB,9.364999466288374
Nusa Tenggara Timur,2025,G,"Perdagangan Besar dan Eceran, Reparasi Mobil dan Sepeda Motor",Perdagangan,20044.147848529246,,ADHB,13.509260554422356
Nusa Tenggara Timur,2025,H,Transportasi dan Pergudangan,Transportasi,7325.096539914784,,ADHB,4.936934136178181
Nusa Tenggara Timur,2025,I,Penyediaan Akomodasi dan Makan Minum,Akomodasi,1069.4019729641411,,ADHB,0.7207505152804968
Nusa Tenggara Timur,2025,J,Informasi dan Komunikasi,Infokom,9791.09860281716,,ADHB,6.598958615704041
Nusa Tenggara Timur,2025,K,Jasa Keuangan dan Asuransi,Keuangan,6285.335430403165,,ADHB,4.236160830727912
Nusa Tenggara Timur,2025,L,Real Estate,Real Estate,3807.4048830860334,,ADHB,2.5660968473430668
Nusa Tenggara Timur,2025,MN,Jasa Perusahaan,Jasa Perusahaan,220.30899152988158,,ADHB,0.1484828186037143
Nusa Tenggara Timur,2025,O,"Administrasi Pemerintahan, Pertahanan dan Jaminan Sosial Wajib",Adm. Pemerintahan,19098.17533466844,,ADHB,12.871698445838867
Nusa Tenggara Timur,2025,P,Jasa Pendidikan,Pendidikan,13417.779410222343,,ADHB,9.043251899968277
Nusa Tenggara Timur,2025,Q,Jasa Kesehatan dan Kegiatan Sosial,Kesehatan,4061.9757815960193,,ADHB,2.7376713449736636
Nusa Tenggara Timur,2025,RSTU,Jasa Lainnya,Jasa Lainnya,2380.4726555526677,,ADHB,1.6043797715700014
Nusa Tenggara Timur,2026,A,"Pertanian, Kehutanan dan Perikanan",Pertanian,,,ADHB,
Nusa Tenggara Timur,2026,B,Pertambangan dan Penggalian,Pertambangan,,,ADHB,
Nusa Tenggara Timur,2026,C,Industri Pengolahan,Industri Pengolahan,,,ADHB,
Nusa Tenggara Timur,2026,D,Pengadaan Listrik dan Gas,Listrik & Gas,,,ADHB,
Nusa Tenggara Timur,2026,E,"Pengadaan Air, Pengelolaan Sampah, Limbah dan Daur Ulang",Air & Sampah,,,ADHB,
Nusa Tenggara Timur,2026,F,Konstruksi,Konstruksi,,,ADHB,
Nusa Tenggara Timur,2026,G,"Perdagangan Besar dan Eceran, Reparasi Mobil dan Sepeda Motor",Perdagangan,,,ADHB,
Nusa Tenggara Timur,2026,H,Transportasi dan Pergudangan,Transportasi,,,ADHB,
Nusa Tenggara Timur,2026,I,Penyediaan Akomodasi dan Makan Minum,Akomodasi,,,ADHB,
Nusa Tenggara Timur,2026,J,Informasi dan Komunikasi,Infokom,,,ADHB,
Nusa Tenggara Timur,2026,K,Jasa Keuangan dan Asuransi,Keuangan,,,ADHB,
Nusa Tenggara Timur,2026,L,Real Estate,Real Estate,,,ADHB,
Nusa Tenggara Timur,2026,MN,Jasa Perusahaan,Jasa Perusahaan,,,ADHB,
Nusa Tenggara Timur,2026,O,"Administrasi Pemerintahan, Pertahanan dan Jaminan Sosial Wajib",Adm. Pemerintahan,,,ADHB,
Nusa Tenggara Timur,2026,P,Jasa Pendidikan,Pendidikan,,,ADHB,
Nusa Tenggara Timur,2026,Q,Jasa Kesehatan dan Kegiatan Sosial,Kesehatan,,,ADHB,
Nusa Tenggara Timur,2026,RSTU,Jasa Lainnya,Jasa Lainnya,,,ADHB,
Papua,2020,A,"Pertanian, Kehutanan dan Perikanan",Pertanian,24780.369516712908,,ADHB,12.440783290114844
Papua,2020,B,Pertambangan dan Penggalian,Pertambangan,55927.70399959867,,ADHB,28.07804963939018
Papua,2020,C,Industri Pengolahan,Industri Pengolahan,4067.3677008430273,,ADHB,2.0419889256805956
Papua,2020,D,Pengadaan Listrik dan Gas,Listrik & Gas,82.6445325858534,,ADHB,0.0414910164806058
Papua,2020,E,"Pengadaan Air, Pengelolaan Sampah, Limbah dan Daur Ulang",Air & Sampah,99.83106671730974,,ADHB,0.05011937638030001
Papua,2020,F,Konstruksi,Konstruksi,30060.692478349334,,ADHB,15.091726554832153
Papua,2020,G,"Perdagangan Besar dan Eceran, Reparasi Mobil dan Sepeda Motor",Perdagangan,20867.39413834245,,ADHB,10.476305776208934
Papua,2020,H,Transportasi dan Pergudangan,Transportasi,8558.056694952018,,ADHB,4.296502869120151
Papua,2020,I,Penyediaan Akomodasi dan Makan Minum,Akomodasi,1509.842855085006,,ADHB,0.7580043449139197
Papua,2020,J,Informasi dan Komunikasi,Infokom,8435.769602602435,,ADHB,4.235109627422388
Papua,2020,K,Jasa Keuangan dan Asuransi,Keuangan,3322.1047274786238,,ADHB,1.6678357017135361
Papua,2020,L,Real Estate,Real Estate,5767.68053289212,,ADHB,2.895617175842789
Papua,2020,MN,Jasa Perusahaan,Jasa Perusahaan,2441.209300501231,,ADHB,1.2255893057956824
Papua,2020,O,"Administrasi Pemerintahan, Pertahanan dan Jaminan Sosial Wajib",Adm. Pemerintahan,21921.310979231974,,ADHB,11.0054161679836
Papua,2020,P,Jasa Pendidikan,Pendidikan,4081.0772200758665,,ADHB,2.048871678485084
Papua,2020,Q,Jasa Kesehatan dan Kegiatan Sosial,Kesehatan,3800.8953620537377,,ADHB,1.908208651845221
Papua,2020,RSTU,Jasa Lainnya,Jasa Lainnya,2319.622675462754,,ADHB,1.1645477280234076
Papua,2021,A,"Pertanian, Kehutanan dan Perikanan",Pertanian,25853.358726460523,,ADHB,10.97865577580859
Papua,2021,B,Pertambangan dan Penggalian,Pertambangan,86276.28311997167,,ADHB,36.63731370504413
Papua,2021,C,Industri Pengolahan,Industri Pengolahan,4166.789362854108,,ADHB,1.7694314533397926
Papua,2021,D,Pengadaan Listrik dan Gas,Listrik & Gas,87.90725062868678,,ADHB,0.03732990576045799
Papua,2021,E,"Pengadaan Air, Pengelolaan Sampah, Limbah dan Daur Ulang",Air & Sampah,104.22733367845856,,ADHB,0.04426024606679012
Papua,2021,F,Konstruksi,Konstruksi,31920.569204619802,,ADHB,13.555103039928113
Papua,2021,G,"Perdagangan Besar dan Eceran, Reparasi Mobil dan Sepeda Motor",Perdagangan,21986.775055428552,,ADHB,9.336706982935675
Papua,2021,H,Transportasi dan Pergudangan,Transportasi,8908.583330918169,,ADHB,3.7830392126248453
Papua,2021,I,Penyediaan Akomodasi dan Makan Minum,Akomodasi,1549.4891603238534,,ADHB,0.6579921897007316
Papua,2021,J,Informasi dan Komunikasi,Infokom,8798.411012419576,,ADHB,3.7362544225472276
Papua,2021,K,Jasa Keuangan dan Asuransi,Keuangan,3570.0088256694644,,ADHB,1.516007975145966
Papua,2021,L,Real Estate,Real Estate,6276.320020460716,,ADHB,2.665245849582025
Papua,2021,MN,Jasa Perusahaan,Jasa Perusahaan,2515.479040558508,,ADHB,1.0682008008997286
Papua,2021,O,"Administrasi Pemerintahan, Pertahanan dan Jaminan Sosial Wajib",Adm. Pemerintahan,21872.791364709898,,ADHB,9.288303689665483
Papua,2021,P,Jasa Pendidikan,Pendidikan,3909.9804638750024,,ADHB,1.660377286262833
Papua,2021,Q,Jasa Kesehatan dan Kegiatan Sosial,Kesehatan,3953.66329057681,,ADHB,1.6789272442295167
Papua,2021,RSTU,Jasa Lainnya,Jasa Lainnya,2403.7925272440075,,ADHB,1.0207730064126161
Papua,2022,A,"Pertanian, Kehutanan dan Perikanan",Pertanian,27406.085984631794,,ADHB,10.43962666000601
Papua,2022,B,Pertambangan dan Penggalian,Pertambangan,100834.65940352506,,ADHB,38.41030781089877
Papua,2022,C,Industri Pengolahan,Industri Pengolahan,4350.77838322402,,ADHB,1.6573144383606353
Papua,2022,D,Pengadaan Listrik dan Gas,Listrik & Gas,97.65817349295544,,ADHB,0.03720030916257987
Papua,2022,E,"Pengadaan Air, Pengelolaan Sampah, Limbah dan Daur Ulang",Air & Sampah,112.62201538707762,,ADHB,0.042900390628484664
Papua,2022,F,Konstruksi,Konstruksi,35299.91272134977,,ADHB,13.446572055139066
Papua,2022,G,"Perdagangan Besar dan Eceran, Reparasi Mobil dan Sepeda Motor",Perdagangan,24082.403491834386,,ADHB,9.173557350413232
Papua,2022,H,Transportasi dan Pergudangan,Transportasi,11437.74145931733,,ADHB,4.356906372398564
Papua,2022,I,Penyediaan Akomodasi dan Makan Minum,Akomodasi,1651.3492111994155,,ADHB,0.6290379903166216
Papua,2022,J,Informasi dan Komunikasi,Infokom,9349.440809010757,,ADHB,3.5614232393720706
Papua,2022,K,Jasa Keuangan dan Asuransi,Keuangan,4063.499321032395,,ADHB,1.5478830457057713
Papua,2022,L,Real Estate,Real Estate,6658.4189050129235,,ADHB,2.5363493186600987
Papua,2022,MN,Jasa Perusahaan,Jasa Perusahaan,2692.1884274437143,,ADHB,1.0255182770958768
Papua,2022,O,"Administrasi Pemerintahan, Pertahanan dan Jaminan Sosial Wajib",Adm. Pemerintahan,22267.609785339308,,ADHB,8.482259484261855
Papua,2022,P,Jasa Pendidikan,Pendidikan,4082.50410735275,,ADHB,1.5551224185242376
Papua,2022,Q,Jasa Kesehatan dan Kegiatan Sosial,Kesehatan,4095.334682595356,,ADHB,1.5600098882432274
Papua,2022,RSTU,Jasa Lainnya,Jasa Lainnya,2520.4613491482987,,ADHB,0.960103369406283
Papua,2023,A,"Pertanian, Kehutanan dan Perikanan",Pertanian,29356.772809193495,,ADHB,10.198658356993914
Papua,2023,B,Pertambangan dan Penggalian,Pertambangan,113633.77536054055,,ADHB,39.47682057050276
Papua,2023,C,Industri Pengolahan,Industri Pengolahan,4572.87576593988,,ADHB,1.588635029773865
Papua,2023,D,Pengadaan Listrik dan Gas,Listrik & Gas,101.37186509299258,,ADHB,0.035216984707901584
Papua,2023,E,"Pengadaan Air, Pengelolaan Sampah, Limbah dan Daur Ulang",Air & Sampah,113.75589419606172,,ADHB,0.03951924513435143
Papua,2023,F,Konstruksi,Konstruksi,37735.60973124888,,ADHB,13.109499264215449
Papua,2023,G,"Perdagangan Besar dan Eceran, Reparasi Mobil dan Sepeda Motor",Perdagangan,26801.848341834106,,ADHB,9.311067546522981
Papua,2023,H,Transportasi dan Pergudangan,Transportasi,13303.217699386047,,ADHB,4.621590160695875
Papua,2023,I,Penyediaan Akomodasi dan Makan Minum,Akomodasi,1735.1711326772083,,ADHB,0.6028052772732267
Papua,2023,J,Informasi dan Komunikasi,Infokom,9629.305049992792,,ADHB,3.345258453933263
Papua,2023,K,Jasa Keuangan dan Asuransi,Keuangan,4660.137501820288,,ADHB,1.6189501000871735
Papua,2023,L,Real Estate,Real Estate,7074.178049425043,,ADHB,2.457597282629026
Papua,2023,MN,Jasa Perusahaan,Jasa Perusahaan,2990.392988615214,,ADHB,1.0388742877924808
Papua,2023,O,"Administrasi Pemerintahan, Pertahanan dan Jaminan Sosial Wajib",Adm. Pemerintahan,23049.34230415037,,ADHB,8.007432187499173
Papua,2023,P,Jasa Pendidikan,Pendidikan,4423.001320194546,,ADHB,1.5365680577488676
Papua,2023,Q,Jasa Kesehatan dan Kegiatan Sosial,Kesehatan,4291.172218907185,,ADHB,1.4907701093749819
Papua,2023,RSTU,Jasa Lainnya,Jasa Lainnya,2715.107852648568,,ADHB,0.9432391486465588
Papua,2024,A,"Pertanian, Kehutanan dan Perikanan",Pertanian,12267.005349847226,,ADHB,14.278183103851505
Papua,2024,B,Pertambangan dan Penggalian,Pertambangan,712.8516235281986,,ADHB,0.8297237766135156
Papua,2024,C,Industri Pengolahan,Industri Pengolahan,2514.719646736785,,ADHB,2.9270083893301444
Papua,2024,D,Pengadaan Listrik dan Gas,Listrik & Gas,58.61476340914245,,ADHB,0.06822466451073116
Papua,2024,E,"Pengadaan Air, Pengelolaan Sampah, Limbah dan Daur Ulang",Air & Sampah,89.08905694798678,,ADHB,0.10369522400743483
Papua,2024,F,Konstruksi,Konstruksi,16881.80148009234,,ADHB,19.649575897399586
Papua,2024,G,"Perdagangan Besar dan Eceran, Reparasi Mobil dan Sepeda Motor",Perdagangan,13909.31685567148,,ADHB,16.189751879193473
Papua,2024,H,Transportasi dan Pergudangan,Transportasi,7011.626083471611,,ADHB,8.16118345271576
Papua,2024,I,Penyediaan Akomodasi dan Makan Minum,Akomodasi,1109.0977248296272,,ADHB,1.2909344981560436
Papua,2024,J,Informasi dan Komunikasi,Infokom,5121.769986665043,,ADHB,5.961485105761801
Papua,2024,K,Jasa Keuangan dan Asuransi,Keuangan,3110.2848365279738,,ADHB,3.620216600103817
Papua,2024,L,Real Estate,Real Estate,3991.8770906090954,,ADHB,4.646346064281821
Papua,2024,MN,Jasa Perusahaan,Jasa Perusahaan,2082.2422105811543,,ADHB,2.4236261990067947
Papua,2024,O,"Administrasi Pemerintahan, Pertahanan dan Jaminan Sosial Wajib",Adm. Pemerintahan,10141.026964503511,,ADHB,11.803650176290162
Papua,2024,P,Jasa Pendidikan,Pendidikan,2326.6644328675693,,ADHB,2.7081214890083753
Papua,2024,Q,Jasa Kesehatan dan Kegiatan Sosial,Kesehatan,2480.1897447740853,,ADHB,2.8868173036722573
Papua,2024,RSTU,Jasa Lainnya,Jasa Lainnya,1545.3632419116452,,ADHB,1.798725825961333
Papua,2025,A,"Pertanian, Kehutanan dan Perikanan",Pertanian,13214.93052741343,,ADHB,14.600006902214055
Papua,2025,B,Pertambangan dan Penggalian,Pertambangan,766.6299652406509,,ADHB,0.8469815835004924
Papua,2025,C,Industri Pengolahan,Industri Pengolahan,2693.9733666037982,,ADHB,2.976332691663025
Papua,2025,D,Pengadaan Listrik dan Gas,Listrik & Gas,61.72274595141952,,ADHB,0.06819199806196127
Papua,2025,E,"Pengadaan Air, Pengelolaan Sampah, Limbah dan Daur Ulang",Air & Sampah,94.87780665701081,,ADHB,0.10482208961944638
Papua,2025,F,Konstruksi,Konstruksi,16954.93440225591,,ADHB,18.73200610370325
Papua,2025,G,"Perdagangan Besar dan Eceran, Reparasi Mobil dan Sepeda Motor",Perdagangan,14664.355496395881,,ADHB,16.20134824165484
Papua,2025,H,Transportasi dan Pergudangan,Transportasi,7262.0064735020605,,ADHB,8.023148091252635
Papua,2025,I,Penyediaan Akomodasi dan Makan Minum,Akomodasi,1155.953348232386,,ADHB,1.2771105249339223
Papua,2025,J,Informasi dan Komunikasi,Infokom,5429.795223986135,,ADHB,5.998900076194578
Papua,2025,K,Jasa Keuangan dan Asuransi,Keuangan,3159.5359831764054,,ADHB,3.490691613283729
Papua,2025,L,Real Estate,Real Estate,4321.148344775821,,ADHB,4.774054281128805
Papua,2025,MN,Jasa Perusahaan,Jasa Perusahaan,2179.103658048558,,ADHB,2.407498728968044
Papua,2025,O,"Administrasi Pemerintahan, Pertahanan dan Jaminan Sosial Wajib",Adm. Pemerintahan,11135.191877551995,,ADHB,12.302287774611385
Papua,2025,P,Jasa Pendidikan,Pendidikan,2521.5393176055914,,ADHB,2.785825575463807
Papua,2025,Q,Jasa Kesehatan dan Kegiatan Sosial,Kesehatan,2655.6654830575367,,ADHB,2.9340097022969878
Papua,2025,RSTU,Jasa Lainnya,Jasa Lainnya,1670.9035384083013,,ADHB,1.8460334046470375
Papua,2026,A,"Pertanian, Kehutanan dan Perikanan",Pertanian,,,ADHB,
Papua,2026,B,Pertambangan dan Penggalian,Pertambangan,,,ADHB,
Papua,2026,C,Industri Pengolahan,Industri Pengolahan,,,ADHB,
Papua,2026,D,Pengadaan Listrik dan Gas,Listrik & Gas,,,ADHB,
Papua,2026,E,"Pengadaan Air, Pengelolaan Sampah, Limbah dan Daur Ulang",Air & Sampah,,,ADHB,
Papua,2026,F,Konstruksi,Konstruksi,,,ADHB,
Papua,2026,G,"Perdagangan Besar dan Eceran, Reparasi Mobil dan Sepeda Motor",Perdagangan,,,ADHB,
Papua,2026,H,Transportasi dan Pergudangan,Transportasi,,,ADHB,
Papua,2026,I,Penyediaan Akomodasi dan Makan Minum,Akomodasi,,,ADHB,
Papua,2026,J,Informasi dan Komunikasi,Infokom,,,ADHB,
Papua,2026,K,Jasa Keuangan dan Asuransi,Keuangan,,,ADHB,
Papua,2026,L,Real Estate,Real Estate,,,ADHB,
Papua,2026,MN,Jasa Perusahaan,Jasa Perusahaan,,,ADHB,
Papua,2026,O,"Administrasi Pemerintahan, Pertahanan dan Jaminan Sosial Wajib",Adm. Pemerintahan,,,ADHB,
Papua,2026,P,Jasa Pendidikan,Pendidikan,,,ADHB,
Papua,2026,Q,Jasa Kesehatan dan Kegiatan Sosial,Kesehatan,,,ADHB,
Papua,2026,RSTU,Jasa Lainnya,Jasa Lainnya,,,ADHB,
Papua Barat,2020,A,"Pertanian, Kehutanan dan Perikanan",Pertanian,9187.611328584531,,ADHB,10.991459280333466
Papua Barat,2020,B,Pertambangan dan Penggalian,Pertambangan,14392.951158778013,,ADHB,17.21878853248242
Papua Barat,2020,C,Industri Pengolahan,Industri Pengolahan,21092.384189849934,,ADHB,25.233553494649435
Papua Barat,2020,D,Pengadaan Listrik dan Gas,Listrik & Gas,44.623877140553304,,ADHB,0.053385097712504125
Papua Barat,2020,E,"Pengadaan Air, Pengelolaan Sampah, Limbah dan Daur Ulang",Air & Sampah,91.28719042856119,,ADHB,0.10921004388701765
Papua Barat,2020,F,Konstruksi,Konstruksi,12348.51884899952,,ADHB,14.772962987553715
Papua Barat,2020,G,"Perdagangan Besar dan Eceran, Reparasi Mobil dan Sepeda Motor",Perdagangan,6506.937957023087,,ADHB,7.784476403759036
Papua Barat,2020,H,Transportasi dan Pergudangan,Transportasi,2220.4551336490044,,ADHB,2.656407777000564
Papua Barat,2020,I,Penyediaan Akomodasi dan Makan Minum,Akomodasi,550.6277449223709,,ADHB,0.6587351402324179
Papua Barat,2020,J,Informasi dan Komunikasi,Infokom,1678.7066191744316,,ADHB,2.0082951692651436
Papua Barat,2020,K,Jasa Keuangan dan Asuransi,Keuangan,1430.4610925549082,,ADHB,1.7113104036085625
Papua Barat,2020,L,Real Estate,Real Estate,1135.9788351298323,,ADHB,1.3590110272518279
Papua Barat,2020,MN,Jasa Perusahaan,Jasa Perusahaan,95.52666404899237,,ADHB,0.11428187376776601
Papua Barat,2020,O,"Administrasi Pemerintahan, Pertahanan dan Jaminan Sosial Wajib",Adm. Pemerintahan,9131.88858025211,,ADHB,10.924796216629568
Papua Barat,2020,P,Jasa Pendidikan,Pendidikan,1959.5852080983748,,ADHB,2.3443200034100027
Papua Barat,2020,Q,Jasa Kesehatan dan Kegiatan Sosial,Kesehatan,728.2040213697815,,ADHB,0.8711758217023049
Papua Barat,2020,RSTU,Jasa Lainnya,Jasa Lainnya,253.55150705762827,,ADHB,0.30333249477157215
Papua Barat,2021,A,"Pertanian, Kehutanan dan Perikanan",Pertanian,9465.198157203336,,ADHB,11.125255360936558
Papua Barat,2021,B,Pertambangan dan Penggalian,Pertambangan,14975.327608695558,,ADHB,17.60178086009007
Papua Barat,2021,C,Industri Pengolahan,Industri Pengolahan,21152.272969654237,,ADHB,24.86207201827564
Papua Barat,2021,D,Pengadaan Listrik dan Gas,Listrik & Gas,49.58870548284895,,ADHB,0.05828583853737039
Papua Barat,2021,E,"Pengadaan Air, Pengelolaan Sampah, Limbah dan Daur Ulang",Air & Sampah,95.6635647790261,,ADHB,0.11244155370315279
Papua Barat,2021,F,Konstruksi,Konstruksi,12312.925602543291,,ADHB,14.47243251471264
Papua Barat,2021,G,"Perdagangan Besar dan Eceran, Reparasi Mobil dan Sepeda Motor",Perdagangan,6766.591509377813,,ADHB,7.953352609705548
Papua Barat,2021,H,Transportasi dan Pergudangan,Transportasi,2149.8100194706976,,ADHB,2.5268552276330016
Papua Barat,2021,I,Penyediaan Akomodasi dan Makan Minum,Akomodasi,581.0473096304513,,ADHB,0.6829545022788975
Papua Barat,2021,J,Informasi dan Komunikasi,Infokom,1698.9669746702261,,ADHB,1.9969409122850175
Papua Barat,2021,K,Jasa Keuangan dan Asuransi,Keuangan,1556.1564124596898,,ADHB,1.8290834679459362
Papua Barat,2021,L,Real Estate,Real Estate,1169.4293426285997,,ADHB,1.3745301310373665
Papua Barat,2021,MN,Jasa Perusahaan,Jasa Perusahaan,94.74970056663352,,ADHB,0.1113674110851928
Papua Barat,2021,O,"Administrasi Pemerintahan, Pertahanan dan Jaminan Sosial Wajib",Adm. Pemerintahan,9199.577419527986,,ADHB,10.813048634070551
Papua Barat,2021,P,Jasa Pendidikan,Pendidikan,1992.9324618000887,,ADHB,2.3424636427450145
Papua Barat,2021,Q,Jasa Kesehatan dan Kegiatan Sosial,Kesehatan,807.9783190414876,,ADHB,0.9496858888892792
Papua Barat,2021,RSTU,Jasa Lainnya,Jasa Lainnya,269.6471801994808,,ADHB,0.31693934846917904
Papua Barat,2022,A,"Pertanian, Kehutanan dan Perikanan",Pertanian,9675.060122247603,,ADHB,10.596764586640694
Papua Barat,2022,B,Pertambangan dan Penggalian,Pertambangan,16579.502502730327,,ADHB,18.15896570823989
Papua Barat,2022,C,Industri Pengolahan,Industri Pengolahan,24074.43476941331,,ADHB,26.36791033693812
Papua Barat,2022,D,Pengadaan Listrik dan Gas,Listrik & Gas,54.235784811237686,,ADHB,0.05940261213414302
Papua Barat,2022,E,"Pengadaan Air, Pengelolaan Sampah, Limbah dan Daur Ulang",Air & Sampah,95.38506822945106,,ADHB,0.10447202398090542
Papua Barat,2022,F,Konstruksi,Konstruksi,12056.710958157226,,ADHB,13.205305817064318
Papua Barat,2022,G,"Perdagangan Besar dan Eceran, Reparasi Mobil dan Sepeda Motor",Perdagangan,7281.911611363972,,ADHB,7.975630343517012
Papua Barat,2022,H,Transportasi dan Pergudangan,Transportasi,2393.4233719327567,,ADHB,2.621435289090818
Papua Barat,2022,I,Penyediaan Akomodasi dan Makan Minum,Akomodasi,670.5061465450469,,ADHB,0.7343825980466225
Papua Barat,2022,J,Informasi dan Komunikasi,Infokom,1788.4277664409221,,ADHB,1.958804160566132
Papua Barat,2022,K,Jasa Keuangan dan Asuransi,Keuangan,1704.5991686562522,,ADHB,1.86698954596651
Papua Barat,2022,L,Real Estate,Real Estate,1240.4255227722956,,ADHB,1.3585959245724197
Papua Barat,2022,MN,Jasa Perusahaan,Jasa Perusahaan,100.60680989518488,,ADHB,0.11019122018897816
Papua Barat,2022,O,"Administrasi Pemerintahan, Pertahanan dan Jaminan Sosial Wajib",Adm. Pemerintahan,9654.339437688868,,ADHB,10.574069924946752
Papua Barat,2022,P,Jasa Pendidikan,Pendidikan,2030.201160955056,,ADHB,2.223610343949735
Papua Barat,2022,Q,Jasa Kesehatan dan Kegiatan Sosial,Kesehatan,811.6507677865184,,ADHB,0.8889735055002269
Papua Barat,2022,RSTU,Jasa Lainnya,Jasa Lainnya,288.61070139188524,,ADHB,0.3161054940426129
Papua Barat,2023,A,"Pertanian, Kehutanan dan Perikanan",Pertanian,9699.387979435285,,ADHB,9.930181280688537
Papua Barat,2023,B,Pertambangan dan Penggalian,Pertambangan,18040.623425240945,,ADHB,18.46989329729946
Papua Barat,2023,C,Industri Pengolahan,Industri Pengolahan,27724.45744813255,,ADHB,28.384150520878602
Papua Barat,2023,D,Pengadaan Listrik dan Gas,Listrik & Gas,57.24447078666885,,ADHB,0.05860658151152716
Papua Barat,2023,E,"Pengadaan Air, Pengelolaan Sampah, Limbah dan Daur Ulang",Air & Sampah,103.01388442673876,,ADHB,0.10546506119296108
Papua Barat,2023,F,Konstruksi,Konstruksi,10886.7602624674,,ADHB,11.145806642120917
Papua Barat,2023,G,"Perdagangan Besar dan Eceran, Reparasi Mobil dan Sepeda Motor",Perdagangan,8010.247301349088,,ADHB,8.200848133324564
Papua Barat,2023,H,Transportasi dan Pergudangan,Transportasi,2603.733443435968,,ADHB,2.6656883047393993
Papua Barat,2023,I,Penyediaan Akomodasi dan Makan Minum,Akomodasi,745.4078965772321,,ADHB,0.763144598067682
Papua Barat,2023,J,Informasi dan Komunikasi,Infokom,1861.7381320433806,,ADHB,1.9060374930416575
Papua Barat,2023,K,Jasa Keuangan dan Asuransi,Keuangan,1914.8705955642033,,ADHB,1.9604342236157923
Papua Barat,2023,L,Real Estate,Real Estate,1311.8012548075874,,ADHB,1.343015073950311
Papua Barat,2023,MN,Jasa Perusahaan,Jasa Perusahaan,109.332707466292,,ADHB,0.11193423825819364
Papua Barat,2023,O,"Administrasi Pemerintahan, Pertahanan dan Jaminan Sosial Wajib",Adm. Pemerintahan,10462.73785939915,,ADHB,10.711694784912165
Papua Barat,2023,P,Jasa Pendidikan,Pendidikan,2099.2605095096824,,ADHB,2.149211626446911
Papua Barat,2023,Q,Jasa Kesehatan dan Kegiatan Sosial,Kesehatan,865.1635923569668,,ADHB,0.885749835739285
Papua Barat,2023,RSTU,Jasa Lainnya,Jasa Lainnya,319.57155231826,,ADHB,0.3271756376175112
Papua Barat,2024,A,"Pertanian, Kehutanan dan Perikanan",Pertanian,5192.047025393369,,ADHB,6.815723418287171
Papua Barat,2024,B,Pertambangan dan Penggalian,Pertambangan,19242.95349352649,,ADHB,25.2606819856187
Papua Barat,2024,C,Industri Pengolahan,Industri Pengolahan,29131.725882234845,,ADHB,38.241908314693546
Papua Barat,2024,D,Pengadaan Listrik dan Gas,Listrik & Gas,31.397574436677694,,ADHB,0.04121634151594873
Papua Barat,2024,E,"Pengadaan Air, Pengelolaan Sampah, Limbah dan Daur Ulang",Air & Sampah,51.93960649574488,,ADHB,0.068182354781898
Papua Barat,2024,F,Konstruksi,Konstruksi,5877.864220497814,,ADHB,7.7160119354126975
Papua Barat,2024,G,"Perdagangan Besar dan Eceran, Reparasi Mobil dan Sepeda Motor",Perdagangan,3577.19864838306,,ADHB,4.695873608310093
Papua Barat,2024,H,Transportasi dan Pergudangan,Transportasi,1231.9357417808826,,ADHB,1.6171913012372585
Papua Barat,2024,I,Penyediaan Akomodasi dan Makan Minum,Akomodasi,363.6502709510843,,ADHB,0.4773723457560551
Papua Barat,2024,J,Informasi dan Komunikasi,Infokom,761.3644079298448,,ADHB,0.999461137312144
Papua Barat,2024,K,Jasa Keuangan dan Asuransi,Keuangan,905.8115046166305,,ADHB,1.1890802711097863
Papua Barat,2024,L,Real Estate,Real Estate,688.8467304150461,,ADHB,0.9042654600657569
Papua Barat,2024,MN,Jasa Perusahaan,Jasa Perusahaan,47.095940315290505,,ADHB,0.06182395917125978
Papua Barat,2024,O,"Administrasi Pemerintahan, Pertahanan dan Jaminan Sosial Wajib",Adm. Pemerintahan,6826.222578601658,,ADHB,8.96094447139392
Papua Barat,2024,P,Jasa Pendidikan,Pendidikan,924.4034343010685,,ADHB,1.2134863386822912
Papua Barat,2024,Q,Jasa Kesehatan dan Kegiatan Sosial,Kesehatan,414.1552103594139,,ADHB,0.5436713789853326
Papua Barat,2024,RSTU,Jasa Lainnya,Jasa Lainnya,144.89082832564011,,ADHB,0.19020163085662195
Papua Barat,2025,A,"Pertanian, Kehutanan dan Perikanan",Pertanian,5337.081989068707,,ADHB,6.523946364705256
Papua Barat,2025,B,Pertambangan dan Penggalian,Pertambangan,20846.600953787984,,ADHB,25.482484021696262
Papua Barat,2025,C,Industri Pengolahan,Industri Pengolahan,32004.88419878134,,ADHB,39.12215483088099
Papua Barat,2025,D,Pengadaan Listrik dan Gas,Listrik & Gas,32.767867059151286,,ADHB,0.040054810403427565
Papua Barat,2025,E,"Pengadaan Air, Pengelolaan Sampah, Limbah dan Daur Ulang",Air & Sampah,55.47054489214271,,ADHB,0.06780612710063716
Papua Barat,2025,F,Konstruksi,Konstruksi,6183.257991891826,,ADHB,7.558295634367121
Papua Barat,2025,G,"Perdagangan Besar dan Eceran, Reparasi Mobil dan Sepeda Motor",Perdagangan,3754.2913418451117,,ADHB,4.58917352250545
Papua Barat,2025,H,Transportasi dan Pergudangan,Transportasi,1296.887482284474,,ADHB,1.5852903127234728
Papua Barat,2025,I,Penyediaan Akomodasi dan Makan Minum,Akomodasi,386.0792607943634,,ADHB,0.4719358621633223
Papua Barat,2025,J,Informasi dan Komunikasi,Infokom,838.2460228023645,,ADHB,1.0246558146176015
Papua Barat,2025,K,Jasa Keuangan dan Asuransi,Keuangan,929.827682414365,,ADHB,1.1366034737547699
Papua Barat,2025,L,Real Estate,Real Estate,747.966931634874,,ADHB,0.9143003900921076
Papua Barat,2025,MN,Jasa Perusahaan,Jasa Perusahaan,47.40473349417672,,ADHB,0.05794663439358573
Papua Barat,2025,O,"Administrasi Pemerintahan, Pertahanan dan Jaminan Sosial Wajib",Adm. Pemerintahan,6969.663660304516,,ADHB,8.519582796927615
Papua Barat,2025,P,Jasa Pendidikan,Pendidikan,972.4586030106598,,ADHB,1.1887146910862405
Papua Barat,2025,Q,Jasa Kesehatan dan Kegiatan Sosial,Kesehatan,419.4411608441752,,ADHB,0.5127168070683131
Papua Barat,2025,RSTU,Jasa Lainnya,Jasa Lainnya,153.98061661043474,,ADHB,0.18822294392858113
Papua Barat,2026,A,"Pertanian, Kehutanan dan Perikanan",Pertanian,,,ADHB,
Papua Barat,2026,B,Pertambangan dan Penggalian,Pertambangan,,,ADHB,
Papua Barat,2026,C,Industri Pengolahan,Industri Pengolahan,,,ADHB,
Papua Barat,2026,D,Pengadaan Listrik dan Gas,Listrik & Gas,,,ADHB,
Papua Barat,2026,E,"Pengadaan Air, Pengelolaan Sampah, Limbah dan Daur Ulang",Air & Sampah,,,ADHB,
Papua Barat,2026,F,Konstruksi,Konstruksi,,,ADHB,
Papua Barat,2026,G,"Perdagangan Besar dan Eceran, Reparasi Mobil dan Sepeda Motor",Perdagangan,,,ADHB,
Papua Barat,2026,H,Transportasi dan Pergudangan,Transportasi,,,ADHB,
Papua Barat,2026,I,Penyediaan Akomodasi dan Makan Minum,Akomodasi,,,ADHB,
Papua Barat,2026,J,Informasi dan Komunikasi,Infokom,,,ADHB,
Papua Barat,2026,K,Jasa Keuangan dan Asuransi,Keuangan,,,ADHB,
Papua Barat,2026,L,Real Estate,Real Estate,,,ADHB,
Papua Barat,2026,MN,Jasa Perusahaan,Jasa Perusahaan,,,ADHB,
Papua Barat,2026,O,"Administrasi Pemerintahan, Pertahanan dan Jaminan Sosial Wajib",Adm. Pemerintahan,,,ADHB,
Papua Barat,2026,P,Jasa Pendidikan,Pendidikan,,,ADHB,
Papua Barat,2026,Q,Jasa Kesehatan dan Kegiatan Sosial,Kesehatan,,,ADHB,
Papua Barat,2026,RSTU,Jasa Lainnya,Jasa Lainnya,,,ADHB,
Papua Barat Daya,2020,A,"Pertanian, Kehutanan dan Perikanan",Pertanian,,,ADHB,
Papua Barat Daya,2020,B,Pertambangan dan Penggalian,Pertambangan,,,ADHB,
Papua Barat Daya,2020,C,Industri Pengolahan,Industri Pengolahan,,,ADHB,
Papua Barat Daya,2020,D,Pengadaan Listrik dan Gas,Listrik & Gas,,,ADHB,
Papua Barat Daya,2020,E,"Pengadaan Air, Pengelolaan Sampah, Limbah dan Daur Ulang",Air & Sampah,,,ADHB,
Papua Barat Daya,2020,F,Konstruksi,Konstruksi,,,ADHB,
Papua Barat Daya,2020,G,"Perdagangan Besar dan Eceran, Reparasi Mobil dan Sepeda Motor",Perdagangan,,,ADHB,
Papua Barat Daya,2020,H,Transportasi dan Pergudangan,Transportasi,,,ADHB,
Papua Barat Daya,2020,I,Penyediaan Akomodasi dan Makan Minum,Akomodasi,,,ADHB,
Papua Barat Daya,2020,J,Informasi dan Komunikasi,Infokom,,,ADHB,
Papua Barat Daya,2020,K,Jasa Keuangan dan Asuransi,Keuangan,,,ADHB,
Papua Barat Daya,2020,L,Real Estate,Real Estate,,,ADHB,
Papua Barat Daya,2020,MN,Jasa Perusahaan,Jasa Perusahaan,,,ADHB,
Papua Barat Daya,2020,O,"Administrasi Pemerintahan, Pertahanan dan Jaminan Sosial Wajib",Adm. Pemerintahan,,,ADHB,
Papua Barat Daya,2020,P,Jasa Pendidikan,Pendidikan,,,ADHB,
Papua Barat Daya,2020,Q,Jasa Kesehatan dan Kegiatan Sosial,Kesehatan,,,ADHB,
Papua Barat Daya,2020,RSTU,Jasa Lainnya,Jasa Lainnya,,,ADHB,
Papua Barat Daya,2021,A,"Pertanian, Kehutanan dan Perikanan",Pertanian,,,ADHB,
Papua Barat Daya,2021,B,Pertambangan dan Penggalian,Pertambangan,,,ADHB,
Papua Barat Daya,2021,C,Industri Pengolahan,Industri Pengolahan,,,ADHB,
Papua Barat Daya,2021,D,Pengadaan Listrik dan Gas,Listrik & Gas,,,ADHB,
Papua Barat Daya,2021,E,"Pengadaan Air, Pengelolaan Sampah, Limbah dan Daur Ulang",Air & Sampah,,,ADHB,
Papua Barat Daya,2021,F,Konstruksi,Konstruksi,,,ADHB,
Papua Barat Daya,2021,G,"Perdagangan Besar dan Eceran, Reparasi Mobil dan Sepeda Motor",Perdagangan,,,ADHB,
Papua Barat Daya,2021,H,Transportasi dan Pergudangan,Transportasi,,,ADHB,
Papua Barat Daya,2021,I,Penyediaan Akomodasi dan Makan Minum,Akomodasi,,,ADHB,
Papua Barat Daya,2021,J,Informasi dan Komunikasi,Infokom,,,ADHB,
Papua Barat Daya,2021,K,Jasa Keuangan dan Asuransi,Keuangan,,,ADHB,
Papua Barat Daya,2021,L,Real Estate,Real Estate,,,ADHB,
Papua Barat Daya,2021,MN,Jasa Perusahaan,Jasa Perusahaan,,,ADHB,
Papua Barat Daya,2021,O,"Administrasi Pemerintahan, Pertahanan dan Jaminan Sosial Wajib",Adm. Pemerintahan,,,ADHB,
Papua Barat Daya,2021,P,Jasa Pendidikan,Pendidikan,,,ADHB,
Papua Barat Daya,2021,Q,Jasa Kesehatan dan Kegiatan Sosial,Kesehatan,,,ADHB,
Papua Barat Daya,2021,RSTU,Jasa Lainnya,Jasa Lainnya,,,ADHB,
Papua Barat Daya,2022,A,"Pertanian, Kehutanan dan Perikanan",Pertanian,,,ADHB,
Papua Barat Daya,2022,B,Pertambangan dan Penggalian,Pertambangan,,,ADHB,
Papua Barat Daya,2022,C,Industri Pengolahan,Industri Pengolahan,,,ADHB,
Papua Barat Daya,2022,D,Pengadaan Listrik dan Gas,Listrik & Gas,,,ADHB,
Papua Barat Daya,2022,E,"Pengadaan Air, Pengelolaan Sampah, Limbah dan Daur Ulang",Air & Sampah,,,ADHB,
Papua Barat Daya,2022,F,Konstruksi,Konstruksi,,,ADHB,
Papua Barat Daya,2022,G,"Perdagangan Besar dan Eceran, Reparasi Mobil dan Sepeda Motor",Perdagangan,,,ADHB,
Papua Barat Daya,2022,H,Transportasi dan Pergudangan,Transportasi,,,ADHB,
Papua Barat Daya,2022,I,Penyediaan Akomodasi dan Makan Minum,Akomodasi,,,ADHB,
Papua Barat Daya,2022,J,Informasi dan Komunikasi,Infokom,,,ADHB,
Papua Barat Daya,2022,K,Jasa Keuangan dan Asuransi,Keuangan,,,ADHB,
Papua Barat Daya,2022,L,Real Estate,Real Estate,,,ADHB,
Papua Barat Daya,2022,MN,Jasa Perusahaan,Jasa Perusahaan,,,ADHB,
Papua Barat Daya,2022,O,"Administrasi Pemerintahan, Pertahanan dan Jaminan Sosial Wajib",Adm. Pemerintahan,,,ADHB,
Papua Barat Daya,2022,P,Jasa Pendidikan,Pendidikan,,,ADHB,
Papua Barat Daya,2022,Q,Jasa Kesehatan dan Kegiatan Sosial,Kesehatan,,,ADHB,
Papua Barat Daya,2022,RSTU,Jasa Lainnya,Jasa Lainnya,,,ADHB,
Papua Barat Daya,2023,A,"Pertanian, Kehutanan dan Perikanan",Pertanian,,,ADHB,
Papua Barat Daya,2023,B,Pertambangan dan Penggalian,Pertambangan,,,ADHB,
Papua Barat Daya,2023,C,Industri Pengolahan,Industri Pengolahan,,,ADHB,
Papua Barat Daya,2023,D,Pengadaan Listrik dan Gas,Listrik & Gas,,,ADHB,
Papua Barat Daya,2023,E,"Pengadaan Air, Pengelolaan Sampah, Limbah dan Daur Ulang",Air & Sampah,,,ADHB,
Papua Barat Daya,2023,F,Konstruksi,Konstruksi,,,ADHB,
Papua Barat Daya,2023,G,"Perdagangan Besar dan Eceran, Reparasi Mobil dan Sepeda Motor",Perdagangan,,,ADHB,
Papua Barat Daya,2023,H,Transportasi dan Pergudangan,Transportasi,,,ADHB,
Papua Barat Daya,2023,I,Penyediaan Akomodasi dan Makan Minum,Akomodasi,,,ADHB,
Papua Barat Daya,2023,J,Informasi dan Komunikasi,Infokom,,,ADHB,
Papua Barat Daya,2023,K,Jasa Keuangan dan Asuransi,Keuangan,,,ADHB,
Papua Barat Daya,2023,L,Real Estate,Real Estate,,,ADHB,
Papua Barat Daya,2023,MN,Jasa Perusahaan,Jasa Perusahaan,,,ADHB,
Papua Barat Daya,2023,O,"Administrasi Pemerintahan, Pertahanan dan Jaminan Sosial Wajib",Adm. Pemerintahan,,,ADHB,
Papua Barat Daya,2023,P,Jasa Pendidikan,Pendidikan,,,ADHB,
Papua Barat Daya,2023,Q,Jasa Kesehatan dan Kegiatan Sosial,Kesehatan,,,ADHB,
Papua Barat Daya,2023,RSTU,Jasa Lainnya,Jasa Lainnya,,,ADHB,
Papua Barat Daya,2024,A,"Pertanian, Kehutanan dan Perikanan",Pertanian,4559.796312917649,,ADHB,12.310348884169962
Papua Barat Daya,2024,B,Pertambangan dan Penggalian,Pertambangan,3690.5038694848436,,ADHB,9.963469215287772
Papua Barat Daya,2024,C,Industri Pengolahan,Industri Pengolahan,6454.637029272525,,ADHB,17.42596122680408
Papua Barat Daya,2024,D,Pengadaan Listrik dan Gas,Listrik & Gas,31.238699929724227,,ADHB,0.08433694587044731
Papua Barat Daya,2024,E,"Pengadaan Air, Pengelolaan Sampah, Limbah dan Daur Ulang",Air & Sampah,61.856072921684685,,ADHB,0.16699645905528615
Papua Barat Daya,2024,F,Konstruksi,Konstruksi,5228.138311636076,,ADHB,14.114710880529142
Papua Barat Daya,2024,G,"Perdagangan Besar dan Eceran, Reparasi Mobil dan Sepeda Motor",Perdagangan,5179.0168624949265,,ADHB,13.982094830353727
Papua Barat Daya,2024,H,Transportasi dan Pergudangan,Transportasi,1561.2944538249496,,ADHB,4.215117983023783
Papua Barat Daya,2024,I,Penyediaan Akomodasi dan Makan Minum,Akomodasi,461.0996827304812,,ADHB,1.2448577908429084
Papua Barat Daya,2024,J,Informasi dan Komunikasi,Infokom,1186.1236088214869,,ADHB,3.20224730279678
Papua Barat Daya,2024,K,Jasa Keuangan dan Asuransi,Keuangan,1031.5867452461964,,ADHB,2.7850350907758603
Papua Barat Daya,2024,L,Real Estate,Real Estate,736.2008229954151,,ADHB,1.9875644344489594
Papua Barat Daya,2024,MN,Jasa Perusahaan,Jasa Perusahaan,70.8829761598154,,ADHB,0.19136691786069895
Papua Barat Daya,2024,O,"Administrasi Pemerintahan, Pertahanan dan Jaminan Sosial Wajib",Adm. Pemerintahan,4549.48937987318,,ADHB,12.282522654006184
Papua Barat Daya,2024,P,Jasa Pendidikan,Pendidikan,1264.930581840981,,ADHB,3.41500709858568
Papua Barat Daya,2024,Q,Jasa Kesehatan dan Kegiatan Sosial,Kesehatan,498.8096083850289,,ADHB,1.346665483412087
Papua Barat Daya,2024,RSTU,Jasa Lainnya,Jasa Lainnya,196.75025362731773,,ADHB,0.5311781709063703
Papua Barat Daya,2025,A,"Pertanian, Kehutanan dan Perikanan",Pertanian,4817.473004354531,,ADHB,12.283317757007794
Papua Barat Daya,2025,B,Pertambangan dan Penggalian,Pertambangan,3927.0628925874908,,ADHB,10.013000865350858
Papua Barat Daya,2025,C,Industri Pengolahan,Industri Pengolahan,6957.296054647715,,ADHB,17.73931646146603
Papua Barat Daya,2025,D,Pengadaan Listrik dan Gas,Listrik & Gas,30.98052885592486,,ADHB,0.07899238457039601
Papua Barat Daya,2025,E,"Pengadaan Air, Pengelolaan Sampah, Limbah dan Daur Ulang",Air & Sampah,63.66630049392244,,ADHB,0.16233269987670065
Papua Barat Daya,2025,F,Konstruksi,Konstruksi,5547.704826672592,,ADHB,14.145221186815057
Papua Barat Daya,2025,G,"Perdagangan Besar dan Eceran, Reparasi Mobil dan Sepeda Motor",Perdagangan,5545.681567942949,,ADHB,14.14006239716364
Papua Barat Daya,2025,H,Transportasi dan Pergudangan,Transportasi,1711.5384480471632,,ADHB,4.363983065747578
Papua Barat Daya,2025,I,Penyediaan Akomodasi dan Makan Minum,Akomodasi,498.20443136010346,,ADHB,1.2702932290049156
Papua Barat Daya,2025,J,Informasi dan Komunikasi,Infokom,1251.2240913254523,,ADHB,3.1902997868553924
Papua Barat Daya,2025,K,Jasa Keuangan dan Asuransi,Keuangan,1027.7905108189339,,ADHB,2.6206015935356213
Papua Barat Daya,2025,L,Real Estate,Real Estate,758.7641841299971,,ADHB,1.9346536177537506
Papua Barat Daya,2025,MN,Jasa Perusahaan,Jasa Perusahaan,70.54429977006924,,ADHB,0.1798698299374223
Papua Barat Daya,2025,O,"Administrasi Pemerintahan, Pertahanan dan Jaminan Sosial Wajib",Adm. Pemerintahan,4676.6545171144335,,ADHB,11.92426681406161
Papua Barat Daya,2025,P,Jasa Pendidikan,Pendidikan,1317.3562164755722,,ADHB,3.358919705727978
Papua Barat Daya,2025,Q,Jasa Kesehatan dan Kegiatan Sosial,Kesehatan,517.8251718330184,,ADHB,1.3203210734035764
Papua Barat Daya,2025,RSTU,Jasa Lainnya,Jasa Lainnya,202.75388016913078,,ADHB,0.5169702734883104
Papua Barat Daya,2026,A,"Pertanian, Kehutanan dan Perikanan",Pertanian,,,ADHB,
Papua Barat Daya,2026,B,Pertambangan dan Penggalian,Pertambangan,,,ADHB,
Papua Barat Daya,2026,C,Industri Pengolahan,Industri Pengolahan,,,ADHB,
Papua Barat Daya,2026,D,Pengadaan Listrik dan Gas,Listrik & Gas,,,ADHB,
Papua Barat Daya,2026,E,"Pengadaan Air, Pengelolaan Sampah, Limbah dan Daur Ulang",Air & Sampah,,,ADHB,
Papua Barat Daya,2026,F,Konstruksi,Konstruksi,,,ADHB,
Papua Barat Daya,2026,G,"Perdagangan Besar dan Eceran, Reparasi Mobil dan Sepeda Motor",Perdagangan,,,ADHB,
Papua Barat Daya,2026,H,Transportasi dan Pergudangan,Transportasi,,,ADHB,
Papua Barat Daya,2026,I,Penyediaan Akomodasi dan Makan Minum,Akomodasi,,,ADHB,
Papua Barat Daya,2026,J,Informasi dan Komunikasi,Infokom,,,ADHB,
Papua Barat Daya,2026,K,Jasa Keuangan dan Asuransi,Keuangan,,,ADHB,
Papua Barat Daya,2026,L,Real Estate,Real Estate,,,ADHB,
Papua Barat Daya,2026,MN,Jasa Perusahaan,Jasa Perusahaan,,,ADHB,
Papua Barat Daya,2026,O,"Administrasi Pemerintahan, Pertahanan dan Jaminan Sosial Wajib",Adm. Pemerintahan,,,ADHB,
Papua Barat Daya,2026,P,Jasa Pendidikan,Pendidikan,,,ADHB,
Papua Barat Daya,2026,Q,Jasa Kesehatan dan Kegiatan Sosial,Kesehatan,,,ADHB,
Papua Barat Daya,2026,RSTU,Jasa Lainnya,Jasa Lainnya,,,ADHB,
Papua Pegunungan,2020,A,"Pertanian, Kehutanan dan Perikanan",Pertanian,,,ADHB,
Papua Pegunungan,2020,B,Pertambangan dan Penggalian,Pertambangan,,,ADHB,
Papua Pegunungan,2020,C,Industri Pengolahan,Industri Pengolahan,,,ADHB,
Papua Pegunungan,2020,D,Pengadaan Listrik dan Gas,Listrik & Gas,,,ADHB,
Papua Pegunungan,2020,E,"Pengadaan Air, Pengelolaan Sampah, Limbah dan Daur Ulang",Air & Sampah,,,ADHB,
Papua Pegunungan,2020,F,Konstruksi,Konstruksi,,,ADHB,
Papua Pegunungan,2020,G,"Perdagangan Besar dan Eceran, Reparasi Mobil dan Sepeda Motor",Perdagangan,,,ADHB,
Papua Pegunungan,2020,H,Transportasi dan Pergudangan,Transportasi,,,ADHB,
Papua Pegunungan,2020,I,Penyediaan Akomodasi dan Makan Minum,Akomodasi,,,ADHB,
Papua Pegunungan,2020,J,Informasi dan Komunikasi,Infokom,,,ADHB,
Papua Pegunungan,2020,K,Jasa Keuangan dan Asuransi,Keuangan,,,ADHB,
Papua Pegunungan,2020,L,Real Estate,Real Estate,,,ADHB,
Papua Pegunungan,2020,MN,Jasa Perusahaan,Jasa Perusahaan,,,ADHB,
Papua Pegunungan,2020,O,"Administrasi Pemerintahan, Pertahanan dan Jaminan Sosial Wajib",Adm. Pemerintahan,,,ADHB,
Papua Pegunungan,2020,P,Jasa Pendidikan,Pendidikan,,,ADHB,
Papua Pegunungan,2020,Q,Jasa Kesehatan dan Kegiatan Sosial,Kesehatan,,,ADHB,
Papua Pegunungan,2020,RSTU,Jasa Lainnya,Jasa Lainnya,,,ADHB,
Papua Pegunungan,2021,A,"Pertanian, Kehutanan dan Perikanan",Pertanian,,,ADHB,
Papua Pegunungan,2021,B,Pertambangan dan Penggalian,Pertambangan,,,ADHB,
Papua Pegunungan,2021,C,Industri Pengolahan,Industri Pengolahan,,,ADHB,
Papua Pegunungan,2021,D,Pengadaan Listrik dan Gas,Listrik & Gas,,,ADHB,
Papua Pegunungan,2021,E,"Pengadaan Air, Pengelolaan Sampah, Limbah dan Daur Ulang",Air & Sampah,,,ADHB,
Papua Pegunungan,2021,F,Konstruksi,Konstruksi,,,ADHB,
Papua Pegunungan,2021,G,"Perdagangan Besar dan Eceran, Reparasi Mobil dan Sepeda Motor",Perdagangan,,,ADHB,
Papua Pegunungan,2021,H,Transportasi dan Pergudangan,Transportasi,,,ADHB,
Papua Pegunungan,2021,I,Penyediaan Akomodasi dan Makan Minum,Akomodasi,,,ADHB,
Papua Pegunungan,2021,J,Informasi dan Komunikasi,Infokom,,,ADHB,
Papua Pegunungan,2021,K,Jasa Keuangan dan Asuransi,Keuangan,,,ADHB,
Papua Pegunungan,2021,L,Real Estate,Real Estate,,,ADHB,
Papua Pegunungan,2021,MN,Jasa Perusahaan,Jasa Perusahaan,,,ADHB,
Papua Pegunungan,2021,O,"Administrasi Pemerintahan, Pertahanan dan Jaminan Sosial Wajib",Adm. Pemerintahan,,,ADHB,
Papua Pegunungan,2021,P,Jasa Pendidikan,Pendidikan,,,ADHB,
Papua Pegunungan,2021,Q,Jasa Kesehatan dan Kegiatan Sosial,Kesehatan,,,ADHB,
Papua Pegunungan,2021,RSTU,Jasa Lainnya,Jasa Lainnya,,,ADHB,
Papua Pegunungan,2022,A,"Pertanian, Kehutanan dan Perikanan",Pertanian,,,ADHB,
Papua Pegunungan,2022,B,Pertambangan dan Penggalian,Pertambangan,,,ADHB,
Papua Pegunungan,2022,C,Industri Pengolahan,Industri Pengolahan,,,ADHB,
Papua Pegunungan,2022,D,Pengadaan Listrik dan Gas,Listrik & Gas,,,ADHB,
Papua Pegunungan,2022,E,"Pengadaan Air, Pengelolaan Sampah, Limbah dan Daur Ulang",Air & Sampah,,,ADHB,
Papua Pegunungan,2022,F,Konstruksi,Konstruksi,,,ADHB,
Papua Pegunungan,2022,G,"Perdagangan Besar dan Eceran, Reparasi Mobil dan Sepeda Motor",Perdagangan,,,ADHB,
Papua Pegunungan,2022,H,Transportasi dan Pergudangan,Transportasi,,,ADHB,
Papua Pegunungan,2022,I,Penyediaan Akomodasi dan Makan Minum,Akomodasi,,,ADHB,
Papua Pegunungan,2022,J,Informasi dan Komunikasi,Infokom,,,ADHB,
Papua Pegunungan,2022,K,Jasa Keuangan dan Asuransi,Keuangan,,,ADHB,
Papua Pegunungan,2022,L,Real Estate,Real Estate,,,ADHB,
Papua Pegunungan,2022,MN,Jasa Perusahaan,Jasa Perusahaan,,,ADHB,
Papua Pegunungan,2022,O,"Administrasi Pemerintahan, Pertahanan dan Jaminan Sosial Wajib",Adm. Pemerintahan,,,ADHB,
Papua Pegunungan,2022,P,Jasa Pendidikan,Pendidikan,,,ADHB,
Papua Pegunungan,2022,Q,Jasa Kesehatan dan Kegiatan Sosial,Kesehatan,,,ADHB,
Papua Pegunungan,2022,RSTU,Jasa Lainnya,Jasa Lainnya,,,ADHB,
Papua Pegunungan,2023,A,"Pertanian, Kehutanan dan Perikanan",Pertanian,,,ADHB,
Papua Pegunungan,2023,B,Pertambangan dan Penggalian,Pertambangan,,,ADHB,
Papua Pegunungan,2023,C,Industri Pengolahan,Industri Pengolahan,,,ADHB,
Papua Pegunungan,2023,D,Pengadaan Listrik dan Gas,Listrik & Gas,,,ADHB,
Papua Pegunungan,2023,E,"Pengadaan Air, Pengelolaan Sampah, Limbah dan Daur Ulang",Air & Sampah,,,ADHB,
Papua Pegunungan,2023,F,Konstruksi,Konstruksi,,,ADHB,
Papua Pegunungan,2023,G,"Perdagangan Besar dan Eceran, Reparasi Mobil dan Sepeda Motor",Perdagangan,,,ADHB,
Papua Pegunungan,2023,H,Transportasi dan Pergudangan,Transportasi,,,ADHB,
Papua Pegunungan,2023,I,Penyediaan Akomodasi dan Makan Minum,Akomodasi,,,ADHB,
Papua Pegunungan,2023,J,Informasi dan Komunikasi,Infokom,,,ADHB,
Papua Pegunungan,2023,K,Jasa Keuangan dan Asuransi,Keuangan,,,ADHB,
Papua Pegunungan,2023,L,Real Estate,Real Estate,,,ADHB,
Papua Pegunungan,2023,MN,Jasa Perusahaan,Jasa Perusahaan,,,ADHB,
Papua Pegunungan,2023,O,"Administrasi Pemerintahan, Pertahanan dan Jaminan Sosial Wajib",Adm. Pemerintahan,,,ADHB,
Papua Pegunungan,2023,P,Jasa Pendidikan,Pendidikan,,,ADHB,
Papua Pegunungan,2023,Q,Jasa Kesehatan dan Kegiatan Sosial,Kesehatan,,,ADHB,
Papua Pegunungan,2023,RSTU,Jasa Lainnya,Jasa Lainnya,,,ADHB,
Papua Pegunungan,2024,A,"Pertanian, Kehutanan dan Perikanan",Pertanian,4406.412263726837,,ADHB,16.58952067971832
Papua Pegunungan,2024,B,Pertambangan dan Penggalian,Pertambangan,302.13993943963084,,ADHB,1.1375142572935892
Papua Pegunungan,2024,C,Industri Pengolahan,Industri Pengolahan,197.15354873896862,,ADHB,0.7422553038917672
Papua Pegunungan,2024,D,Pengadaan Listrik dan Gas,Listrik & Gas,8.301192988318327,,ADHB,0.03125282077659375
Papua Pegunungan,2024,E,"Pengadaan Air, Pengelolaan Sampah, Limbah dan Daur Ulang",Air & Sampah,2.6457172209628763,,ADHB,0.009960752177266413
Papua Pegunungan,2024,F,Konstruksi,Konstruksi,5165.656954570293,,ADHB,19.44796985466249
Papua Pegunungan,2024,G,"Perdagangan Besar dan Eceran, Reparasi Mobil dan Sepeda Motor",Perdagangan,4048.6716879197575,,ADHB,15.242677868576898
Papua Pegunungan,2024,H,Transportasi dan Pergudangan,Transportasi,2553.6553954043848,,ADHB,9.61415238870657
Papua Pegunungan,2024,I,Penyediaan Akomodasi dan Makan Minum,Akomodasi,96.55937249990174,,ADHB,0.3635324184471378
Papua Pegunungan,2024,J,Informasi dan Komunikasi,Infokom,742.3210703417249,,ADHB,2.794734130711855
Papua Pegunungan,2024,K,Jasa Keuangan dan Asuransi,Keuangan,211.28042605835512,,ADHB,0.7954410045033553
Papua Pegunungan,2024,L,Real Estate,Real Estate,1220.87860035513,,ADHB,4.596435734065159
Papua Pegunungan,2024,MN,Jasa Perusahaan,Jasa Perusahaan,168.10302215753862,,ADHB,0.6328841686835216
Papua Pegunungan,2024,O,"Administrasi Pemerintahan, Pertahanan dan Jaminan Sosial Wajib",Adm. Pemerintahan,5268.504331388089,,ADHB,19.835175722488064
Papua Pegunungan,2024,P,Jasa Pendidikan,Pendidikan,919.0451233382257,,ADHB,3.4600752645687836
Papua Pegunungan,2024,Q,Jasa Kesehatan dan Kegiatan Sosial,Kesehatan,727.1151551650553,,ADHB,2.737486004758237
Papua Pegunungan,2024,RSTU,Jasa Lainnya,Jasa Lainnya,359.90004531979423,,ADHB,1.354972909278925
Papua Pegunungan,2025,A,"Pertanian, Kehutanan dan Perikanan",Pertanian,4635.221789346266,,ADHB,16.333988855876502
Papua Pegunungan,2025,B,Pertambangan dan Penggalian,Pertambangan,322.281938630231,,ADHB,1.135684511609725
Papua Pegunungan,2025,C,Industri Pengolahan,Industri Pengolahan,216.6350858701912,,ADHB,0.7633971445613633
Papua Pegunungan,2025,D,Pengadaan Listrik dan Gas,Listrik & Gas,8.291263331633736,,ADHB,0.029217459059093568
Papua Pegunungan,2025,E,"Pengadaan Air, Pengelolaan Sampah, Limbah dan Daur Ulang",Air & Sampah,2.784965495750396,,ADHB,0.009813898328693185
Papua Pegunungan,2025,F,Konstruksi,Konstruksi,5416.540925881712,,ADHB,19.08726769538872
Papua Pegunungan,2025,G,"Perdagangan Besar dan Eceran, Reparasi Mobil dan Sepeda Motor",Perdagangan,4347.178581813016,,ADHB,15.318957697567553
Papua Pegunungan,2025,H,Transportasi dan Pergudangan,Transportasi,2699.0432767863995,,ADHB,9.511118304174005
Papua Pegunungan,2025,I,Penyediaan Akomodasi dan Makan Minum,Akomodasi,103.28411372275438,,ADHB,0.36396134623247134
Papua Pegunungan,2025,J,Informasi dan Komunikasi,Infokom,775.1207005092148,,ADHB,2.731436263347031
Papua Pegunungan,2025,K,Jasa Keuangan dan Asuransi,Keuangan,210.6010998976871,,ADHB,0.7421340714851347
Papua Pegunungan,2025,L,Real Estate,Real Estate,1279.1498039227051,,ADHB,4.5075768953046875
Papua Pegunungan,2025,MN,Jasa Perusahaan,Jasa Perusahaan,172.5058152242388,,ADHB,0.607890666617704
Papua Pegunungan,2025,O,"Administrasi Pemerintahan, Pertahanan dan Jaminan Sosial Wajib",Adm. Pemerintahan,5849.636083273466,,ADHB,20.61344525406142
Papua Pegunungan,2025,P,Jasa Pendidikan,Pendidikan,1002.7525175044966,,ADHB,3.533584624530034
Papua Pegunungan,2025,Q,Jasa Kesehatan dan Kegiatan Sosial,Kesehatan,781.0635262173942,,ADHB,2.752378098128902
Papua Pegunungan,2025,RSTU,Jasa Lainnya,Jasa Lainnya,381.9001115069008,,ADHB,1.3457721008624033
Papua Pegunungan,2026,A,"Pertanian, Kehutanan dan Perikanan",Pertanian,,,ADHB,
Papua Pegunungan,2026,B,Pertambangan dan Penggalian,Pertambangan,,,ADHB,
Papua Pegunungan,2026,C,Industri Pengolahan,Industri Pengolahan,,,ADHB,
Papua Pegunungan,2026,D,Pengadaan Listrik dan Gas,Listrik & Gas,,,ADHB,
Papua Pegunungan,2026,E,"Pengadaan Air, Pengelolaan Sampah, Limbah dan Daur Ulang",Air & Sampah,,,ADHB,
Papua Pegunungan,2026,F,Konstruksi,Konstruksi,,,ADHB,
Papua Pegunungan,2026,G,"Perdagangan Besar dan Eceran, Reparasi Mobil dan Sepeda Motor",Perdagangan,,,ADHB,
Papua Pegunungan,2026,H,Transportasi dan Pergudangan,Transportasi,,,ADHB,
Papua Pegunungan,2026,I,Penyediaan Akomodasi dan Makan Minum,Akomodasi,,,ADHB,
Papua Pegunungan,2026,J,Informasi dan Komunikasi,Infokom,,,ADHB,
Papua Pegunungan,2026,K,Jasa Keuangan dan Asuransi,Keuangan,,,ADHB,
Papua Pegunungan,2026,L,Real Estate,Real Estate,,,ADHB,
Papua Pegunungan,2026,MN,Jasa Perusahaan,Jasa Perusahaan,,,ADHB,
Papua Pegunungan,2026,O,"Administrasi Pemerintahan, Pertahanan dan Jaminan Sosial Wajib",Adm. Pemerintahan,,,ADHB,
Papua Pegunungan,2026,P,Jasa Pendidikan,Pendidikan,,,ADHB,
Papua Pegunungan,2026,Q,Jasa Kesehatan dan Kegiatan Sosial,Kesehatan,,,ADHB,
Papua Pegunungan,2026,RSTU,Jasa Lainnya,Jasa Lainnya,,,ADHB,
Papua Selatan,2020,A,"Pertanian, Kehutanan dan Perikanan",Pertanian,,,ADHB,
Papua Selatan,2020,B,Pertambangan dan Penggalian,Pertambangan,,,ADHB,
Papua Selatan,2020,C,Industri Pengolahan,Industri Pengolahan,,,ADHB,
Papua Selatan,2020,D,Pengadaan Listrik dan Gas,Listrik & Gas,,,ADHB,
Papua Selatan,2020,E,"Pengadaan Air, Pengelolaan Sampah, Limbah dan Daur Ulang",Air & Sampah,,,ADHB,
Papua Selatan,2020,F,Konstruksi,Konstruksi,,,ADHB,
Papua Selatan,2020,G,"Perdagangan Besar dan Eceran, Reparasi Mobil dan Sepeda Motor",Perdagangan,,,ADHB,
Papua Selatan,2020,H,Transportasi dan Pergudangan,Transportasi,,,ADHB,
Papua Selatan,2020,I,Penyediaan Akomodasi dan Makan Minum,Akomodasi,,,ADHB,
Papua Selatan,2020,J,Informasi dan Komunikasi,Infokom,,,ADHB,
Papua Selatan,2020,K,Jasa Keuangan dan Asuransi,Keuangan,,,ADHB,
Papua Selatan,2020,L,Real Estate,Real Estate,,,ADHB,
Papua Selatan,2020,MN,Jasa Perusahaan,Jasa Perusahaan,,,ADHB,
Papua Selatan,2020,O,"Administrasi Pemerintahan, Pertahanan dan Jaminan Sosial Wajib",Adm. Pemerintahan,,,ADHB,
Papua Selatan,2020,P,Jasa Pendidikan,Pendidikan,,,ADHB,
Papua Selatan,2020,Q,Jasa Kesehatan dan Kegiatan Sosial,Kesehatan,,,ADHB,
Papua Selatan,2020,RSTU,Jasa Lainnya,Jasa Lainnya,,,ADHB,
Papua Selatan,2021,A,"Pertanian, Kehutanan dan Perikanan",Pertanian,,,ADHB,
Papua Selatan,2021,B,Pertambangan dan Penggalian,Pertambangan,,,ADHB,
Papua Selatan,2021,C,Industri Pengolahan,Industri Pengolahan,,,ADHB,
Papua Selatan,2021,D,Pengadaan Listrik dan Gas,Listrik & Gas,,,ADHB,
Papua Selatan,2021,E,"Pengadaan Air, Pengelolaan Sampah, Limbah dan Daur Ulang",Air & Sampah,,,ADHB,
Papua Selatan,2021,F,Konstruksi,Konstruksi,,,ADHB,
Papua Selatan,2021,G,"Perdagangan Besar dan Eceran, Reparasi Mobil dan Sepeda Motor",Perdagangan,,,ADHB,
Papua Selatan,2021,H,Transportasi dan Pergudangan,Transportasi,,,ADHB,
Papua Selatan,2021,I,Penyediaan Akomodasi dan Makan Minum,Akomodasi,,,ADHB,
Papua Selatan,2021,J,Informasi dan Komunikasi,Infokom,,,ADHB,
Papua Selatan,2021,K,Jasa Keuangan dan Asuransi,Keuangan,,,ADHB,
Papua Selatan,2021,L,Real Estate,Real Estate,,,ADHB,
Papua Selatan,2021,MN,Jasa Perusahaan,Jasa Perusahaan,,,ADHB,
Papua Selatan,2021,O,"Administrasi Pemerintahan, Pertahanan dan Jaminan Sosial Wajib",Adm. Pemerintahan,,,ADHB,
Papua Selatan,2021,P,Jasa Pendidikan,Pendidikan,,,ADHB,
Papua Selatan,2021,Q,Jasa Kesehatan dan Kegiatan Sosial,Kesehatan,,,ADHB,
Papua Selatan,2021,RSTU,Jasa Lainnya,Jasa Lainnya,,,ADHB,
Papua Selatan,2022,A,"Pertanian, Kehutanan dan Perikanan",Pertanian,,,ADHB,
Papua Selatan,2022,B,Pertambangan dan Penggalian,Pertambangan,,,ADHB,
Papua Selatan,2022,C,Industri Pengolahan,Industri Pengolahan,,,ADHB,
Papua Selatan,2022,D,Pengadaan Listrik dan Gas,Listrik & Gas,,,ADHB,
Papua Selatan,2022,E,"Pengadaan Air, Pengelolaan Sampah, Limbah dan Daur Ulang",Air & Sampah,,,ADHB,
Papua Selatan,2022,F,Konstruksi,Konstruksi,,,ADHB,
Papua Selatan,2022,G,"Perdagangan Besar dan Eceran, Reparasi Mobil dan Sepeda Motor",Perdagangan,,,ADHB,
Papua Selatan,2022,H,Transportasi dan Pergudangan,Transportasi,,,ADHB,
Papua Selatan,2022,I,Penyediaan Akomodasi dan Makan Minum,Akomodasi,,,ADHB,
Papua Selatan,2022,J,Informasi dan Komunikasi,Infokom,,,ADHB,
Papua Selatan,2022,K,Jasa Keuangan dan Asuransi,Keuangan,,,ADHB,
Papua Selatan,2022,L,Real Estate,Real Estate,,,ADHB,
Papua Selatan,2022,MN,Jasa Perusahaan,Jasa Perusahaan,,,ADHB,
Papua Selatan,2022,O,"Administrasi Pemerintahan, Pertahanan dan Jaminan Sosial Wajib",Adm. Pemerintahan,,,ADHB,
Papua Selatan,2022,P,Jasa Pendidikan,Pendidikan,,,ADHB,
Papua Selatan,2022,Q,Jasa Kesehatan dan Kegiatan Sosial,Kesehatan,,,ADHB,
Papua Selatan,2022,RSTU,Jasa Lainnya,Jasa Lainnya,,,ADHB,
Papua Selatan,2023,A,"Pertanian, Kehutanan dan Perikanan",Pertanian,,,ADHB,
Papua Selatan,2023,B,Pertambangan dan Penggalian,Pertambangan,,,ADHB,
Papua Selatan,2023,C,Industri Pengolahan,Industri Pengolahan,,,ADHB,
Papua Selatan,2023,D,Pengadaan Listrik dan Gas,Listrik & Gas,,,ADHB,
Papua Selatan,2023,E,"Pengadaan Air, Pengelolaan Sampah, Limbah dan Daur Ulang",Air & Sampah,,,ADHB,
Papua Selatan,2023,F,Konstruksi,Konstruksi,,,ADHB,
Papua Selatan,2023,G,"Perdagangan Besar dan Eceran, Reparasi Mobil dan Sepeda Motor",Perdagangan,,,ADHB,
Papua Selatan,2023,H,Transportasi dan Pergudangan,Transportasi,,,ADHB,
Papua Selatan,2023,I,Penyediaan Akomodasi dan Makan Minum,Akomodasi,,,ADHB,
Papua Selatan,2023,J,Informasi dan Komunikasi,Infokom,,,ADHB,
Papua Selatan,2023,K,Jasa Keuangan dan Asuransi,Keuangan,,,ADHB,
Papua Selatan,2023,L,Real Estate,Real Estate,,,ADHB,
Papua Selatan,2023,MN,Jasa Perusahaan,Jasa Perusahaan,,,ADHB,
Papua Selatan,2023,O,"Administrasi Pemerintahan, Pertahanan dan Jaminan Sosial Wajib",Adm. Pemerintahan,,,ADHB,
Papua Selatan,2023,P,Jasa Pendidikan,Pendidikan,,,ADHB,
Papua Selatan,2023,Q,Jasa Kesehatan dan Kegiatan Sosial,Kesehatan,,,ADHB,
Papua Selatan,2023,RSTU,Jasa Lainnya,Jasa Lainnya,,,ADHB,
Papua Selatan,2024,A,"Pertanian, Kehutanan dan Perikanan",Pertanian,7251.261829270882,,ADHB,21.707998976371684
Papua Selatan,2024,B,Pertambangan dan Penggalian,Pertambangan,400.35208865506235,,ADHB,1.1985283300115268
Papua Selatan,2024,C,Industri Pengolahan,Industri Pengolahan,1842.6213521219593,,ADHB,5.516229225683067
Papua Selatan,2024,D,Pengadaan Listrik dan Gas,Listrik & Gas,12.997920600130012,,ADHB,0.03891168926539147
Papua Selatan,2024,E,"Pengadaan Air, Pengelolaan Sampah, Limbah dan Daur Ulang",Air & Sampah,19.743416103801913,,ADHB,0.05910558281612996
Papua Selatan,2024,F,Konstruksi,Konstruksi,7578.974918607388,,ADHB,22.68906897154738
Papua Selatan,2024,G,"Perdagangan Besar dan Eceran, Reparasi Mobil dan Sepeda Motor",Perdagangan,4262.145781231895,,ADHB,12.759524953663417
Papua Selatan,2024,H,Transportasi dan Pergudangan,Transportasi,2436.5472299741155,,ADHB,7.2942566438092244
Papua Selatan,2024,I,Penyediaan Akomodasi dan Makan Minum,Akomodasi,285.27736772886783,,ADHB,0.8540307814623431
Papua Selatan,2024,J,Informasi dan Komunikasi,Infokom,1663.314335309335,,ADHB,4.9794403702989705
Papua Selatan,2024,K,Jasa Keuangan dan Asuransi,Keuangan,574.3103283012304,,ADHB,1.7193046275831927
Papua Selatan,2024,L,Real Estate,Real Estate,699.2644310185738,,ADHB,2.093377940304032
Papua Selatan,2024,MN,Jasa Perusahaan,Jasa Perusahaan,301.57140292838835,,ADHB,0.9028100019290962
Papua Selatan,2024,O,"Administrasi Pemerintahan, Pertahanan dan Jaminan Sosial Wajib",Adm. Pemerintahan,3980.0997724039016,,ADHB,11.915167845192624
Papua Selatan,2024,P,Jasa Pendidikan,Pendidikan,792.0122427647613,,ADHB,2.371035739712083
Papua Selatan,2024,Q,Jasa Kesehatan dan Kegiatan Sosial,Kesehatan,744.6459010611457,,ADHB,2.2292357990361102
Papua Selatan,2024,RSTU,Jasa Lainnya,Jasa Lainnya,352.59645997305967,,ADHB,1.0555629864681204
Papua Selatan,2025,A,"Pertanian, Kehutanan dan Perikanan",Pertanian,7848.109987388517,,ADHB,21.990973368229923
Papua Selatan,2025,B,Pertambangan dan Penggalian,Pertambangan,421.2902142958839,,ADHB,1.1804857344971382
Papua Selatan,2025,C,Industri Pengolahan,Industri Pengolahan,1964.9826960298649,,ADHB,5.506024024493097
Papua Selatan,2025,D,Pengadaan Listrik dan Gas,Listrik & Gas,13.613559314574672,,ADHB,0.0381461805217702
Papua Selatan,2025,E,"Pengadaan Air, Pengelolaan Sampah, Limbah dan Daur Ulang",Air & Sampah,20.588852057868998,,ADHB,0.05769145667104536
Papua Selatan,2025,F,Konstruksi,Konstruksi,8203.915642934891,,ADHB,22.9879666198484
Papua Selatan,2025,G,"Perdagangan Besar dan Eceran, Reparasi Mobil dan Sepeda Motor",Perdagangan,4491.109380124043,,ADHB,12.584414200466554
Papua Selatan,2025,H,Transportasi dan Pergudangan,Transportasi,2590.997228623844,,ADHB,7.260162146476783
Papua Selatan,2025,I,Penyediaan Akomodasi dan Makan Minum,Akomodasi,302.61335502836886,,ADHB,0.84794456779956
Papua Selatan,2025,J,Informasi dan Komunikasi,Infokom,1710.149573641563,,ADHB,4.791963133808666
Papua Selatan,2025,K,Jasa Keuangan dan Asuransi,Keuangan,564.0505052570235,,ADHB,1.5805104234492655
Papua Selatan,2025,L,Real Estate,Real Estate,737.1297263090565,,ADHB,2.0654909533941264
Papua Selatan,2025,MN,Jasa Perusahaan,Jasa Perusahaan,316.0946434063269,,ADHB,0.8857201155639909
Papua Selatan,2025,O,"Administrasi Pemerintahan, Pertahanan dan Jaminan Sosial Wajib",Adm. Pemerintahan,4269.298548552168,,ADHB,11.962884163588825
Papua Selatan,2025,P,Jasa Pendidikan,Pendidikan,829.8397229512356,,ADHB,2.3252710877708185
Papua Selatan,2025,Q,Jasa Kesehatan dan Kegiatan Sosial,Kesehatan,806.6617808121371,,ADHB,2.260324812918611
Papua Selatan,2025,RSTU,Jasa Lainnya,Jasa Lainnya,376.97813007757975,,ADHB,1.0563200607869838
Papua Selatan,2026,A,"Pertanian, Kehutanan dan Perikanan",Pertanian,,,ADHB,
Papua Selatan,2026,B,Pertambangan dan Penggalian,Pertambangan,,,ADHB,
Papua Selatan,2026,C,Industri Pengolahan,Industri Pengolahan,,,ADHB,
Papua Selatan,2026,D,Pengadaan Listrik dan Gas,Listrik & Gas,,,ADHB,
Papua Selatan,2026,E,"Pengadaan Air, Pengelolaan Sampah, Limbah dan Daur Ulang",Air & Sampah,,,ADHB,
Papua Selatan,2026,F,Konstruksi,Konstruksi,,,ADHB,
Papua Selatan,2026,G,"Perdagangan Besar dan Eceran, Reparasi Mobil dan Sepeda Motor",Perdagangan,,,ADHB,
Papua Selatan,2026,H,Transportasi dan Pergudangan,Transportasi,,,ADHB,
Papua Selatan,2026,I,Penyediaan Akomodasi dan Makan Minum,Akomodasi,,,ADHB,
Papua Selatan,2026,J,Informasi dan Komunikasi,Infokom,,,ADHB,
Papua Selatan,2026,K,Jasa Keuangan dan Asuransi,Keuangan,,,ADHB,
Papua Selatan,2026,L,Real Estate,Real Estate,,,ADHB,
Papua Selatan,2026,MN,Jasa Perusahaan,Jasa Perusahaan,,,ADHB,
Papua Selatan,2026,O,"Administrasi Pemerintahan, Pertahanan dan Jaminan Sosial Wajib",Adm. Pemerintahan,,,ADHB,
Papua Selatan,2026,P,Jasa Pendidikan,Pendidikan,,,ADHB,
Papua Selatan,2026,Q,Jasa Kesehatan dan Kegiatan Sosial,Kesehatan,,,ADHB,
Papua Selatan,2026,RSTU,Jasa Lainnya,Jasa Lainnya,,,ADHB,
Papua Tengah,2020,A,"Pertanian, Kehutanan dan Perikanan",Pertanian,,,ADHB,
Papua Tengah,2020,B,Pertambangan dan Penggalian,Pertambangan,,,ADHB,
Papua Tengah,2020,C,Industri Pengolahan,Industri Pengolahan,,,ADHB,
Papua Tengah,2020,D,Pengadaan Listrik dan Gas,Listrik & Gas,,,ADHB,
Papua Tengah,2020,E,"Pengadaan Air, Pengelolaan Sampah, Limbah dan Daur Ulang",Air & Sampah,,,ADHB,
Papua Tengah,2020,F,Konstruksi,Konstruksi,,,ADHB,
Papua Tengah,2020,G,"Perdagangan Besar dan Eceran, Reparasi Mobil dan Sepeda Motor",Perdagangan,,,ADHB,
Papua Tengah,2020,H,Transportasi dan Pergudangan,Transportasi,,,ADHB,
Papua Tengah,2020,I,Penyediaan Akomodasi dan Makan Minum,Akomodasi,,,ADHB,
Papua Tengah,2020,J,Informasi dan Komunikasi,Infokom,,,ADHB,
Papua Tengah,2020,K,Jasa Keuangan dan Asuransi,Keuangan,,,ADHB,
Papua Tengah,2020,L,Real Estate,Real Estate,,,ADHB,
Papua Tengah,2020,MN,Jasa Perusahaan,Jasa Perusahaan,,,ADHB,
Papua Tengah,2020,O,"Administrasi Pemerintahan, Pertahanan dan Jaminan Sosial Wajib",Adm. Pemerintahan,,,ADHB,
Papua Tengah,2020,P,Jasa Pendidikan,Pendidikan,,,ADHB,
Papua Tengah,2020,Q,Jasa Kesehatan dan Kegiatan Sosial,Kesehatan,,,ADHB,
Papua Tengah,2020,RSTU,Jasa Lainnya,Jasa Lainnya,,,ADHB,
Papua Tengah,2021,A,"Pertanian, Kehutanan dan Perikanan",Pertanian,,,ADHB,
Papua Tengah,2021,B,Pertambangan dan Penggalian,Pertambangan,,,ADHB,
Papua Tengah,2021,C,Industri Pengolahan,Industri Pengolahan,,,ADHB,
Papua Tengah,2021,D,Pengadaan Listrik dan Gas,Listrik & Gas,,,ADHB,
Papua Tengah,2021,E,"Pengadaan Air, Pengelolaan Sampah, Limbah dan Daur Ulang",Air & Sampah,,,ADHB,
Papua Tengah,2021,F,Konstruksi,Konstruksi,,,ADHB,
Papua Tengah,2021,G,"Perdagangan Besar dan Eceran, Reparasi Mobil dan Sepeda Motor",Perdagangan,,,ADHB,
Papua Tengah,2021,H,Transportasi dan Pergudangan,Transportasi,,,ADHB,
Papua Tengah,2021,I,Penyediaan Akomodasi dan Makan Minum,Akomodasi,,,ADHB,
Papua Tengah,2021,J,Informasi dan Komunikasi,Infokom,,,ADHB,
Papua Tengah,2021,K,Jasa Keuangan dan Asuransi,Keuangan,,,ADHB,
Papua Tengah,2021,L,Real Estate,Real Estate,,,ADHB,
Papua Tengah,2021,MN,Jasa Perusahaan,Jasa Perusahaan,,,ADHB,
Papua Tengah,2021,O,"Administrasi Pemerintahan, Pertahanan dan Jaminan Sosial Wajib",Adm. Pemerintahan,,,ADHB,
Papua Tengah,2021,P,Jasa Pendidikan,Pendidikan,,,ADHB,
Papua Tengah,2021,Q,Jasa Kesehatan dan Kegiatan Sosial,Kesehatan,,,ADHB,
Papua Tengah,2021,RSTU,Jasa Lainnya,Jasa Lainnya,,,ADHB,
Papua Tengah,2022,A,"Pertanian, Kehutanan dan Perikanan",Pertanian,,,ADHB,
Papua Tengah,2022,B,Pertambangan dan Penggalian,Pertambangan,,,ADHB,
Papua Tengah,2022,C,Industri Pengolahan,Industri Pengolahan,,,ADHB,
Papua Tengah,2022,D,Pengadaan Listrik dan Gas,Listrik & Gas,,,ADHB,
Papua Tengah,2022,E,"Pengadaan Air, Pengelolaan Sampah, Limbah dan Daur Ulang",Air & Sampah,,,ADHB,
Papua Tengah,2022,F,Konstruksi,Konstruksi,,,ADHB,
Papua Tengah,2022,G,"Perdagangan Besar dan Eceran, Reparasi Mobil dan Sepeda Motor",Perdagangan,,,ADHB,
Papua Tengah,2022,H,Transportasi dan Pergudangan,Transportasi,,,ADHB,
Papua Tengah,2022,I,Penyediaan Akomodasi dan Makan Minum,Akomodasi,,,ADHB,
Papua Tengah,2022,J,Informasi dan Komunikasi,Infokom,,,ADHB,
Papua Tengah,2022,K,Jasa Keuangan dan Asuransi,Keuangan,,,ADHB,
Papua Tengah,2022,L,Real Estate,Real Estate,,,ADHB,
Papua Tengah,2022,MN,Jasa Perusahaan,Jasa Perusahaan,,,ADHB,
Papua Tengah,2022,O,"Administrasi Pemerintahan, Pertahanan dan Jaminan Sosial Wajib",Adm. Pemerintahan,,,ADHB,
Papua Tengah,2022,P,Jasa Pendidikan,Pendidikan,,,ADHB,
Papua Tengah,2022,Q,Jasa Kesehatan dan Kegiatan Sosial,Kesehatan,,,ADHB,
Papua Tengah,2022,RSTU,Jasa Lainnya,Jasa Lainnya,,,ADHB,
Papua Tengah,2023,A,"Pertanian, Kehutanan dan Perikanan",Pertanian,,,ADHB,
Papua Tengah,2023,B,Pertambangan dan Penggalian,Pertambangan,,,ADHB,
Papua Tengah,2023,C,Industri Pengolahan,Industri Pengolahan,,,ADHB,
Papua Tengah,2023,D,Pengadaan Listrik dan Gas,Listrik & Gas,,,ADHB,
Papua Tengah,2023,E,"Pengadaan Air, Pengelolaan Sampah, Limbah dan Daur Ulang",Air & Sampah,,,ADHB,
Papua Tengah,2023,F,Konstruksi,Konstruksi,,,ADHB,
Papua Tengah,2023,G,"Perdagangan Besar dan Eceran, Reparasi Mobil dan Sepeda Motor",Perdagangan,,,ADHB,
Papua Tengah,2023,H,Transportasi dan Pergudangan,Transportasi,,,ADHB,
Papua Tengah,2023,I,Penyediaan Akomodasi dan Makan Minum,Akomodasi,,,ADHB,
Papua Tengah,2023,J,Informasi dan Komunikasi,Infokom,,,ADHB,
Papua Tengah,2023,K,Jasa Keuangan dan Asuransi,Keuangan,,,ADHB,
Papua Tengah,2023,L,Real Estate,Real Estate,,,ADHB,
Papua Tengah,2023,MN,Jasa Perusahaan,Jasa Perusahaan,,,ADHB,
Papua Tengah,2023,O,"Administrasi Pemerintahan, Pertahanan dan Jaminan Sosial Wajib",Adm. Pemerintahan,,,ADHB,
Papua Tengah,2023,P,Jasa Pendidikan,Pendidikan,,,ADHB,
Papua Tengah,2023,Q,Jasa Kesehatan dan Kegiatan Sosial,Kesehatan,,,ADHB,
Papua Tengah,2023,RSTU,Jasa Lainnya,Jasa Lainnya,,,ADHB,
Papua Tengah,2024,A,"Pertanian, Kehutanan dan Perikanan",Pertanian,6533.72682943626,,ADHB,3.7347757251356852
Papua Tengah,2024,B,Pertambangan dan Penggalian,Pertambangan,133680.3090381786,,ADHB,76.41365887460945
Papua Tengah,2024,C,Industri Pengolahan,Industri Pengolahan,398.7574940086704,,ADHB,0.2279357321965077
Papua Tengah,2024,D,Pengadaan Listrik dan Gas,Listrik & Gas,31.337996496570142,,ADHB,0.017913266294280587
Papua Tengah,2024,E,"Pengadaan Air, Pengelolaan Sampah, Limbah dan Daur Ulang",Air & Sampah,11.408412227234658,,ADHB,0.006521218618546593
Papua Tengah,2024,F,Konstruksi,Konstruksi,10267.932695335596,,ADHB,5.8693035045628275
Papua Tengah,2024,G,"Perdagangan Besar dan Eceran, Reparasi Mobil dan Sepeda Motor",Perdagangan,6606.403707462542,,ADHB,3.7763189128013117
Papua Tengah,2024,H,Transportasi dan Pergudangan,Transportasi,2870.6817478623893,,ADHB,1.6409245115978606
Papua Tengah,2024,I,Penyediaan Akomodasi dan Makan Minum,Akomodasi,367.3587679489809,,ADHB,0.20998775197799105
Papua Tengah,2024,J,Informasi dan Komunikasi,Infokom,2534.72908387414,,ADHB,1.4488889571566843
Papua Tengah,2024,K,Jasa Keuangan dan Asuransi,Keuangan,911.5258364387204,,ADHB,0.5210417661521772
Papua Tengah,2024,L,Real Estate,Real Estate,1572.433545841578,,ADHB,0.898826472196552
Papua Tengah,2024,MN,Jasa Perusahaan,Jasa Perusahaan,619.3793504240194,,ADHB,0.35404647653650484
Papua Tengah,2024,O,"Administrasi Pemerintahan, Pertahanan dan Jaminan Sosial Wajib",Adm. Pemerintahan,5556.848048755843,,ADHB,3.176377241126803
Papua Tengah,2024,P,Jasa Pendidikan,Pendidikan,682.201791840955,,ADHB,0.38995672122880914
Papua Tengah,2024,Q,Jasa Kesehatan dan Kegiatan Sosial,Kesehatan,737.6870561345779,,ADHB,0.42167292602221346
Papua Tengah,2024,RSTU,Jasa Lainnya,Jasa Lainnya,631.1746548628408,,ADHB,0.3607888485148106
Papua Tengah,2025,A,"Pertanian, Kehutanan dan Perikanan",Pertanian,6856.686479582115,,ADHB,4.271569142736001
Papua Tengah,2025,B,Pertambangan dan Penggalian,Pertambangan,117767.92069441124,,ADHB,73.36689777787339
Papua Tengah,2025,C,Industri Pengolahan,Industri Pengolahan,435.72624046595257,,ADHB,0.27144813591770983
Papua Tengah,2025,D,Pengadaan Listrik dan Gas,Listrik & Gas,32.44018838855978,,ADHB,0.020209544087767588
Papua Tengah,2025,E,"Pengadaan Air, Pengelolaan Sampah, Limbah dan Daur Ulang",Air & Sampah,12.462720593483024,,ADHB,0.007764008589307272
Papua Tengah,2025,F,Konstruksi,Konstruksi,10310.372677851004,,ADHB,6.423141835632075
Papua Tengah,2025,G,"Perdagangan Besar dan Eceran, Reparasi Mobil dan Sepeda Motor",Perdagangan,7120.776896301917,,ADHB,4.436091828483964
Papua Tengah,2025,H,Transportasi dan Pergudangan,Transportasi,2917.528954085483,,ADHB,1.8175581879703966
Papua Tengah,2025,I,Penyediaan Akomodasi dan Makan Minum,Akomodasi,383.3102497026005,,ADHB,0.23879409385272757
Papua Tengah,2025,J,Informasi dan Komunikasi,Infokom,2590.5922009477235,,ADHB,1.61388357772124
Papua Tengah,2025,K,Jasa Keuangan dan Asuransi,Keuangan,913.2441320215866,,ADHB,0.5689315773361537
Papua Tengah,2025,L,Real Estate,Real Estate,1663.825646054693,,ADHB,1.0365278199234753
Papua Tengah,2025,MN,Jasa Perusahaan,Jasa Perusahaan,634.2412672917042,,ADHB,0.3951187551713949
Papua Tengah,2025,O,"Administrasi Pemerintahan, Pertahanan dan Jaminan Sosial Wajib",Adm. Pemerintahan,5827.782371650615,,ADHB,3.6305838721738897
Papua Tengah,2025,P,Jasa Pendidikan,Pendidikan,716.1876524358195,,ADHB,0.44616960184240917
Papua Tengah,2025,Q,Jasa Kesehatan dan Kegiatan Sosial,Kesehatan,802.3558099116292,,ADHB,0.49985052245269757
Papua Tengah,2025,RSTU,Jasa Lainnya,Jasa Lainnya,679.0845870014745,,ADHB,0.4230551850053246
Papua Tengah,2026,A,"Pertanian, Kehutanan dan Perikanan",Pertanian,,,ADHB,
Papua Tengah,2026,B,Pertambangan dan Penggalian,Pertambangan,,,ADHB,
Papua Tengah,2026,C,Industri Pengolahan,Industri Pengolahan,,,ADHB,
Papua Tengah,2026,D,Pengadaan Listrik dan Gas,Listrik & Gas,,,ADHB,
Papua Tengah,2026,E,"Pengadaan Air, Pengelolaan Sampah, Limbah dan Daur Ulang",Air & Sampah,,,ADHB,
Papua Tengah,2026,F,Konstruksi,Konstruksi,,,ADHB,
Papua Tengah,2026,G,"Perdagangan Besar dan Eceran, Reparasi Mobil dan Sepeda Motor",Perdagangan,,,ADHB,
Papua Tengah,2026,H,Transportasi dan Pergudangan,Transportasi,,,ADHB,
Papua Tengah,2026,I,Penyediaan Akomodasi dan Makan Minum,Akomodasi,,,ADHB,
Papua Tengah,2026,J,Informasi dan Komunikasi,Infokom,,,ADHB,
Papua Tengah,2026,K,Jasa Keuangan dan Asuransi,Keuangan,,,ADHB,
Papua Tengah,2026,L,Real Estate,Real Estate,,,ADHB,
Papua Tengah,2026,MN,Jasa Perusahaan,Jasa Perusahaan,,,ADHB,
Papua Tengah,2026,O,"Administrasi Pemerintahan, Pertahanan dan Jaminan Sosial Wajib",Adm. Pemerintahan,,,ADHB,
Papua Tengah,2026,P,Jasa Pendidikan,Pendidikan,,,ADHB,
Papua Tengah,2026,Q,Jasa Kesehatan dan Kegiatan Sosial,Kesehatan,,,ADHB,
Papua Tengah,2026,RSTU,Jasa Lainnya,Jasa Lainnya,,,ADHB,
Riau,2020,A,"Pertanian, Kehutanan dan Perikanan",Pertanian,197237.97549431957,,ADHB,27.108042766210318
Riau,2020,B,Pertambangan dan Penggalian,Pertambangan,128395.88040270557,,ADHB,17.646505487793384
Riau,2020,C,Industri Pengolahan,Industri Pengolahan,203658.4074615416,,ADHB,27.990455718933056
Riau,2020,D,Pengadaan Listrik dan Gas,Listrik & Gas,623.6916660158641,,ADHB,0.0857190929531414
Riau,2020,E,"Pengadaan Air, Pengelolaan Sampah, Limbah dan Daur Ulang",Air & Sampah,83.55891117785384,,ADHB,0.011484190770212333
Riau,2020,F,Konstruksi,Konstruksi,69009.15259722456,,ADHB,9.484497370129278
Riau,2020,G,"Perdagangan Besar dan Eceran, Reparasi Mobil dan Sepeda Motor",Perdagangan,74687.99373766483,,ADHB,10.264987375219615
Riau,2020,H,Transportasi dan Pergudangan,Transportasi,5225.266067201021,,ADHB,0.7181514394452515
Riau,2020,I,Penyediaan Akomodasi dan Makan Minum,Akomodasi,3296.389032839743,,ADHB,0.4530499496982513
Riau,2020,J,Informasi dan Komunikasi,Infokom,6404.636543590032,,ADHB,0.8802420572942462
Riau,2020,K,Jasa Keuangan dan Asuransi,Keuangan,7163.704156146927,,ADHB,0.9845669838306681
Riau,2020,L,Real Estate,Real Estate,7017.075466155276,,ADHB,0.964414592846704
Riau,2020,MN,Jasa Perusahaan,Jasa Perusahaan,35.84989196166043,,ADHB,0.004927146519452582
Riau,2020,O,"Administrasi Pemerintahan, Pertahanan dan Jaminan Sosial Wajib",Adm. Pemerintahan,11309.971857815013,,ADHB,1.554422772987316
Riau,2020,P,Jasa Pendidikan,Pendidikan,4396.848372273484,,ADHB,0.604295158746265
Riau,2020,Q,Jasa Kesehatan dan Kegiatan Sosial,Kesehatan,1921.8290537742178,,ADHB,0.2641328276083293
Riau,2020,RSTU,Jasa Lainnya,Jasa Lainnya,3379.32726186552,,ADHB,0.4644488349978485
Riau,2021,A,"Pertanian, Kehutanan dan Perikanan",Pertanian,228474.4881659639,,ADHB,27.23168437215382
Riau,2021,B,Pertambangan dan Penggalian,Pertambangan,164284.9025217815,,ADHB,19.580981003592292
Riau,2021,C,Industri Pengolahan,Industri Pengolahan,231243.15389628883,,ADHB,27.561679339668267
Riau,2021,D,Pengadaan Listrik dan Gas,Listrik & Gas,651.3457598824509,,ADHB,0.07763335982341825
Riau,2021,E,"Pengadaan Air, Pengelolaan Sampah, Limbah dan Daur Ulang",Air & Sampah,87.8955003069509,,ADHB,0.01047619163655929
Riau,2021,F,Konstruksi,Konstruksi,73863.28306110212,,ADHB,8.80370332441621
Riau,2021,G,"Perdagangan Besar dan Eceran, Reparasi Mobil dan Sepeda Motor",Perdagangan,82726.20986311785,,ADHB,9.860068204466522
Riau,2021,H,Transportasi dan Pergudangan,Transportasi,5585.435977955314,,ADHB,0.6657234724695623
Riau,2021,I,Penyediaan Akomodasi dan Makan Minum,Akomodasi,3934.2208485019883,,ADHB,0.4689165134224094
Riau,2021,J,Informasi dan Komunikasi,Infokom,6898.36674295431,,ADHB,0.8222105992465873
Riau,2021,K,Jasa Keuangan dan Asuransi,Keuangan,7947.097090574939,,ADHB,0.9472078978384507
Riau,2021,L,Real Estate,Real Estate,7313.265776507156,,ADHB,0.871662070256408
Riau,2021,MN,Jasa Perusahaan,Jasa Perusahaan,36.40771189771294,,ADHB,0.004339404924678695
Riau,2021,O,"Administrasi Pemerintahan, Pertahanan dan Jaminan Sosial Wajib",Adm. Pemerintahan,11496.13605091159,,ADHB,1.370214902113522
Riau,2021,P,Jasa Pendidikan,Pendidikan,4575.199303651231,,ADHB,0.5453142028103627
Riau,2021,Q,Jasa Kesehatan dan Kegiatan Sosial,Kesehatan,2165.8538690370174,,ADHB,0.2581463227307079
Riau,2021,RSTU,Jasa Lainnya,Jasa Lainnya,3552.013392577306,,ADHB,0.42336152438195096
Riau,2022,A,"Pertanian, Kehutanan dan Perikanan",Pertanian,256429.65824424737,,ADHB,25.859790339702815
Riau,2022,B,Pertambangan dan Penggalian,Pertambangan,224028.94812790316,,ADHB,22.592322854845513
Riau,2022,C,Industri Pengolahan,Industri Pengolahan,265557.28303222574,,ADHB,26.780270696509945
Riau,2022,D,Pengadaan Listrik dan Gas,Listrik & Gas,770.9484746483531,,ADHB,0.07774672420352668
Riau,2022,E,"Pengadaan Air, Pengelolaan Sampah, Limbah dan Daur Ulang",Air & Sampah,93.20682735956058,,ADHB,0.009399493920673213
Riau,2022,F,Konstruksi,Konstruksi,83109.64361220185,,ADHB,8.381237855770435
Riau,2022,G,"Perdagangan Besar dan Eceran, Reparasi Mobil dan Sepeda Motor",Perdagangan,96769.4800427853,,ADHB,9.758771595775904
Riau,2022,H,Transportasi dan Pergudangan,Transportasi,7233.6578066580605,,ADHB,0.7294822118085805
Riau,2022,I,Penyediaan Akomodasi dan Makan Minum,Akomodasi,4471.181545821444,,ADHB,0.45089876942221735
Riau,2022,J,Informasi dan Komunikasi,Infokom,7512.422106272438,,ADHB,0.7575943513776923
Riau,2022,K,Jasa Keuangan dan Asuransi,Keuangan,9135.168614949136,,ADHB,0.9212411181993906
Riau,2022,L,Real Estate,Real Estate,7983.434558572637,,ADHB,0.8050938619540812
Riau,2022,MN,Jasa Perusahaan,Jasa Perusahaan,42.65330296744373,,ADHB,0.004301395866555007
Riau,2022,O,"Administrasi Pemerintahan, Pertahanan dan Jaminan Sosial Wajib",Adm. Pemerintahan,12308.37229459022,,ADHB,1.2412445937042869
Riau,2022,P,Jasa Pendidikan,Pendidikan,4821.661651476585,,ADHB,0.48624312901203537
Riau,2022,Q,Jasa Kesehatan dan Kegiatan Sosial,Kesehatan,2264.5348435362403,,ADHB,0.22836826547973066
Riau,2022,RSTU,Jasa Lainnya,Jasa Lainnya,4078.1990080808378,,ADHB,0.41126822862316215
Riau,2023,A,"Pertanian, Kehutanan dan Perikanan",Pertanian,273511.62376688624,,ADHB,26.645793855903392
Riau,2023,B,Pertambangan dan Penggalian,Pertambangan,202024.71960600957,,ADHB,19.681463472303598
Riau,2023,C,Industri Pengolahan,Industri Pengolahan,277819.73665547953,,ADHB,27.06549480446438
Riau,2023,D,Pengadaan Listrik dan Gas,Listrik & Gas,824.1714344777624,,ADHB,0.08029165942773876
Riau,2023,E,"Pengadaan Air, Pengelolaan Sampah, Limbah dan Daur Ulang",Air & Sampah,101.9297371444645,,ADHB,0.009930103614362891
Riau,2023,F,Konstruksi,Konstruksi,97239.01807229737,,ADHB,9.473128763672644
Riau,2023,G,"Perdagangan Besar dan Eceran, Reparasi Mobil dan Sepeda Motor",Perdagangan,104962.15265373886,,ADHB,10.225524764779648
Riau,2023,H,Transportasi dan Pergudangan,Transportasi,8416.047407290465,,ADHB,0.8199003070059722
Riau,2023,I,Penyediaan Akomodasi dan Makan Minum,Akomodasi,4770.125961153227,,ADHB,0.46471075443547655
Riau,2023,J,Informasi dan Komunikasi,Infokom,8172.694223412337,,ADHB,0.7961925805024691
Riau,2023,K,Jasa Keuangan dan Asuransi,Keuangan,9682.855351806538,,ADHB,0.9433140869386504
Riau,2023,L,Real Estate,Real Estate,8521.289553586408,,ADHB,0.8301531090497515
Riau,2023,MN,Jasa Perusahaan,Jasa Perusahaan,47.00629068271064,,ADHB,0.004579402930713109
Riau,2023,O,"Administrasi Pemerintahan, Pertahanan dan Jaminan Sosial Wajib",Adm. Pemerintahan,13147.731798190203,,ADHB,1.280866042701972
Riau,2023,P,Jasa Pendidikan,Pendidikan,5065.99863573567,,ADHB,0.49353498569095655
Riau,2023,Q,Jasa Kesehatan dan Kegiatan Sosial,Kesehatan,2488.564115766797,,ADHB,0.24243856810428044
Riau,2023,RSTU,Jasa Lainnya,Jasa Lainnya,4404.667288409941,,ADHB,0.42910738108462654
Riau,2024,A,"Pertanian, Kehutanan dan Perikanan",Pertanian,305618.9845608587,,ADHB,27.47182351723178
Riau,2024,B,Pertambangan dan Penggalian,Pertambangan,204762.16059877316,,ADHB,18.405891725147093
Riau,2024,C,Industri Pengolahan,Industri Pengolahan,307320.7472070162,,ADHB,27.62479347474483
Riau,2024,D,Pengadaan Listrik dan Gas,Listrik & Gas,882.1705591724603,,ADHB,0.07929754085305378
Riau,2024,E,"Pengadaan Air, Pengelolaan Sampah, Limbah dan Daur Ulang",Air & Sampah,108.23569473127074,,ADHB,0.00972921203895413
Riau,2024,F,Konstruksi,Konstruksi,104321.96652552013,,ADHB,9.377410429779612
Riau,2024,G,"Perdagangan Besar dan Eceran, Reparasi Mobil dan Sepeda Motor",Perdagangan,113916.89099771662,,ADHB,10.23988980795077
Riau,2024,H,Transportasi dan Pergudangan,Transportasi,9360.300326331298,,ADHB,0.841389218679426
Riau,2024,I,Penyediaan Akomodasi dan Makan Minum,Akomodasi,5434.569951272379,,ADHB,0.4885087449915131
Riau,2024,J,Informasi dan Komunikasi,Infokom,8815.169947541652,,ADHB,0.7923879251848174
Riau,2024,K,Jasa Keuangan dan Asuransi,Keuangan,9914.555523047326,,ADHB,0.8912107340855124
Riau,2024,L,Real Estate,Real Estate,9016.414996172673,,ADHB,0.8104776667879187
Riau,2024,MN,Jasa Perusahaan,Jasa Perusahaan,51.289550905970984,,ADHB,0.004610372921667531
Riau,2024,O,"Administrasi Pemerintahan, Pertahanan dan Jaminan Sosial Wajib",Adm. Pemerintahan,14445.442578320428,,ADHB,1.2984882130609268
Riau,2024,P,Jasa Pendidikan,Pendidikan,5390.1016122423625,,ADHB,0.4845115248460029
Riau,2024,Q,Jasa Kesehatan dan Kegiatan Sosial,Kesehatan,2686.133939222509,,ADHB,0.24145423304772737
Riau,2024,RSTU,Jasa Lainnya,Jasa Lainnya,4817.409170647346,,ADHB,0.43303270160549867
Riau,2025,A,"Pertanian, Kehutanan dan Perikanan",Pertanian,343183.7798169008,,ADHB,28.56570800993098
Riau,2025,B,Pertambangan dan Penggalian,Pertambangan,192434.26193606306,,ADHB,16.017717796875434
Riau,2025,C,Industri Pengolahan,Industri Pengolahan,352064.2185121904,,ADHB,29.304892183801552
Riau,2025,D,Pengadaan Listrik dan Gas,Listrik & Gas,929.3264987675844,,ADHB,0.07735467399959835
Riau,2025,E,"Pengadaan Air, Pengelolaan Sampah, Limbah dan Daur Ulang",Air & Sampah,118.888187752516,,ADHB,0.009895937561443502
Riau,2025,F,Konstruksi,Konstruksi,110754.57286363581,,ADHB,9.218917021297516
Riau,2025,G,"Perdagangan Besar dan Eceran, Reparasi Mobil dan Sepeda Motor",Perdagangan,121429.25136648717,,ADHB,10.107448960001113
Riau,2025,H,Transportasi dan Pergudangan,Transportasi,9769.878476449561,,ADHB,0.8132187832410589
Riau,2025,I,Penyediaan Akomodasi dan Makan Minum,Akomodasi,5754.400621696316,,ADHB,0.4789810521326017
Riau,2025,J,Informasi dan Komunikasi,Infokom,9328.00333783377,,ADHB,0.776438268167529
Riau,2025,K,Jasa Keuangan dan Asuransi,Keuangan,10599.546065084456,,ADHB,0.8822781137691295
Riau,2025,L,Real Estate,Real Estate,9479.618127034224,,ADHB,0.7890582812712897
Riau,2025,MN,Jasa Perusahaan,Jasa Perusahaan,57.61483053799498,,ADHB,0.004795705750044799
Riau,2025,O,"Administrasi Pemerintahan, Pertahanan dan Jaminan Sosial Wajib",Adm. Pemerintahan,15102.217204649234,,ADHB,1.2570685222965208
Riau,2025,P,Jasa Pendidikan,Pendidikan,5954.729888114648,,ADHB,0.4956559291719621
Riau,2025,Q,Jasa Kesehatan dan Kegiatan Sosial,Kesehatan,2975.7228557612566,,ADHB,0.2476912815095926
Riau,2025,RSTU,Jasa Lainnya,Jasa Lainnya,5385.550708495977,,ADHB,0.44827896322388117
Riau,2026,A,"Pertanian, Kehutanan dan Perikanan",Pertanian,,,ADHB,
Riau,2026,B,Pertambangan dan Penggalian,Pertambangan,,,ADHB,
Riau,2026,C,Industri Pengolahan,Industri Pengolahan,,,ADHB,
Riau,2026,D,Pengadaan Listrik dan Gas,Listrik & Gas,,,ADHB,
Riau,2026,E,"Pengadaan Air, Pengelolaan Sampah, Limbah dan Daur Ulang",Air & Sampah,,,ADHB,
Riau,2026,F,Konstruksi,Konstruksi,,,ADHB,
Riau,2026,G,"Perdagangan Besar dan Eceran, Reparasi Mobil dan Sepeda Motor",Perdagangan,,,ADHB,
Riau,2026,H,Transportasi dan Pergudangan,Transportasi,,,ADHB,
Riau,2026,I,Penyediaan Akomodasi dan Makan Minum,Akomodasi,,,ADHB,
Riau,2026,J,Informasi dan Komunikasi,Infokom,,,ADHB,
Riau,2026,K,Jasa Keuangan dan Asuransi,Keuangan,,,ADHB,
Riau,2026,L,Real Estate,Real Estate,,,ADHB,
Riau,2026,MN,Jasa Perusahaan,Jasa Perusahaan,,,ADHB,
Riau,2026,O,"Administrasi Pemerintahan, Pertahanan dan Jaminan Sosial Wajib",Adm. Pemerintahan,,,ADHB,
Riau,2026,P,Jasa Pendidikan,Pendidikan,,,ADHB,
Riau,2026,Q,Jasa Kesehatan dan Kegiatan Sosial,Kesehatan,,,ADHB,
Riau,2026,RSTU,Jasa Lainnya,Jasa Lainnya,,,ADHB,
Sulawesi Barat,2020,A,"Pertanian, Kehutanan dan Perikanan",Pertanian,20214.69642030136,,ADHB,43.50434989838006
Sulawesi Barat,2020,B,Pertambangan dan Penggalian,Pertambangan,1001.8753797004326,,ADHB,2.1561509590263848
Sulawesi Barat,2020,C,Industri Pengolahan,Industri Pengolahan,4603.232775387927,,ADHB,9.906685965516075
Sulawesi Barat,2020,D,Pengadaan Listrik dan Gas,Listrik & Gas,18.34007589644013,,ADHB,0.039469951087679166
Sulawesi Barat,2020,E,"Pengadaan Air, Pengelolaan Sampah, Limbah dan Daur Ulang",Air & Sampah,71.4244186606557,,ADHB,0.15371355750764368
Sulawesi Barat,2020,F,Konstruksi,Konstruksi,3273.80597090345,,ADHB,7.045606696054765
Sulawesi Barat,2020,G,"Perdagangan Besar dan Eceran, Reparasi Mobil dan Sepeda Motor",Perdagangan,4662.2116019943405,,ADHB,10.033615178596142
Sulawesi Barat,2020,H,Transportasi dan Pergudangan,Transportasi,610.6586521868569,,ADHB,1.3142076002947038
Sulawesi Barat,2020,I,Penyediaan Akomodasi dan Makan Minum,Akomodasi,103.66979741053564,,ADHB,0.22310931842205134
Sulawesi Barat,2020,J,Informasi dan Komunikasi,Infokom,2072.6413501093994,,ADHB,4.460562386603772
Sulawesi Barat,2020,K,Jasa Keuangan dan Asuransi,Keuangan,1065.1234793838814,,ADHB,2.292268138420334
Sulawesi Barat,2020,L,Real Estate,Real Estate,1241.0547798557302,,ADHB,2.6708925161833235
Sulawesi Barat,2020,MN,Jasa Perusahaan,Jasa Perusahaan,29.624223032502954,,ADHB,0.0637547325706732
Sulawesi Barat,2020,O,"Administrasi Pemerintahan, Pertahanan dan Jaminan Sosial Wajib",Adm. Pemerintahan,3538.7701311322267,,ADHB,7.615840020238977
Sulawesi Barat,2020,P,Jasa Pendidikan,Pendidikan,2292.1197912411976,,ADHB,4.932905215782228
Sulawesi Barat,2020,Q,Jasa Kesehatan dan Kegiatan Sosial,Kesehatan,906.6394959733522,,ADHB,1.9511923921303014
Sulawesi Barat,2020,RSTU,Jasa Lainnya,Jasa Lainnya,788.975761090793,,ADHB,1.6979665119958736
Sulawesi Barat,2021,A,"Pertanian, Kehutanan dan Perikanan",Pertanian,22455.250524507053,,ADHB,44.40822624687149
Sulawesi Barat,2021,B,Pertambangan dan Penggalian,Pertambangan,1107.1133448390676,,ADHB,2.189462987504267
Sulawesi Barat,2021,C,Industri Pengolahan,Industri Pengolahan,5300.1963097804255,,ADHB,10.481838829661845
Sulawesi Barat,2021,D,Pengadaan Listrik dan Gas,Listrik & Gas,18.72733250713919,,ADHB,0.03703577557817895
Sulawesi Barat,2021,E,"Pengadaan Air, Pengelolaan Sampah, Limbah dan Daur Ulang",Air & Sampah,71.18570733244852,,ADHB,0.14077914620960788
Sulawesi Barat,2021,F,Konstruksi,Konstruksi,3804.6431986232665,,ADHB,7.5241848568417105
Sulawesi Barat,2021,G,"Perdagangan Besar dan Eceran, Reparasi Mobil dan Sepeda Motor",Perdagangan,4982.278213113828,,ADHB,9.853113768263094
Sulawesi Barat,2021,H,Transportasi dan Pergudangan,Transportasi,635.6582756927887,,ADHB,1.2570982671448623
Sulawesi Barat,2021,I,Penyediaan Akomodasi dan Makan Minum,Akomodasi,109.66272855913667,,ADHB,0.21687254192013977
Sulawesi Barat,2021,J,Informasi dan Komunikasi,Infokom,2071.6138677775107,,ADHB,4.096890267869313
Sulawesi Barat,2021,K,Jasa Keuangan dan Asuransi,Keuangan,1188.790810897257,,ADHB,2.3509909734879755
Sulawesi Barat,2021,L,Real Estate,Real Estate,1235.7410533733942,,ADHB,2.443841284285011
Sulawesi Barat,2021,MN,Jasa Perusahaan,Jasa Perusahaan,30.391225444575156,,ADHB,0.06010266569902803
Sulawesi Barat,2021,O,"Administrasi Pemerintahan, Pertahanan dan Jaminan Sosial Wajib",Adm. Pemerintahan,3551.993714598283,,ADHB,7.024537104727259
Sulawesi Barat,2021,P,Jasa Pendidikan,Pendidikan,2298.426034311061,,ADHB,4.545441309238115
Sulawesi Barat,2021,Q,Jasa Kesehatan dan Kegiatan Sosial,Kesehatan,908.3816819009139,,ADHB,1.7964448539259836
Sulawesi Barat,2021,RSTU,Jasa Lainnya,Jasa Lainnya,826.7737999300754,,ADHB,1.6350544796732547
Sulawesi Barat,2022,A,"Pertanian, Kehutanan dan Perikanan",Pertanian,24231.09290773987,,ADHB,44.84884862806261
Sulawesi Barat,2022,B,Pertambangan dan Penggalian,Pertambangan,1155.547687754409,,ADHB,2.138780265831566
Sulawesi Barat,2022,C,Industri Pengolahan,Industri Pengolahan,5740.048745705335,,ADHB,10.624142224786311
Sulawesi Barat,2022,D,Pengadaan Listrik dan Gas,Listrik & Gas,20.395514830150532,,ADHB,0.03774965333968284
Sulawesi Barat,2022,E,"Pengadaan Air, Pengelolaan Sampah, Limbah dan Daur Ulang",Air & Sampah,71.07629797368689,,ADHB,0.13155370832847363
Sulawesi Barat,2022,F,Konstruksi,Konstruksi,3943.309165924708,,ADHB,7.298592620216439
Sulawesi Barat,2022,G,"Perdagangan Besar dan Eceran, Reparasi Mobil dan Sepeda Motor",Perdagangan,5342.872706915632,,ADHB,9.889016982594567
Sulawesi Barat,2022,H,Transportasi dan Pergudangan,Transportasi,746.3343078884742,,ADHB,1.3813753481060853
Sulawesi Barat,2022,I,Penyediaan Akomodasi dan Makan Minum,Akomodasi,124.96151484112643,,ADHB,0.2312887860560732
Sulawesi Barat,2022,J,Informasi dan Komunikasi,Infokom,2123.915711137653,,ADHB,3.931113408308144
Sulawesi Barat,2022,K,Jasa Keuangan dan Asuransi,Keuangan,1271.5287412303835,,ADHB,2.3534472943008318
Sulawesi Barat,2022,L,Real Estate,Real Estate,1344.442717484796,,ADHB,2.488402324862403
Sulawesi Barat,2022,MN,Jasa Perusahaan,Jasa Perusahaan,32.6225051887852,,ADHB,0.06038034696374255
Sulawesi Barat,2022,O,"Administrasi Pemerintahan, Pertahanan dan Jaminan Sosial Wajib",Adm. Pemerintahan,3629.287051338979,,ADHB,6.717375324878475
Sulawesi Barat,2022,P,Jasa Pendidikan,Pendidikan,2406.6998373982233,,ADHB,4.4545129314484395
Sulawesi Barat,2022,Q,Jasa Kesehatan dan Kegiatan Sosial,Kesehatan,990.8385499497181,,ADHB,1.833923393828829
Sulawesi Barat,2022,RSTU,Jasa Lainnya,Jasa Lainnya,891.275572693356,,ADHB,1.6496442565678129
Sulawesi Barat,2023,A,"Pertanian, Kehutanan dan Perikanan",Pertanian,26518.306646410067,,ADHB,45.27485512044882
Sulawesi Barat,2023,B,Pertambangan dan Penggalian,Pertambangan,1282.5796144678534,,ADHB,2.1897554395063246
Sulawesi Barat,2023,C,Industri Pengolahan,Industri Pengolahan,6419.544719321579,,ADHB,10.960125055566957
Sulawesi Barat,2023,D,Pengadaan Listrik dan Gas,Listrik & Gas,23.007014538198042,,ADHB,0.03928000621834534
Sulawesi Barat,2023,E,"Pengadaan Air, Pengelolaan Sampah, Limbah dan Daur Ulang",Air & Sampah,74.63707528611062,,ADHB,0.12742830133349214
Sulawesi Barat,2023,F,Konstruksi,Konstruksi,4200.599725977217,,ADHB,7.171707701719388
Sulawesi Barat,2023,G,"Perdagangan Besar dan Eceran, Reparasi Mobil dan Sepeda Motor",Perdagangan,5802.165453132656,,ADHB,9.906069937954218
Sulawesi Barat,2023,H,Transportasi dan Pergudangan,Transportasi,879.3110286647072,,ADHB,1.501252699104633
Sulawesi Barat,2023,I,Penyediaan Akomodasi dan Makan Minum,Akomodasi,140.57675953360337,,ADHB,0.24000749769019192
Sulawesi Barat,2023,J,Informasi dan Komunikasi,Infokom,2329.4221530720997,,ADHB,3.97703563432398
Sulawesi Barat,2023,K,Jasa Keuangan dan Asuransi,Keuangan,1234.9150591884963,,ADHB,2.108377474335775
Sulawesi Barat,2023,L,Real Estate,Real Estate,1469.3352662350458,,ADHB,2.508604421435164
Sulawesi Barat,2023,MN,Jasa Perusahaan,Jasa Perusahaan,36.049113367393474,,ADHB,0.061546855411686835
Sulawesi Barat,2023,O,"Administrasi Pemerintahan, Pertahanan dan Jaminan Sosial Wajib",Adm. Pemerintahan,3709.8912552181687,,ADHB,6.333918350527896
Sulawesi Barat,2023,P,Jasa Pendidikan,Pendidikan,2484.9790729727133,,ADHB,4.242618844646988
Sulawesi Barat,2023,Q,Jasa Kesehatan dan Kegiatan Sosial,Kesehatan,1043.519876691103,,ADHB,1.7816073953158755
Sulawesi Barat,2023,RSTU,Jasa Lainnya,Jasa Lainnya,966.1373224973852,,ADHB,1.6494917222947576
Sulawesi Barat,2024,A,"Pertanian, Kehutanan dan Perikanan",Pertanian,30000.73655911568,,ADHB,46.71945819079553
Sulawesi Barat,2024,B,Pertambangan dan Penggalian,Pertambangan,1410.9450529854187,,ADHB,2.197232334031905
Sulawesi Barat,2024,C,Industri Pengolahan,Industri Pengolahan,6567.164274003248,,ADHB,10.226894133976042
Sulawesi Barat,2024,D,Pengadaan Listrik dan Gas,Listrik & Gas,25.28090591896945,,ADHB,0.039369374307840106
Sulawesi Barat,2024,E,"Pengadaan Air, Pengelolaan Sampah, Limbah dan Daur Ulang",Air & Sampah,81.48013336138301,,ADHB,0.12688714080257854
Sulawesi Barat,2024,F,Konstruksi,Konstruksi,4517.505795002166,,ADHB,7.035008047232472
Sulawesi Barat,2024,G,"Perdagangan Besar dan Eceran, Reparasi Mobil dan Sepeda Motor",Perdagangan,6221.717749705216,,ADHB,9.688938193551184
Sulawesi Barat,2024,H,Transportasi dan Pergudangan,Transportasi,952.8323800627668,,ADHB,1.4838239873031571
Sulawesi Barat,2024,I,Penyediaan Akomodasi dan Makan Minum,Akomodasi,154.31303241381266,,ADHB,0.2403081421666437
Sulawesi Barat,2024,J,Informasi dan Komunikasi,Infokom,2484.212865149028,,ADHB,3.868607654404451
Sulawesi Barat,2024,K,Jasa Keuangan dan Asuransi,Keuangan,1278.34198301826,,ADHB,1.9907326178967881
Sulawesi Barat,2024,L,Real Estate,Real Estate,1618.3593247246274,,ADHB,2.5202338169321603
Sulawesi Barat,2024,MN,Jasa Perusahaan,Jasa Perusahaan,40.05346362262756,,ADHB,0.06237433922419192
Sulawesi Barat,2024,O,"Administrasi Pemerintahan, Pertahanan dan Jaminan Sosial Wajib",Adm. Pemerintahan,3966.577912619062,,ADHB,6.177060705958938
Sulawesi Barat,2024,P,Jasa Pendidikan,Pendidikan,2759.9492316376227,,ADHB,4.298005566701091
Sulawesi Barat,2024,Q,Jasa Kesehatan dan Kegiatan Sosial,Kesehatan,1175.9062096184387,,ADHB,1.8312117400288541
Sulawesi Barat,2024,RSTU,Jasa Lainnya,Jasa Lainnya,1030.3215480716774,,ADHB,1.6044960893996578
Sulawesi Barat,2025,A,"Pertanian, Kehutanan dan Perikanan",Pertanian,34413.005341565746,,ADHB,48.358383076192645
Sulawesi Barat,2025,B,Pertambangan dan Penggalian,Pertambangan,1488.428059753212,,ADHB,2.091592221617488
Sulawesi Barat,2025,C,Industri Pengolahan,Industri Pengolahan,8073.2649136224845,,ADHB,11.344839937504227
Sulawesi Barat,2025,D,Pengadaan Listrik dan Gas,Listrik & Gas,27.237048285833936,,ADHB,0.03827447215951833
Sulawesi Barat,2025,E,"Pengadaan Air, Pengelolaan Sampah, Limbah dan Daur Ulang",Air & Sampah,79.86883189598457,,ADHB,0.11223453256519109
Sulawesi Barat,2025,F,Konstruksi,Konstruksi,4262.347504179517,,ADHB,5.989602807575903
Sulawesi Barat,2025,G,"Perdagangan Besar dan Eceran, Reparasi Mobil dan Sepeda Motor",Perdagangan,6685.665321601689,,ADHB,9.394935476638643
Sulawesi Barat,2025,H,Transportasi dan Pergudangan,Transportasi,1007.077032012005,,ADHB,1.4151805812335903
Sulawesi Barat,2025,I,Penyediaan Akomodasi dan Makan Minum,Akomodasi,173.34998366968227,,ADHB,0.24359758275528812
Sulawesi Barat,2025,J,Informasi dan Komunikasi,Infokom,2569.7931653944343,,ADHB,3.611165054759834
Sulawesi Barat,2025,K,Jasa Keuangan dan Asuransi,Keuangan,1447.4242663904129,,ADHB,2.0339722280326713
Sulawesi Barat,2025,L,Real Estate,Real Estate,1686.17925482813,,ADHB,2.3694792573556076
Sulawesi Barat,2025,MN,Jasa Perusahaan,Jasa Perusahaan,43.83867033155531,,ADHB,0.06160366385913033
Sulawesi Barat,2025,O,"Administrasi Pemerintahan, Pertahanan dan Jaminan Sosial Wajib",Adm. Pemerintahan,4088.175225243028,,ADHB,5.744849706169473
Sulawesi Barat,2025,P,Jasa Pendidikan,Pendidikan,2915.62961830852,,ADHB,4.097146778986948
Sulawesi Barat,2025,Q,Jasa Kesehatan dan Kegiatan Sosial,Kesehatan,1205.3550910644403,,ADHB,1.6938079850331724
Sulawesi Barat,2025,RSTU,Jasa Lainnya,Jasa Lainnya,1097.9888693751866,,ADHB,1.5429331391323662
Sulawesi Barat,2026,A,"Pertanian, Kehutanan dan Perikanan",Pertanian,,,ADHB,
Sulawesi Barat,2026,B,Pertambangan dan Penggalian,Pertambangan,,,ADHB,
Sulawesi Barat,2026,C,Industri Pengolahan,Industri Pengolahan,,,ADHB,
Sulawesi Barat,2026,D,Pengadaan Listrik dan Gas,Listrik & Gas,,,ADHB,
Sulawesi Barat,2026,E,"Pengadaan Air, Pengelolaan Sampah, Limbah dan Daur Ulang",Air & Sampah,,,ADHB,
Sulawesi Barat,2026,F,Konstruksi,Konstruksi,,,ADHB,
Sulawesi Barat,2026,G,"Perdagangan Besar dan Eceran, Reparasi Mobil dan Sepeda Motor",Perdagangan,,,ADHB,
Sulawesi Barat,2026,H,Transportasi dan Pergudangan,Transportasi,,,ADHB,
Sulawesi Barat,2026,I,Penyediaan Akomodasi dan Makan Minum,Akomodasi,,,ADHB,
Sulawesi Barat,2026,J,Informasi dan Komunikasi,Infokom,,,ADHB,
Sulawesi Barat,2026,K,Jasa Keuangan dan Asuransi,Keuangan,,,ADHB,
Sulawesi Barat,2026,L,Real Estate,Real Estate,,,ADHB,
Sulawesi Barat,2026,MN,Jasa Perusahaan,Jasa Perusahaan,,,ADHB,
Sulawesi Barat,2026,O,"Administrasi Pemerintahan, Pertahanan dan Jaminan Sosial Wajib",Adm. Pemerintahan,,,ADHB,
Sulawesi Barat,2026,P,Jasa Pendidikan,Pendidikan,,,ADHB,
Sulawesi Barat,2026,Q,Jasa Kesehatan dan Kegiatan Sosial,Kesehatan,,,ADHB,
Sulawesi Barat,2026,RSTU,Jasa Lainnya,Jasa Lainnya,,,ADHB,
Sulawesi Selatan,2020,A,"Pertanian, Kehutanan dan Perikanan",Pertanian,110909.18106084458,,ADHB,22.003496988933726
Sulawesi Selatan,2020,B,Pertambangan dan Penggalian,Pertambangan,23427.105520051708,,ADHB,4.647750897079477
Sulawesi Selatan,2020,C,Industri Pengolahan,Industri Pengolahan,63186.38609372763,,ADHB,12.535675070869129
Sulawesi Selatan,2020,D,Pengadaan Listrik dan Gas,Listrik & Gas,320.3704432716537,,ADHB,0.06355894089601094
Sulawesi Selatan,2020,E,"Pengadaan Air, Pengelolaan Sampah, Limbah dan Daur Ulang",Air & Sampah,507.36103549367033,,ADHB,0.10065638308755412
Sulawesi Selatan,2020,F,Konstruksi,Konstruksi,70830.04205216374,,ADHB,14.052115452604768
Sulawesi Selatan,2020,G,"Perdagangan Besar dan Eceran, Reparasi Mobil dan Sepeda Motor",Perdagangan,72745.8150685719,,ADHB,14.43218954020345
Sulawesi Selatan,2020,H,Transportasi dan Pergudangan,Transportasi,15251.1198060811,,ADHB,3.0257005373331136
Sulawesi Selatan,2020,I,Penyediaan Akomodasi dan Makan Minum,Akomodasi,6232.252821531962,,ADHB,1.2364292557315182
Sulawesi Selatan,2020,J,Informasi dan Komunikasi,Infokom,28240.46162309554,,ADHB,5.602682359984142
Sulawesi Selatan,2020,K,Jasa Keuangan dan Asuransi,Keuangan,18895.87674278635,,ADHB,3.748791245560353
Sulawesi Selatan,2020,L,Real Estate,Real Estate,19191.621893801595,,ADHB,3.8074647248666853
Sulawesi Selatan,2020,MN,Jasa Perusahaan,Jasa Perusahaan,2168.136519662954,,ADHB,0.43014099397081756
Sulawesi Selatan,2020,O,"Administrasi Pemerintahan, Pertahanan dan Jaminan Sosial Wajib",Adm. Pemerintahan,23612.935408491296,,ADHB,4.684618064897542
Sulawesi Selatan,2020,P,Jasa Pendidikan,Pendidikan,28176.673208992004,,ADHB,5.590027247357479
Sulawesi Selatan,2020,Q,Jasa Kesehatan dan Kegiatan Sosial,Kesehatan,11517.323899951512,,ADHB,2.2849452076842134
Sulawesi Selatan,2020,RSTU,Jasa Lainnya,Jasa Lainnya,6430.846591198392,,ADHB,1.2758286757892594
Sulawesi Selatan,2021,A,"Pertanian, Kehutanan dan Perikanan",Pertanian,124460.82088530253,,ADHB,22.84283562573898
Sulawesi Selatan,2021,B,Pertambangan dan Penggalian,Pertambangan,25779.49000358513,,ADHB,4.73142189227531
Sulawesi Selatan,2021,C,Industri Pengolahan,Industri Pengolahan,66895.9831754543,,ADHB,12.277710662918778
Sulawesi Selatan,2021,D,Pengadaan Listrik dan Gas,Listrik & Gas,365.0141797255762,,ADHB,0.06699263952484429
Sulawesi Selatan,2021,E,"Pengadaan Air, Pengelolaan Sampah, Limbah dan Daur Ulang",Air & Sampah,538.5327564353909,,ADHB,0.09883925838530645
Sulawesi Selatan,2021,F,Konstruksi,Konstruksi,76840.6742659006,,ADHB,14.102903059304792
Sulawesi Selatan,2021,G,"Perdagangan Besar dan Eceran, Reparasi Mobil dan Sepeda Motor",Perdagangan,79232.22992907681,,ADHB,14.541835668901543
Sulawesi Selatan,2021,H,Transportasi dan Pergudangan,Transportasi,16513.51214198347,,ADHB,3.030796685895218
Sulawesi Selatan,2021,I,Penyediaan Akomodasi dan Makan Minum,Akomodasi,6493.578243317082,,ADHB,1.1917946497529759
Sulawesi Selatan,2021,J,Informasi dan Komunikasi,Infokom,30223.073574706887,,ADHB,5.546972106249151
Sulawesi Selatan,2021,K,Jasa Keuangan dan Asuransi,Keuangan,19773.815894634397,,ADHB,3.6291744097607674
Sulawesi Selatan,2021,L,Real Estate,Real Estate,19724.2530562021,,ADHB,3.6200779265188854
Sulawesi Selatan,2021,MN,Jasa Perusahaan,Jasa Perusahaan,2345.5830257493726,,ADHB,0.4304950515559679
Sulawesi Selatan,2021,O,"Administrasi Pemerintahan, Pertahanan dan Jaminan Sosial Wajib",Adm. Pemerintahan,24313.964297983573,,ADHB,4.462447587267293
Sulawesi Selatan,2021,P,Jasa Pendidikan,Pendidikan,29151.097523845645,,ADHB,5.350227680570662
Sulawesi Selatan,2021,Q,Jasa Kesehatan dan Kegiatan Sosial,Kesehatan,12672.422866276003,,ADHB,2.3258248696669375
Sulawesi Selatan,2021,RSTU,Jasa Lainnya,Jasa Lainnya,7015.4608894758,,ADHB,1.2875780410027846
Sulawesi Selatan,2022,A,"Pertanian, Kehutanan dan Perikanan",Pertanian,135696.2582166488,,ADHB,22.42261287133272
Sulawesi Selatan,2022,B,Pertambangan dan Penggalian,Pertambangan,30725.724123004115,,ADHB,5.077155599246743
Sulawesi Selatan,2022,C,Industri Pengolahan,Industri Pengolahan,76626.58361654174,,ADHB,12.661868813975277
Sulawesi Selatan,2022,D,Pengadaan Listrik dan Gas,Listrik & Gas,425.36663305452214,,ADHB,0.07028809391439489
Sulawesi Selatan,2022,E,"Pengadaan Air, Pengelolaan Sampah, Limbah dan Daur Ulang",Air & Sampah,589.0500412672346,,ADHB,0.09733533710332809
Sulawesi Selatan,2022,F,Konstruksi,Konstruksi,83367.24716590278,,ADHB,13.775704163966395
Sulawesi Selatan,2022,G,"Perdagangan Besar dan Eceran, Reparasi Mobil dan Sepeda Motor",Perdagangan,88308.84097879895,,ADHB,14.592259067470353
Sulawesi Selatan,2022,H,Transportasi dan Pergudangan,Transportasi,23554.077899946977,,ADHB,3.892104154032788
Sulawesi Selatan,2022,I,Penyediaan Akomodasi dan Makan Minum,Akomodasi,7930.141197723649,,ADHB,1.3103860668558054
Sulawesi Selatan,2022,J,Informasi dan Komunikasi,Infokom,32266.516470588722,,ADHB,5.331757979437966
Sulawesi Selatan,2022,K,Jasa Keuangan dan Asuransi,Keuangan,21653.41148029685,,ADHB,3.5780357494544233
Sulawesi Selatan,2022,L,Real Estate,Real Estate,21097.02233064912,,ADHB,3.4860973373543436
Sulawesi Selatan,2022,MN,Jasa Perusahaan,Jasa Perusahaan,2797.616395357639,,ADHB,0.46228149707300636
Sulawesi Selatan,2022,O,"Administrasi Pemerintahan, Pertahanan dan Jaminan Sosial Wajib",Adm. Pemerintahan,24798.603660742578,,ADHB,4.09775108718674
Sulawesi Selatan,2022,P,Jasa Pendidikan,Pendidikan,30540.19723347362,,ADHB,5.046498912939866
Sulawesi Selatan,2022,Q,Jasa Kesehatan dan Kegiatan Sosial,Kesehatan,13903.32671801679,,ADHB,2.2974024244944022
Sulawesi Selatan,2022,RSTU,Jasa Lainnya,Jasa Lainnya,7991.223861139398,,ADHB,1.3204794396055133
Sulawesi Selatan,2023,A,"Pertanian, Kehutanan dan Perikanan",Pertanian,143418.92927359854,,ADHB,21.974925150489376
Sulawesi Selatan,2023,B,Pertambangan dan Penggalian,Pertambangan,33325.97262523333,,ADHB,5.106269846776588
Sulawesi Selatan,2023,C,Industri Pengolahan,Industri Pengolahan,82384.58131249354,,ADHB,12.623124555913975
Sulawesi Selatan,2023,D,Pengadaan Listrik dan Gas,Listrik & Gas,475.4716806849698,,ADHB,0.07285268860358877
Sulawesi Selatan,2023,E,"Pengadaan Air, Pengelolaan Sampah, Limbah dan Daur Ulang",Air & Sampah,612.7819258131648,,ADHB,0.09389162937919038
Sulawesi Selatan,2023,F,Konstruksi,Konstruksi,90417.5953744323,,ADHB,13.853958474686154
Sulawesi Selatan,2023,G,"Perdagangan Besar dan Eceran, Reparasi Mobil dan Sepeda Motor",Perdagangan,95583.13741496143,,ADHB,14.645432795943897
Sulawesi Selatan,2023,H,Transportasi dan Pergudangan,Transportasi,28731.698900600248,,ADHB,4.402326359462762
Sulawesi Selatan,2023,I,Penyediaan Akomodasi dan Makan Minum,Akomodasi,8665.185081357426,,ADHB,1.3276963824957224
Sulawesi Selatan,2023,J,Informasi dan Komunikasi,Infokom,34836.09017373751,,ADHB,5.337652972176401
Sulawesi Selatan,2023,K,Jasa Keuangan dan Asuransi,Keuangan,22991.883818624832,,ADHB,3.522860814412992
Sulawesi Selatan,2023,L,Real Estate,Real Estate,22495.07175871794,,ADHB,3.4467383117167993
Sulawesi Selatan,2023,MN,Jasa Perusahaan,Jasa Perusahaan,3178.547645259783,,ADHB,0.48702320499547974
Sulawesi Selatan,2023,O,"Administrasi Pemerintahan, Pertahanan dan Jaminan Sosial Wajib",Adm. Pemerintahan,26015.66052427381,,ADHB,3.98616971732405
Sulawesi Selatan,2023,P,Jasa Pendidikan,Pendidikan,31942.30855854954,,ADHB,4.894262167924148
Sulawesi Selatan,2023,Q,Jasa Kesehatan dan Kegiatan Sosial,Kesehatan,15197.859951248298,,ADHB,2.3286454345171377
Sulawesi Selatan,2023,RSTU,Jasa Lainnya,Jasa Lainnya,9143.811000321288,,ADHB,1.4010323695762732
Sulawesi Selatan,2024,A,"Pertanian, Kehutanan dan Perikanan",Pertanian,154060.9127959142,,ADHB,22.12715290290759
Sulawesi Selatan,2024,B,Pertambangan dan Penggalian,Pertambangan,31534.4791290421,,ADHB,4.52917114885722
Sulawesi Selatan,2024,C,Industri Pengolahan,Industri Pengolahan,89071.65086167911,,ADHB,12.793005066389842
Sulawesi Selatan,2024,D,Pengadaan Listrik dan Gas,Listrik & Gas,495.9367031119125,,ADHB,0.0712294056991476
Sulawesi Selatan,2024,E,"Pengadaan Air, Pengelolaan Sampah, Limbah dan Daur Ulang",Air & Sampah,642.8197679459012,,ADHB,0.0923256329994155
Sulawesi Selatan,2024,F,Konstruksi,Konstruksi,92012.8164088609,,ADHB,13.215432913883301
Sulawesi Selatan,2024,G,"Perdagangan Besar dan Eceran, Reparasi Mobil dan Sepeda Motor",Perdagangan,102743.60492337377,,ADHB,14.75665316190255
Sulawesi Selatan,2024,H,Transportasi dan Pergudangan,Transportasi,31737.11069192762,,ADHB,4.558274310026092
Sulawesi Selatan,2024,I,Penyediaan Akomodasi dan Makan Minum,Akomodasi,9392.337283379678,,ADHB,1.348983849396831
Sulawesi Selatan,2024,J,Informasi dan Komunikasi,Infokom,37526.87686537935,,ADHB,5.389835275536912
Sulawesi Selatan,2024,K,Jasa Keuangan dan Asuransi,Keuangan,24939.072357273755,,ADHB,3.5818992455087364
Sulawesi Selatan,2024,L,Real Estate,Real Estate,24318.81859783407,,ADHB,3.492814678082435
Sulawesi Selatan,2024,MN,Jasa Perusahaan,Jasa Perusahaan,3448.791482136651,,ADHB,0.49533613082361805
Sulawesi Selatan,2024,O,"Administrasi Pemerintahan, Pertahanan dan Jaminan Sosial Wajib",Adm. Pemerintahan,27782.013113932295,,ADHB,3.9902194590844124
Sulawesi Selatan,2024,P,Jasa Pendidikan,Pendidikan,34969.8241001846,,ADHB,5.022576011071698
Sulawesi Selatan,2024,Q,Jasa Kesehatan dan Kegiatan Sosial,Kesehatan,17630.525635577927,,ADHB,2.5322019025932376
Sulawesi Selatan,2024,RSTU,Jasa Lainnya,Jasa Lainnya,10564.209500016319,,ADHB,1.5172951702218485
Sulawesi Selatan,2025,A,"Pertanian, Kehutanan dan Perikanan",Pertanian,175597.11544105783,,ADHB,23.317280720750823
Sulawesi Selatan,2025,B,Pertambangan dan Penggalian,Pertambangan,32179.709762204624,,ADHB,4.2730959683075005
Sulawesi Selatan,2025,C,Industri Pengolahan,Industri Pengolahan,95486.30309209936,,ADHB,12.679484674863776
Sulawesi Selatan,2025,D,Pengadaan Listrik dan Gas,Listrik & Gas,518.9536473067951,,ADHB,0.06891108572550456
Sulawesi Selatan,2025,E,"Pengadaan Air, Pengelolaan Sampah, Limbah dan Daur Ulang",Air & Sampah,662.612915576413,,ADHB,0.08798738705293
Sulawesi Selatan,2025,F,Konstruksi,Konstruksi,96415.41441068698,,ADHB,12.80285998989625
Sulawesi Selatan,2025,G,"Perdagangan Besar dan Eceran, Reparasi Mobil dan Sepeda Motor",Perdagangan,109679.75369106661,,ADHB,14.56421194490437
Sulawesi Selatan,2025,H,Transportasi dan Pergudangan,Transportasi,32952.84297402873,,ADHB,4.375759181705727
Sulawesi Selatan,2025,I,Penyediaan Akomodasi dan Makan Minum,Akomodasi,10275.009015505726,,ADHB,1.3644032193866729
Sulawesi Selatan,2025,J,Informasi dan Komunikasi,Infokom,41000.405582788306,,ADHB,5.444383093863623
Sulawesi Selatan,2025,K,Jasa Keuangan dan Asuransi,Keuangan,27771.702605809867,,ADHB,3.6877632307703854
Sulawesi Selatan,2025,L,Real Estate,Real Estate,26235.016287176717,,ADHB,3.4837089319209626
Sulawesi Selatan,2025,MN,Jasa Perusahaan,Jasa Perusahaan,3763.4417703514137,,ADHB,0.49974185518405756
Sulawesi Selatan,2025,O,"Administrasi Pemerintahan, Pertahanan dan Jaminan Sosial Wajib",Adm. Pemerintahan,28870.423401172324,,ADHB,3.8336607368589326
Sulawesi Selatan,2025,P,Jasa Pendidikan,Pendidikan,36923.59199861568,,ADHB,4.903029059945953
Sulawesi Selatan,2025,Q,Jasa Kesehatan dan Kegiatan Sosial,Kesehatan,19402.536598365514,,ADHB,2.576434079924229
Sulawesi Selatan,2025,RSTU,Jasa Lainnya,Jasa Lainnya,11921.148178661937,,ADHB,1.5829915992488655
Sulawesi Selatan,2026,A,"Pertanian, Kehutanan dan Perikanan",Pertanian,,,ADHB,
Sulawesi Selatan,2026,B,Pertambangan dan Penggalian,Pertambangan,,,ADHB,
Sulawesi Selatan,2026,C,Industri Pengolahan,Industri Pengolahan,,,ADHB,
Sulawesi Selatan,2026,D,Pengadaan Listrik dan Gas,Listrik & Gas,,,ADHB,
Sulawesi Selatan,2026,E,"Pengadaan Air, Pengelolaan Sampah, Limbah dan Daur Ulang",Air & Sampah,,,ADHB,
Sulawesi Selatan,2026,F,Konstruksi,Konstruksi,,,ADHB,
Sulawesi Selatan,2026,G,"Perdagangan Besar dan Eceran, Reparasi Mobil dan Sepeda Motor",Perdagangan,,,ADHB,
Sulawesi Selatan,2026,H,Transportasi dan Pergudangan,Transportasi,,,ADHB,
Sulawesi Selatan,2026,I,Penyediaan Akomodasi dan Makan Minum,Akomodasi,,,ADHB,
Sulawesi Selatan,2026,J,Informasi dan Komunikasi,Infokom,,,ADHB,
Sulawesi Selatan,2026,K,Jasa Keuangan dan Asuransi,Keuangan,,,ADHB,
Sulawesi Selatan,2026,L,Real Estate,Real Estate,,,ADHB,
Sulawesi Selatan,2026,MN,Jasa Perusahaan,Jasa Perusahaan,,,ADHB,
Sulawesi Selatan,2026,O,"Administrasi Pemerintahan, Pertahanan dan Jaminan Sosial Wajib",Adm. Pemerintahan,,,ADHB,
Sulawesi Selatan,2026,P,Jasa Pendidikan,Pendidikan,,,ADHB,
Sulawesi Selatan,2026,Q,Jasa Kesehatan dan Kegiatan Sosial,Kesehatan,,,ADHB,
Sulawesi Selatan,2026,RSTU,Jasa Lainnya,Jasa Lainnya,,,ADHB,
Sulawesi Tengah,2020,A,"Pertanian, Kehutanan dan Perikanan",Pertanian,43530.43976932483,,ADHB,22.047339850118515
Sulawesi Tengah,2020,B,Pertambangan dan Penggalian,Pertambangan,26328.37938469024,,ADHB,13.334823426391571
Sulawesi Tengah,2020,C,Industri Pengolahan,Industri Pengolahan,53559.166497436905,,ADHB,27.126699204407977
Sulawesi Tengah,2020,D,Pengadaan Listrik dan Gas,Listrik & Gas,53.143522575932636,,ADHB,0.026916183463179505
Sulawesi Tengah,2020,E,"Pengadaan Air, Pengelolaan Sampah, Limbah dan Daur Ulang",Air & Sampah,199.04546250341758,,ADHB,0.1008127411689812
Sulawesi Tengah,2020,F,Konstruksi,Konstruksi,19589.47040836514,,ADHB,9.921694195274727
Sulawesi Tengah,2020,G,"Perdagangan Besar dan Eceran, Reparasi Mobil dan Sepeda Motor",Perdagangan,13926.490869902085,,ADHB,7.053502761639255
Sulawesi Tengah,2020,H,Transportasi dan Pergudangan,Transportasi,4394.723019615064,,ADHB,2.2258436274487288
Sulawesi Tengah,2020,I,Penyediaan Akomodasi dan Makan Minum,Akomodasi,745.2595566973162,,ADHB,0.37745979158779464
Sulawesi Tengah,2020,J,Informasi dan Komunikasi,Infokom,6044.8481429662925,,ADHB,3.061600619166057
Sulawesi Tengah,2020,K,Jasa Keuangan dan Asuransi,Keuangan,3684.5352242856156,,ADHB,1.8661470159739117
Sulawesi Tengah,2020,L,Real Estate,Real Estate,2859.1244465578243,,ADHB,1.4480921553074417
Sulawesi Tengah,2020,MN,Jasa Perusahaan,Jasa Perusahaan,390.56360486933704,,ADHB,0.1978130378482789
Sulawesi Tengah,2020,O,"Administrasi Pemerintahan, Pertahanan dan Jaminan Sosial Wajib",Adm. Pemerintahan,10898.022433943486,,ADHB,5.519641096405457
Sulawesi Tengah,2020,P,Jasa Pendidikan,Pendidikan,6111.777292666196,,ADHB,3.095498960582609
Sulawesi Tengah,2020,Q,Jasa Kesehatan dan Kegiatan Sosial,Kesehatan,2563.1019568721385,,ADHB,1.2981623942491205
Sulawesi Tengah,2020,RSTU,Jasa Lainnya,Jasa Lainnya,1348.4442913401776,,ADHB,0.6829613878856119
Sulawesi Tengah,2021,A,"Pertanian, Kehutanan dan Perikanan",Pertanian,47115.642466476376,,ADHB,19.053533518465873
Sulawesi Tengah,2021,B,Pertambangan dan Penggalian,Pertambangan,34729.394283264155,,ADHB,14.04454324321301
Sulawesi Tengah,2021,C,Industri Pengolahan,Industri Pengolahan,82078.40778516396,,ADHB,33.192451848442126
Sulawesi Tengah,2021,D,Pengadaan Listrik dan Gas,Listrik & Gas,55.90396713424902,,ADHB,0.02260752599023805
Sulawesi Tengah,2021,E,"Pengadaan Air, Pengelolaan Sampah, Limbah dan Daur Ulang",Air & Sampah,212.22431708152214,,ADHB,0.08582336836059111
Sulawesi Tengah,2021,F,Konstruksi,Konstruksi,23505.050293250166,,ADHB,9.50542622727313
Sulawesi Tengah,2021,G,"Perdagangan Besar dan Eceran, Reparasi Mobil dan Sepeda Motor",Perdagangan,15795.26881885912,,ADHB,6.387595883627109
Sulawesi Tengah,2021,H,Transportasi dan Pergudangan,Transportasi,4751.120331550299,,ADHB,1.9213498054678746
Sulawesi Tengah,2021,I,Penyediaan Akomodasi dan Makan Minum,Akomodasi,855.0112891844024,,ADHB,0.3457659792866681
Sulawesi Tengah,2021,J,Informasi dan Komunikasi,Infokom,6619.529984304165,,ADHB,2.6769333883575883
Sulawesi Tengah,2021,K,Jasa Keuangan dan Asuransi,Keuangan,4274.579945278789,,ADHB,1.7286371998998338
Sulawesi Tengah,2021,L,Real Estate,Real Estate,2950.9260632855553,,ADHB,1.1933524773079636
Sulawesi Tengah,2021,MN,Jasa Perusahaan,Jasa Perusahaan,405.8239645484879,,ADHB,0.1641149330951615
Sulawesi Tengah,2021,O,"Administrasi Pemerintahan, Pertahanan dan Jaminan Sosial Wajib",Adm. Pemerintahan,11640.163742708055,,ADHB,4.707274238909593
Sulawesi Tengah,2021,P,Jasa Pendidikan,Pendidikan,6221.278418376132,,ADHB,2.515880728074109
Sulawesi Tengah,2021,Q,Jasa Kesehatan dan Kegiatan Sosial,Kesehatan,2845.4053686229004,,ADHB,1.150679980714561
Sulawesi Tengah,2021,RSTU,Jasa Lainnya,Jasa Lainnya,1395.8183625973932,,ADHB,0.564467989083723
Sulawesi Tengah,2022,A,"Pertanian, Kehutanan dan Perikanan",Pertanian,51884.55094792355,,ADHB,16.03204463683792
Sulawesi Tengah,2022,B,Pertambangan dan Penggalian,Pertambangan,49403.40793371218,,ADHB,15.265384911978005
Sulawesi Tengah,2022,C,Industri Pengolahan,Industri Pengolahan,128201.58060906461,,ADHB,39.613592587524444
Sulawesi Tengah,2022,D,Pengadaan Listrik dan Gas,Listrik & Gas,62.189439815595314,,ADHB,0.019216199366633834
Sulawesi Tengah,2022,E,"Pengadaan Air, Pengelolaan Sampah, Limbah dan Daur Ulang",Air & Sampah,226.0695741175384,,ADHB,0.0698542713980714
Sulawesi Tengah,2022,F,Konstruksi,Konstruksi,26615.581171245176,,ADHB,8.224070124478208
Sulawesi Tengah,2022,G,"Perdagangan Besar dan Eceran, Reparasi Mobil dan Sepeda Motor",Perdagangan,18403.725480549052,,ADHB,5.686651286322482
Sulawesi Tengah,2022,H,Transportasi dan Pergudangan,Transportasi,6606.047085104101,,ADHB,2.0412326946366393
Sulawesi Tengah,2022,I,Penyediaan Akomodasi dan Makan Minum,Akomodasi,973.7326397437347,,ADHB,0.30087810069679966
Sulawesi Tengah,2022,J,Informasi dan Komunikasi,Infokom,6950.199735153299,,ADHB,2.147573995595622
Sulawesi Tengah,2022,K,Jasa Keuangan dan Asuransi,Keuangan,4594.482626409843,,ADHB,1.419670194769736
Sulawesi Tengah,2022,L,Real Estate,Real Estate,3298.2060558877174,,ADHB,1.0191277700861974
Sulawesi Tengah,2022,MN,Jasa Perusahaan,Jasa Perusahaan,450.1806105349491,,ADHB,0.13910336527686748
Sulawesi Tengah,2022,O,"Administrasi Pemerintahan, Pertahanan dan Jaminan Sosial Wajib",Adm. Pemerintahan,12089.467304235202,,ADHB,3.7355797808027114
Sulawesi Tengah,2022,P,Jasa Pendidikan,Pendidikan,6541.040863655941,,ADHB,2.0211461250337703
Sulawesi Tengah,2022,Q,Jasa Kesehatan dan Kegiatan Sosial,Kesehatan,3036.135132556197,,ADHB,0.9381492771801812
Sulawesi Tengah,2022,RSTU,Jasa Lainnya,Jasa Lainnya,1515.1168721604947,,ADHB,0.46816289012279527
Sulawesi Tengah,2023,A,"Pertanian, Kehutanan dan Perikanan",Pertanian,55528.71399533545,,ADHB,15.996103115963672
Sulawesi Tengah,2023,B,Pertambangan dan Penggalian,Pertambangan,52845.16209382537,,ADHB,15.22305490639769
Sulawesi Tengah,2023,C,Industri Pengolahan,Industri Pengolahan,137626.5282093923,,ADHB,39.64594132171786
Sulawesi Tengah,2023,D,Pengadaan Listrik dan Gas,Listrik & Gas,67.59117305201298,,ADHB,0.01947092406929805
Sulawesi Tengah,2023,E,"Pengadaan Air, Pengelolaan Sampah, Limbah dan Daur Ulang",Air & Sampah,237.9255700851615,,ADHB,0.06853898963563948
Sulawesi Tengah,2023,F,Konstruksi,Konstruksi,28210.909797240405,,ADHB,8.12668959251811
Sulawesi Tengah,2023,G,"Perdagangan Besar dan Eceran, Reparasi Mobil dan Sepeda Motor",Perdagangan,20125.542509125356,,ADHB,5.797545631395721
Sulawesi Tengah,2023,H,Transportasi dan Pergudangan,Transportasi,7375.430691260454,,ADHB,2.1246332099813428
Sulawesi Tengah,2023,I,Penyediaan Akomodasi dan Makan Minum,Akomodasi,1083.1085778683673,,ADHB,0.3120100440075482
Sulawesi Tengah,2023,J,Informasi dan Komunikasi,Infokom,7412.337346701141,,ADHB,2.1352648746394536
Sulawesi Tengah,2023,K,Jasa Keuangan dan Asuransi,Keuangan,4730.108096369095,,ADHB,1.36259767992341
Sulawesi Tengah,2023,L,Real Estate,Real Estate,3827.960614478229,,ADHB,1.1027169244039237
Sulawesi Tengah,2023,MN,Jasa Perusahaan,Jasa Perusahaan,494.21850227223746,,ADHB,0.1423690475674968
Sulawesi Tengah,2023,O,"Administrasi Pemerintahan, Pertahanan dan Jaminan Sosial Wajib",Adm. Pemerintahan,12697.851569113409,,ADHB,3.657857861930703
Sulawesi Tengah,2023,P,Jasa Pendidikan,Pendidikan,6916.052783425993,,ADHB,1.9923006588703451
Sulawesi Tengah,2023,Q,Jasa Kesehatan dan Kegiatan Sosial,Kesehatan,3333.316416176989,,ADHB,0.9602252469916848
Sulawesi Tengah,2023,RSTU,Jasa Lainnya,Jasa Lainnya,1645.1722927505803,,ADHB,0.47392319657493415
Sulawesi Tengah,2024,A,"Pertanian, Kehutanan dan Perikanan",Pertanian,60356.147134473606,,ADHB,16.011697651113238
Sulawesi Tengah,2024,B,Pertambangan dan Penggalian,Pertambangan,54930.963635502165,,ADHB,14.572467315654603
Sulawesi Tengah,2024,C,Industri Pengolahan,Industri Pengolahan,152513.99861371075,,ADHB,40.45997217026199
Sulawesi Tengah,2024,D,Pengadaan Listrik dan Gas,Listrik & Gas,73.01276560179983,,ADHB,0.019369333249237328
Sulawesi Tengah,2024,E,"Pengadaan Air, Pengelolaan Sampah, Limbah dan Daur Ulang",Air & Sampah,252.3079276096439,,ADHB,0.06693399833597277
Sulawesi Tengah,2024,F,Konstruksi,Konstruksi,30659.439546724712,,ADHB,8.133548933814359
Sulawesi Tengah,2024,G,"Perdagangan Besar dan Eceran, Reparasi Mobil dan Sepeda Motor",Perdagangan,21695.394928903188,,ADHB,5.7555049570863055
Sulawesi Tengah,2024,H,Transportasi dan Pergudangan,Transportasi,7907.7906802287725,,ADHB,2.0978336005777662
Sulawesi Tengah,2024,I,Penyediaan Akomodasi dan Makan Minum,Akomodasi,1189.1617026828847,,ADHB,0.31546907060218904
Sulawesi Tengah,2024,J,Informasi dan Komunikasi,Infokom,7783.777197457372,,ADHB,2.0649344430756624
Sulawesi Tengah,2024,K,Jasa Keuangan dan Asuransi,Keuangan,5333.52954867307,,ADHB,1.4149157393423877
Sulawesi Tengah,2024,L,Real Estate,Real Estate,4240.933048949425,,ADHB,1.1250641560519195
Sulawesi Tengah,2024,MN,Jasa Perusahaan,Jasa Perusahaan,537.3499366134404,,ADHB,0.14255192099538427
Sulawesi Tengah,2024,O,"Administrasi Pemerintahan, Pertahanan dan Jaminan Sosial Wajib",Adm. Pemerintahan,13676.72484955227,,ADHB,3.6282564998821645
Sulawesi Tengah,2024,P,Jasa Pendidikan,Pendidikan,7293.359696718304,,ADHB,1.9348330844327164
Sulawesi Tengah,2024,Q,Jasa Kesehatan dan Kegiatan Sosial,Kesehatan,3482.8672400042797,,ADHB,0.9239591964289511
Sulawesi Tengah,2024,RSTU,Jasa Lainnya,Jasa Lainnya,1748.8712966546236,,ADHB,0.4639527167026551
Sulawesi Tengah,2025,A,"Pertanian, Kehutanan dan Perikanan",Pertanian,68863.5714355658,,ADHB,16.574572111454337
Sulawesi Tengah,2025,B,Pertambangan dan Penggalian,Pertambangan,62946.713041652714,,ADHB,15.150460726018315
Sulawesi Tengah,2025,C,Industri Pengolahan,Industri Pengolahan,168315.39183936373,,ADHB,40.51134063122973
Sulawesi Tengah,2025,D,Pengadaan Listrik dan Gas,Listrik & Gas,78.6329512852785,,ADHB,0.018925935647032224
Sulawesi Tengah,2025,E,"Pengadaan Air, Pengelolaan Sampah, Limbah dan Daur Ulang",Air & Sampah,268.5005127063641,,ADHB,0.06462460510021802
Sulawesi Tengah,2025,F,Konstruksi,Konstruksi,31825.565851272906,,ADHB,7.66000259924549
Sulawesi Tengah,2025,G,"Perdagangan Besar dan Eceran, Reparasi Mobil dan Sepeda Motor",Perdagangan,23392.721793251636,,ADHB,5.630325964261442
Sulawesi Tengah,2025,H,Transportasi dan Pergudangan,Transportasi,8233.012338737579,,ADHB,1.9815797214435917
Sulawesi Tengah,2025,I,Penyediaan Akomodasi dan Makan Minum,Akomodasi,1282.289479294066,,ADHB,0.3086305139170003
Sulawesi Tengah,2025,J,Informasi dan Komunikasi,Infokom,8211.239774193109,,ADHB,1.9763393464010153
Sulawesi Tengah,2025,K,Jasa Keuangan dan Asuransi,Keuangan,5883.7337883611835,,ADHB,1.4161387207609561
Sulawesi Tengah,2025,L,Real Estate,Real Estate,4548.15034057292,,ADHB,1.094681037042878
Sulawesi Tengah,2025,MN,Jasa Perusahaan,Jasa Perusahaan,592.0660956980197,,ADHB,0.1425026613247339
Sulawesi Tengah,2025,O,"Administrasi Pemerintahan, Pertahanan dan Jaminan Sosial Wajib",Adm. Pemerintahan,13912.124520336001,,ADHB,3.34846866462041
Sulawesi Tengah,2025,P,Jasa Pendidikan,Pendidikan,7960.1251625638815,,ADHB,1.9158993031107412
Sulawesi Tengah,2025,Q,Jasa Kesehatan dan Kegiatan Sosial,Kesehatan,3738.2558589309483,,ADHB,0.8997498969813431
Sulawesi Tengah,2025,RSTU,Jasa Lainnya,Jasa Lainnya,1893.4545011409314,,ADHB,0.455730040058738
Sulawesi Tengah,2026,A,"Pertanian, Kehutanan dan Perikanan",Pertanian,,,ADHB,
Sulawesi Tengah,2026,B,Pertambangan dan Penggalian,Pertambangan,,,ADHB,
Sulawesi Tengah,2026,C,Industri Pengolahan,Industri Pengolahan,,,ADHB,
Sulawesi Tengah,2026,D,Pengadaan Listrik dan Gas,Listrik & Gas,,,ADHB,
Sulawesi Tengah,2026,E,"Pengadaan Air, Pengelolaan Sampah, Limbah dan Daur Ulang",Air & Sampah,,,ADHB,
Sulawesi Tengah,2026,F,Konstruksi,Konstruksi,,,ADHB,
Sulawesi Tengah,2026,G,"Perdagangan Besar dan Eceran, Reparasi Mobil dan Sepeda Motor",Perdagangan,,,ADHB,
Sulawesi Tengah,2026,H,Transportasi dan Pergudangan,Transportasi,,,ADHB,
Sulawesi Tengah,2026,I,Penyediaan Akomodasi dan Makan Minum,Akomodasi,,,ADHB,
Sulawesi Tengah,2026,J,Informasi dan Komunikasi,Infokom,,,ADHB,
Sulawesi Tengah,2026,K,Jasa Keuangan dan Asuransi,Keuangan,,,ADHB,
Sulawesi Tengah,2026,L,Real Estate,Real Estate,,,ADHB,
Sulawesi Tengah,2026,MN,Jasa Perusahaan,Jasa Perusahaan,,,ADHB,
Sulawesi Tengah,2026,O,"Administrasi Pemerintahan, Pertahanan dan Jaminan Sosial Wajib",Adm. Pemerintahan,,,ADHB,
Sulawesi Tengah,2026,P,Jasa Pendidikan,Pendidikan,,,ADHB,
Sulawesi Tengah,2026,Q,Jasa Kesehatan dan Kegiatan Sosial,Kesehatan,,,ADHB,
Sulawesi Tengah,2026,RSTU,Jasa Lainnya,Jasa Lainnya,,,ADHB,
Sulawesi Tenggara,2020,A,"Pertanian, Kehutanan dan Perikanan",Pertanian,31810.998655329153,,ADHB,24.449824099244534
Sulawesi Tenggara,2020,B,Pertambangan dan Penggalian,Pertambangan,25624.175684727572,,ADHB,19.69465325398617
Sulawesi Tenggara,2020,C,Industri Pengolahan,Industri Pengolahan,9264.546663998137,,ADHB,7.1206986850144025
Sulawesi Tenggara,2020,D,Pengadaan Listrik dan Gas,Listrik & Gas,51.05829467216847,,ADHB,0.039243229584456335
Sulawesi Tenggara,2020,E,"Pengadaan Air, Pengelolaan Sampah, Limbah dan Daur Ulang",Air & Sampah,223.18514556836834,,ADHB,0.1715393348645071
Sulawesi Tenggara,2020,F,Konstruksi,Konstruksi,17281.416120712198,,ADHB,13.282436961986981
Sulawesi Tenggara,2020,G,"Perdagangan Besar dan Eceran, Reparasi Mobil dan Sepeda Motor",Perdagangan,16265.58562760606,,ADHB,12.501673140637001
Sulawesi Tenggara,2020,H,Transportasi dan Pergudangan,Transportasi,5219.749995820674,,ADHB,4.0118818847099575
Sulawesi Tenggara,2020,I,Penyediaan Akomodasi dan Makan Minum,Akomodasi,702.3201061243366,,ADHB,0.5398008167601523
Sulawesi Tenggara,2020,J,Informasi dan Komunikasi,Infokom,2462.7354917455586,,ADHB,1.8928500242496509
Sulawesi Tenggara,2020,K,Jasa Keuangan dan Asuransi,Keuangan,3111.0940338664163,,ADHB,2.391176168607962
Sulawesi Tenggara,2020,L,Real Estate,Real Estate,1746.977474937117,,ADHB,1.3427208755799096
Sulawesi Tenggara,2020,MN,Jasa Perusahaan,Jasa Perusahaan,256.91592483332755,,ADHB,0.19746469573401051
Sulawesi Tenggara,2020,O,"Administrasi Pemerintahan, Pertahanan dan Jaminan Sosial Wajib",Adm. Pemerintahan,6698.749222497662,,ADHB,5.148635600837419
Sulawesi Tenggara,2020,P,Jasa Pendidikan,Pendidikan,6057.815010194961,,ADHB,4.656015770828918
Sulawesi Tenggara,2020,Q,Jasa Kesehatan dan Kegiatan Sosial,Kesehatan,1289.8907036859032,,ADHB,0.9914055561122013
Sulawesi Tenggara,2020,RSTU,Jasa Lainnya,Jasa Lainnya,1547.3181417938554,,ADHB,1.1892633991888812
Sulawesi Tenggara,2021,A,"Pertanian, Kehutanan dan Perikanan",Pertanian,33360.777389368144,,ADHB,23.918517038727266
Sulawesi Tenggara,2021,B,Pertambangan dan Penggalian,Pertambangan,26857.94279621623,,ADHB,19.2562108160342
Sulawesi Tenggara,2021,C,Industri Pengolahan,Industri Pengolahan,10453.873383668235,,ADHB,7.495063611067186
Sulawesi Tenggara,2021,D,Pengadaan Listrik dan Gas,Listrik & Gas,56.0429823278333,,ADHB,0.04018086905062857
Sulawesi Tenggara,2021,E,"Pengadaan Air, Pengelolaan Sampah, Limbah dan Daur Ulang",Air & Sampah,230.0083110329568,,ADHB,0.16490795889678325
Sulawesi Tenggara,2021,F,Konstruksi,Konstruksi,19800.887836821137,,ADHB,14.196547867552676
Sulawesi Tenggara,2021,G,"Perdagangan Besar dan Eceran, Reparasi Mobil dan Sepeda Motor",Perdagangan,17764.529203950053,,ADHB,12.736549556098192
Sulawesi Tenggara,2021,H,Transportasi dan Pergudangan,Transportasi,5248.167613556928,,ADHB,3.7627536379581805
Sulawesi Tenggara,2021,I,Penyediaan Akomodasi dan Makan Minum,Akomodasi,736.72506893949,,ADHB,0.5282062497711018
Sulawesi Tenggara,2021,J,Informasi dan Komunikasi,Infokom,2451.8521594728304,,ADHB,1.7578927183957287
Sulawesi Tenggara,2021,K,Jasa Keuangan dan Asuransi,Keuangan,3485.3627880321083,,ADHB,2.498883891664339
Sulawesi Tenggara,2021,L,Real Estate,Real Estate,1808.1252823146785,,ADHB,1.2963629374829837
Sulawesi Tenggara,2021,MN,Jasa Perusahaan,Jasa Perusahaan,266.5682019410933,,ADHB,0.191120129057391
Sulawesi Tenggara,2021,O,"Administrasi Pemerintahan, Pertahanan dan Jaminan Sosial Wajib",Adm. Pemerintahan,6914.5919093131715,,ADHB,4.957521896700778
Sulawesi Tenggara,2021,P,Jasa Pendidikan,Pendidikan,6444.062419991383,,ADHB,4.620168618741688
Sulawesi Tenggara,2021,Q,Jasa Kesehatan dan Kegiatan Sosial,Kesehatan,1406.953719477639,,ADHB,1.0087368804166823
Sulawesi Tenggara,2021,RSTU,Jasa Lainnya,Jasa Lainnya,1624.035557983536,,ADHB,1.1643770081181513
Sulawesi Tenggara,2022,A,"Pertanian, Kehutanan dan Perikanan",Pertanian,37452.9033247953,,ADHB,23.5849101303822
Sulawesi Tenggara,2022,B,Pertambangan dan Penggalian,Pertambangan,32007.696691053672,,ADHB,20.155944744589664
Sulawesi Tenggara,2022,C,Industri Pengolahan,Industri Pengolahan,13049.387867201376,,ADHB,8.217484167661024
Sulawesi Tenggara,2022,D,Pengadaan Listrik dan Gas,Listrik & Gas,63.69874763165319,,ADHB,0.040112490753576244
Sulawesi Tenggara,2022,E,"Pengadaan Air, Pengelolaan Sampah, Limbah dan Daur Ulang",Air & Sampah,234.44436321547352,,ADHB,0.14763472911727454
Sulawesi Tenggara,2022,F,Konstruksi,Konstruksi,21041.46750548717,,ADHB,13.25027103572309
Sulawesi Tenggara,2022,G,"Perdagangan Besar dan Eceran, Reparasi Mobil dan Sepeda Motor",Perdagangan,20294.06314673232,,ADHB,12.779614208949958
Sulawesi Tenggara,2022,H,Transportasi dan Pergudangan,Transportasi,6776.011034511056,,ADHB,4.267001943895223
Sulawesi Tenggara,2022,I,Penyediaan Akomodasi dan Makan Minum,Akomodasi,817.412074288394,,ADHB,0.5147422122230477
Sulawesi Tenggara,2022,J,Informasi dan Komunikasi,Infokom,2676.7610590337263,,ADHB,1.6856148232444719
Sulawesi Tenggara,2022,K,Jasa Keuangan dan Asuransi,Keuangan,3845.695365813507,,ADHB,2.421718252520403
Sulawesi Tenggara,2022,L,Real Estate,Real Estate,1931.4996234985465,,ADHB,1.2163074419632929
Sulawesi Tenggara,2022,MN,Jasa Perusahaan,Jasa Perusahaan,315.5965898919943,,ADHB,0.19873805631324726
Sulawesi Tenggara,2022,O,"Administrasi Pemerintahan, Pertahanan dan Jaminan Sosial Wajib",Adm. Pemerintahan,7259.180597859484,,ADHB,4.571264356624235
Sulawesi Tenggara,2022,P,Jasa Pendidikan,Pendidikan,7131.103654694496,,ADHB,4.490611511953565
Sulawesi Tenggara,2022,Q,Jasa Kesehatan dan Kegiatan Sosial,Kesehatan,1460.8723941789399,,ADHB,0.919943210540271
Sulawesi Tenggara,2022,RSTU,Jasa Lainnya,Jasa Lainnya,1791.4027732797654,,ADHB,1.1280853996477622
Sulawesi Tenggara,2023,A,"Pertanian, Kehutanan dan Perikanan",Pertanian,41080.8545556723,,ADHB,23.31755905407847
Sulawesi Tenggara,2023,B,Pertambangan dan Penggalian,Pertambangan,37584.592329596126,,ADHB,21.333074996800786
Sulawesi Tenggara,2023,C,Industri Pengolahan,Industri Pengolahan,15183.377564375178,,ADHB,8.618109502028453
Sulawesi Tenggara,2023,D,Pengadaan Listrik dan Gas,Listrik & Gas,68.80259116753312,,ADHB,0.03905246129796134
Sulawesi Tenggara,2023,E,"Pengadaan Air, Pengelolaan Sampah, Limbah dan Daur Ulang",Air & Sampah,250.91544486176872,,ADHB,0.1424200096718001
Sulawesi Tenggara,2023,F,Konstruksi,Konstruksi,21751.464253772727,,ADHB,12.34616606046213
Sulawesi Tenggara,2023,G,"Perdagangan Besar dan Eceran, Reparasi Mobil dan Sepeda Motor",Perdagangan,22325.40116422499,,ADHB,12.67193357303054
Sulawesi Tenggara,2023,H,Transportasi dan Pergudangan,Transportasi,8000.7167827326975,,ADHB,4.541219701345459
Sulawesi Tenggara,2023,I,Penyediaan Akomodasi dan Makan Minum,Akomodasi,875.6503111433633,,ADHB,0.497020523590552
Sulawesi Tenggara,2023,J,Informasi dan Komunikasi,Infokom,2818.144623012995,,ADHB,1.5995834161868938
Sulawesi Tenggara,2023,K,Jasa Keuangan dan Asuransi,Keuangan,4154.269284206362,,ADHB,2.357969920751101
Sulawesi Tenggara,2023,L,Real Estate,Real Estate,1987.4335864705076,,ADHB,1.1280704970677462
Sulawesi Tenggara,2023,MN,Jasa Perusahaan,Jasa Perusahaan,350.30095877068976,,ADHB,0.19883138705808723
Sulawesi Tenggara,2023,O,"Administrasi Pemerintahan, Pertahanan dan Jaminan Sosial Wajib",Adm. Pemerintahan,7735.0804644781365,,ADHB,4.390444100282568
Sulawesi Tenggara,2023,P,Jasa Pendidikan,Pendidikan,7786.304348834421,,ADHB,4.419518859349185
Sulawesi Tenggara,2023,Q,Jasa Kesehatan dan Kegiatan Sosial,Kesehatan,1494.8549185500738,,ADHB,0.8484820536859586
Sulawesi Tenggara,2023,RSTU,Jasa Lainnya,Jasa Lainnya,2013.6957289213424,,ADHB,1.1429769313205702
Sulawesi Tenggara,2024,A,"Pertanian, Kehutanan dan Perikanan",Pertanian,45084.24106034155,,ADHB,23.793447685775305
Sulawesi Tenggara,2024,B,Pertambangan dan Penggalian,Pertambangan,39834.26654947037,,ADHB,21.022745752279768
Sulawesi Tenggara,2024,C,Industri Pengolahan,Industri Pengolahan,17492.475137407226,,ADHB,9.23174666552701
Sulawesi Tenggara,2024,D,Pengadaan Listrik dan Gas,Listrik & Gas,70.91760804135106,,ADHB,0.03742714432463868
Sulawesi Tenggara,2024,E,"Pengadaan Air, Pengelolaan Sampah, Limbah dan Daur Ulang",Air & Sampah,255.2719266015497,,ADHB,0.13472111514779112
Sulawesi Tenggara,2024,F,Konstruksi,Konstruksi,22514.484082310883,,ADHB,11.882138560737845
Sulawesi Tenggara,2024,G,"Perdagangan Besar dan Eceran, Reparasi Mobil dan Sepeda Motor",Perdagangan,23656.113160659457,,ADHB,12.484639370630395
Sulawesi Tenggara,2024,H,Transportasi dan Pergudangan,Transportasi,8467.681775461504,,ADHB,4.468864033323264
Sulawesi Tenggara,2024,I,Penyediaan Akomodasi dan Makan Minum,Akomodasi,934.9467058083994,,ADHB,0.4934230899853941
Sulawesi Tenggara,2024,J,Informasi dan Komunikasi,Infokom,3009.1466056215495,,ADHB,1.5880931042813091
Sulawesi Tenggara,2024,K,Jasa Keuangan dan Asuransi,Keuangan,4199.564354977962,,ADHB,2.216342394440605
Sulawesi Tenggara,2024,L,Real Estate,Real Estate,2083.5001678748504,,ADHB,1.0995782801641056
Sulawesi Tenggara,2024,MN,Jasa Perusahaan,Jasa Perusahaan,383.8498434961336,,ADHB,0.20257879373403168
Sulawesi Tenggara,2024,O,"Administrasi Pemerintahan, Pertahanan dan Jaminan Sosial Wajib",Adm. Pemerintahan,8860.317934543933,,ADHB,4.676079851776719
Sulawesi Tenggara,2024,P,Jasa Pendidikan,Pendidikan,8251.060493557557,,ADHB,4.35454100120859
Sulawesi Tenggara,2024,Q,Jasa Kesehatan dan Kegiatan Sosial,Kesehatan,1581.2218061522126,,ADHB,0.8344982068997213
Sulawesi Tenggara,2024,RSTU,Jasa Lainnya,Jasa Lainnya,2046.065695498853,,ADHB,1.0798220385334487
Sulawesi Tenggara,2025,A,"Pertanian, Kehutanan dan Perikanan",Pertanian,49244.527551912615,,ADHB,24.10006713625794
Sulawesi Tenggara,2025,B,Pertambangan dan Penggalian,Pertambangan,41684.84257984864,,ADHB,20.40038872704502
Sulawesi Tenggara,2025,C,Industri Pengolahan,Industri Pengolahan,20735.753186622245,,ADHB,10.1479914370518
Sulawesi Tenggara,2025,D,Pengadaan Listrik dan Gas,Listrik & Gas,74.55186238791148,,ADHB,0.03648537163419182
Sulawesi Tenggara,2025,E,"Pengadaan Air, Pengelolaan Sampah, Limbah dan Daur Ulang",Air & Sampah,272.6580683393057,,ADHB,0.1334377255481347
Sulawesi Tenggara,2025,F,Konstruksi,Konstruksi,23388.264538183565,,ADHB,11.446119469347872
Sulawesi Tenggara,2025,G,"Perdagangan Besar dan Eceran, Reparasi Mobil dan Sepeda Motor",Perdagangan,26064.232903010514,,ADHB,12.755727266454803
Sulawesi Tenggara,2025,H,Transportasi dan Pergudangan,Transportasi,8845.591765780093,,ADHB,4.328995850158196
Sulawesi Tenggara,2025,I,Penyediaan Akomodasi dan Makan Minum,Akomodasi,1091.7914055061094,,ADHB,0.5343181766491474
Sulawesi Tenggara,2025,J,Informasi dan Komunikasi,Infokom,3238.7739434638397,,ADHB,1.5850425084159396
Sulawesi Tenggara,2025,K,Jasa Keuangan dan Asuransi,Keuangan,4567.879015147211,,ADHB,2.2355010070774033
Sulawesi Tenggara,2025,L,Real Estate,Real Estate,2193.500298983816,,ADHB,1.0734899306970536
Sulawesi Tenggara,2025,MN,Jasa Perusahaan,Jasa Perusahaan,395.4644514503698,,ADHB,0.1935386590908042
Sulawesi Tenggara,2025,O,"Administrasi Pemerintahan, Pertahanan dan Jaminan Sosial Wajib",Adm. Pemerintahan,8827.63679254925,,ADHB,4.320208760875293
Sulawesi Tenggara,2025,P,Jasa Pendidikan,Pendidikan,8982.724384919578,,ADHB,4.396107984077005
Sulawesi Tenggara,2025,Q,Jasa Kesehatan dan Kegiatan Sosial,Kesehatan,1663.1936338007297,,ADHB,0.8139600525751738
Sulawesi Tenggara,2025,RSTU,Jasa Lainnya,Jasa Lainnya,2252.937765775178,,ADHB,1.1025783799378526
Sulawesi Tenggara,2026,A,"Pertanian, Kehutanan dan Perikanan",Pertanian,,,ADHB,
Sulawesi Tenggara,2026,B,Pertambangan dan Penggalian,Pertambangan,,,ADHB,
Sulawesi Tenggara,2026,C,Industri Pengolahan,Industri Pengolahan,,,ADHB,
Sulawesi Tenggara,2026,D,Pengadaan Listrik dan Gas,Listrik & Gas,,,ADHB,
Sulawesi Tenggara,2026,E,"Pengadaan Air, Pengelolaan Sampah, Limbah dan Daur Ulang",Air & Sampah,,,ADHB,
Sulawesi Tenggara,2026,F,Konstruksi,Konstruksi,,,ADHB,
Sulawesi Tenggara,2026,G,"Perdagangan Besar dan Eceran, Reparasi Mobil dan Sepeda Motor",Perdagangan,,,ADHB,
Sulawesi Tenggara,2026,H,Transportasi dan Pergudangan,Transportasi,,,ADHB,
Sulawesi Tenggara,2026,I,Penyediaan Akomodasi dan Makan Minum,Akomodasi,,,ADHB,
Sulawesi Tenggara,2026,J,Informasi dan Komunikasi,Infokom,,,ADHB,
Sulawesi Tenggara,2026,K,Jasa Keuangan dan Asuransi,Keuangan,,,ADHB,
Sulawesi Tenggara,2026,L,Real Estate,Real Estate,,,ADHB,
Sulawesi Tenggara,2026,MN,Jasa Perusahaan,Jasa Perusahaan,,,ADHB,
Sulawesi Tenggara,2026,O,"Administrasi Pemerintahan, Pertahanan dan Jaminan Sosial Wajib",Adm. Pemerintahan,,,ADHB,
Sulawesi Tenggara,2026,P,Jasa Pendidikan,Pendidikan,,,ADHB,
Sulawesi Tenggara,2026,Q,Jasa Kesehatan dan Kegiatan Sosial,Kesehatan,,,ADHB,
Sulawesi Tenggara,2026,RSTU,Jasa Lainnya,Jasa Lainnya,,,ADHB,
Sulawesi Utara,2020,A,"Pertanian, Kehutanan dan Perikanan",Pertanian,28825.46091941819,,ADHB,21.799476548235848
Sulawesi Utara,2020,B,Pertambangan dan Penggalian,Pertambangan,7124.137539805768,,ADHB,5.387683813957104
Sulawesi Utara,2020,C,Industri Pengolahan,Industri Pengolahan,12402.508486260705,,ADHB,9.37949244389718
Sulawesi Utara,2020,D,Pengadaan Listrik dan Gas,Listrik & Gas,132.630424336086,,ADHB,0.10030277860880196
Sulawesi Utara,2020,E,"Pengadaan Air, Pengelolaan Sampah, Limbah dan Daur Ulang",Air & Sampah,156.63441652527584,,ADHB,0.11845598234265026
Sulawesi Utara,2020,F,Konstruksi,Konstruksi,14649.8144300569,,ADHB,11.079034850363753
Sulawesi Utara,2020,G,"Perdagangan Besar dan Eceran, Reparasi Mobil dan Sepeda Motor",Perdagangan,17195.86300552618,,ADHB,13.004503669987125
Sulawesi Utara,2020,H,Transportasi dan Pergudangan,Transportasi,12224.027884203464,,ADHB,9.24451511570324
Sulawesi Utara,2020,I,Penyediaan Akomodasi dan Makan Minum,Akomodasi,1960.034611979007,,ADHB,1.4822912520640215
Sulawesi Utara,2020,J,Informasi dan Komunikasi,Infokom,5723.206270858514,,ADHB,4.328218765731872
Sulawesi Utara,2020,K,Jasa Keuangan dan Asuransi,Keuangan,5189.19271971231,,ADHB,3.9243669099993674
Sulawesi Utara,2020,L,Real Estate,Real Estate,4483.846259570512,,ADHB,3.3909432239314663
Sulawesi Utara,2020,MN,Jasa Perusahaan,Jasa Perusahaan,129.5138358670489,,ADHB,0.09794583460602597
Sulawesi Utara,2020,O,"Administrasi Pemerintahan, Pertahanan dan Jaminan Sosial Wajib",Adm. Pemerintahan,9858.569233159747,,ADHB,7.455618815539937
Sulawesi Utara,2020,P,Jasa Pendidikan,Pendidikan,4008.2261430931576,,ADHB,3.0312518523346035
Sulawesi Utara,2020,Q,Jasa Kesehatan dan Kegiatan Sosial,Kesehatan,5270.815244515584,,ADHB,3.9860945722293284
Sulawesi Utara,2020,RSTU,Jasa Lainnya,Jasa Lainnya,2259.9734206812036,,ADHB,1.7091222833001845
Sulawesi Utara,2021,A,"Pertanian, Kehutanan dan Perikanan",Pertanian,30473.564320741338,,ADHB,21.36690276008976
Sulawesi Utara,2021,B,Pertambangan dan Penggalian,Pertambangan,7701.518296248176,,ADHB,5.400011328145934
Sulawesi Utara,2021,C,Industri Pengolahan,Industri Pengolahan,14536.979572904716,,ADHB,10.192776456682964
Sulawesi Utara,2021,D,Pengadaan Listrik dan Gas,Listrik & Gas,141.25929599499585,,ADHB,0.09904563869574898
Sulawesi Utara,2021,E,"Pengadaan Air, Pengelolaan Sampah, Limbah dan Daur Ulang",Air & Sampah,161.46832092147116,,ADHB,0.11321543734271354
Sulawesi Utara,2021,F,Konstruksi,Konstruksi,16413.89553780791,,ADHB,11.508798451643711
Sulawesi Utara,2021,G,"Perdagangan Besar dan Eceran, Reparasi Mobil dan Sepeda Motor",Perdagangan,18608.328492801855,,ADHB,13.047451267880842
Sulawesi Utara,2021,H,Transportasi dan Pergudangan,Transportasi,12659.905874653028,,ADHB,8.876643865105303
Sulawesi Utara,2021,I,Penyediaan Akomodasi dan Makan Minum,Akomodasi,2232.3371848779007,,ADHB,1.5652298187039992
Sulawesi Utara,2021,J,Informasi dan Komunikasi,Infokom,5911.295390933946,,ADHB,4.144775204989206
Sulawesi Utara,2021,K,Jasa Keuangan dan Asuransi,Keuangan,5734.052260930462,,ADHB,4.020499072278969
Sulawesi Utara,2021,L,Real Estate,Real Estate,4566.428760615543,,ADHB,3.201805941110072
Sulawesi Utara,2021,MN,Jasa Perusahaan,Jasa Perusahaan,139.01669692051487,,ADHB,0.09747321363086452
Sulawesi Utara,2021,O,"Administrasi Pemerintahan, Pertahanan dan Jaminan Sosial Wajib",Adm. Pemerintahan,10224.31565525175,,ADHB,7.168900759191303
Sulawesi Utara,2021,P,Jasa Pendidikan,Pendidikan,4150.944805479637,,ADHB,2.910484414874166
Sulawesi Utara,2021,Q,Jasa Kesehatan dan Kegiatan Sosial,Kesehatan,5861.5053630121365,,ADHB,4.10986433359162
Sulawesi Utara,2021,RSTU,Jasa Lainnya,Jasa Lainnya,2384.134371575691,,ADHB,1.6716642250402247
Sulawesi Utara,2022,A,"Pertanian, Kehutanan dan Perikanan",Pertanian,33250.72955225218,,ADHB,21.17348693904843
Sulawesi Utara,2022,B,Pertambangan dan Penggalian,Pertambangan,8135.6958074570175,,ADHB,5.180669754886458
Sulawesi Utara,2022,C,Industri Pengolahan,Industri Pengolahan,16450.188340199562,,ADHB,10.475194158334194
Sulawesi Utara,2022,D,Pengadaan Listrik dan Gas,Listrik & Gas,159.32134150426742,,ADHB,0.10145306250051256
Sulawesi Utara,2022,E,"Pengadaan Air, Pengelolaan Sampah, Limbah dan Daur Ulang",Air & Sampah,164.3925346920091,,ADHB,0.10468231022445512
Sulawesi Utara,2022,F,Konstruksi,Konstruksi,17639.63735132855,,ADHB,11.232614625221299
Sulawesi Utara,2022,G,"Perdagangan Besar dan Eceran, Reparasi Mobil dan Sepeda Motor",Perdagangan,20766.901734701743,,ADHB,13.22400225694978
Sulawesi Utara,2022,H,Transportasi dan Pergudangan,Transportasi,15912.969570703073,,ADHB,10.133102578615
Sulawesi Utara,2022,I,Penyediaan Akomodasi dan Makan Minum,Akomodasi,2554.303949572626,,ADHB,1.6265363810934057
Sulawesi Utara,2022,J,Informasi dan Komunikasi,Infokom,6310.966066925577,,ADHB,4.018713555768453
Sulawesi Utara,2022,K,Jasa Keuangan dan Asuransi,Keuangan,5935.132804488198,,ADHB,3.7793894633159066
Sulawesi Utara,2022,L,Real Estate,Real Estate,4726.659588114864,,ADHB,3.00985471302236
Sulawesi Utara,2022,MN,Jasa Perusahaan,Jasa Perusahaan,148.2406480059546,,ADHB,0.09439706937731103
Sulawesi Utara,2022,O,"Administrasi Pemerintahan, Pertahanan dan Jaminan Sosial Wajib",Adm. Pemerintahan,10672.803928174224,,ADHB,6.7962561308948874
Sulawesi Utara,2022,P,Jasa Pendidikan,Pendidikan,4517.47522745003,,ADHB,2.8766497461529923
Sulawesi Utara,2022,Q,Jasa Kesehatan dan Kegiatan Sosial,Kesehatan,6305.1193536012315,,ADHB,4.014990470294047
Sulawesi Utara,2022,RSTU,Jasa Lainnya,Jasa Lainnya,2570.9116587988397,,ADHB,1.6371118818154622
Sulawesi Utara,2023,A,"Pertanian, Kehutanan dan Perikanan",Pertanian,35630.93832352069,,ADHB,20.719345522896276
Sulawesi Utara,2023,B,Pertambangan dan Penggalian,Pertambangan,8464.864239881663,,ADHB,4.922307838150331
Sulawesi Utara,2023,C,Industri Pengolahan,Industri Pengolahan,17973.56987937191,,ADHB,10.451608128568388
Sulawesi Utara,2023,D,Pengadaan Listrik dan Gas,Listrik & Gas,170.88939154181628,,ADHB,0.09937196481898716
Sulawesi Utara,2023,E,"Pengadaan Air, Pengelolaan Sampah, Limbah dan Daur Ulang",Air & Sampah,168.80869426384186,,ADHB,0.09816204198621002
Sulawesi Utara,2023,F,Konstruksi,Konstruksi,18843.36201789316,,ADHB,10.95739115587711
Sulawesi Utara,2023,G,"Perdagangan Besar dan Eceran, Reparasi Mobil dan Sepeda Motor",Perdagangan,23255.558932063406,,ADHB,13.52307807519698
Sulawesi Utara,2023,H,Transportasi dan Pergudangan,Transportasi,19660.618016893524,,ADHB,11.432624484570294
Sulawesi Utara,2023,I,Penyediaan Akomodasi dan Makan Minum,Akomodasi,2835.9024882795807,,ADHB,1.6490737064063954
Sulawesi Utara,2023,J,Informasi dan Komunikasi,Infokom,6857.397131914808,,ADHB,3.9875677500771984
Sulawesi Utara,2023,K,Jasa Keuangan dan Asuransi,Keuangan,5977.3309471744,,ADHB,3.475810377899978
Sulawesi Utara,2023,L,Real Estate,Real Estate,5041.118330301694,,ADHB,2.9314039265246663
Sulawesi Utara,2023,MN,Jasa Perusahaan,Jasa Perusahaan,158.22164043317986,,ADHB,0.09200568358791922
Sulawesi Utara,2023,O,"Administrasi Pemerintahan, Pertahanan dan Jaminan Sosial Wajib",Adm. Pemerintahan,11284.678025982194,,ADHB,6.56202598460947
Sulawesi Utara,2023,P,Jasa Pendidikan,Pendidikan,5017.3846859945725,,ADHB,2.9176028424091753
Sulawesi Utara,2023,Q,Jasa Kesehatan dan Kegiatan Sosial,Kesehatan,6788.199794719808,,ADHB,3.947329586108861
Sulawesi Utara,2023,RSTU,Jasa Lainnya,Jasa Lainnya,2915.440435501662,,ADHB,1.6953249220132638
Sulawesi Utara,2024,A,"Pertanian, Kehutanan dan Perikanan",Pertanian,39093.82286491642,,ADHB,20.864026104389144
Sulawesi Utara,2024,B,Pertambangan dan Penggalian,Pertambangan,9133.471135938811,,ADHB,4.87445243874897
Sulawesi Utara,2024,C,Industri Pengolahan,Industri Pengolahan,19540.954345831575,,ADHB,10.428833807961697
Sulawesi Utara,2024,D,Pengadaan Listrik dan Gas,Listrik & Gas,185.8434545088108,,ADHB,0.09918300135547448
Sulawesi Utara,2024,E,"Pengadaan Air, Pengelolaan Sampah, Limbah dan Daur Ulang",Air & Sampah,178.60580502567808,,ADHB,0.09532033209766659
Sulawesi Utara,2024,F,Konstruksi,Konstruksi,19612.905807790565,,ADHB,10.467233664270163
Sulawesi Utara,2024,G,"Perdagangan Besar dan Eceran, Reparasi Mobil dan Sepeda Motor",Perdagangan,25470.32897734817,,ADHB,13.593288395125782
Sulawesi Utara,2024,H,Transportasi dan Pergudangan,Transportasi,21440.358747507693,,ADHB,11.442529070159404
Sulawesi Utara,2024,I,Penyediaan Akomodasi dan Makan Minum,Akomodasi,3116.779106237611,,ADHB,1.6633973315644732
Sulawesi Utara,2024,J,Informasi dan Komunikasi,Infokom,7472.28046643242,,ADHB,3.987889730038976
Sulawesi Utara,2024,K,Jasa Keuangan dan Asuransi,Keuangan,6356.235103377591,,ADHB,3.392266230415586
Sulawesi Utara,2024,L,Real Estate,Real Estate,5582.648985739338,,ADHB,2.979410188985009
Sulawesi Utara,2024,MN,Jasa Perusahaan,Jasa Perusahaan,172.10737241277272,,ADHB,0.09185217631914981
Sulawesi Utara,2024,O,"Administrasi Pemerintahan, Pertahanan dan Jaminan Sosial Wajib",Adm. Pemerintahan,12646.070800172638,,ADHB,6.749095687174089
Sulawesi Utara,2024,P,Jasa Pendidikan,Pendidikan,5645.704021225936,,ADHB,3.0130621014866694
Sulawesi Utara,2024,Q,Jasa Kesehatan dan Kegiatan Sosial,Kesehatan,7375.207565687651,,ADHB,3.9360827849324327
Sulawesi Utara,2024,RSTU,Jasa Lainnya,Jasa Lainnya,3363.618599360247,,ADHB,1.7951333770747895
Sulawesi Utara,2025,A,"Pertanian, Kehutanan dan Perikanan",Pertanian,43105.14302730244,,ADHB,21.052866978900138
Sulawesi Utara,2025,B,Pertambangan dan Penggalian,Pertambangan,9983.385879453243,,ADHB,4.875958648044238
Sulawesi Utara,2025,C,Industri Pengolahan,Industri Pengolahan,22385.12122714144,,ADHB,10.933056855954833
Sulawesi Utara,2025,D,Pengadaan Listrik dan Gas,Listrik & Gas,198.08672120091185,,ADHB,0.09674700276688204
Sulawesi Utara,2025,E,"Pengadaan Air, Pengelolaan Sampah, Limbah dan Daur Ulang",Air & Sampah,198.43873787755768,,ADHB,0.09691893028520822
Sulawesi Utara,2025,F,Konstruksi,Konstruksi,20344.567585177676,,ADHB,9.936435539552676
Sulawesi Utara,2025,G,"Perdagangan Besar dan Eceran, Reparasi Mobil dan Sepeda Motor",Perdagangan,27652.236152686157,,ADHB,13.505554291349883
Sulawesi Utara,2025,H,Transportasi dan Pergudangan,Transportasi,23795.69167653366,,ADHB,11.621989775551276
Sulawesi Utara,2025,I,Penyediaan Akomodasi dan Makan Minum,Akomodasi,3448.338516500229,,ADHB,1.6841937408748318
Sulawesi Utara,2025,J,Informasi dan Komunikasi,Infokom,8101.269238011112,,ADHB,3.956719120966042
Sulawesi Utara,2025,K,Jasa Keuangan dan Asuransi,Keuangan,6795.299585162295,,ADHB,3.318873995095753
Sulawesi Utara,2025,L,Real Estate,Real Estate,6167.088981342615,,ADHB,3.012051343595136
Sulawesi Utara,2025,MN,Jasa Perusahaan,Jasa Perusahaan,186.03294867351218,,ADHB,0.0908598521442166
Sulawesi Utara,2025,O,"Administrasi Pemerintahan, Pertahanan dan Jaminan Sosial Wajib",Adm. Pemerintahan,13141.786156902457,,ADHB,6.418544433344689
Sulawesi Utara,2025,P,Jasa Pendidikan,Pendidikan,6203.95620639942,,ADHB,3.0300575658343356
Sulawesi Utara,2025,Q,Jasa Kesehatan dan Kegiatan Sosial,Kesehatan,8273.532083370366,,ADHB,4.0408535539838875
Sulawesi Utara,2025,RSTU,Jasa Lainnya,Jasa Lainnya,3695.5248753007772,,ADHB,1.8049213655930807
Sulawesi Utara,2026,A,"Pertanian, Kehutanan dan Perikanan",Pertanian,,,ADHB,
Sulawesi Utara,2026,B,Pertambangan dan Penggalian,Pertambangan,,,ADHB,
Sulawesi Utara,2026,C,Industri Pengolahan,Industri Pengolahan,,,ADHB,
Sulawesi Utara,2026,D,Pengadaan Listrik dan Gas,Listrik & Gas,,,ADHB,
Sulawesi Utara,2026,E,"Pengadaan Air, Pengelolaan Sampah, Limbah dan Daur Ulang",Air & Sampah,,,ADHB,
Sulawesi Utara,2026,F,Konstruksi,Konstruksi,,,ADHB,
Sulawesi Utara,2026,G,"Perdagangan Besar dan Eceran, Reparasi Mobil dan Sepeda Motor",Perdagangan,,,ADHB,
Sulawesi Utara,2026,H,Transportasi dan Pergudangan,Transportasi,,,ADHB,
Sulawesi Utara,2026,I,Penyediaan Akomodasi dan Makan Minum,Akomodasi,,,ADHB,
Sulawesi Utara,2026,J,Informasi dan Komunikasi,Infokom,,,ADHB,
Sulawesi Utara,2026,K,Jasa Keuangan dan Asuransi,Keuangan,,,ADHB,
Sulawesi Utara,2026,L,Real Estate,Real Estate,,,ADHB,
Sulawesi Utara,2026,MN,Jasa Perusahaan,Jasa Perusahaan,,,ADHB,
Sulawesi Utara,2026,O,"Administrasi Pemerintahan, Pertahanan dan Jaminan Sosial Wajib",Adm. Pemerintahan,,,ADHB,
Sulawesi Utara,2026,P,Jasa Pendidikan,Pendidikan,,,ADHB,
Sulawesi Utara,2026,Q,Jasa Kesehatan dan Kegiatan Sosial,Kesehatan,,,ADHB,
Sulawesi Utara,2026,RSTU,Jasa Lainnya,Jasa Lainnya,,,ADHB,
Sumatera Barat,2020,A,"Pertanian, Kehutanan dan Perikanan",Pertanian,54815.47512688258,,ADHB,22.660936471208533
Sumatera Barat,2020,B,Pertambangan dan Penggalian,Pertambangan,10291.805266268993,,ADHB,4.25467342521664
Sumatera Barat,2020,C,Industri Pengolahan,Industri Pengolahan,20540.13222476803,,ADHB,8.491372744253045
Sumatera Barat,2020,D,Pengadaan Listrik dan Gas,Listrik & Gas,247.2285921329542,,ADHB,0.10220528796335579
Sumatera Barat,2020,E,"Pengadaan Air, Pengelolaan Sampah, Limbah dan Daur Ulang",Air & Sampah,219.90286480551967,,ADHB,0.09090872308704624
Sumatera Barat,2020,F,Konstruksi,Konstruksi,24046.451056604146,,ADHB,9.940898961295234
Sumatera Barat,2020,G,"Perdagangan Besar dan Eceran, Reparasi Mobil dan Sepeda Motor",Perdagangan,38031.33121956183,,ADHB,15.722304307079227
Sumatera Barat,2020,H,Transportasi dan Pergudangan,Transportasi,24883.835257581843,,ADHB,10.287076936336504
Sumatera Barat,2020,I,Penyediaan Akomodasi dan Makan Minum,Akomodasi,2958.5103436927084,,ADHB,1.2230599988898896
Sumatera Barat,2020,J,Informasi dan Komunikasi,Infokom,15512.020471209627,,ADHB,6.412731251977726
Sumatera Barat,2020,K,Jasa Keuangan dan Asuransi,Keuangan,7341.907392235108,,ADHB,3.035173855700884
Sumatera Barat,2020,L,Real Estate,Real Estate,4985.394119690878,,ADHB,2.060981851726157
Sumatera Barat,2020,MN,Jasa Perusahaan,Jasa Perusahaan,1065.2767007357081,,ADHB,0.44038964514587764
Sumatera Barat,2020,O,"Administrasi Pemerintahan, Pertahanan dan Jaminan Sosial Wajib",Adm. Pemerintahan,16158.811351219047,,ADHB,6.680117186481146
Sumatera Barat,2020,P,Jasa Pendidikan,Pendidikan,11372.700704303417,,ADHB,4.701519918777449
Sumatera Barat,2020,Q,Jasa Kesehatan dan Kegiatan Sosial,Kesehatan,3883.8372705028287,,ADHB,1.605593848227251
Sumatera Barat,2020,RSTU,Jasa Lainnya,Jasa Lainnya,4513.258503694337,,ADHB,1.8657991013235158
Sumatera Barat,2021,A,"Pertanian, Kehutanan dan Perikanan",Pertanian,55612.974911775585,,ADHB,21.97271164109975
Sumatera Barat,2021,B,Pertambangan dan Penggalian,Pertambangan,10566.11063469276,,ADHB,4.17467510976296
Sumatera Barat,2021,C,Industri Pengolahan,Industri Pengolahan,21866.036014129637,,ADHB,8.639280758394388
Sumatera Barat,2021,D,Pengadaan Listrik dan Gas,Listrik & Gas,257.5554350849292,,ADHB,0.10176026935615069
Sumatera Barat,2021,E,"Pengadaan Air, Pengelolaan Sampah, Limbah dan Daur Ulang",Air & Sampah,234.87205434517804,,ADHB,0.09279805532551282
Sumatera Barat,2021,F,Konstruksi,Konstruksi,25211.296043404123,,ADHB,9.960994515019575
Sumatera Barat,2021,G,"Perdagangan Besar dan Eceran, Reparasi Mobil dan Sepeda Motor",Perdagangan,39955.02016352547,,ADHB,15.786246609900005
Sumatera Barat,2021,H,Transportasi dan Pergudangan,Transportasi,25651.613292961418,,ADHB,10.1349640602646
Sumatera Barat,2021,I,Penyediaan Akomodasi dan Makan Minum,Akomodasi,3173.8009560772703,,ADHB,1.2539701989466188
Sumatera Barat,2021,J,Informasi dan Komunikasi,Infokom,16698.243835597317,,ADHB,6.5974837219985165
Sumatera Barat,2021,K,Jasa Keuangan dan Asuransi,Keuangan,8279.647226403136,,ADHB,3.271292378880923
Sumatera Barat,2021,L,Real Estate,Real Estate,5167.14953472673,,ADHB,2.0415431275364626
Sumatera Barat,2021,MN,Jasa Perusahaan,Jasa Perusahaan,1083.3859265168414,,ADHB,0.42804627152466435
Sumatera Barat,2021,O,"Administrasi Pemerintahan, Pertahanan dan Jaminan Sosial Wajib",Adm. Pemerintahan,17344.9767306683,,ADHB,6.853008182517879
Sumatera Barat,2021,P,Jasa Pendidikan,Pendidikan,11752.073111765763,,ADHB,4.643249422991647
Sumatera Barat,2021,Q,Jasa Kesehatan dan Kegiatan Sosial,Kesehatan,4237.679191904095,,ADHB,1.6743089730213538
Sumatera Barat,2021,RSTU,Jasa Lainnya,Jasa Lainnya,4901.797336121029,,ADHB,1.9367023533728003
Sumatera Barat,2022,A,"Pertanian, Kehutanan dan Perikanan",Pertanian,61310.769818745786,,ADHB,21.484254919116278
Sumatera Barat,2022,B,Pertambangan dan Penggalian,Pertambangan,11625.187699841597,,ADHB,4.07364801917082
Sumatera Barat,2022,C,Industri Pengolahan,Industri Pengolahan,23933.083102119293,,ADHB,8.386527520147252
Sumatera Barat,2022,D,Pengadaan Listrik dan Gas,Listrik & Gas,269.6994052101843,,ADHB,0.0945068996882507
Sumatera Barat,2022,E,"Pengadaan Air, Pengelolaan Sampah, Limbah dan Daur Ulang",Air & Sampah,256.047738418223,,ADHB,0.08972314162590035
Sumatera Barat,2022,F,Konstruksi,Konstruksi,28073.740330820467,,ADHB,9.83747872655175
Sumatera Barat,2022,G,"Perdagangan Besar dan Eceran, Reparasi Mobil dan Sepeda Motor",Perdagangan,46925.028551845906,,ADHB,16.4432656525938
Sumatera Barat,2022,H,Transportasi dan Pergudangan,Transportasi,30595.293766323164,,ADHB,10.72107058097909
Sumatera Barat,2022,I,Penyediaan Akomodasi dan Makan Minum,Akomodasi,3819.504674700384,,ADHB,1.338414316744229
Sumatera Barat,2022,J,Informasi dan Komunikasi,Infokom,19005.2309618304,,ADHB,6.659730875794742
Sumatera Barat,2022,K,Jasa Keuangan dan Asuransi,Keuangan,9214.060360402009,,ADHB,3.2287511999641487
Sumatera Barat,2022,L,Real Estate,Real Estate,5754.016664794683,,ADHB,2.0162976455972523
Sumatera Barat,2022,MN,Jasa Perusahaan,Jasa Perusahaan,1199.9902152923892,,ADHB,0.4204953837964109
Sumatera Barat,2022,O,"Administrasi Pemerintahan, Pertahanan dan Jaminan Sosial Wajib",Adm. Pemerintahan,18512.499840193603,,ADHB,6.4870701661816925
Sumatera Barat,2022,P,Jasa Pendidikan,Pendidikan,13155.132368948702,,ADHB,4.609764616310498
Sumatera Barat,2022,Q,Jasa Kesehatan dan Kegiatan Sosial,Kesehatan,4649.300313641602,,ADHB,1.629187717412464
Sumatera Barat,2022,RSTU,Jasa Lainnya,Jasa Lainnya,5804.980928401452,,ADHB,2.0341563225365538
Sumatera Barat,2023,A,"Pertanian, Kehutanan dan Perikanan",Pertanian,66671.69331050613,,ADHB,21.31372839074956
Sumatera Barat,2023,B,Pertambangan dan Penggalian,Pertambangan,12693.688911844929,,ADHB,4.057941598748909
Sumatera Barat,2023,C,Industri Pengolahan,Industri Pengolahan,25838.314558193488,,ADHB,8.26003947437323
Sumatera Barat,2023,D,Pengadaan Listrik dan Gas,Listrik & Gas,286.6393995140971,,ADHB,0.09163340548256788
Sumatera Barat,2023,E,"Pengadaan Air, Pengelolaan Sampah, Limbah dan Daur Ulang",Air & Sampah,270.8975722937778,,ADHB,0.08660102947577576
Sumatera Barat,2023,F,Konstruksi,Konstruksi,31063.01551320738,,ADHB,9.930281394875168
Sumatera Barat,2023,G,"Perdagangan Besar dan Eceran, Reparasi Mobil dan Sepeda Motor",Perdagangan,51533.02688431021,,ADHB,16.474171925558444
Sumatera Barat,2023,H,Transportasi dan Pergudangan,Transportasi,34820.683244689026,,ADHB,11.131539461600514
Sumatera Barat,2023,I,Penyediaan Akomodasi dan Makan Minum,Akomodasi,4239.8900050566235,,ADHB,1.3554157617321305
Sumatera Barat,2023,J,Informasi dan Komunikasi,Infokom,20955.282696633145,,ADHB,6.699022952174398
Sumatera Barat,2023,K,Jasa Keuangan dan Asuransi,Keuangan,9618.28939627128,,ADHB,3.0747922783513357
Sumatera Barat,2023,L,Real Estate,Real Estate,6484.873796684741,,ADHB,2.0730962705134597
Sumatera Barat,2023,MN,Jasa Perusahaan,Jasa Perusahaan,1361.1404103898449,,ADHB,0.43513184633861685
Sumatera Barat,2023,O,"Administrasi Pemerintahan, Pertahanan dan Jaminan Sosial Wajib",Adm. Pemerintahan,19781.069023978704,,ADHB,6.323648185928323
Sumatera Barat,2023,P,Jasa Pendidikan,Pendidikan,13975.103619754218,,ADHB,4.467586587261394
Sumatera Barat,2023,Q,Jasa Kesehatan dan Kegiatan Sosial,Kesehatan,5254.244680636388,,ADHB,1.6796865125364626
Sumatera Barat,2023,RSTU,Jasa Lainnya,Jasa Lainnya,6543.337682897553,,ADHB,2.0917861121769117
Sumatera Barat,2024,A,"Pertanian, Kehutanan dan Perikanan",Pertanian,72104.07038364404,,ADHB,21.643394442297286
Sumatera Barat,2024,B,Pertambangan dan Penggalian,Pertambangan,12843.400490809054,,ADHB,3.855188498013424
Sumatera Barat,2024,C,Industri Pengolahan,Industri Pengolahan,27383.41756917478,,ADHB,8.219648412001765
Sumatera Barat,2024,D,Pengadaan Listrik dan Gas,Listrik & Gas,299.33943041368934,,ADHB,0.08985236658769405
Sumatera Barat,2024,E,"Pengadaan Air, Pengelolaan Sampah, Limbah dan Daur Ulang",Air & Sampah,287.61731157362215,,ADHB,0.08633375189083765
Sumatera Barat,2024,F,Konstruksi,Konstruksi,32828.113850315756,,ADHB,9.85397652419076
Sumatera Barat,2024,G,"Perdagangan Besar dan Eceran, Reparasi Mobil dan Sepeda Motor",Perdagangan,54799.01006761951,,ADHB,16.448954734876484
Sumatera Barat,2024,H,Transportasi dan Pergudangan,Transportasi,36450.071629678874,,ADHB,10.941175352980947
Sumatera Barat,2024,I,Penyediaan Akomodasi dan Makan Minum,Akomodasi,4522.922495936098,,ADHB,1.3576403535977106
Sumatera Barat,2024,J,Informasi dan Komunikasi,Infokom,22136.867427192403,,ADHB,6.644797594564785
Sumatera Barat,2024,K,Jasa Keuangan dan Asuransi,Keuangan,10244.218522692685,,ADHB,3.074995087794936
Sumatera Barat,2024,L,Real Estate,Real Estate,6956.367139915351,,ADHB,2.088084585149523
Sumatera Barat,2024,MN,Jasa Perusahaan,Jasa Perusahaan,1425.5188076524764,,ADHB,0.4278963125767517
Sumatera Barat,2024,O,"Administrasi Pemerintahan, Pertahanan dan Jaminan Sosial Wajib",Adm. Pemerintahan,21898.56243865277,,ADHB,6.5732658649815905
Sumatera Barat,2024,P,Jasa Pendidikan,Pendidikan,14694.6838713099,,ADHB,4.410886064259813
Sumatera Barat,2024,Q,Jasa Kesehatan dan Kegiatan Sosial,Kesehatan,5660.33238229715,,ADHB,1.6990553483698358
Sumatera Barat,2024,RSTU,Jasa Lainnya,Jasa Lainnya,7128.954239490206,,ADHB,2.139889852894823
Sumatera Barat,2025,A,"Pertanian, Kehutanan dan Perikanan",Pertanian,78942.8428059551,,ADHB,22.41488324349202
Sumatera Barat,2025,B,Pertambangan dan Penggalian,Pertambangan,13217.221665510491,,ADHB,3.7528732169425005
Sumatera Barat,2025,C,Industri Pengolahan,Industri Pengolahan,29585.479667146483,,ADHB,8.400445801931143
Sumatera Barat,2025,D,Pengadaan Listrik dan Gas,Listrik & Gas,301.5438141976686,,ADHB,0.08561978702302471
Sumatera Barat,2025,E,"Pengadaan Air, Pengelolaan Sampah, Limbah dan Daur Ulang",Air & Sampah,304.70506415111925,,ADHB,0.08651738642648507
Sumatera Barat,2025,F,Konstruksi,Konstruksi,32610.50501625196,,ADHB,9.259365845835212
Sumatera Barat,2025,G,"Perdagangan Besar dan Eceran, Reparasi Mobil dan Sepeda Motor",Perdagangan,58441.665333212295,,ADHB,16.59381722823353
Sumatera Barat,2025,H,Transportasi dan Pergudangan,Transportasi,37036.94222403798,,ADHB,10.5162001536781
Sumatera Barat,2025,I,Penyediaan Akomodasi dan Makan Minum,Akomodasi,4762.422176722929,,ADHB,1.3522332519726399
Sumatera Barat,2025,J,Informasi dan Komunikasi,Infokom,23230.078701652576,,ADHB,6.595905129925141
Sumatera Barat,2025,K,Jasa Keuangan dan Asuransi,Keuangan,11131.967943508022,,ADHB,3.160790172420868
Sumatera Barat,2025,L,Real Estate,Real Estate,7464.7469340844345,,ADHB,2.1195262929788443
Sumatera Barat,2025,MN,Jasa Perusahaan,Jasa Perusahaan,1496.0631074225457,,ADHB,0.42478936260504874
Sumatera Barat,2025,O,"Administrasi Pemerintahan, Pertahanan dan Jaminan Sosial Wajib",Adm. Pemerintahan,22356.416587985037,,ADHB,6.347839142230015
Sumatera Barat,2025,P,Jasa Pendidikan,Pendidikan,15814.05199444334,,ADHB,4.490212367107965
Sumatera Barat,2025,Q,Jasa Kesehatan dan Kegiatan Sosial,Kesehatan,6220.504550710333,,ADHB,1.7662384361114596
Sumatera Barat,2025,RSTU,Jasa Lainnya,Jasa Lainnya,7798.909344808262,,ADHB,2.2144077433359044
Sumatera Barat,2026,A,"Pertanian, Kehutanan dan Perikanan",Pertanian,,,ADHB,
Sumatera Barat,2026,B,Pertambangan dan Penggalian,Pertambangan,,,ADHB,
Sumatera Barat,2026,C,Industri Pengolahan,Industri Pengolahan,,,ADHB,
Sumatera Barat,2026,D,Pengadaan Listrik dan Gas,Listrik & Gas,,,ADHB,
Sumatera Barat,2026,E,"Pengadaan Air, Pengelolaan Sampah, Limbah dan Daur Ulang",Air & Sampah,,,ADHB,
Sumatera Barat,2026,F,Konstruksi,Konstruksi,,,ADHB,
Sumatera Barat,2026,G,"Perdagangan Besar dan Eceran, Reparasi Mobil dan Sepeda Motor",Perdagangan,,,ADHB,
Sumatera Barat,2026,H,Transportasi dan Pergudangan,Transportasi,,,ADHB,
Sumatera Barat,2026,I,Penyediaan Akomodasi dan Makan Minum,Akomodasi,,,ADHB,
Sumatera Barat,2026,J,Informasi dan Komunikasi,Infokom,,,ADHB,
Sumatera Barat,2026,K,Jasa Keuangan dan Asuransi,Keuangan,,,ADHB,
Sumatera Barat,2026,L,Real Estate,Real Estate,,,ADHB,
Sumatera Barat,2026,MN,Jasa Perusahaan,Jasa Perusahaan,,,ADHB,
Sumatera Barat,2026,O,"Administrasi Pemerintahan, Pertahanan dan Jaminan Sosial Wajib",Adm. Pemerintahan,,,ADHB,
Sumatera Barat,2026,P,Jasa Pendidikan,Pendidikan,,,ADHB,
Sumatera Barat,2026,Q,Jasa Kesehatan dan Kegiatan Sosial,Kesehatan,,,ADHB,
Sumatera Barat,2026,RSTU,Jasa Lainnya,Jasa Lainnya,,,ADHB,
Sumatera Selatan,2020,A,"Pertanian, Kehutanan dan Perikanan",Pertanian,69874.17554881005,,ADHB,15.370224304714897
Sumatera Selatan,2020,B,Pertambangan dan Penggalian,Pertambangan,82879.73899065044,,ADHB,18.231058450380765
Sumatera Selatan,2020,C,Industri Pengolahan,Industri Pengolahan,88129.45377717589,,ADHB,19.385838355416062
Sumatera Selatan,2020,D,Pengadaan Listrik dan Gas,Listrik & Gas,668.3056134997329,,ADHB,0.1470072040623301
Sumatera Selatan,2020,E,"Pengadaan Air, Pengelolaan Sampah, Limbah dan Daur Ulang",Air & Sampah,602.7361574177794,,ADHB,0.13258388901636187
Sumatera Selatan,2020,F,Konstruksi,Konstruksi,55730.426406173196,,ADHB,12.259023419345029
Sumatera Selatan,2020,G,"Perdagangan Besar dan Eceran, Reparasi Mobil dan Sepeda Motor",Perdagangan,62121.9479370062,,ADHB,13.664966585124407
Sumatera Selatan,2020,H,Transportasi dan Pergudangan,Transportasi,10509.05174167105,,ADHB,2.311676398764888
Sumatera Selatan,2020,I,Penyediaan Akomodasi dan Makan Minum,Akomodasi,8425.062373074948,,ADHB,1.8532612004118427
Sumatera Selatan,2020,J,Informasi dan Komunikasi,Infokom,14899.990145885416,,ADHB,3.2775512395179973
Sumatera Selatan,2020,K,Jasa Keuangan dan Asuransi,Keuangan,10867.500275105602,,ADHB,2.39052433245874
Sumatera Selatan,2020,L,Real Estate,Real Estate,15184.712550643788,,ADHB,3.3401816346724558
Sumatera Selatan,2020,MN,Jasa Perusahaan,Jasa Perusahaan,614.1099442423805,,ADHB,0.1350857812149469
Sumatera Selatan,2020,O,"Administrasi Pemerintahan, Pertahanan dan Jaminan Sosial Wajib",Adm. Pemerintahan,13105.575411802174,,ADHB,2.8828337814310876
Sumatera Selatan,2020,P,Jasa Pendidikan,Pendidikan,10904.39230873713,,ADHB,2.398639474104706
Sumatera Selatan,2020,Q,Jasa Kesehatan dan Kegiatan Sosial,Kesehatan,3221.9254034335086,,ADHB,0.708727019029213
Sumatera Selatan,2020,RSTU,Jasa Lainnya,Jasa Lainnya,3859.478458315381,,ADHB,0.8489695819320889
Sumatera Selatan,2021,A,"Pertanian, Kehutanan dan Perikanan",Pertanian,73563.43784334496,,ADHB,14.902338906244758
Sumatera Selatan,2021,B,Pertambangan dan Penggalian,Pertambangan,103307.53762529949,,ADHB,20.92784109057405
Sumatera Selatan,2021,C,Industri Pengolahan,Industri Pengolahan,92557.38219120752,,ADHB,18.75009540235863
Sumatera Selatan,2021,D,Pengadaan Listrik dan Gas,Listrik & Gas,722.5612576243398,,ADHB,0.14637506154308247
Sumatera Selatan,2021,E,"Pengadaan Air, Pengelolaan Sampah, Limbah dan Daur Ulang",Air & Sampah,591.7554363202494,,ADHB,0.1198766713491066
Sumatera Selatan,2021,F,Konstruksi,Konstruksi,57575.61199307096,,ADHB,11.663556079072167
Sumatera Selatan,2021,G,"Perdagangan Besar dan Eceran, Reparasi Mobil dan Sepeda Motor",Perdagangan,66264.83249927747,,ADHB,13.423801557136045
Sumatera Selatan,2021,H,Transportasi dan Pergudangan,Transportasi,10314.935279720143,,ADHB,2.089579631415722
Sumatera Selatan,2021,I,Penyediaan Akomodasi dan Makan Minum,Akomodasi,8834.529888269379,,ADHB,1.789681971534577
Sumatera Selatan,2021,J,Informasi dan Komunikasi,Infokom,15813.551621170916,,ADHB,3.203478691030268
Sumatera Selatan,2021,K,Jasa Keuangan dan Asuransi,Keuangan,11716.608025487647,,ADHB,2.3735277842679023
Sumatera Selatan,2021,L,Real Estate,Real Estate,15965.360897786566,,ADHB,3.23423192056334
Sumatera Selatan,2021,MN,Jasa Perusahaan,Jasa Perusahaan,620.6543674207109,,ADHB,0.12573096089718885
Sumatera Selatan,2021,O,"Administrasi Pemerintahan, Pertahanan dan Jaminan Sosial Wajib",Adm. Pemerintahan,13574.952969583432,,ADHB,2.7499877074786174
Sumatera Selatan,2021,P,Jasa Pendidikan,Pendidikan,11650.814006270553,,ADHB,2.3601993591545316
Sumatera Selatan,2021,Q,Jasa Kesehatan dan Kegiatan Sosial,Kesehatan,3438.3128146636236,,ADHB,0.6965267574758546
Sumatera Selatan,2021,RSTU,Jasa Lainnya,Jasa Lainnya,3917.1132731167863,,ADHB,0.7935212279562726
Sumatera Selatan,2022,A,"Pertanian, Kehutanan dan Perikanan",Pertanian,78193.8974115841,,ADHB,13.25141895076466
Sumatera Selatan,2022,B,Pertambangan dan Penggalian,Pertambangan,162729.1619706621,,ADHB,27.57750121380474
Sumatera Selatan,2022,C,Industri Pengolahan,Industri Pengolahan,101501.87362743916,,ADHB,17.20139162069065
Sumatera Selatan,2022,D,Pengadaan Listrik dan Gas,Listrik & Gas,745.8661618630755,,ADHB,0.12640097653684954
Sumatera Selatan,2022,E,"Pengadaan Air, Pengelolaan Sampah, Limbah dan Daur Ulang",Air & Sampah,600.836413097464,,ADHB,0.1018229720526716
Sumatera Selatan,2022,F,Konstruksi,Konstruksi,61576.384836635225,,ADHB,10.43527052563673
Sumatera Selatan,2022,G,"Perdagangan Besar dan Eceran, Reparasi Mobil dan Sepeda Motor",Perdagangan,76282.01736145266,,ADHB,12.927415104344961
Sumatera Selatan,2022,H,Transportasi dan Pergudangan,Transportasi,12847.91525757569,,ADHB,2.1773196292532497
Sumatera Selatan,2022,I,Penyediaan Akomodasi dan Makan Minum,Akomodasi,10354.598305743253,,ADHB,1.7547804209584552
Sumatera Selatan,2022,J,Informasi dan Komunikasi,Infokom,17100.56800964994,,ADHB,2.8980112066692345
Sumatera Selatan,2022,K,Jasa Keuangan dan Asuransi,Keuangan,12271.157954585915,,ADHB,2.079577312936652
Sumatera Selatan,2022,L,Real Estate,Real Estate,17107.242763651477,,ADHB,2.899142368621708
Sumatera Selatan,2022,MN,Jasa Perusahaan,Jasa Perusahaan,661.0265852925113,,ADHB,0.11202332290968205
Sumatera Selatan,2022,O,"Administrasi Pemerintahan, Pertahanan dan Jaminan Sosial Wajib",Adm. Pemerintahan,14390.500080400556,,ADHB,2.438739489766751
Sumatera Selatan,2022,P,Jasa Pendidikan,Pendidikan,12138.380390958417,,ADHB,2.057075670466672
Sumatera Selatan,2022,Q,Jasa Kesehatan dan Kegiatan Sosial,Kesehatan,3654.4923514364727,,ADHB,0.6193221057437085
Sumatera Selatan,2022,RSTU,Jasa Lainnya,Jasa Lainnya,4135.049878259428,,ADHB,0.700761570058361
Sumatera Selatan,2023,A,"Pertanian, Kehutanan dan Perikanan",Pertanian,83490.66263940759,,ADHB,13.269996631015962
Sumatera Selatan,2023,B,Pertambangan dan Penggalian,Pertambangan,166630.57963997184,,ADHB,26.48424578921695
Sumatera Selatan,2023,C,Industri Pengolahan,Industri Pengolahan,110694.34941075416,,ADHB,17.59374757986271
Sumatera Selatan,2023,D,Pengadaan Listrik dan Gas,Listrik & Gas,794.0051374699742,,ADHB,0.12619908821112555
Sumatera Selatan,2023,E,"Pengadaan Air, Pengelolaan Sampah, Limbah dan Daur Ulang",Air & Sampah,609.8577120426269,,ADHB,0.09693071690132873
Sumatera Selatan,2023,F,Konstruksi,Konstruksi,65805.76041616403,,ADHB,10.459160239216619
Sumatera Selatan,2023,G,"Perdagangan Besar dan Eceran, Reparasi Mobil dan Sepeda Motor",Perdagangan,83971.71961135547,,ADHB,13.346455772616569
Sumatera Selatan,2023,H,Transportasi dan Pergudangan,Transportasi,15257.236735236806,,ADHB,2.4249835092294814
Sumatera Selatan,2023,I,Penyediaan Akomodasi dan Makan Minum,Akomodasi,11911.237448279051,,ADHB,1.8931707548250896
Sumatera Selatan,2023,J,Informasi dan Komunikasi,Infokom,18212.523354999626,,ADHB,2.8946964357792937
Sumatera Selatan,2023,K,Jasa Keuangan dan Asuransi,Keuangan,13015.649476225086,,ADHB,2.0687058796736495
Sumatera Selatan,2023,L,Real Estate,Real Estate,18051.22827088005,,ADHB,2.8690602130544787
Sumatera Selatan,2023,MN,Jasa Perusahaan,Jasa Perusahaan,695.8006816632133,,ADHB,0.1105904829310978
Sumatera Selatan,2023,O,"Administrasi Pemerintahan, Pertahanan dan Jaminan Sosial Wajib",Adm. Pemerintahan,15128.902992636373,,ADHB,2.404586158458551
Sumatera Selatan,2023,P,Jasa Pendidikan,Pendidikan,12718.604644549367,,ADHB,2.0214936071753233
Sumatera Selatan,2023,Q,Jasa Kesehatan dan Kegiatan Sosial,Kesehatan,3760.834984503496,,ADHB,0.5977466940190819
Sumatera Selatan,2023,RSTU,Jasa Lainnya,Jasa Lainnya,4330.073469046621,,ADHB,0.688221395420799
Sumatera Selatan,2024,A,"Pertanian, Kehutanan dan Perikanan",Pertanian,91142.3664694758,,ADHB,13.727051383244776
Sumatera Selatan,2024,B,Pertambangan dan Penggalian,Pertambangan,162542.17177066638,,ADHB,24.48065406100014
Sumatera Selatan,2024,C,Industri Pengolahan,Industri Pengolahan,119320.41644885308,,ADHB,17.97097827399644
Sumatera Selatan,2024,D,Pengadaan Listrik dan Gas,Listrik & Gas,870.344338061112,,ADHB,0.13108351157068393
Sumatera Selatan,2024,E,"Pengadaan Air, Pengelolaan Sampah, Limbah dan Daur Ulang",Air & Sampah,637.5183871986335,,ADHB,0.09601734075853553
Sumatera Selatan,2024,F,Konstruksi,Konstruksi,70146.91385238472,,ADHB,10.564903327918472
Sumatera Selatan,2024,G,"Perdagangan Besar dan Eceran, Reparasi Mobil dan Sepeda Motor",Perdagangan,91659.89683271661,,ADHB,13.804997196633053
Sumatera Selatan,2024,H,Transportasi dan Pergudangan,Transportasi,16330.880928656647,,ADHB,2.4596118174789723
Sumatera Selatan,2024,I,Penyediaan Akomodasi dan Makan Minum,Akomodasi,13222.908113121786,,ADHB,1.9915166363991266
Sumatera Selatan,2024,J,Informasi dan Komunikasi,Infokom,19856.70457271126,,ADHB,2.9906399683269784
Sumatera Selatan,2024,K,Jasa Keuangan dan Asuransi,Keuangan,14150.054233906509,,ADHB,2.1311551265194186
Sumatera Selatan,2024,L,Real Estate,Real Estate,19479.512003576747,,ADHB,2.9338305834223015
Sumatera Selatan,2024,MN,Jasa Perusahaan,Jasa Perusahaan,745.0282910198473,,ADHB,0.11220952482318518
Sumatera Selatan,2024,O,"Administrasi Pemerintahan, Pertahanan dan Jaminan Sosial Wajib",Adm. Pemerintahan,16573.723653190485,,ADHB,2.496186625516677
Sumatera Selatan,2024,P,Jasa Pendidikan,Pendidikan,14248.776608167414,,ADHB,2.1460238111569767
Sumatera Selatan,2024,Q,Jasa Kesehatan dan Kegiatan Sosial,Kesehatan,4112.65755403418,,ADHB,0.6194118471218762
Sumatera Selatan,2024,RSTU,Jasa Lainnya,Jasa Lainnya,4619.259724718548,,ADHB,0.6957117534906301
Sumatera Selatan,2025,A,"Pertanian, Kehutanan dan Perikanan",Pertanian,101625.66670507079,,ADHB,14.110653806980936
Sumatera Selatan,2025,B,Pertambangan dan Penggalian,Pertambangan,171955.75004653493,,ADHB,23.875937425021885
Sumatera Selatan,2025,C,Industri Pengolahan,Industri Pengolahan,129015.95405281425,,ADHB,17.913776334672583
Sumatera Selatan,2025,D,Pengadaan Listrik dan Gas,Listrik & Gas,936.7638116243432,,ADHB,0.13006900986047312
Sumatera Selatan,2025,E,"Pengadaan Air, Pengelolaan Sampah, Limbah dan Daur Ulang",Air & Sampah,658.6343934396267,,ADHB,0.09145093176282915
Sumatera Selatan,2025,F,Konstruksi,Konstruksi,75644.92115631916,,ADHB,10.503245186975269
Sumatera Selatan,2025,G,"Perdagangan Besar dan Eceran, Reparasi Mobil dan Sepeda Motor",Perdagangan,102686.58081692382,,ADHB,14.257961000494793
Sumatera Selatan,2025,H,Transportasi dan Pergudangan,Transportasi,17514.53134560456,,ADHB,2.4318806106982254
Sumatera Selatan,2025,I,Penyediaan Akomodasi dan Makan Minum,Akomodasi,14807.751611492255,,ADHB,2.0560461094530313
Sumatera Selatan,2025,J,Informasi dan Komunikasi,Infokom,21071.14878677773,,ADHB,2.925714492073007
Sumatera Selatan,2025,K,Jasa Keuangan dan Asuransi,Keuangan,15119.58253635756,,ADHB,2.099343618534617
Sumatera Selatan,2025,L,Real Estate,Real Estate,21746.96499217563,,ADHB,3.0195511065888305
Sumatera Selatan,2025,MN,Jasa Perusahaan,Jasa Perusahaan,806.1394572284571,,ADHB,0.1119319082462727
Sumatera Selatan,2025,O,"Administrasi Pemerintahan, Pertahanan dan Jaminan Sosial Wajib",Adm. Pemerintahan,17479.90699474188,,ADHB,2.427073043435394
Sumatera Selatan,2025,P,Jasa Pendidikan,Pendidikan,15199.522576810949,,ADHB,2.110443238076867
Sumatera Selatan,2025,Q,Jasa Kesehatan dan Kegiatan Sosial,Kesehatan,4434.071060101967,,ADHB,0.6156677118412438
Sumatera Selatan,2025,RSTU,Jasa Lainnya,Jasa Lainnya,4901.499635631352,,ADHB,0.6805698475185126
Sumatera Selatan,2026,A,"Pertanian, Kehutanan dan Perikanan",Pertanian,,,ADHB,
Sumatera Selatan,2026,B,Pertambangan dan Penggalian,Pertambangan,,,ADHB,
Sumatera Selatan,2026,C,Industri Pengolahan,Industri Pengolahan,,,ADHB,
Sumatera Selatan,2026,D,Pengadaan Listrik dan Gas,Listrik & Gas,,,ADHB,
Sumatera Selatan,2026,E,"Pengadaan Air, Pengelolaan Sampah, Limbah dan Daur Ulang",Air & Sampah,,,ADHB,
Sumatera Selatan,2026,F,Konstruksi,Konstruksi,,,ADHB,
Sumatera Selatan,2026,G,"Perdagangan Besar dan Eceran, Reparasi Mobil dan Sepeda Motor",Perdagangan,,,ADHB,
Sumatera Selatan,2026,H,Transportasi dan Pergudangan,Transportasi,,,ADHB,
Sumatera Selatan,2026,I,Penyediaan Akomodasi dan Makan Minum,Akomodasi,,,ADHB,
Sumatera Selatan,2026,J,Informasi dan Komunikasi,Infokom,,,ADHB,
Sumatera Selatan,2026,K,Jasa Keuangan dan Asuransi,Keuangan,,,ADHB,
Sumatera Selatan,2026,L,Real Estate,Real Estate,,,ADHB,
Sumatera Selatan,2026,MN,Jasa Perusahaan,Jasa Perusahaan,,,ADHB,
Sumatera Selatan,2026,O,"Administrasi Pemerintahan, Pertahanan dan Jaminan Sosial Wajib",Adm. Pemerintahan,,,ADHB,
Sumatera Selatan,2026,P,Jasa Pendidikan,Pendidikan,,,ADHB,
Sumatera Selatan,2026,Q,Jasa Kesehatan dan Kegiatan Sosial,Kesehatan,,,ADHB,
Sumatera Selatan,2026,RSTU,Jasa Lainnya,Jasa Lainnya,,,ADHB,
Sumatera Utara,2020,A,"Pertanian, Kehutanan dan Perikanan",Pertanian,175366.2085116742,,ADHB,21.61843388888015
Sumatera Utara,2020,B,Pertambangan dan Penggalian,Pertambangan,10323.242309472109,,ADHB,1.2726073813208807
Sumatera Utara,2020,C,Industri Pengolahan,Industri Pengolahan,153753.4389596574,,ADHB,18.954099444512135
Sumatera Utara,2020,D,Pengadaan Listrik dan Gas,Listrik & Gas,925.8213299579237,,ADHB,0.11413149308795187
Sumatera Utara,2020,E,"Pengadaan Air, Pengelolaan Sampah, Limbah dan Daur Ulang",Air & Sampah,826.726953718847,,ADHB,0.1019155408833304
Sumatera Utara,2020,F,Konstruksi,Konstruksi,107735.05466997034,,ADHB,13.281139945171342
Sumatera Utara,2020,G,"Perdagangan Besar dan Eceran, Reparasi Mobil dan Sepeda Motor",Perdagangan,152728.49858524132,,ADHB,18.82774895822171
Sumatera Utara,2020,H,Transportasi dan Pergudangan,Transportasi,35863.60489054583,,ADHB,4.421119541348646
Sumatera Utara,2020,I,Penyediaan Akomodasi dan Makan Minum,Akomodasi,17496.322931039394,,ADHB,2.1568756249753394
Sumatera Utara,2020,J,Informasi dan Komunikasi,Infokom,18421.970141799087,,ADHB,2.2709856533557646
Sumatera Utara,2020,K,Jasa Keuangan dan Asuransi,Keuangan,23506.263593428303,,ADHB,2.897756698864201
Sumatera Utara,2020,L,Real Estate,Real Estate,42654.57095250327,,ADHB,5.258282254154189
Sumatera Utara,2020,MN,Jasa Perusahaan,Jasa Perusahaan,8658.261903860757,,ADHB,1.0673553596773055
Sumatera Utara,2020,O,"Administrasi Pemerintahan, Pertahanan dan Jaminan Sosial Wajib",Adm. Pemerintahan,29974.006010494457,,ADHB,3.6950737135862397
Sumatera Utara,2020,P,Jasa Pendidikan,Pendidikan,15455.973135574488,,ADHB,1.9053495896131054
Sumatera Utara,2020,Q,Jasa Kesehatan dan Kegiatan Sosial,Kesehatan,8289.310744555216,,ADHB,1.0218725593512579
Sumatera Utara,2020,RSTU,Jasa Lainnya,Jasa Lainnya,4558.340281181043,,ADHB,0.5619336749540982
Sumatera Utara,2021,A,"Pertanian, Kehutanan dan Perikanan",Pertanian,191999.9477042791,,ADHB,22.32728205343035
Sumatera Utara,2021,B,Pertambangan dan Penggalian,Pertambangan,10658.292126047767,,ADHB,1.2394310381409581
Sumatera Utara,2021,C,Industri Pengolahan,Industri Pengolahan,164998.10752730982,,ADHB,19.187293169051063
Sumatera Utara,2021,D,Pengadaan Listrik dan Gas,Listrik & Gas,979.9975368290538,,ADHB,0.11396191341755052
Sumatera Utara,2021,E,"Pengadaan Air, Pengelolaan Sampah, Limbah dan Daur Ulang",Air & Sampah,865.85571893414,,ADHB,0.10068859437396295
Sumatera Utara,2021,F,Konstruksi,Konstruksi,113219.95536487721,,ADHB,13.166117531458418
Sumatera Utara,2021,G,"Perdagangan Besar dan Eceran, Reparasi Mobil dan Sepeda Motor",Perdagangan,162050.28039992583,,ADHB,18.844496368818454
Sumatera Utara,2021,H,Transportasi dan Pergudangan,Transportasi,35332.259464706396,,ADHB,4.1087163412592025
Sumatera Utara,2021,I,Penyediaan Akomodasi dan Makan Minum,Akomodasi,17467.97023532481,,ADHB,2.031314607156692
Sumatera Utara,2021,J,Informasi dan Komunikasi,Infokom,20045.172763938263,,ADHB,2.3310122292299718
Sumatera Utara,2021,K,Jasa Keuangan dan Asuransi,Keuangan,25519.806313829537,,ADHB,2.9676461912134466
Sumatera Utara,2021,L,Real Estate,Real Estate,43861.16641588521,,ADHB,5.100525523414453
Sumatera Utara,2021,MN,Jasa Perusahaan,Jasa Perusahaan,8813.126663607336,,ADHB,1.0248605124311871
Sumatera Utara,2021,O,"Administrasi Pemerintahan, Pertahanan dan Jaminan Sosial Wajib",Adm. Pemerintahan,30282.503264468,,ADHB,3.5214904991072222
Sumatera Utara,2021,P,Jasa Pendidikan,Pendidikan,15982.494540744547,,ADHB,1.8585716704372899
Sumatera Utara,2021,Q,Jasa Kesehatan dan Kegiatan Sosial,Kesehatan,8413.134629599934,,ADHB,0.9783462551660558
Sumatera Utara,2021,RSTU,Jasa Lainnya,Jasa Lainnya,4649.754178211096,,ADHB,0.5407104234003999
Sumatera Utara,2022,A,"Pertanian, Kehutanan dan Perikanan",Pertanian,222320.42181500432,,ADHB,23.27491964399536
Sumatera Utara,2022,B,Pertambangan dan Penggalian,Pertambangan,11528.796689881048,,ADHB,1.206959821137005
Sumatera Utara,2022,C,Industri Pengolahan,Industri Pengolahan,179524.52600469458,,ADHB,18.794579835596647
Sumatera Utara,2022,D,Pengadaan Listrik dan Gas,Listrik & Gas,1053.655730115352,,ADHB,0.11030814106351693
Sumatera Utara,2022,E,"Pengadaan Air, Pengelolaan Sampah, Limbah dan Daur Ulang",Air & Sampah,892.840045326893,,ADHB,0.09347220619802783
Sumatera Utara,2022,F,Konstruksi,Konstruksi,123675.43972297681,,ADHB,12.947690086173655
Sumatera Utara,2022,G,"Perdagangan Besar dan Eceran, Reparasi Mobil dan Sepeda Motor",Perdagangan,180824.11934327852,,ADHB,18.930635400256303
Sumatera Utara,2022,H,Transportasi dan Pergudangan,Transportasi,42738.205850853126,,ADHB,4.474300196024569
Sumatera Utara,2022,I,Penyediaan Akomodasi dan Makan Minum,Akomodasi,19289.999312355423,,ADHB,2.0194869201057677
Sumatera Utara,2022,J,Informasi dan Komunikasi,Infokom,22163.701674500964,,ADHB,2.3203373368765363
Sumatera Utara,2022,K,Jasa Keuangan dan Asuransi,Keuangan,28330.71810540547,,ADHB,2.965967687433986
Sumatera Utara,2022,L,Real Estate,Real Estate,46584.191544683046,,ADHB,4.87693980620997
Sumatera Utara,2022,MN,Jasa Perusahaan,Jasa Perusahaan,10033.696450111947,,ADHB,1.0504364677884754
Sumatera Utara,2022,O,"Administrasi Pemerintahan, Pertahanan dan Jaminan Sosial Wajib",Adm. Pemerintahan,30069.32517943362,,ADHB,3.147983984498047
Sumatera Utara,2022,P,Jasa Pendidikan,Pendidikan,16843.715805554515,,ADHB,1.763383357588239
Sumatera Utara,2022,Q,Jasa Kesehatan dan Kegiatan Sosial,Kesehatan,8949.440830562258,,ADHB,0.9369247975040039
Sumatera Utara,2022,RSTU,Jasa Lainnya,Jasa Lainnya,5252.220582519449,,ADHB,0.5498595721107452
Sumatera Utara,2023,A,"Pertanian, Kehutanan dan Perikanan",Pertanian,249025.4581907404,,ADHB,23.69424793118177
Sumatera Utara,2023,B,Pertambangan dan Penggalian,Pertambangan,12230.472688364263,,ADHB,1.1637037204914398
Sumatera Utara,2023,C,Industri Pengolahan,Industri Pengolahan,191782.68641981608,,ADHB,18.247718743111925
Sumatera Utara,2023,D,Pengadaan Listrik dan Gas,Listrik & Gas,1090.1174294611712,,ADHB,0.10372237776577645
Sumatera Utara,2023,E,"Pengadaan Air, Pengelolaan Sampah, Limbah dan Daur Ulang",Air & Sampah,930.0989051378965,,ADHB,0.08849695215490012
Sumatera Utara,2023,F,Konstruksi,Konstruksi,135802.78943516174,,ADHB,12.92134943150339
Sumatera Utara,2023,G,"Perdagangan Besar dan Eceran, Reparasi Mobil dan Sepeda Motor",Perdagangan,200312.10024692144,,ADHB,19.05927450690973
Sumatera Utara,2023,H,Transportasi dan Pergudangan,Transportasi,52383.08620977303,,ADHB,4.984140340800634
Sumatera Utara,2023,I,Penyediaan Akomodasi dan Makan Minum,Akomodasi,21928.510867093624,,ADHB,2.086451630373307
Sumatera Utara,2023,J,Informasi dan Komunikasi,Infokom,24110.840546770585,,ADHB,2.294095703688238
Sumatera Utara,2023,K,Jasa Keuangan dan Asuransi,Keuangan,30249.67464802428,,ADHB,2.8781928408254682
Sumatera Utara,2023,L,Real Estate,Real Estate,48924.02907429225,,ADHB,4.6550183386901995
Sumatera Utara,2023,MN,Jasa Perusahaan,Jasa Perusahaan,11113.615924169035,,ADHB,1.0574371513353265
Sumatera Utara,2023,O,"Administrasi Pemerintahan, Pertahanan dan Jaminan Sosial Wajib",Adm. Pemerintahan,31359.46968361071,,ADHB,2.983787501375549
Sumatera Utara,2023,P,Jasa Pendidikan,Pendidikan,18377.938931650988,,ADHB,1.748622187764929
Sumatera Utara,2023,Q,Jasa Kesehatan dan Kegiatan Sosial,Kesehatan,9796.756915945396,,ADHB,0.9321407898389769
Sumatera Utara,2023,RSTU,Jasa Lainnya,Jasa Lainnya,6035.014096774623,,ADHB,0.5742188823426567
Sumatera Utara,2024,A,"Pertanian, Kehutanan dan Perikanan",Pertanian,283435.5555377152,,ADHB,24.712762644266544
Sumatera Utara,2024,B,Pertambangan dan Penggalian,Pertambangan,13243.921756334788,,ADHB,1.1547383115806304
Sumatera Utara,2024,C,Industri Pengolahan,Industri Pengolahan,206917.58118754852,,ADHB,18.04115599086584
Sumatera Utara,2024,D,Pengadaan Listrik dan Gas,Listrik & Gas,1117.284970150213,,ADHB,0.09741614181377668
Sumatera Utara,2024,E,"Pengadaan Air, Pengelolaan Sampah, Limbah dan Daur Ulang",Air & Sampah,996.2418356619685,,ADHB,0.08686238384699266
Sumatera Utara,2024,F,Konstruksi,Konstruksi,145797.34174070577,,ADHB,12.712078743147092
Sumatera Utara,2024,G,"Perdagangan Besar dan Eceran, Reparasi Mobil dan Sepeda Motor",Perdagangan,215008.03280488585,,ADHB,18.746562939986504
Sumatera Utara,2024,H,Transportasi dan Pergudangan,Transportasi,56776.34156039583,,ADHB,4.950332537249954
Sumatera Utara,2024,I,Penyediaan Akomodasi dan Makan Minum,Akomodasi,25054.91228687511,,ADHB,2.1845392658793354
Sumatera Utara,2024,J,Informasi dan Komunikasi,Infokom,26061.091792705734,,ADHB,2.272268115768844
Sumatera Utara,2024,K,Jasa Keuangan dan Asuransi,Keuangan,31595.09009931791,,ADHB,2.7547777513917526
Sumatera Utara,2024,L,Real Estate,Real Estate,52142.88880842118,,ADHB,4.546341521141403
Sumatera Utara,2024,MN,Jasa Perusahaan,Jasa Perusahaan,11963.31514176102,,ADHB,1.0430821460491042
Sumatera Utara,2024,O,"Administrasi Pemerintahan, Pertahanan dan Jaminan Sosial Wajib",Adm. Pemerintahan,34265.69516804328,,ADHB,2.9876279633377387
Sumatera Utara,2024,P,Jasa Pendidikan,Pendidikan,19741.135149175534,,ADHB,1.7212307268381708
Sumatera Utara,2024,Q,Jasa Kesehatan dan Kegiatan Sosial,Kesehatan,10560.58665977708,,ADHB,0.9207781677643165
Sumatera Utara,2024,RSTU,Jasa Lainnya,Jasa Lainnya,6455.853432331233,,ADHB,0.5628862378846675
Sumatera Utara,2025,A,"Pertanian, Kehutanan dan Perikanan",Pertanian,317144.3702309316,,ADHB,25.654911813764862
Sumatera Utara,2025,B,Pertambangan dan Penggalian,Pertambangan,14511.434677732203,,ADHB,1.173880452859191
Sumatera Utara,2025,C,Industri Pengolahan,Industri Pengolahan,223378.87095838765,,ADHB,18.069894260846837
Sumatera Utara,2025,D,Pengadaan Listrik dan Gas,Listrik & Gas,1161.4719423966444,,ADHB,0.09395550750168069
Sumatera Utara,2025,E,"Pengadaan Air, Pengelolaan Sampah, Limbah dan Daur Ulang",Air & Sampah,1085.8381541823956,,ADHB,0.08783722715710256
Sumatera Utara,2025,F,Konstruksi,Konstruksi,146440.58281241433,,ADHB,11.846088376953322
Sumatera Utara,2025,G,"Perdagangan Besar dan Eceran, Reparasi Mobil dan Sepeda Motor",Perdagangan,233738.1542633776,,ADHB,18.90789273911023
Sumatera Utara,2025,H,Transportasi dan Pergudangan,Transportasi,63058.91045955241,,ADHB,5.101054720706273
Sumatera Utara,2025,I,Penyediaan Akomodasi dan Makan Minum,Akomodasi,26743.771709042583,,ADHB,2.1633967655277955
Sumatera Utara,2025,J,Informasi dan Komunikasi,Infokom,27950.073169879106,,ADHB,2.2609786887889336
Sumatera Utara,2025,K,Jasa Keuangan dan Asuransi,Keuangan,33029.12764430692,,ADHB,2.671841081029642
Sumatera Utara,2025,L,Real Estate,Real Estate,54929.688643214715,,ADHB,4.4434536771789475
Sumatera Utara,2025,MN,Jasa Perusahaan,Jasa Perusahaan,13476.561095428042,,ADHB,1.0901659272849997
Sumatera Utara,2025,O,"Administrasi Pemerintahan, Pertahanan dan Jaminan Sosial Wajib",Adm. Pemerintahan,34270.21902554484,,ADHB,2.7722372820257295
Sumatera Utara,2025,P,Jasa Pendidikan,Pendidikan,20927.99603832884,,ADHB,1.6929384318289928
Sumatera Utara,2025,Q,Jasa Kesehatan dan Kegiatan Sosial,Kesehatan,11788.906928977562,,ADHB,0.9536457084934976
Sumatera Utara,2025,RSTU,Jasa Lainnya,Jasa Lainnya,6687.543800096937,,ADHB,0.5409786915569328
Sumatera Utara,2026,A,"Pertanian, Kehutanan dan Perikanan",Pertanian,,,ADHB,
Sumatera Utara,2026,B,Pertambangan dan Penggalian,Pertambangan,,,ADHB,
Sumatera Utara,2026,C,Industri Pengolahan,Industri Pengolahan,,,ADHB,
Sumatera Utara,2026,D,Pengadaan Listrik dan Gas,Listrik & Gas,,,ADHB,
Sumatera Utara,2026,E,"Pengadaan Air, Pengelolaan Sampah, Limbah dan Daur Ulang",Air & Sampah,,,ADHB,
Sumatera Utara,2026,F,Konstruksi,Konstruksi,,,ADHB,
Sumatera Utara,2026,G,"Perdagangan Besar dan Eceran, Reparasi Mobil dan Sepeda Motor",Perdagangan,,,ADHB,
Sumatera Utara,2026,H,Transportasi dan Pergudangan,Transportasi,,,ADHB,
Sumatera Utara,2026,I,Penyediaan Akomodasi dan Makan Minum,Akomodasi,,,ADHB,
Sumatera Utara,2026,J,Informasi dan Komunikasi,Infokom,,,ADHB,
Sumatera Utara,2026,K,Jasa Keuangan dan Asuransi,Keuangan,,,ADHB,
Sumatera Utara,2026,L,Real Estate,Real Estate,,,ADHB,
Sumatera Utara,2026,MN,Jasa Perusahaan,Jasa Perusahaan,,,ADHB,
Sumatera Utara,2026,O,"Administrasi Pemerintahan, Pertahanan dan Jaminan Sosial Wajib",Adm. Pemerintahan,,,ADHB,
Sumatera Utara,2026,P,Jasa Pendidikan,Pendidikan,,,ADHB,
Sumatera Utara,2026,Q,Jasa Kesehatan dan Kegiatan Sosial,Kesehatan,,,ADHB,
Sumatera Utara,2026,RSTU,Jasa Lainnya,Jasa Lainnya,,,ADHB,
Aceh,2020,A,"Pertanian, Kehutanan dan Perikanan",Pertanian,38401.254062545544,,ADHK,
Aceh,2020,B,Pertambangan dan Penggalian,Pertambangan,10434.56069037431,,ADHK,
Aceh,2020,C,Industri Pengolahan,Industri Pengolahan,5952.184313670282,,ADHK,
Aceh,2020,D,Pengadaan Listrik dan Gas,Listrik & Gas,215.8310176962765,,ADHK,
Aceh,2020,E,"Pengadaan Air, Pengelolaan Sampah, Limbah dan Daur Ulang",Air & Sampah,49.85088237393209,,ADHK,
Aceh,2020,F,Konstruksi,Konstruksi,13596.09196949743,,ADHK,
Aceh,2020,G,"Perdagangan Besar dan Eceran, Reparasi Mobil dan Sepeda Motor",Perdagangan,19175.708882847466,,ADHK,
Aceh,2020,H,Transportasi dan Pergudangan,Transportasi,6950.919747905395,,ADHK,
Aceh,2020,I,Penyediaan Akomodasi dan Makan Minum,Akomodasi,1630.9870903496308,,ADHK,
Aceh,2020,J,Informasi dan Komunikasi,Infokom,5174.680338979023,,ADHK,
Aceh,2020,K,Jasa Keuangan dan Asuransi,Keuangan,2353.625384540368,,ADHK,
Aceh,2020,L,Real Estate,Real Estate,5439.258276377646,,ADHK,
Aceh,2020,MN,Jasa Perusahaan,Jasa Perusahaan,837.5367507719841,,ADHK,
Aceh,2020,O,"Administrasi Pemerintahan, Pertahanan dan Jaminan Sosial Wajib",Adm. Pemerintahan,11393.200893299494,,ADHK,
Aceh,2020,P,Jasa Pendidikan,Pendidikan,3643.701345896566,,ADHK,
Aceh,2020,Q,Jasa Kesehatan dan Kegiatan Sosial,Kesehatan,4128.228340761763,,ADHK,
Aceh,2020,RSTU,Jasa Lainnya,Jasa Lainnya,1899.7955215710444,,ADHK,
Aceh,2021,A,"Pertanian, Kehutanan dan Perikanan",Pertanian,38268.063857326015,-0.34683816576041027,ADHK,
Aceh,2021,B,Pertambangan dan Penggalian,Pertambangan,10357.356327864094,-0.7398908761097722,ADHK,
Aceh,2021,C,Industri Pengolahan,Industri Pengolahan,6102.927987770877,2.5325773893524195,ADHK,
Aceh,2021,D,Pengadaan Listrik dan Gas,Listrik & Gas,215.3742534887853,-0.21163047478836017,ADHK,
Aceh,2021,E,"Pengadaan Air, Pengelolaan Sampah, Limbah dan Daur Ulang",Air & Sampah,51.10411684701977,2.5139664804469275,ADHK,
Aceh,2021,F,Konstruksi,Konstruksi,13534.109446058816,-0.455884849688204,ADHK,
Aceh,2021,G,"Perdagangan Besar dan Eceran, Reparasi Mobil dan Sepeda Motor",Perdagangan,19985.997413809957,4.225598833987765,ADHK,
Aceh,2021,H,Transportasi dan Pergudangan,Transportasi,8307.696005176498,19.519377384265702,ADHK,
Aceh,2021,I,Penyediaan Akomodasi dan Makan Minum,Akomodasi,1532.9443190505704,-6.011253668356331,ADHK,
Aceh,2021,J,Informasi dan Komunikasi,Infokom,5566.659860816415,7.574951420375675,ADHK,
Aceh,2021,K,Jasa Keuangan dan Asuransi,Keuangan,2234.1039406251866,-5.078184689043974,ADHK,
Aceh,2021,L,Real Estate,Real Estate,5659.9677013404,4.057711800913744,ADHK,
Aceh,2021,MN,Jasa Perusahaan,Jasa Perusahaan,839.7082640944743,0.25927379550672036,ADHK,
Aceh,2021,O,"Administrasi Pemerintahan, Pertahanan dan Jaminan Sosial Wajib",Adm. Pemerintahan,12120.149994894038,6.380551948505309,ADHK,
Aceh,2021,P,Jasa Pendidikan,Pendidikan,3688.423784882527,1.2273903577834533,ADHK,
Aceh,2021,Q,Jasa Kesehatan dan Kegiatan Sosial,Kesehatan,4529.030091937763,9.708807703743494,ADHK,
Aceh,2021,RSTU,Jasa Lainnya,Jasa Lainnya,1942.1483779023802,2.2293376234675977,ADHK,
Aceh,2022,A,"Pertanian, Kehutanan dan Perikanan",Pertanian,39521.450055565714,3.275279885893023,ADHK,
Aceh,2022,B,Pertambangan dan Penggalian,Pertambangan,10802.659706214781,4.299392279791525,ADHK,
Aceh,2022,C,Industri Pengolahan,Industri Pengolahan,6358.634214927439,4.189894222395374,ADHK,
Aceh,2022,D,Pengadaan Listrik dan Gas,Listrik & Gas,220.6369715316187,2.443522360534822,ADHK,
Aceh,2022,E,"Pengadaan Air, Pengelolaan Sampah, Limbah dan Daur Ulang",Air & Sampah,55.65952469364005,8.913974309069662,ADHK,
Aceh,2022,F,Konstruksi,Konstruksi,13228.383118913358,-2.2589319848782985,ADHK,
Aceh,2022,G,"Perdagangan Besar dan Eceran, Reparasi Mobil dan Sepeda Motor",Perdagangan,21258.050632677914,6.364722222914887,ADHK,
Aceh,2022,H,Transportasi dan Pergudangan,Transportasi,8908.94778563437,7.237286728874448,ADHK,
Aceh,2022,I,Penyediaan Akomodasi dan Makan Minum,Akomodasi,2029.6257943102041,32.40049029094896,ADHK,
Aceh,2022,J,Informasi dan Komunikasi,Infokom,6192.745745418605,11.247065569951452,ADHK,
Aceh,2022,K,Jasa Keuangan dan Asuransi,Keuangan,2101.615359113725,-5.930278314373605,ADHK,
Aceh,2022,L,Real Estate,Real Estate,5885.421524948098,3.9833058332524596,ADHK,
Aceh,2022,MN,Jasa Perusahaan,Jasa Perusahaan,936.7888551081844,11.56122848432366,ADHK,
Aceh,2022,O,"Administrasi Pemerintahan, Pertahanan dan Jaminan Sosial Wajib",Adm. Pemerintahan,12112.583718940903,-0.06242724682716805,ADHK,
Aceh,2022,P,Jasa Pendidikan,Pendidikan,3829.7255382248277,3.8309522328058954,ADHK,
Aceh,2022,Q,Jasa Kesehatan dan Kegiatan Sosial,Kesehatan,4973.1291229271455,9.8056100748797,ADHK,
Aceh,2022,RSTU,Jasa Lainnya,Jasa Lainnya,2206.1094787490365,13.591191273024549,ADHK,
Aceh,2023,A,"Pertanian, Kehutanan dan Perikanan",Pertanian,42177.39142893685,6.72025284911606,ADHK,
Aceh,2023,B,Pertambangan dan Penggalian,Pertambangan,10280.699302288407,-4.831776785730735,ADHK,
Aceh,2023,C,Industri Pengolahan,Industri Pengolahan,6259.330444215186,-1.5617154149098367,ADHK,
Aceh,2023,D,Pengadaan Listrik dan Gas,Listrik & Gas,236.79252295744874,7.3222322232223025,ADHK,
Aceh,2023,E,"Pengadaan Air, Pengelolaan Sampah, Limbah dan Daur Ulang",Air & Sampah,58.116262113105584,4.413867047891351,ADHK,
Aceh,2023,F,Konstruksi,Konstruksi,13713.46458765482,3.6669747495286398,ADHK,
Aceh,2023,G,"Perdagangan Besar dan Eceran, Reparasi Mobil dan Sepeda Motor",Perdagangan,23182.756262336,9.054008116338874,ADHK,
Aceh,2023,H,Transportasi dan Pergudangan,Transportasi,9575.259657997947,7.479130963569025,ADHK,
Aceh,2023,I,Penyediaan Akomodasi dan Makan Minum,Akomodasi,2195.380776128194,8.166775485543344,ADHK,
Aceh,2023,J,Informasi dan Komunikasi,Infokom,6493.189559708283,4.851544478665959,ADHK,
Aceh,2023,K,Jasa Keuangan dan Asuransi,Keuangan,1872.2129087104902,-10.915529780862299,ADHK,
Aceh,2023,L,Real Estate,Real Estate,6100.247895591121,3.650144169493763,ADHK,
Aceh,2023,MN,Jasa Perusahaan,Jasa Perusahaan,927.0070840866921,-1.0441809771917776,ADHK,
Aceh,2023,O,"Administrasi Pemerintahan, Pertahanan dan Jaminan Sosial Wajib",Adm. Pemerintahan,12335.714290478682,1.8421385289487002,ADHK,
Aceh,2023,P,Jasa Pendidikan,Pendidikan,3899.283798414728,1.8162727196931794,ADHK,
Aceh,2023,Q,Jasa Kesehatan dan Kegiatan Sosial,Kesehatan,4952.084308824894,-0.42317047440475486,ADHK,
Aceh,2023,RSTU,Jasa Lainnya,Jasa Lainnya,2330.8261372242537,5.6532397723950245,ADHK,
Aceh,2024,A,"Pertanian, Kehutanan dan Perikanan",Pertanian,42679.005297297284,1.1892956187335324,ADHK,
Aceh,2024,B,Pertambangan dan Penggalian,Pertambangan,11427.648824380423,11.156337602800171,ADHK,
Aceh,2024,C,Industri Pengolahan,Industri Pengolahan,6443.928569629039,2.9491672800955326,ADHK,
Aceh,2024,D,Pengadaan Listrik dan Gas,Listrik & Gas,249.91952909447843,5.54367425671991,ADHK,
Aceh,2024,E,"Pengadaan Air, Pengelolaan Sampah, Limbah dan Daur Ulang",Air & Sampah,59.220302006063775,1.899709053568377,ADHK,
Aceh,2024,F,Konstruksi,Konstruksi,14312.69092755434,4.369620354282744,ADHK,
Aceh,2024,G,"Perdagangan Besar dan Eceran, Reparasi Mobil dan Sepeda Motor",Perdagangan,23774.068636228203,2.550656044522559,ADHK,
Aceh,2024,H,Transportasi dan Pergudangan,Transportasi,11182.977762564999,16.79033427802836,ADHK,
Aceh,2024,I,Penyediaan Akomodasi dan Makan Minum,Akomodasi,2257.2978420050767,2.820333791301599,ADHK,
Aceh,2024,J,Informasi dan Komunikasi,Infokom,6613.434919209172,1.8518689219707785,ADHK,
Aceh,2024,K,Jasa Keuangan dan Asuransi,Keuangan,2284.9335215881124,22.04453408890812,ADHK,
Aceh,2024,L,Real Estate,Real Estate,6316.063098793828,3.5378103791271265,ADHK,
Aceh,2024,MN,Jasa Perusahaan,Jasa Perusahaan,967.080469849893,4.322878050352985,ADHK,
Aceh,2024,O,"Administrasi Pemerintahan, Pertahanan dan Jaminan Sosial Wajib",Adm. Pemerintahan,13258.849669480918,7.483436769565577,ADHK,
Aceh,2024,P,Jasa Pendidikan,Pendidikan,4070.570141036996,4.3927641966431175,ADHK,
Aceh,2024,Q,Jasa Kesehatan dan Kegiatan Sosial,Kesehatan,5062.485443200441,2.2293872133559267,ADHK,
Aceh,2024,RSTU,Jasa Lainnya,Jasa Lainnya,2425.981137074576,4.082458074871309,ADHK,
Aceh,2025,A,"Pertanian, Kehutanan dan Perikanan",Pertanian,44215.28769407097,3.5996209051080363,ADHK,
Aceh,2025,B,Pertambangan dan Penggalian,Pertambangan,11543.246384952565,1.011560316112603,ADHK,
Aceh,2025,C,Industri Pengolahan,Industri Pengolahan,6742.488283909349,4.633194037678434,ADHK,
Aceh,2025,D,Pengadaan Listrik dan Gas,Listrik & Gas,243.36595568264818,-2.622273431602362,ADHK,
Aceh,2025,E,"Pengadaan Air, Pengelolaan Sampah, Limbah dan Daur Ulang",Air & Sampah,58.90202023512087,-0.5374538125629824,ADHK,
Aceh,2025,F,Konstruksi,Konstruksi,13958.323431234157,-2.475897077033684,ADHK,
Aceh,2025,G,"Perdagangan Besar dan Eceran, Reparasi Mobil dan Sepeda Motor",Perdagangan,24838.189695569406,4.475973699005986,ADHK,
Aceh,2025,H,Transportasi dan Pergudangan,Transportasi,11854.244249043422,6.0025737395766665,ADHK,
Aceh,2025,I,Penyediaan Akomodasi dan Makan Minum,Akomodasi,2365.941970055458,4.813016963409522,ADHK,
Aceh,2025,J,Informasi dan Komunikasi,Infokom,6737.1916746404,1.8712931622229867,ADHK,
Aceh,2025,K,Jasa Keuangan dan Asuransi,Keuangan,2372.9362296664162,3.8514340678558856,ADHK,
Aceh,2025,L,Real Estate,Real Estate,6597.910342926471,4.462388037042664,ADHK,
Aceh,2025,MN,Jasa Perusahaan,Jasa Perusahaan,962.0999347065671,-0.5150073131038435,ADHK,
Aceh,2025,O,"Administrasi Pemerintahan, Pertahanan dan Jaminan Sosial Wajib",Adm. Pemerintahan,13596.110703129123,2.543667377302783,ADHK,
Aceh,2025,P,Jasa Pendidikan,Pendidikan,4211.891850844708,3.4717915405263033,ADHK,
Aceh,2025,Q,Jasa Kesehatan dan Kegiatan Sosial,Kesehatan,5174.707953772986,2.216747323654511,ADHK,
Aceh,2025,RSTU,Jasa Lainnya,Jasa Lainnya,2475.9848959906026,2.0611767400765757,ADHK,
Aceh,2026,A,"Pertanian, Kehutanan dan Perikanan",Pertanian,,,ADHK,
Aceh,2026,B,Pertambangan dan Penggalian,Pertambangan,,,ADHK,
Aceh,2026,C,Industri Pengolahan,Industri Pengolahan,,,ADHK,
Aceh,2026,D,Pengadaan Listrik dan Gas,Listrik & Gas,,,ADHK,
Aceh,2026,E,"Pengadaan Air, Pengelolaan Sampah, Limbah dan Daur Ulang",Air & Sampah,,,ADHK,
Aceh,2026,F,Konstruksi,Konstruksi,,,ADHK,
Aceh,2026,G,"Perdagangan Besar dan Eceran, Reparasi Mobil dan Sepeda Motor",Perdagangan,,,ADHK,
Aceh,2026,H,Transportasi dan Pergudangan,Transportasi,,,ADHK,
Aceh,2026,I,Penyediaan Akomodasi dan Makan Minum,Akomodasi,,,ADHK,
Aceh,2026,J,Informasi dan Komunikasi,Infokom,,,ADHK,
Aceh,2026,K,Jasa Keuangan dan Asuransi,Keuangan,,,ADHK,
Aceh,2026,L,Real Estate,Real Estate,,,ADHK,
Aceh,2026,MN,Jasa Perusahaan,Jasa Perusahaan,,,ADHK,
Aceh,2026,O,"Administrasi Pemerintahan, Pertahanan dan Jaminan Sosial Wajib",Adm. Pemerintahan,,,ADHK,
Aceh,2026,P,Jasa Pendidikan,Pendidikan,,,ADHK,
Aceh,2026,Q,Jasa Kesehatan dan Kegiatan Sosial,Kesehatan,,,ADHK,
Aceh,2026,RSTU,Jasa Lainnya,Jasa Lainnya,,,ADHK,
Bali,2020,A,"Pertanian, Kehutanan dan Perikanan",Pertanian,21550.762882869043,,ADHK,
Bali,2020,B,Pertambangan dan Penggalian,Pertambangan,1356.1715532101898,,ADHK,
Bali,2020,C,Industri Pengolahan,Industri Pengolahan,9524.418383713266,,ADHK,
Bali,2020,D,Pengadaan Listrik dan Gas,Listrik & Gas,280.82062069692654,,ADHK,
Bali,2020,E,"Pengadaan Air, Pengelolaan Sampah, Limbah dan Daur Ulang",Air & Sampah,335.44909396313517,,ADHK,
Bali,2020,F,Konstruksi,Konstruksi,15508.854841299315,,ADHK,
Bali,2020,G,"Perdagangan Besar dan Eceran, Reparasi Mobil dan Sepeda Motor",Perdagangan,14173.017215790356,,ADHK,
Bali,2020,H,Transportasi dan Pergudangan,Transportasi,7941.970622531997,,ADHK,
Bali,2020,I,Penyediaan Akomodasi dan Makan Minum,Akomodasi,23638.3455482812,,ADHK,
Bali,2020,J,Informasi dan Komunikasi,Infokom,12344.791219826457,,ADHK,
Bali,2020,K,Jasa Keuangan dan Asuransi,Keuangan,6450.281816267721,,ADHK,
Bali,2020,L,Real Estate,Real Estate,7495.7403424955055,,ADHK,
Bali,2020,MN,Jasa Perusahaan,Jasa Perusahaan,1729.859388120554,,ADHK,
Bali,2020,O,"Administrasi Pemerintahan, Pertahanan dan Jaminan Sosial Wajib",Adm. Pemerintahan,8870.340018855051,,ADHK,
Bali,2020,P,Jasa Pendidikan,Pendidikan,8897.290756495258,,ADHK,
Bali,2020,Q,Jasa Kesehatan dan Kegiatan Sosial,Kesehatan,4001.3556303438136,,ADHK,
Bali,2020,RSTU,Jasa Lainnya,Jasa Lainnya,2538.075294787502,,ADHK,
Bali,2021,A,"Pertanian, Kehutanan dan Perikanan",Pertanian,21620.939783694485,0.3256353438941373,ADHK,
Bali,2021,B,Pertambangan dan Penggalian,Pertambangan,1357.1269049504554,0.0704447559015664,ADHK,
Bali,2021,C,Industri Pengolahan,Industri Pengolahan,9530.980999347988,0.06890305917204298,ADHK,
Bali,2021,D,Pengadaan Listrik dan Gas,Listrik & Gas,266.54177438448426,-5.084685831476965,ADHK,
Bali,2021,E,"Pengadaan Air, Pengelolaan Sampah, Limbah dan Daur Ulang",Air & Sampah,322.18072263695296,-3.955405325268324,ADHK,
Bali,2021,F,Konstruksi,Konstruksi,15496.149255383778,-0.08192472007476637,ADHK,
Bali,2021,G,"Perdagangan Besar dan Eceran, Reparasi Mobil dan Sepeda Motor",Perdagangan,13970.557217501326,-1.4284890451093712,ADHK,
Bali,2021,H,Transportasi dan Pergudangan,Transportasi,6538.829815283581,-17.667413718046177,ADHK,
Bali,2021,I,Penyediaan Akomodasi dan Makan Minum,Akomodasi,21222.6998291286,-10.219182701338614,ADHK,
Bali,2021,J,Informasi dan Komunikasi,Infokom,12682.802980348119,2.73809215970211,ADHK,
Bali,2021,K,Jasa Keuangan dan Asuransi,Keuangan,6238.3120739581,-3.2862090114424203,ADHK,
Bali,2021,L,Real Estate,Real Estate,7532.7466519260615,0.4936978569115569,ADHK,
Bali,2021,MN,Jasa Perusahaan,Jasa Perusahaan,1674.5057205376293,-3.199894047056917,ADHK,
Bali,2021,O,"Administrasi Pemerintahan, Pertahanan dan Jaminan Sosial Wajib",Adm. Pemerintahan,8922.259983411252,0.5853210186513413,ADHK,
Bali,2021,P,Jasa Pendidikan,Pendidikan,8967.826883490296,0.7927820830576415,ADHK,
Bali,2021,Q,Jasa Kesehatan dan Kegiatan Sosial,Kesehatan,4226.058019864564,5.61565654941405,ADHK,
Bali,2021,RSTU,Jasa Lainnya,Jasa Lainnya,2487.2776678990044,-2.0014231647430547,ADHK,
Bali,2022,A,"Pertanian, Kehutanan dan Perikanan",Pertanian,21437.381490978092,-0.8489838765233682,ADHK,
Bali,2022,B,Pertambangan dan Penggalian,Pertambangan,1419.5034123252983,4.59621772638279,ADHK,
Bali,2022,C,Industri Pengolahan,Industri Pengolahan,10060.450470931504,5.555246323749219,ADHK,
Bali,2022,D,Pengadaan Listrik dan Gas,Listrik & Gas,309.24922778491145,16.022799240025343,ADHK,
Bali,2022,E,"Pengadaan Air, Pengelolaan Sampah, Limbah dan Daur Ulang",Air & Sampah,320.5196896448447,-0.5155593973820705,ADHK,
Bali,2022,F,Konstruksi,Konstruksi,16076.742692150812,3.7466949188381227,ADHK,
Bali,2022,G,"Perdagangan Besar dan Eceran, Reparasi Mobil dan Sepeda Motor",Perdagangan,14761.548655283057,5.661846019934225,ADHK,
Bali,2022,H,Transportasi dan Pergudangan,Transportasi,7950.343230877168,21.586636377878744,ADHK,
Bali,2022,I,Penyediaan Akomodasi dan Makan Minum,Akomodasi,24171.390072770875,13.894039247518997,ADHK,
Bali,2022,J,Informasi dan Komunikasi,Infokom,12608.704545772658,-0.5842433623724608,ADHK,
Bali,2022,K,Jasa Keuangan dan Asuransi,Keuangan,6743.640826679732,8.100408359356237,ADHK,
Bali,2022,L,Real Estate,Real Estate,7707.700097536216,2.3225717483199793,ADHK,
Bali,2022,MN,Jasa Perusahaan,Jasa Perusahaan,1817.0287141990457,8.511347074744947,ADHK,
Bali,2022,O,"Administrasi Pemerintahan, Pertahanan dan Jaminan Sosial Wajib",Adm. Pemerintahan,8583.159579130552,-3.800611110987284,ADHK,
Bali,2022,P,Jasa Pendidikan,Pendidikan,8969.662878308105,0.020473129573783666,ADHK,
Bali,2022,Q,Jasa Kesehatan dan Kegiatan Sosial,Kesehatan,4271.057890470791,1.0648190440051941,ADHK,
Bali,2022,RSTU,Jasa Lainnya,Jasa Lainnya,2724.832735311339,9.550806107345334,ADHK,
Bali,2023,A,"Pertanian, Kehutanan dan Perikanan",Pertanian,21337.486303967115,-0.4659859556682244,ADHK,
Bali,2023,B,Pertambangan dan Penggalian,Pertambangan,1440.4713927080031,1.4771349051114324,ADHK,
Bali,2023,C,Industri Pengolahan,Industri Pengolahan,10294.671008876778,2.3281317136049307,ADHK,
Bali,2023,D,Pengadaan Listrik dan Gas,Listrik & Gas,352.0659074088691,13.845363472900063,ADHK,
Bali,2023,E,"Pengadaan Air, Pengelolaan Sampah, Limbah dan Daur Ulang",Air & Sampah,331.6794442385302,3.48176881303337,ADHK,
Bali,2023,F,Konstruksi,Konstruksi,16220.44590098151,0.8938577396082614,ADHK,
Bali,2023,G,"Perdagangan Besar dan Eceran, Reparasi Mobil dan Sepeda Motor",Perdagangan,15539.20356895536,5.268111983589097,ADHK,
Bali,2023,H,Transportasi dan Pergudangan,Transportasi,9960.153388689154,25.279539504739624,ADHK,
Bali,2023,I,Penyediaan Akomodasi dan Makan Minum,Akomodasi,28075.527593625928,16.15189490178752,ADHK,
Bali,2023,J,Informasi dan Komunikasi,Infokom,12827.06948019065,1.731858603120373,ADHK,
Bali,2023,K,Jasa Keuangan dan Asuransi,Keuangan,7643.728009383674,13.347199322107217,ADHK,
Bali,2023,L,Real Estate,Real Estate,7746.963741900998,0.5094080447854088,ADHK,
Bali,2023,MN,Jasa Perusahaan,Jasa Perusahaan,1939.1215527025388,6.719367588932812,ADHK,
Bali,2023,O,"Administrasi Pemerintahan, Pertahanan dan Jaminan Sosial Wajib",Adm. Pemerintahan,8498.81697872261,-0.9826521297939594,ADHK,
Bali,2023,P,Jasa Pendidikan,Pendidikan,8956.621328162042,-0.14539621302381844,ADHK,
Bali,2023,Q,Jasa Kesehatan dan Kegiatan Sosial,Kesehatan,4369.085545247178,2.2951609950101037,ADHK,
Bali,2023,RSTU,Jasa Lainnya,Jasa Lainnya,2943.215891188496,8.014552711698997,ADHK,
Bali,2024,A,"Pertanian, Kehutanan dan Perikanan",Pertanian,21872.324263838764,2.5065649826437664,ADHK,
Bali,2024,B,Pertambangan dan Penggalian,Pertambangan,1460.0561033834483,1.3596042777793027,ADHK,
Bali,2024,C,Industri Pengolahan,Industri Pengolahan,10828.561404166318,5.186085061185364,ADHK,
Bali,2024,D,Pengadaan Listrik dan Gas,Listrik & Gas,393.53215372372244,11.777978339350192,ADHK,
Bali,2024,E,"Pengadaan Air, Pengelolaan Sampah, Limbah dan Daur Ulang",Air & Sampah,335.80716095544597,1.2444897591987303,ADHK,
Bali,2024,F,Konstruksi,Konstruksi,16515.432633565568,1.8186105017384824,ADHK,
Bali,2024,G,"Perdagangan Besar dan Eceran, Reparasi Mobil dan Sepeda Motor",Perdagangan,16152.444457825695,3.9464113212049456,ADHK,
Bali,2024,H,Transportasi dan Pergudangan,Transportasi,10556.982461915282,5.992167489146238,ADHK,
Bali,2024,I,Penyediaan Akomodasi dan Makan Minum,Akomodasi,31415.90434552339,11.897823614384496,ADHK,
Bali,2024,J,Informasi dan Komunikasi,Infokom,13072.188857464238,1.9109538437609208,ADHK,
Bali,2024,K,Jasa Keuangan dan Asuransi,Keuangan,8794.83619854505,15.059512684755916,ADHK,
Bali,2024,L,Real Estate,Real Estate,7880.7457954807205,1.7268966015180354,ADHK,
Bali,2024,MN,Jasa Perusahaan,Jasa Perusahaan,2067.8982693683756,6.640982174962762,ADHK,
Bali,2024,O,"Administrasi Pemerintahan, Pertahanan dan Jaminan Sosial Wajib",Adm. Pemerintahan,9118.54568625854,7.291940855856338,ADHK,
Bali,2024,P,Jasa Pendidikan,Pendidikan,9081.957909175575,1.3993734514536227,ADHK,
Bali,2024,Q,Jasa Kesehatan dan Kegiatan Sosial,Kesehatan,4472.300162671534,2.362384905386805,ADHK,
Bali,2024,RSTU,Jasa Lainnya,Jasa Lainnya,3124.47579600297,6.158566395252785,ADHK,
Bali,2025,A,"Pertanian, Kehutanan dan Perikanan",Pertanian,22244.932602122743,1.7035607820610421,ADHK,
Bali,2025,B,Pertambangan dan Penggalian,Pertambangan,1470.3559893331872,0.7054445322936864,ADHK,
Bali,2025,C,Industri Pengolahan,Industri Pengolahan,11255.337730196294,3.941209825580083,ADHK,
Bali,2025,D,Pengadaan Listrik dan Gas,Listrik & Gas,412.7460394084066,4.882418247880493,ADHK,
Bali,2025,E,"Pengadaan Air, Pengelolaan Sampah, Limbah dan Daur Ulang",Air & Sampah,344.23168158009094,2.5087376340264367,ADHK,
Bali,2025,F,Konstruksi,Konstruksi,17185.86502848057,4.059429805989034,ADHK,
Bali,2025,G,"Perdagangan Besar dan Eceran, Reparasi Mobil dan Sepeda Motor",Perdagangan,17226.03464863473,6.646611252013268,ADHK,
Bali,2025,H,Transportasi dan Pergudangan,Transportasi,11239.133339242428,6.461608511599137,ADHK,
Bali,2025,I,Penyediaan Akomodasi dan Makan Minum,Akomodasi,34636.758711509974,10.25230510814672,ADHK,
Bali,2025,J,Informasi dan Komunikasi,Infokom,13680.31874014992,4.652089174327068,ADHK,
Bali,2025,K,Jasa Keuangan dan Asuransi,Keuangan,8969.053388484606,1.9809031800771537,ADHK,
Bali,2025,L,Real Estate,Real Estate,8091.107437293662,2.6693113478368335,ADHK,
Bali,2025,MN,Jasa Perusahaan,Jasa Perusahaan,2229.9648829322027,7.837262401371858,ADHK,
Bali,2025,O,"Administrasi Pemerintahan, Pertahanan dan Jaminan Sosial Wajib",Adm. Pemerintahan,10120.276875260159,10.985646433851915,ADHK,
Bali,2025,P,Jasa Pendidikan,Pendidikan,9676.550817862417,6.546968336927872,ADHK,
Bali,2025,Q,Jasa Kesehatan dan Kegiatan Sosial,Kesehatan,4749.842259472538,6.205802086307499,ADHK,
Bali,2025,RSTU,Jasa Lainnya,Jasa Lainnya,3323.816043890475,6.379958140258712,ADHK,
Bali,2026,A,"Pertanian, Kehutanan dan Perikanan",Pertanian,,,ADHK,
Bali,2026,B,Pertambangan dan Penggalian,Pertambangan,,,ADHK,
Bali,2026,C,Industri Pengolahan,Industri Pengolahan,,,ADHK,
Bali,2026,D,Pengadaan Listrik dan Gas,Listrik & Gas,,,ADHK,
Bali,2026,E,"Pengadaan Air, Pengelolaan Sampah, Limbah dan Daur Ulang",Air & Sampah,,,ADHK,
Bali,2026,F,Konstruksi,Konstruksi,,,ADHK,
Bali,2026,G,"Perdagangan Besar dan Eceran, Reparasi Mobil dan Sepeda Motor",Perdagangan,,,ADHK,
Bali,2026,H,Transportasi dan Pergudangan,Transportasi,,,ADHK,
Bali,2026,I,Penyediaan Akomodasi dan Makan Minum,Akomodasi,,,ADHK,
Bali,2026,J,Informasi dan Komunikasi,Infokom,,,ADHK,
Bali,2026,K,Jasa Keuangan dan Asuransi,Keuangan,,,ADHK,
Bali,2026,L,Real Estate,Real Estate,,,ADHK,
Bali,2026,MN,Jasa Perusahaan,Jasa Perusahaan,,,ADHK,
Bali,2026,O,"Administrasi Pemerintahan, Pertahanan dan Jaminan Sosial Wajib",Adm. Pemerintahan,,,ADHK,
Bali,2026,P,Jasa Pendidikan,Pendidikan,,,ADHK,
Bali,2026,Q,Jasa Kesehatan dan Kegiatan Sosial,Kesehatan,,,ADHK,
Bali,2026,RSTU,Jasa Lainnya,Jasa Lainnya,,,ADHK,
Banten,2020,A,"Pertanian, Kehutanan dan Perikanan",Pertanian,25609.68499155566,,ADHK,
Banten,2020,B,Pertambangan dan Penggalian,Pertambangan,2627.8541868906386,,ADHK,
Banten,2020,C,Industri Pengolahan,Industri Pengolahan,144945.93721266318,,ADHK,
Banten,2020,D,Pengadaan Listrik dan Gas,Listrik & Gas,3805.1040194754937,,ADHK,
Banten,2020,E,"Pengadaan Air, Pengelolaan Sampah, Limbah dan Daur Ulang",Air & Sampah,468.06318308756386,,ADHK,
Banten,2020,F,Konstruksi,Konstruksi,43748.01231530959,,ADHK,
Banten,2020,G,"Perdagangan Besar dan Eceran, Reparasi Mobil dan Sepeda Motor",Perdagangan,60285.44477509426,,ADHK,
Banten,2020,H,Transportasi dan Pergudangan,Transportasi,20558.230582388027,,ADHK,
Banten,2020,I,Penyediaan Akomodasi dan Makan Minum,Akomodasi,10745.533225273528,,ADHK,
Banten,2020,J,Informasi dan Komunikasi,Infokom,29663.135606053795,,ADHK,
Banten,2020,K,Jasa Keuangan dan Asuransi,Keuangan,13478.480383542572,,ADHK,
Banten,2020,L,Real Estate,Real Estate,41342.89954439545,,ADHK,
Banten,2020,MN,Jasa Perusahaan,Jasa Perusahaan,4609.186443039599,,ADHK,
Banten,2020,O,"Administrasi Pemerintahan, Pertahanan dan Jaminan Sosial Wajib",Adm. Pemerintahan,8010.538644874454,,ADHK,
Banten,2020,P,Jasa Pendidikan,Pendidikan,14268.244140175808,,ADHK,
Banten,2020,Q,Jasa Kesehatan dan Kegiatan Sosial,Kesehatan,6063.796906282889,,ADHK,
Banten,2020,RSTU,Jasa Lainnya,Jasa Lainnya,6665.454423762927,,ADHK,
Banten,2021,A,"Pertanian, Kehutanan dan Perikanan",Pertanian,25753.05824403617,0.5598399688546918,ADHK,
Banten,2021,B,Pertambangan dan Penggalian,Pertambangan,2643.7667643144378,0.6055350218128863,ADHK,
Banten,2021,C,Industri Pengolahan,Industri Pengolahan,152303.7886036267,5.076272941799087,ADHK,
Banten,2021,D,Pengadaan Listrik dan Gas,Listrik & Gas,4288.559144134875,12.705437806297404,ADHK,
Banten,2021,E,"Pengadaan Air, Pengelolaan Sampah, Limbah dan Daur Ulang",Air & Sampah,491.5364636946029,5.014981193820511,ADHK,
Banten,2021,F,Konstruksi,Konstruksi,48466.636091524444,10.785915808484802,ADHK,
Banten,2021,G,"Perdagangan Besar dan Eceran, Reparasi Mobil dan Sepeda Motor",Perdagangan,61395.2070481104,1.8408461232330753,ADHK,
Banten,2021,H,Transportasi dan Pergudangan,Transportasi,21733.380339333722,5.716200877484234,ADHK,
Banten,2021,I,Penyediaan Akomodasi dan Makan Minum,Akomodasi,11207.789959067353,4.301850118583195,ADHK,
Banten,2021,J,Informasi dan Komunikasi,Infokom,31294.857353546693,5.500840400567397,ADHK,
Banten,2021,K,Jasa Keuangan dan Asuransi,Keuangan,14229.395533436294,5.571215215111347,ADHK,
Banten,2021,L,Real Estate,Real Estate,42584.61354595763,3.0034516573487657,ADHK,
Banten,2021,MN,Jasa Perusahaan,Jasa Perusahaan,4547.41784619207,-1.3401192946058127,ADHK,
Banten,2021,O,"Administrasi Pemerintahan, Pertahanan dan Jaminan Sosial Wajib",Adm. Pemerintahan,7944.43067008813,-0.8252625412227821,ADHK,
Banten,2021,P,Jasa Pendidikan,Pendidikan,14110.059217095833,-1.1086502412344101,ADHK,
Banten,2021,Q,Jasa Kesehatan dan Kegiatan Sosial,Kesehatan,6667.286152076814,9.95233275653793,ADHK,
Banten,2021,RSTU,Jasa Lainnya,Jasa Lainnya,6760.291876424261,1.4228205105300873,ADHK,
Banten,2022,A,"Pertanian, Kehutanan dan Perikanan",Pertanian,26841.235899399915,4.2254308014689546,ADHK,
Banten,2022,B,Pertambangan dan Penggalian,Pertambangan,2197.7767269004366,-16.86949255259482,ADHK,
Banten,2022,C,Industri Pengolahan,Industri Pengolahan,157816.62151939207,3.619629535357527,ADHK,
Banten,2022,D,Pengadaan Listrik dan Gas,Listrik & Gas,4607.579154097424,7.438862313438022,ADHK,
Banten,2022,E,"Pengadaan Air, Pengelolaan Sampah, Limbah dan Daur Ulang",Air & Sampah,509.8973433558716,3.7354054108743595,ADHK,
Banten,2022,F,Konstruksi,Konstruksi,50796.120663042624,4.806367347465956,ADHK,
Banten,2022,G,"Perdagangan Besar dan Eceran, Reparasi Mobil dan Sepeda Motor",Perdagangan,63807.92181110007,3.929809636604076,ADHK,
Banten,2022,H,Transportasi dan Pergudangan,Transportasi,27528.909685988023,26.6664883978742,ADHK,
Banten,2022,I,Penyediaan Akomodasi dan Makan Minum,Akomodasi,12114.008174798713,8.085610267867382,ADHK,
Banten,2022,J,Informasi dan Komunikasi,Infokom,33080.34233078463,5.705362248713319,ADHK,
Banten,2022,K,Jasa Keuangan dan Asuransi,Keuangan,14897.332990822535,4.694067684159298,ADHK,
Banten,2022,L,Real Estate,Real Estate,44452.558204029294,4.386430925469731,ADHK,
Banten,2022,MN,Jasa Perusahaan,Jasa Perusahaan,4716.55681965942,3.7194508881339017,ADHK,
Banten,2022,O,"Administrasi Pemerintahan, Pertahanan dan Jaminan Sosial Wajib",Adm. Pemerintahan,8082.651916212282,1.7398508699254522,ADHK,
Banten,2022,P,Jasa Pendidikan,Pendidikan,13962.391351287435,-1.0465432039398093,ADHK,
Banten,2022,Q,Jasa Kesehatan dan Kegiatan Sosial,Kesehatan,6788.4472643117915,1.8172478197480135,ADHK,
Banten,2022,RSTU,Jasa Lainnya,Jasa Lainnya,7142.8370056587955,5.6587072899709545,ADHK,
Banten,2023,A,"Pertanian, Kehutanan dan Perikanan",Pertanian,26882.53550202257,0.15386624810214133,ADHK,
Banten,2023,B,Pertambangan dan Penggalian,Pertambangan,1835.6984173397657,-16.474754015223215,ADHK,
Banten,2023,C,Industri Pengolahan,Industri Pengolahan,166948.20644686272,5.786199729506047,ADHK,
Banten,2023,D,Pengadaan Listrik dan Gas,Listrik & Gas,4538.915578123475,-1.4902310666304652,ADHK,
Banten,2023,E,"Pengadaan Air, Pengelolaan Sampah, Limbah dan Daur Ulang",Air & Sampah,537.339199794355,5.381839461620985,ADHK,
Banten,2023,F,Konstruksi,Konstruksi,51547.510821331685,1.4792274458780508,ADHK,
Banten,2023,G,"Perdagangan Besar dan Eceran, Reparasi Mobil dan Sepeda Motor",Perdagangan,66358.45729072731,3.99720819489775,ADHK,
Banten,2023,H,Transportasi dan Pergudangan,Transportasi,30962.102662988807,12.471227579159262,ADHK,
Banten,2023,I,Penyediaan Akomodasi dan Makan Minum,Akomodasi,13137.048990626483,8.445105873017699,ADHK,
Banten,2023,J,Informasi dan Komunikasi,Infokom,35647.30243809891,7.7597749190323695,ADHK,
Banten,2023,K,Jasa Keuangan dan Asuransi,Keuangan,14795.23426491037,-0.6853490217011537,ADHK,
Banten,2023,L,Real Estate,Real Estate,46017.86016959194,3.521286577879712,ADHK,
Banten,2023,MN,Jasa Perusahaan,Jasa Perusahaan,5060.173900267767,7.285337455834129,ADHK,
Banten,2023,O,"Administrasi Pemerintahan, Pertahanan dan Jaminan Sosial Wajib",Adm. Pemerintahan,8236.94031337489,1.90888335613133,ADHK,
Banten,2023,P,Jasa Pendidikan,Pendidikan,14768.37311983987,5.772519536763432,ADHK,
Banten,2023,Q,Jasa Kesehatan dan Kegiatan Sosial,Kesehatan,7280.981043844126,7.255470365390959,ADHK,
Banten,2023,RSTU,Jasa Lainnya,Jasa Lainnya,7813.069964767217,9.383287880955994,ADHK,
Banten,2024,A,"Pertanian, Kehutanan dan Perikanan",Pertanian,27056.863191699405,0.6484793432662617,ADHK,
Banten,2024,B,Pertambangan dan Penggalian,Pertambangan,1705.4521300835524,-7.095189821264968,ADHK,
Banten,2024,C,Industri Pengolahan,Industri Pengolahan,175262.64748506132,4.980251788955248,ADHK,
Banten,2024,D,Pengadaan Listrik dan Gas,Listrik & Gas,4127.0135595332595,-9.074899312414797,ADHK,
Banten,2024,E,"Pengadaan Air, Pengelolaan Sampah, Limbah dan Daur Ulang",Air & Sampah,558.1767094857731,3.877906115800389,ADHK,
Banten,2024,F,Konstruksi,Konstruksi,54583.81329939366,5.890298929440196,ADHK,
Banten,2024,G,"Perdagangan Besar dan Eceran, Reparasi Mobil dan Sepeda Motor",Perdagangan,69227.2153927145,4.3231235612043895,ADHK,
Banten,2024,H,Transportasi dan Pergudangan,Transportasi,32927.89260116013,6.34901950803608,ADHK,
Banten,2024,I,Penyediaan Akomodasi dan Makan Minum,Akomodasi,14063.955674943441,7.055668932789416,ADHK,
Banten,2024,J,Informasi dan Komunikasi,Infokom,37730.98672938696,5.845279021901706,ADHK,
Banten,2024,K,Jasa Keuangan dan Asuransi,Keuangan,14835.304518299185,0.2708321657592716,ADHK,
Banten,2024,L,Real Estate,Real Estate,47660.84042623191,3.5703099852644415,ADHK,
Banten,2024,MN,Jasa Perusahaan,Jasa Perusahaan,5390.741978800599,6.532741463990788,ADHK,
Banten,2024,O,"Administrasi Pemerintahan, Pertahanan dan Jaminan Sosial Wajib",Adm. Pemerintahan,9615.185699576587,16.732492087671737,ADHK,
Banten,2024,P,Jasa Pendidikan,Pendidikan,15502.262157095209,4.96932892540094,ADHK,
Banten,2024,Q,Jasa Kesehatan dan Kegiatan Sosial,Kesehatan,7933.825625063182,8.966437040390574,ADHK,
Banten,2024,RSTU,Jasa Lainnya,Jasa Lainnya,8206.759015665313,5.038852239560421,ADHK,
Banten,2025,A,"Pertanian, Kehutanan dan Perikanan",Pertanian,29653.671964259498,9.597597305207017,ADHK,
Banten,2025,B,Pertambangan dan Penggalian,Pertambangan,1719.9615346388366,0.8507658643326144,ADHK,
Banten,2025,C,Industri Pengolahan,Industri Pengolahan,184676.5427761239,5.371307250088764,ADHK,
Banten,2025,D,Pengadaan Listrik dan Gas,Listrik & Gas,4218.564994165191,2.2183458646616527,ADHK,
Banten,2025,E,"Pengadaan Air, Pengelolaan Sampah, Limbah dan Daur Ulang",Air & Sampah,582.7540299857703,4.403143320444047,ADHK,
Banten,2025,F,Konstruksi,Konstruksi,57796.14536153719,5.885136761192911,ADHK,
Banten,2025,G,"Perdagangan Besar dan Eceran, Reparasi Mobil dan Sepeda Motor",Perdagangan,72419.3293830679,4.61106802035165,ADHK,
Banten,2025,H,Transportasi dan Pergudangan,Transportasi,34311.09675041957,4.2007065742516225,ADHK,
Banten,2025,I,Penyediaan Akomodasi dan Makan Minum,Akomodasi,14989.833869426318,6.583341243974727,ADHK,
Banten,2025,J,Informasi dan Komunikasi,Infokom,39852.69784251153,5.623259016102189,ADHK,
Banten,2025,K,Jasa Keuangan dan Asuransi,Keuangan,14579.897862069203,-1.721613842944314,ADHK,
Banten,2025,L,Real Estate,Real Estate,50490.00024976904,5.936025882539808,ADHK,
Banten,2025,MN,Jasa Perusahaan,Jasa Perusahaan,5741.720290350781,6.510760725154796,ADHK,
Banten,2025,O,"Administrasi Pemerintahan, Pertahanan dan Jaminan Sosial Wajib",Adm. Pemerintahan,10100.34207462148,5.045730682728866,ADHK,
Banten,2025,P,Jasa Pendidikan,Pendidikan,16676.27108252386,7.573145864336461,ADHK,
Banten,2025,Q,Jasa Kesehatan dan Kegiatan Sosial,Kesehatan,8180.711188809308,3.1118098054261134,ADHK,
Banten,2025,RSTU,Jasa Lainnya,Jasa Lainnya,8664.939915977036,5.582970079140059,ADHK,
Banten,2026,A,"Pertanian, Kehutanan dan Perikanan",Pertanian,,,ADHK,
Banten,2026,B,Pertambangan dan Penggalian,Pertambangan,,,ADHK,
Banten,2026,C,Industri Pengolahan,Industri Pengolahan,,,ADHK,
Banten,2026,D,Pengadaan Listrik dan Gas,Listrik & Gas,,,ADHK,
Banten,2026,E,"Pengadaan Air, Pengelolaan Sampah, Limbah dan Daur Ulang",Air & Sampah,,,ADHK,
Banten,2026,F,Konstruksi,Konstruksi,,,ADHK,
Banten,2026,G,"Perdagangan Besar dan Eceran, Reparasi Mobil dan Sepeda Motor",Perdagangan,,,ADHK,
Banten,2026,H,Transportasi dan Pergudangan,Transportasi,,,ADHK,
Banten,2026,I,Penyediaan Akomodasi dan Makan Minum,Akomodasi,,,ADHK,
Banten,2026,J,Informasi dan Komunikasi,Infokom,,,ADHK,
Banten,2026,K,Jasa Keuangan dan Asuransi,Keuangan,,,ADHK,
Banten,2026,L,Real Estate,Real Estate,,,ADHK,
Banten,2026,MN,Jasa Perusahaan,Jasa Perusahaan,,,ADHK,
Banten,2026,O,"Administrasi Pemerintahan, Pertahanan dan Jaminan Sosial Wajib",Adm. Pemerintahan,,,ADHK,
Banten,2026,P,Jasa Pendidikan,Pendidikan,,,ADHK,
Banten,2026,Q,Jasa Kesehatan dan Kegiatan Sosial,Kesehatan,,,ADHK,
Banten,2026,RSTU,Jasa Lainnya,Jasa Lainnya,,,ADHK,
Bengkulu,2020,A,"Pertanian, Kehutanan dan Perikanan",Pertanian,12965.3901414,,ADHK,
Bengkulu,2020,B,Pertambangan dan Penggalian,Pertambangan,1527.6372874266135,,ADHK,
Bengkulu,2020,C,Industri Pengolahan,Industri Pengolahan,2665.7678733593502,,ADHK,
Bengkulu,2020,D,Pengadaan Listrik dan Gas,Listrik & Gas,48.81419226145083,,ADHK,
Bengkulu,2020,E,"Pengadaan Air, Pengelolaan Sampah, Limbah dan Daur Ulang",Air & Sampah,100.14934848825263,,ADHK,
Bengkulu,2020,F,Konstruksi,Konstruksi,2141.1797677876757,,ADHK,
Bengkulu,2020,G,"Perdagangan Besar dan Eceran, Reparasi Mobil dan Sepeda Motor",Perdagangan,7165.979539677299,,ADHK,
Bengkulu,2020,H,Transportasi dan Pergudangan,Transportasi,3616.9569549860744,,ADHK,
Bengkulu,2020,I,Penyediaan Akomodasi dan Makan Minum,Akomodasi,795.7346731700219,,ADHK,
Bengkulu,2020,J,Informasi dan Komunikasi,Infokom,2244.8992618284433,,ADHK,
Bengkulu,2020,K,Jasa Keuangan dan Asuransi,Keuangan,1608.0549331166076,,ADHK,
Bengkulu,2020,L,Real Estate,Real Estate,2063.3239883742503,,ADHK,
Bengkulu,2020,MN,Jasa Perusahaan,Jasa Perusahaan,1019.714765244562,,ADHK,
Bengkulu,2020,O,"Administrasi Pemerintahan, Pertahanan dan Jaminan Sosial Wajib",Adm. Pemerintahan,4163.330915032444,,ADHK,
Bengkulu,2020,P,Jasa Pendidikan,Pendidikan,2910.6305237230745,,ADHK,
Bengkulu,2020,Q,Jasa Kesehatan dan Kegiatan Sosial,Kesehatan,840.4463295096842,,ADHK,
Bengkulu,2020,RSTU,Jasa Lainnya,Jasa Lainnya,383.09091346560757,,ADHK,
Bengkulu,2021,A,"Pertanian, Kehutanan dan Perikanan",Pertanian,13283.273466493361,2.4517837228694273,ADHK,
Bengkulu,2021,B,Pertambangan dan Penggalian,Pertambangan,1626.486337802222,6.470714690535262,ADHK,
Bengkulu,2021,C,Industri Pengolahan,Industri Pengolahan,2728.8200696821878,2.3652545652214085,ADHK,
Bengkulu,2021,D,Pengadaan Listrik dan Gas,Listrik & Gas,52.75626596523358,8.07567127746136,ADHK,
Bengkulu,2021,E,"Pengadaan Air, Pengelolaan Sampah, Limbah dan Daur Ulang",Air & Sampah,101.40258296134031,1.251365577515151,ADHK,
Bengkulu,2021,F,Konstruksi,Konstruksi,2199.973668433014,2.745864757823946,ADHK,
Bengkulu,2021,G,"Perdagangan Besar dan Eceran, Reparasi Mobil dan Sepeda Motor",Perdagangan,7542.86093960377,5.259314485057032,ADHK,
Bengkulu,2021,H,Transportasi dan Pergudangan,Transportasi,3682.765656579112,1.8194493993719973,ADHK,
Bengkulu,2021,I,Penyediaan Akomodasi dan Makan Minum,Akomodasi,807.1865118995269,1.4391529131039915,ADHK,
Bengkulu,2021,J,Informasi dan Komunikasi,Infokom,2387.6694281779305,6.3597582651972795,ADHK,
Bengkulu,2021,K,Jasa Keuangan dan Asuransi,Keuangan,1719.0848000234382,6.904606591495055,ADHK,
Bengkulu,2021,L,Real Estate,Real Estate,2065.7910756696206,0.11956858492756517,ADHK,
Bengkulu,2021,MN,Jasa Perusahaan,Jasa Perusahaan,1011.4869211877875,-0.8068770147504178,ADHK,
Bengkulu,2021,O,"Administrasi Pemerintahan, Pertahanan dan Jaminan Sosial Wajib",Adm. Pemerintahan,4263.929574814069,2.416302278985216,ADHK,
Bengkulu,2021,P,Jasa Pendidikan,Pendidikan,2981.8850834729064,2.4480798634203937,ADHK,
Bengkulu,2021,Q,Jasa Kesehatan dan Kegiatan Sosial,Kesehatan,929.3473057337311,10.577829077546408,ADHK,
Bengkulu,2021,RSTU,Jasa Lainnya,Jasa Lainnya,388.4792923287555,1.406553555238954,ADHK,
Bengkulu,2022,A,"Pertanian, Kehutanan dan Perikanan",Pertanian,13880.689038189717,4.49750261637929,ADHK,
Bengkulu,2022,B,Pertambangan dan Penggalian,Pertambangan,1580.6891637532387,-2.8157121879588742,ADHK,
Bengkulu,2022,C,Industri Pengolahan,Industri Pengolahan,2812.847092921394,3.0792438157709823,ADHK,
Bengkulu,2022,D,Pengadaan Listrik dan Gas,Listrik & Gas,56.996229369554065,8.036890645586304,ADHK,
Bengkulu,2022,E,"Pengadaan Air, Pengelolaan Sampah, Limbah dan Daur Ulang",Air & Sampah,106.70396370860803,5.2280529671407505,ADHK,
Bengkulu,2022,F,Konstruksi,Konstruksi,2205.4901814864115,0.250753594579467,ADHK,
Bengkulu,2022,G,"Perdagangan Besar dan Eceran, Reparasi Mobil dan Sepeda Motor",Perdagangan,7853.10955651714,4.1131424720348475,ADHK,
Bengkulu,2022,H,Transportasi dan Pergudangan,Transportasi,4178.207367808962,13.452979565636024,ADHK,
Bengkulu,2022,I,Penyediaan Akomodasi dan Makan Minum,Akomodasi,874.9283903944395,8.392345201048723,ADHK,
Bengkulu,2022,J,Informasi dan Komunikasi,Infokom,2584.497135852731,8.243507470169465,ADHK,
Bengkulu,2022,K,Jasa Keuangan dan Asuransi,Keuangan,1643.4797943773258,-4.397979997559265,ADHK,
Bengkulu,2022,L,Real Estate,Real Estate,2145.546913943033,3.8607891772191705,ADHK,
Bengkulu,2022,MN,Jasa Perusahaan,Jasa Perusahaan,1126.2185287494449,11.34286614669502,ADHK,
Bengkulu,2022,O,"Administrasi Pemerintahan, Pertahanan dan Jaminan Sosial Wajib",Adm. Pemerintahan,4272.271369196041,0.19563630767365225,ADHK,
Bengkulu,2022,P,Jasa Pendidikan,Pendidikan,3128.1260620044195,4.90431302473906,ADHK,
Bengkulu,2022,Q,Jasa Kesehatan dan Kegiatan Sosial,Kesehatan,960.7759439155983,3.3817968791606923,ADHK,
Bengkulu,2022,RSTU,Jasa Lainnya,Jasa Lainnya,420.06531428345124,8.13068355982427,ADHK,
Bengkulu,2023,A,"Pertanian, Kehutanan dan Perikanan",Pertanian,14166.787070489345,2.061122697241391,ADHK,
Bengkulu,2023,B,Pertambangan dan Penggalian,Pertambangan,1714.935986421814,8.492929903423608,ADHK,
Bengkulu,2023,C,Industri Pengolahan,Industri Pengolahan,2864.463833257977,1.8350354154151427,ADHK,
Bengkulu,2023,D,Pengadaan Listrik dan Gas,Listrik & Gas,59.25026143695629,3.9547038327526263,ADHK,
Bengkulu,2023,E,"Pengadaan Air, Pengelolaan Sampah, Limbah dan Daur Ulang",Air & Sampah,111.57765332617123,4.567486950037303,ADHK,
Bengkulu,2023,F,Konstruksi,Konstruksi,2316.5442403663274,5.035345875131925,ADHK,
Bengkulu,2023,G,"Perdagangan Besar dan Eceran, Reparasi Mobil dan Sepeda Motor",Perdagangan,8093.147055473244,3.05659175169537,ADHK,
Bengkulu,2023,H,Transportasi dan Pergudangan,Transportasi,4480.034973588616,7.223854136706742,ADHK,
Bengkulu,2023,I,Penyediaan Akomodasi dan Makan Minum,Akomodasi,961.3907617347345,9.882222624107051,ADHK,
Bengkulu,2023,J,Informasi dan Komunikasi,Infokom,2832.898471254393,9.611205675401301,ADHK,
Bengkulu,2023,K,Jasa Keuangan dan Asuransi,Keuangan,1559.752845074991,-5.09449216161838,ADHK,
Bengkulu,2023,L,Real Estate,Real Estate,2258.503554523373,5.264701500875191,ADHK,
Bengkulu,2023,MN,Jasa Perusahaan,Jasa Perusahaan,1214.5533000514745,7.843484106065701,ADHK,
Bengkulu,2023,O,"Administrasi Pemerintahan, Pertahanan dan Jaminan Sosial Wajib",Adm. Pemerintahan,4535.44056525849,6.159936327077764,ADHK,
Bengkulu,2023,P,Jasa Pendidikan,Pendidikan,3280.8628700272006,4.882693503883639,ADHK,
Bengkulu,2023,Q,Jasa Kesehatan dan Kegiatan Sosial,Kesehatan,1043.4901803400649,8.609107768390679,ADHK,
Bengkulu,2023,RSTU,Jasa Lainnya,Jasa Lainnya,461.78307623680996,9.931256053483262,ADHK,
Bengkulu,2024,A,"Pertanian, Kehutanan dan Perikanan",Pertanian,14531.127382340528,2.5717921081071182,ADHK,
Bengkulu,2024,B,Pertambangan dan Penggalian,Pertambangan,1752.9908307423948,2.219024186435181,ADHK,
Bengkulu,2024,C,Industri Pengolahan,Industri Pengolahan,2907.0029435848523,1.485063621085847,ADHK,
Bengkulu,2024,D,Pengadaan Listrik dan Gas,Listrik & Gas,61.64330869794279,4.038880509468745,ADHK,
Bengkulu,2024,E,"Pengadaan Air, Pengelolaan Sampah, Limbah dan Daur Ulang",Air & Sampah,118.37097987473379,6.088429310037435,ADHK,
Bengkulu,2024,F,Konstruksi,Konstruksi,2446.984343345239,5.63080560716096,ADHK,
Bengkulu,2024,G,"Perdagangan Besar dan Eceran, Reparasi Mobil dan Sepeda Motor",Perdagangan,8361.671688887309,3.317926037590868,ADHK,
Bengkulu,2024,H,Transportasi dan Pergudangan,Transportasi,4657.967676114681,3.971681104612834,ADHK,
Bengkulu,2024,I,Penyediaan Akomodasi dan Makan Minum,Akomodasi,1051.7099699528421,9.394640744741034,ADHK,
Bengkulu,2024,J,Informasi dan Komunikasi,Infokom,3094.3977124984867,9.230801735309036,ADHK,
Bengkulu,2024,K,Jasa Keuangan dan Asuransi,Keuangan,1644.9783079670347,5.464036379939796,ADHK,
Bengkulu,2024,L,Real Estate,Real Estate,2354.8897585732702,4.267702118814598,ADHK,
Bengkulu,2024,MN,Jasa Perusahaan,Jasa Perusahaan,1314.2735746911474,8.210448618059552,ADHK,
Bengkulu,2024,O,"Administrasi Pemerintahan, Pertahanan dan Jaminan Sosial Wajib",Adm. Pemerintahan,4916.866379174531,8.409895542183165,ADHK,
Bengkulu,2024,P,Jasa Pendidikan,Pendidikan,3491.413558345532,6.417540039294156,ADHK,
Bengkulu,2024,Q,Jasa Kesehatan dan Kegiatan Sosial,Kesehatan,1138.1324510981221,9.069780678454897,ADHK,
Bengkulu,2024,RSTU,Jasa Lainnya,Jasa Lainnya,505.04888073648743,9.36929193080478,ADHK,
Bengkulu,2025,A,"Pertanian, Kehutanan dan Perikanan",Pertanian,15128.046467155502,4.107864924096671,ADHK,
Bengkulu,2025,B,Pertambangan dan Penggalian,Pertambangan,1680.0755994827468,-4.159475907171073,ADHK,
Bengkulu,2025,C,Industri Pengolahan,Industri Pengolahan,3180.6581209878805,9.41365326123691,ADHK,
Bengkulu,2025,D,Pengadaan Listrik dan Gas,Listrik & Gas,63.8079738551837,3.5115979381443285,ADHK,
Bengkulu,2025,E,"Pengadaan Air, Pengelolaan Sampah, Limbah dan Daur Ulang",Air & Sampah,118.41076509610166,0.03361062095621481,ADHK,
Bengkulu,2025,F,Konstruksi,Konstruksi,2524.107934526156,3.1517811460731515,ADHK,
Bengkulu,2025,G,"Perdagangan Besar dan Eceran, Reparasi Mobil dan Sepeda Motor",Perdagangan,8633.565339602557,3.2516661838875693,ADHK,
Bengkulu,2025,H,Transportasi dan Pergudangan,Transportasi,4866.416073527025,4.475093257543072,ADHK,
Bengkulu,2025,I,Penyediaan Akomodasi dan Makan Minum,Akomodasi,1173.6849085449958,11.597773347876794,ADHK,
Bengkulu,2025,J,Informasi dan Komunikasi,Infokom,3363.1591589621457,8.685420279950208,ADHK,
Bengkulu,2025,K,Jasa Keuangan dan Asuransi,Keuangan,1800.4241176728365,9.449717905272026,ADHK,
Bengkulu,2025,L,Real Estate,Real Estate,2481.640113950803,5.382432655969649,ADHK,
Bengkulu,2025,MN,Jasa Perusahaan,Jasa Perusahaan,1415.946219107004,7.736033530138475,ADHK,
Bengkulu,2025,O,"Administrasi Pemerintahan, Pertahanan dan Jaminan Sosial Wajib",Adm. Pemerintahan,4999.916448867744,1.6890853500711955,ADHK,
Bengkulu,2025,P,Jasa Pendidikan,Pendidikan,3744.2021057061597,7.240292309582941,ADHK,
Bengkulu,2025,Q,Jasa Kesehatan dan Kegiatan Sosial,Kesehatan,1221.8860598089184,7.358863076963229,ADHK,
Bengkulu,2025,RSTU,Jasa Lainnya,Jasa Lainnya,558.1884181437748,10.52166224580018,ADHK,
Bengkulu,2026,A,"Pertanian, Kehutanan dan Perikanan",Pertanian,,,ADHK,
Bengkulu,2026,B,Pertambangan dan Penggalian,Pertambangan,,,ADHK,
Bengkulu,2026,C,Industri Pengolahan,Industri Pengolahan,,,ADHK,
Bengkulu,2026,D,Pengadaan Listrik dan Gas,Listrik & Gas,,,ADHK,
Bengkulu,2026,E,"Pengadaan Air, Pengelolaan Sampah, Limbah dan Daur Ulang",Air & Sampah,,,ADHK,
Bengkulu,2026,F,Konstruksi,Konstruksi,,,ADHK,
Bengkulu,2026,G,"Perdagangan Besar dan Eceran, Reparasi Mobil dan Sepeda Motor",Perdagangan,,,ADHK,
Bengkulu,2026,H,Transportasi dan Pergudangan,Transportasi,,,ADHK,
Bengkulu,2026,I,Penyediaan Akomodasi dan Makan Minum,Akomodasi,,,ADHK,
Bengkulu,2026,J,Informasi dan Komunikasi,Infokom,,,ADHK,
Bengkulu,2026,K,Jasa Keuangan dan Asuransi,Keuangan,,,ADHK,
Bengkulu,2026,L,Real Estate,Real Estate,,,ADHK,
Bengkulu,2026,MN,Jasa Perusahaan,Jasa Perusahaan,,,ADHK,
Bengkulu,2026,O,"Administrasi Pemerintahan, Pertahanan dan Jaminan Sosial Wajib",Adm. Pemerintahan,,,ADHK,
Bengkulu,2026,P,Jasa Pendidikan,Pendidikan,,,ADHK,
Bengkulu,2026,Q,Jasa Kesehatan dan Kegiatan Sosial,Kesehatan,,,ADHK,
Bengkulu,2026,RSTU,Jasa Lainnya,Jasa Lainnya,,,ADHK,
DI Yogyakarta,2020,A,"Pertanian, Kehutanan dan Perikanan",Pertanian,8647.63624934839,,ADHK,
DI Yogyakarta,2020,B,Pertambangan dan Penggalian,Pertambangan,505.9085043737859,,ADHK,
DI Yogyakarta,2020,C,Industri Pengolahan,Industri Pengolahan,12410.141947859778,,ADHK,
DI Yogyakarta,2020,D,Pengadaan Listrik dan Gas,Listrik & Gas,161.78389636204605,,ADHK,
DI Yogyakarta,2020,E,"Pengadaan Air, Pengelolaan Sampah, Limbah dan Daur Ulang",Air & Sampah,103.3520588083656,,ADHK,
DI Yogyakarta,2020,F,Konstruksi,Konstruksi,9425.833065313898,,ADHK,
DI Yogyakarta,2020,G,"Perdagangan Besar dan Eceran, Reparasi Mobil dan Sepeda Motor",Perdagangan,8227.21002204411,,ADHK,
DI Yogyakarta,2020,H,Transportasi dan Pergudangan,Transportasi,4317.517720545129,,ADHK,
DI Yogyakarta,2020,I,Penyediaan Akomodasi dan Makan Minum,Akomodasi,8400.200609201049,,ADHK,
DI Yogyakarta,2020,J,Informasi dan Komunikasi,Infokom,13960.133103348851,,ADHK,
DI Yogyakarta,2020,K,Jasa Keuangan dan Asuransi,Keuangan,3760.18019029412,,ADHK,
DI Yogyakarta,2020,L,Real Estate,Real Estate,7585.574282311543,,ADHK,
DI Yogyakarta,2020,MN,Jasa Perusahaan,Jasa Perusahaan,1037.9335627988485,,ADHK,
DI Yogyakarta,2020,O,"Administrasi Pemerintahan, Pertahanan dan Jaminan Sosial Wajib",Adm. Pemerintahan,7268.586244445116,,ADHK,
DI Yogyakarta,2020,P,Jasa Pendidikan,Pendidikan,9534.700261721315,,ADHK,
DI Yogyakarta,2020,Q,Jasa Kesehatan dan Kegiatan Sosial,Kesehatan,3261.4512466650663,,ADHK,
DI Yogyakarta,2020,RSTU,Jasa Lainnya,Jasa Lainnya,2413.97388399095,,ADHK,
DI Yogyakarta,2021,A,"Pertanian, Kehutanan dan Perikanan",Pertanian,8752.546967099854,1.2131721863227973,ADHK,
DI Yogyakarta,2021,B,Pertambangan dan Penggalian,Pertambangan,490.19495856254196,-3.1060054684580174,ADHK,
DI Yogyakarta,2021,C,Industri Pengolahan,Industri Pengolahan,12447.808217835121,0.30351199956935027,ADHK,
DI Yogyakarta,2021,D,Pengadaan Listrik dan Gas,Listrik & Gas,165.68625143909043,2.4120788068495713,ADHK,
DI Yogyakarta,2021,E,"Pengadaan Air, Pengelolaan Sampah, Limbah dan Daur Ulang",Air & Sampah,110.38409668513533,6.803964969685294,ADHK,
DI Yogyakarta,2021,F,Konstruksi,Konstruksi,10445.458780298646,10.817353839384936,ADHK,
DI Yogyakarta,2021,G,"Perdagangan Besar dan Eceran, Reparasi Mobil dan Sepeda Motor",Perdagangan,8351.84372717438,1.5148963597176435,ADHK,
DI Yogyakarta,2021,H,Transportasi dan Pergudangan,Transportasi,4404.395844785602,2.0122239180874413,ADHK,
DI Yogyakarta,2021,I,Penyediaan Akomodasi dan Makan Minum,Akomodasi,9029.547383732106,7.492044580955737,ADHK,
DI Yogyakarta,2021,J,Informasi dan Komunikasi,Infokom,16289.88444978942,16.688604107089013,ADHK,
DI Yogyakarta,2021,K,Jasa Keuangan dan Asuransi,Keuangan,3814.806005684308,1.4527446192921678,ADHK,
DI Yogyakarta,2021,L,Real Estate,Real Estate,7625.197502152574,0.5223496384898052,ADHK,
DI Yogyakarta,2021,MN,Jasa Perusahaan,Jasa Perusahaan,1121.9153463856112,8.091248476472913,ADHK,
DI Yogyakarta,2021,O,"Administrasi Pemerintahan, Pertahanan dan Jaminan Sosial Wajib",Adm. Pemerintahan,7240.518442847613,-0.3861521436710369,ADHK,
DI Yogyakarta,2021,P,Jasa Pendidikan,Pendidikan,10011.250677502328,4.9980639422322115,ADHK,
DI Yogyakarta,2021,Q,Jasa Kesehatan dan Kegiatan Sosial,Kesehatan,3407.3692168820435,4.474019667354612,ADHK,
DI Yogyakarta,2021,RSTU,Jasa Lainnya,Jasa Lainnya,2943.8509855664724,21.9504073796976,ADHK,
DI Yogyakarta,2022,A,"Pertanian, Kehutanan dan Perikanan",Pertanian,9197.966626396199,5.0890290674319605,ADHK,
DI Yogyakarta,2022,B,Pertambangan dan Penggalian,Pertambangan,498.60404419300494,1.7154573876324575,ADHK,
DI Yogyakarta,2022,C,Industri Pengolahan,Industri Pengolahan,12663.873495760981,1.7357696563502945,ADHK,
DI Yogyakarta,2022,D,Pengadaan Listrik dan Gas,Listrik & Gas,176.96634143278615,6.808102600982857,ADHK,
DI Yogyakarta,2022,E,"Pengadaan Air, Pengelolaan Sampah, Limbah dan Daur Ulang",Air & Sampah,114.03439074563674,3.3069021445305324,ADHK,
DI Yogyakarta,2022,F,Konstruksi,Konstruksi,10948.302638587926,4.813994950970479,ADHK,
DI Yogyakarta,2022,G,"Perdagangan Besar dan Eceran, Reparasi Mobil dan Sepeda Motor",Perdagangan,8751.20185495344,4.781676248080036,ADHK,
DI Yogyakarta,2022,H,Transportasi dan Pergudangan,Transportasi,5208.501150255751,18.256880939122098,ADHK,
DI Yogyakarta,2022,I,Penyediaan Akomodasi dan Makan Minum,Akomodasi,10146.25988906408,12.367314305741118,ADHK,
DI Yogyakarta,2022,J,Informasi dan Komunikasi,Infokom,16866.052649063713,3.5369692219132887,ADHK,
DI Yogyakarta,2022,K,Jasa Keuangan dan Asuransi,Keuangan,4014.747678913866,5.241201595353262,ADHK,
DI Yogyakarta,2022,L,Real Estate,Real Estate,7855.415700820561,3.019176862015671,ADHK,
DI Yogyakarta,2022,MN,Jasa Perusahaan,Jasa Perusahaan,1202.2513782474593,7.160614401136467,ADHK,
DI Yogyakarta,2022,O,"Administrasi Pemerintahan, Pertahanan dan Jaminan Sosial Wajib",Adm. Pemerintahan,7454.183712536003,2.950966444943659,ADHK,
DI Yogyakarta,2022,P,Jasa Pendidikan,Pendidikan,10109.197009739319,0.9783625981626853,ADHK,
DI Yogyakarta,2022,Q,Jasa Kesehatan dan Kegiatan Sosial,Kesehatan,3543.3488082849753,3.9907501285511238,ADHK,
DI Yogyakarta,2022,RSTU,Jasa Lainnya,Jasa Lainnya,3386.601077163287,15.039826871930394,ADHK,
DI Yogyakarta,2023,A,"Pertanian, Kehutanan dan Perikanan",Pertanian,9315.745473522238,1.2804878720481527,ADHK,
DI Yogyakarta,2023,B,Pertambangan dan Penggalian,Pertambangan,514.825120616265,3.2532982056962867,ADHK,
DI Yogyakarta,2023,C,Industri Pengolahan,Industri Pengolahan,13205.053503028015,4.273416087488435,ADHK,
DI Yogyakarta,2023,D,Pengadaan Listrik dan Gas,Listrik & Gas,189.9146137494932,7.316799461339918,ADHK,
DI Yogyakarta,2023,E,"Pengadaan Air, Pengelolaan Sampah, Limbah dan Daur Ulang",Air & Sampah,117.92339613434534,3.410379415612752,ADHK,
DI Yogyakarta,2023,F,Konstruksi,Konstruksi,11475.207883599469,4.812666057973547,ADHK,
DI Yogyakarta,2023,G,"Perdagangan Besar dan Eceran, Reparasi Mobil dan Sepeda Motor",Perdagangan,9129.717925996465,4.3253038533075605,ADHK,
DI Yogyakarta,2023,H,Transportasi dan Pergudangan,Transportasi,5735.551920520485,10.119048744740212,ADHK,
DI Yogyakarta,2023,I,Penyediaan Akomodasi dan Makan Minum,Akomodasi,11049.807986956956,8.905233137845636,ADHK,
DI Yogyakarta,2023,J,Informasi dan Komunikasi,Infokom,17588.20314391923,4.281680544235722,ADHK,
DI Yogyakarta,2023,K,Jasa Keuangan dan Asuransi,Keuangan,4427.86789541541,10.29006676238513,ADHK,
DI Yogyakarta,2023,L,Real Estate,Real Estate,8145.91273279851,3.698047856940323,ADHK,
DI Yogyakarta,2023,MN,Jasa Perusahaan,Jasa Perusahaan,1299.7901784943554,8.11301213803388,ADHK,
DI Yogyakarta,2023,O,"Administrasi Pemerintahan, Pertahanan dan Jaminan Sosial Wajib",Adm. Pemerintahan,7640.278307824865,2.4965120590722645,ADHK,
DI Yogyakarta,2023,P,Jasa Pendidikan,Pendidikan,10585.328339746704,4.709882788402231,ADHK,
DI Yogyakarta,2023,Q,Jasa Kesehatan dan Kegiatan Sosial,Kesehatan,3767.219699976663,6.318059660630593,ADHK,
DI Yogyakarta,2023,RSTU,Jasa Lainnya,Jasa Lainnya,3624.741622205319,7.031845192747221,ADHK,
DI Yogyakarta,2024,A,"Pertanian, Kehutanan dan Perikanan",Pertanian,9328.380558034125,0.13563149130468855,ADHK,
DI Yogyakarta,2024,B,Pertambangan dan Penggalian,Pertambangan,554.7011041917269,7.745539597548934,ADHK,
DI Yogyakarta,2024,C,Industri Pengolahan,Industri Pengolahan,13705.138568378807,3.7870733748721186,ADHK,
DI Yogyakarta,2024,D,Pengadaan Listrik dan Gas,Listrik & Gas,210.19097269942864,10.676565931193128,ADHK,
DI Yogyakarta,2024,E,"Pengadaan Air, Pengelolaan Sampah, Limbah dan Daur Ulang",Air & Sampah,118.9777045005937,0.8940620782726061,ADHK,
DI Yogyakarta,2024,F,Konstruksi,Konstruksi,12434.699693881583,8.361432925789813,ADHK,
DI Yogyakarta,2024,G,"Perdagangan Besar dan Eceran, Reparasi Mobil dan Sepeda Motor",Perdagangan,9491.04004779527,3.9576482507740485,ADHK,
DI Yogyakarta,2024,H,Transportasi dan Pergudangan,Transportasi,6093.456301957849,6.240103592417401,ADHK,
DI Yogyakarta,2024,I,Penyediaan Akomodasi dan Makan Minum,Akomodasi,11996.760333713211,8.569853411697515,ADHK,
DI Yogyakarta,2024,J,Informasi dan Komunikasi,Infokom,18351.762174305535,4.3413134595860825,ADHK,
DI Yogyakarta,2024,K,Jasa Keuangan dan Asuransi,Keuangan,4716.7013947865,6.523083032132604,ADHK,
DI Yogyakarta,2024,L,Real Estate,Real Estate,8477.820873791057,4.074535928382339,ADHK,
DI Yogyakarta,2024,MN,Jasa Perusahaan,Jasa Perusahaan,1374.448400292812,5.743867205162223,ADHK,
DI Yogyakarta,2024,O,"Administrasi Pemerintahan, Pertahanan dan Jaminan Sosial Wajib",Adm. Pemerintahan,8134.343202257416,6.46658242706355,ADHK,
DI Yogyakarta,2024,P,Jasa Pendidikan,Pendidikan,11016.846991327888,4.076573137187256,ADHK,
DI Yogyakarta,2024,Q,Jasa Kesehatan dan Kegiatan Sosial,Kesehatan,3968.68964420203,5.347974375548503,ADHK,
DI Yogyakarta,2024,RSTU,Jasa Lainnya,Jasa Lainnya,3746.5606625810165,3.360764795742388,ADHK,
DI Yogyakarta,2025,A,"Pertanian, Kehutanan dan Perikanan",Pertanian,9921.46960119273,6.35789931026991,ADHK,
DI Yogyakarta,2025,B,Pertambangan dan Penggalian,Pertambangan,589.113670002545,6.203803372802308,ADHK,
DI Yogyakarta,2025,C,Industri Pengolahan,Industri Pengolahan,14303.957596497523,4.3693029817322815,ADHK,
DI Yogyakarta,2025,D,Pengadaan Listrik dan Gas,Listrik & Gas,219.76316174337467,4.554043839758126,ADHK,
DI Yogyakarta,2025,E,"Pengadaan Air, Pengelolaan Sampah, Limbah dan Daur Ulang",Air & Sampah,118.32124834802397,-0.5517471994649692,ADHK,
DI Yogyakarta,2025,F,Konstruksi,Konstruksi,13417.196537322543,7.901251076649585,ADHK,
DI Yogyakarta,2025,G,"Perdagangan Besar dan Eceran, Reparasi Mobil dan Sepeda Motor",Perdagangan,9991.687979759694,5.274953318532494,ADHK,
DI Yogyakarta,2025,H,Transportasi dan Pergudangan,Transportasi,6432.468138917524,5.563539314309174,ADHK,
DI Yogyakarta,2025,I,Penyediaan Akomodasi dan Makan Minum,Akomodasi,12756.824210426132,6.335576068624071,ADHK,
DI Yogyakarta,2025,J,Informasi dan Komunikasi,Infokom,19148.140785972573,4.339521208388675,ADHK,
DI Yogyakarta,2025,K,Jasa Keuangan dan Asuransi,Keuangan,4790.088600319842,1.555901028936435,ADHK,
DI Yogyakarta,2025,L,Real Estate,Real Estate,8821.205465400528,4.050387437071645,ADHK,
DI Yogyakarta,2025,MN,Jasa Perusahaan,Jasa Perusahaan,1435.639255063715,4.452029974924243,ADHK,
DI Yogyakarta,2025,O,"Administrasi Pemerintahan, Pertahanan dan Jaminan Sosial Wajib",Adm. Pemerintahan,8641.999554282525,6.240901562700563,ADHK,
DI Yogyakarta,2025,P,Jasa Pendidikan,Pendidikan,11652.839587509765,5.772909405771998,ADHK,
DI Yogyakarta,2025,Q,Jasa Kesehatan dan Kegiatan Sosial,Kesehatan,4255.793966037266,7.234234661172723,ADHK,
DI Yogyakarta,2025,RSTU,Jasa Lainnya,Jasa Lainnya,4016.9917874033126,7.218116805721109,ADHK,
DI Yogyakarta,2026,A,"Pertanian, Kehutanan dan Perikanan",Pertanian,,,ADHK,
DI Yogyakarta,2026,B,Pertambangan dan Penggalian,Pertambangan,,,ADHK,
DI Yogyakarta,2026,C,Industri Pengolahan,Industri Pengolahan,,,ADHK,
DI Yogyakarta,2026,D,Pengadaan Listrik dan Gas,Listrik & Gas,,,ADHK,
DI Yogyakarta,2026,E,"Pengadaan Air, Pengelolaan Sampah, Limbah dan Daur Ulang",Air & Sampah,,,ADHK,
DI Yogyakarta,2026,F,Konstruksi,Konstruksi,,,ADHK,
DI Yogyakarta,2026,G,"Perdagangan Besar dan Eceran, Reparasi Mobil dan Sepeda Motor",Perdagangan,,,ADHK,
DI Yogyakarta,2026,H,Transportasi dan Pergudangan,Transportasi,,,ADHK,
DI Yogyakarta,2026,I,Penyediaan Akomodasi dan Makan Minum,Akomodasi,,,ADHK,
DI Yogyakarta,2026,J,Informasi dan Komunikasi,Infokom,,,ADHK,
DI Yogyakarta,2026,K,Jasa Keuangan dan Asuransi,Keuangan,,,ADHK,
DI Yogyakarta,2026,L,Real Estate,Real Estate,,,ADHK,
DI Yogyakarta,2026,MN,Jasa Perusahaan,Jasa Perusahaan,,,ADHK,
DI Yogyakarta,2026,O,"Administrasi Pemerintahan, Pertahanan dan Jaminan Sosial Wajib",Adm. Pemerintahan,,,ADHK,
DI Yogyakarta,2026,P,Jasa Pendidikan,Pendidikan,,,ADHK,
DI Yogyakarta,2026,Q,Jasa Kesehatan dan Kegiatan Sosial,Kesehatan,,,ADHK,
DI Yogyakarta,2026,RSTU,Jasa Lainnya,Jasa Lainnya,,,ADHK,
DKI Jakarta,2020,A,"Pertanian, Kehutanan dan Perikanan",Pertanian,1423.6913309388117,,ADHK,
DKI Jakarta,2020,B,Pertambangan dan Penggalian,Pertambangan,2632.5911392694557,,ADHK,
DKI Jakarta,2020,C,Industri Pengolahan,Industri Pengolahan,191133.1741332016,,ADHK,
DKI Jakarta,2020,D,Pengadaan Listrik dan Gas,Listrik & Gas,5174.979596368341,,ADHK,
DKI Jakarta,2020,E,"Pengadaan Air, Pengelolaan Sampah, Limbah dan Daur Ulang",Air & Sampah,739.2392519309167,,ADHK,
DKI Jakarta,2020,F,Konstruksi,Konstruksi,202988.90074611426,,ADHK,
DKI Jakarta,2020,G,"Perdagangan Besar dan Eceran, Reparasi Mobil dan Sepeda Motor",Perdagangan,269892.6836910018,,ADHK,
DKI Jakarta,2020,H,Transportasi dan Pergudangan,Transportasi,60495.38523642818,,ADHK,
DKI Jakarta,2020,I,Penyediaan Akomodasi dan Makan Minum,Akomodasi,75666.92669009251,,ADHK,
DKI Jakarta,2020,J,Informasi dan Komunikasi,Infokom,233704.0385907443,,ADHK,
DKI Jakarta,2020,K,Jasa Keuangan dan Asuransi,Keuangan,207506.9090971126,,ADHK,
DKI Jakarta,2020,L,Real Estate,Real Estate,118272.21488109628,,ADHK,
DKI Jakarta,2020,MN,Jasa Perusahaan,Jasa Perusahaan,151296.2162774554,,ADHK,
DKI Jakarta,2020,O,"Administrasi Pemerintahan, Pertahanan dan Jaminan Sosial Wajib",Adm. Pemerintahan,65873.71850809606,,ADHK,
DKI Jakarta,2020,P,Jasa Pendidikan,Pendidikan,86963.5708885847,,ADHK,
DKI Jakarta,2020,Q,Jasa Kesehatan dan Kegiatan Sosial,Kesehatan,36337.128247368266,,ADHK,
DKI Jakarta,2020,RSTU,Jasa Lainnya,Jasa Lainnya,68564.12418196103,,ADHK,
DKI Jakarta,2021,A,"Pertanian, Kehutanan dan Perikanan",Pertanian,1482.7124755111777,4.14564191617619,ADHK,
DKI Jakarta,2021,B,Pertambangan dan Penggalian,Pertambangan,2525.741018069122,-4.058743479247006,ADHK,
DKI Jakarta,2021,C,Industri Pengolahan,Industri Pengolahan,212248.15415532677,11.047260695524287,ADHK,
DKI Jakarta,2021,D,Pengadaan Listrik dan Gas,Listrik & Gas,4331.58434654921,-16.29755700700739,ADHK,
DKI Jakarta,2021,E,"Pengadaan Air, Pengelolaan Sampah, Limbah dan Daur Ulang",Air & Sampah,769.306932979679,4.067381564253325,ADHK,
DKI Jakarta,2021,F,Konstruksi,Konstruksi,203168.31457401934,0.08838602861813705,ADHK,
DKI Jakarta,2021,G,"Perdagangan Besar dan Eceran, Reparasi Mobil dan Sepeda Motor",Perdagangan,284618.78789207473,5.4562813632742735,ADHK,
DKI Jakarta,2021,H,Transportasi dan Pergudangan,Transportasi,68211.49243618989,12.754869102173005,ADHK,
DKI Jakarta,2021,I,Penyediaan Akomodasi dan Makan Minum,Akomodasi,82469.93203358876,8.990725064543948,ADHK,
DKI Jakarta,2021,J,Informasi dan Komunikasi,Infokom,244577.92401135346,4.652844463527295,ADHK,
DKI Jakarta,2021,K,Jasa Keuangan dan Asuransi,Keuangan,207747.38056789848,0.1158860067995704,ADHK,
DKI Jakarta,2021,L,Real Estate,Real Estate,120364.8742354078,1.7693583876951635,ADHK,
DKI Jakarta,2021,MN,Jasa Perusahaan,Jasa Perusahaan,150977.0038190493,-0.21098509021579837,ADHK,
DKI Jakarta,2021,O,"Administrasi Pemerintahan, Pertahanan dan Jaminan Sosial Wajib",Adm. Pemerintahan,64019.105955709616,-2.8154058923491765,ADHK,
DKI Jakarta,2021,P,Jasa Pendidikan,Pendidikan,87666.58727384928,0.8084033096631416,ADHK,
DKI Jakarta,2021,Q,Jasa Kesehatan dan Kegiatan Sosial,Kesehatan,39279.44270821179,8.097267458268732,ADHK,
DKI Jakarta,2021,RSTU,Jasa Lainnya,Jasa Lainnya,67261.68453962555,-1.8995934942287906,ADHK,
DKI Jakarta,2022,A,"Pertanian, Kehutanan dan Perikanan",Pertanian,1521.134480698888,2.5913321579400517,ADHK,
DKI Jakarta,2022,B,Pertambangan dan Penggalian,Pertambangan,2388.6878496635163,-5.426255796818802,ADHK,
DKI Jakarta,2022,C,Industri Pengolahan,Industri Pengolahan,224722.02617447765,5.877022614774918,ADHK,
DKI Jakarta,2022,D,Pengadaan Listrik dan Gas,Listrik & Gas,4231.423899571737,-2.312328214438819,ADHK,
DKI Jakarta,2022,E,"Pengadaan Air, Pengelolaan Sampah, Limbah dan Daur Ulang",Air & Sampah,773.2556162004394,0.5132779975693502,ADHK,
DKI Jakarta,2022,F,Konstruksi,Konstruksi,206593.17910449134,1.6857276872394467,ADHK,
DKI Jakarta,2022,G,"Perdagangan Besar dan Eceran, Reparasi Mobil dan Sepeda Motor",Perdagangan,306754.12863648013,7.777188887755004,ADHK,
DKI Jakarta,2022,H,Transportasi dan Pergudangan,Transportasi,73102.48457774185,7.17033445079267,ADHK,
DKI Jakarta,2022,I,Penyediaan Akomodasi dan Makan Minum,Akomodasi,90143.86059072171,9.305122931358145,ADHK,
DKI Jakarta,2022,J,Informasi dan Komunikasi,Infokom,261606.25901551594,6.962335244685458,ADHK,
DKI Jakarta,2022,K,Jasa Keuangan dan Asuransi,Keuangan,210299.83872561203,1.2286355431949003,ADHK,
DKI Jakarta,2022,L,Real Estate,Real Estate,122815.43104707847,2.0359401588190273,ADHK,
DKI Jakarta,2022,MN,Jasa Perusahaan,Jasa Perusahaan,159972.32841926982,5.958075980234501,ADHK,
DKI Jakarta,2022,O,"Administrasi Pemerintahan, Pertahanan dan Jaminan Sosial Wajib",Adm. Pemerintahan,65525.192572141816,2.3525580277146574,ADHK,
DKI Jakarta,2022,P,Jasa Pendidikan,Pendidikan,87562.27482914619,-0.1189876872670248,ADHK,
DKI Jakarta,2022,Q,Jasa Kesehatan dan Kegiatan Sosial,Kesehatan,42923.3829562461,9.276965243889546,ADHK,
DKI Jakarta,2022,RSTU,Jasa Lainnya,Jasa Lainnya,77535.68567895539,15.274671173715792,ADHK,
DKI Jakarta,2023,A,"Pertanian, Kehutanan dan Perikanan",Pertanian,1462.1437332825249,-3.87807574970358,ADHK,
DKI Jakarta,2023,B,Pertambangan dan Penggalian,Pertambangan,2084.0102571638054,-12.755019143360634,ADHK,
DKI Jakarta,2023,C,Industri Pengolahan,Industri Pengolahan,228896.7437271779,1.8577251299162656,ADHK,
DKI Jakarta,2023,D,Pengadaan Listrik dan Gas,Listrik & Gas,3933.8221590778508,-7.033134650584316,ADHK,
DKI Jakarta,2023,E,"Pengadaan Air, Pengelolaan Sampah, Limbah dan Daur Ulang",Air & Sampah,822.1615995668848,6.324685180659362,ADHK,
DKI Jakarta,2023,F,Konstruksi,Konstruksi,211764.90031099974,2.503335893724068,ADHK,
DKI Jakarta,2023,G,"Perdagangan Besar dan Eceran, Reparasi Mobil dan Sepeda Motor",Perdagangan,320615.8805496627,4.518847708683804,ADHK,
DKI Jakarta,2023,H,Transportasi dan Pergudangan,Transportasi,83373.68529151782,14.05041261333999,ADHK,
DKI Jakarta,2023,I,Penyediaan Akomodasi dan Makan Minum,Akomodasi,98876.49087081423,9.687437638976991,ADHK,
DKI Jakarta,2023,J,Informasi dan Komunikasi,Infokom,281092.50134201976,7.448691174223043,ADHK,
DKI Jakarta,2023,K,Jasa Keuangan dan Asuransi,Keuangan,221639.30085084174,5.392045088548469,ADHK,
DKI Jakarta,2023,L,Real Estate,Real Estate,123727.93372371997,0.7429869918314402,ADHK,
DKI Jakarta,2023,MN,Jasa Perusahaan,Jasa Perusahaan,170347.22140991045,6.485429757232253,ADHK,
DKI Jakarta,2023,O,"Administrasi Pemerintahan, Pertahanan dan Jaminan Sosial Wajib",Adm. Pemerintahan,65548.62714825422,0.035764223182721544,ADHK,
DKI Jakarta,2023,P,Jasa Pendidikan,Pendidikan,88615.41742181336,1.2027355327646427,ADHK,
DKI Jakarta,2023,Q,Jasa Kesehatan dan Kegiatan Sosial,Kesehatan,45436.47625797028,5.8548351239833485,ADHK,
DKI Jakarta,2023,RSTU,Jasa Lainnya,Jasa Lainnya,86533.36543224406,11.60456591632466,ADHK,
DKI Jakarta,2024,A,"Pertanian, Kehutanan dan Perikanan",Pertanian,1537.032193288423,5.121826144805408,ADHK,
DKI Jakarta,2024,B,Pertambangan dan Penggalian,Pertambangan,1975.1399650960352,-5.224076594322291,ADHK,
DKI Jakarta,2024,C,Industri Pengolahan,Industri Pengolahan,231505.09853800834,1.1395333845112932,ADHK,
DKI Jakarta,2024,D,Pengadaan Listrik dan Gas,Listrik & Gas,3291.919502702446,-16.317531154633503,ADHK,
DKI Jakarta,2024,E,"Pengadaan Air, Pengelolaan Sampah, Limbah dan Daur Ulang",Air & Sampah,826.130175398329,0.4827002177594908,ADHK,
DKI Jakarta,2024,F,Konstruksi,Konstruksi,226561.07839589892,6.987077680564324,ADHK,
DKI Jakarta,2024,G,"Perdagangan Besar dan Eceran, Reparasi Mobil dan Sepeda Motor",Perdagangan,342653.67927244265,6.873583019343399,ADHK,
DKI Jakarta,2024,H,Transportasi dan Pergudangan,Transportasi,89176.55298313347,6.9600710000113475,ADHK,
DKI Jakarta,2024,I,Penyediaan Akomodasi dan Makan Minum,Akomodasi,107097.09144273847,8.314009224563556,ADHK,
DKI Jakarta,2024,J,Informasi dan Komunikasi,Infokom,294576.02230116475,4.7968269856971,ADHK,
DKI Jakarta,2024,K,Jasa Keuangan dan Asuransi,Keuangan,233508.6773417549,5.3552670692193605,ADHK,
DKI Jakarta,2024,L,Real Estate,Real Estate,125600.2332403373,1.513239137087763,ADHK,
DKI Jakarta,2024,MN,Jasa Perusahaan,Jasa Perusahaan,178378.12514604756,4.714431893674487,ADHK,
DKI Jakarta,2024,O,"Administrasi Pemerintahan, Pertahanan dan Jaminan Sosial Wajib",Adm. Pemerintahan,66520.5605330094,1.482766957966808,ADHK,
DKI Jakarta,2024,P,Jasa Pendidikan,Pendidikan,92388.62624999436,4.2579597749005105,ADHK,
DKI Jakarta,2024,Q,Jasa Kesehatan dan Kegiatan Sosial,Kesehatan,47895.739974046264,5.412531777581653,ADHK,
DKI Jakarta,2024,RSTU,Jasa Lainnya,Jasa Lainnya,91225.67093377959,5.422539014976402,ADHK,
DKI Jakarta,2025,A,"Pertanian, Kehutanan dan Perikanan",Pertanian,1582.3442205034653,2.9480206994297875,ADHK,
DKI Jakarta,2025,B,Pertambangan dan Penggalian,Pertambangan,1821.3183833326425,-7.787882604862062,ADHK,
DKI Jakarta,2025,C,Industri Pengolahan,Industri Pengolahan,235322.24195709027,1.648837733245534,ADHK,
DKI Jakarta,2025,D,Pengadaan Listrik dan Gas,Listrik & Gas,2880.791997333628,-12.488990239017383,ADHK,
DKI Jakarta,2025,E,"Pengadaan Air, Pengelolaan Sampah, Limbah dan Daur Ulang",Air & Sampah,796.3807761205096,-3.601054671980164,ADHK,
DKI Jakarta,2025,F,Konstruksi,Konstruksi,233683.21952253472,3.143585463603049,ADHK,
DKI Jakarta,2025,G,"Perdagangan Besar dan Eceran, Reparasi Mobil dan Sepeda Motor",Perdagangan,361502.71308715676,5.500899291300865,ADHK,
DKI Jakarta,2025,H,Transportasi dan Pergudangan,Transportasi,96925.91421321669,8.689908917592849,ADHK,
DKI Jakarta,2025,I,Penyediaan Akomodasi dan Makan Minum,Akomodasi,117088.01969887999,9.328851158841566,ADHK,
DKI Jakarta,2025,J,Informasi dan Komunikasi,Infokom,312906.3470042933,6.222612607752653,ADHK,
DKI Jakarta,2025,K,Jasa Keuangan dan Asuransi,Keuangan,242461.2970312057,3.833955890362084,ADHK,
DKI Jakarta,2025,L,Real Estate,Real Estate,129080.71409805989,2.771078339530364,ADHK,
DKI Jakarta,2025,MN,Jasa Perusahaan,Jasa Perusahaan,192039.00588605984,7.658383408182701,ADHK,
DKI Jakarta,2025,O,"Administrasi Pemerintahan, Pertahanan dan Jaminan Sosial Wajib",Adm. Pemerintahan,69923.95298558987,5.116301524386002,ADHK,
DKI Jakarta,2025,P,Jasa Pendidikan,Pendidikan,98701.62458339926,6.833090380976725,ADHK,
DKI Jakarta,2025,Q,Jasa Kesehatan dan Kegiatan Sosial,Kesehatan,50348.242820869265,5.120503093076678,ADHK,
DKI Jakarta,2025,RSTU,Jasa Lainnya,Jasa Lainnya,98947.60485530713,8.464650182877653,ADHK,
DKI Jakarta,2026,A,"Pertanian, Kehutanan dan Perikanan",Pertanian,,,ADHK,
DKI Jakarta,2026,B,Pertambangan dan Penggalian,Pertambangan,,,ADHK,
DKI Jakarta,2026,C,Industri Pengolahan,Industri Pengolahan,,,ADHK,
DKI Jakarta,2026,D,Pengadaan Listrik dan Gas,Listrik & Gas,,,ADHK,
DKI Jakarta,2026,E,"Pengadaan Air, Pengelolaan Sampah, Limbah dan Daur Ulang",Air & Sampah,,,ADHK,
DKI Jakarta,2026,F,Konstruksi,Konstruksi,,,ADHK,
DKI Jakarta,2026,G,"Perdagangan Besar dan Eceran, Reparasi Mobil dan Sepeda Motor",Perdagangan,,,ADHK,
DKI Jakarta,2026,H,Transportasi dan Pergudangan,Transportasi,,,ADHK,
DKI Jakarta,2026,I,Penyediaan Akomodasi dan Makan Minum,Akomodasi,,,ADHK,
DKI Jakarta,2026,J,Informasi dan Komunikasi,Infokom,,,ADHK,
DKI Jakarta,2026,K,Jasa Keuangan dan Asuransi,Keuangan,,,ADHK,
DKI Jakarta,2026,L,Real Estate,Real Estate,,,ADHK,
DKI Jakarta,2026,MN,Jasa Perusahaan,Jasa Perusahaan,,,ADHK,
DKI Jakarta,2026,O,"Administrasi Pemerintahan, Pertahanan dan Jaminan Sosial Wajib",Adm. Pemerintahan,,,ADHK,
DKI Jakarta,2026,P,Jasa Pendidikan,Pendidikan,,,ADHK,
DKI Jakarta,2026,Q,Jasa Kesehatan dan Kegiatan Sosial,Kesehatan,,,ADHK,
DKI Jakarta,2026,RSTU,Jasa Lainnya,Jasa Lainnya,,,ADHK,
Gorontalo,2020,A,"Pertanian, Kehutanan dan Perikanan",Pertanian,10617.493546962609,,ADHK,
Gorontalo,2020,B,Pertambangan dan Penggalian,Pertambangan,330.57160529316087,,ADHK,
Gorontalo,2020,C,Industri Pengolahan,Industri Pengolahan,1152.269554738696,,ADHK,
Gorontalo,2020,D,Pengadaan Listrik dan Gas,Listrik & Gas,24.82414171147825,,ADHK,
Gorontalo,2020,E,"Pengadaan Air, Pengelolaan Sampah, Limbah dan Daur Ulang",Air & Sampah,18.102275722377577,,ADHK,
Gorontalo,2020,F,Konstruksi,Konstruksi,2992.835485137688,,ADHK,
Gorontalo,2020,G,"Perdagangan Besar dan Eceran, Reparasi Mobil dan Sepeda Motor",Perdagangan,3315.222666942012,,ADHK,
Gorontalo,2020,H,Transportasi dan Pergudangan,Transportasi,1528.1487749055404,,ADHK,
Gorontalo,2020,I,Penyediaan Akomodasi dan Makan Minum,Akomodasi,652.4383491712942,,ADHK,
Gorontalo,2020,J,Informasi dan Komunikasi,Infokom,994.6228483819177,,ADHK,
Gorontalo,2020,K,Jasa Keuangan dan Asuransi,Keuangan,1265.5147066903519,,ADHK,
Gorontalo,2020,L,Real Estate,Real Estate,563.0752193895224,,ADHK,
Gorontalo,2020,MN,Jasa Perusahaan,Jasa Perusahaan,24.763220732616794,,ADHK,
Gorontalo,2020,O,"Administrasi Pemerintahan, Pertahanan dan Jaminan Sosial Wajib",Adm. Pemerintahan,2065.563507573907,,ADHK,
Gorontalo,2020,P,Jasa Pendidikan,Pendidikan,1325.2489985456068,,ADHK,
Gorontalo,2020,Q,Jasa Kesehatan dan Kegiatan Sosial,Kesehatan,1094.7460822316266,,ADHK,
Gorontalo,2020,RSTU,Jasa Lainnya,Jasa Lainnya,433.9480804520404,,ADHK,
Gorontalo,2021,A,"Pertanian, Kehutanan dan Perikanan",Pertanian,10804.81095463803,1.7642337793462248,ADHK,
Gorontalo,2021,B,Pertambangan dan Penggalian,Pertambangan,337.6969370226419,2.155457884279599,ADHK,
Gorontalo,2021,C,Industri Pengolahan,Industri Pengolahan,1213.5828544038297,5.321089966578008,ADHK,
Gorontalo,2021,D,Pengadaan Listrik dan Gas,Listrik & Gas,25.48942870934587,2.6799999999999935,ADHK,
Gorontalo,2021,E,"Pengadaan Air, Pengelolaan Sampah, Limbah dan Daur Ulang",Air & Sampah,18.002812668957915,-0.5494505494505697,ADHK,
Gorontalo,2021,F,Konstruksi,Konstruksi,3029.8372030118044,1.2363431955370041,ADHK,
Gorontalo,2021,G,"Perdagangan Besar dan Eceran, Reparasi Mobil dan Sepeda Motor",Perdagangan,3428.194389106637,3.4076661966368382,ADHK,
Gorontalo,2021,H,Transportasi dan Pergudangan,Transportasi,1554.3895144720505,1.7171586953719231,ADHK,
Gorontalo,2021,I,Penyediaan Akomodasi dan Makan Minum,Akomodasi,678.3879388312433,3.9773244005214314,ADHK,
Gorontalo,2021,J,Informasi dan Komunikasi,Infokom,1027.1730896339004,3.2726215072312437,ADHK,
Gorontalo,2021,K,Jasa Keuangan dan Asuransi,Keuangan,1379.0920466996877,8.974794161528932,ADHK,
Gorontalo,2021,L,Real Estate,Real Estate,542.8790634735751,-3.586759853833321,ADHK,
Gorontalo,2021,MN,Jasa Perusahaan,Jasa Perusahaan,25.062052841216357,1.2067578439259874,ADHK,
Gorontalo,2021,O,"Administrasi Pemerintahan, Pertahanan dan Jaminan Sosial Wajib",Adm. Pemerintahan,2064.8774720407055,-0.0332129963898975,ADHK,
Gorontalo,2021,P,Jasa Pendidikan,Pendidikan,1357.6982113038275,2.4485370518168237,ADHK,
Gorontalo,2021,Q,Jasa Kesehatan dan Kegiatan Sosial,Kesehatan,1149.6249389498223,5.012930177043962,ADHK,
Gorontalo,2021,RSTU,Jasa Lainnya,Jasa Lainnya,443.7126565134355,2.2501715069746187,ADHK,
Gorontalo,2022,A,"Pertanian, Kehutanan dan Perikanan",Pertanian,11052.3552607406,2.2910563372356973,ADHK,
Gorontalo,2022,B,Pertambangan dan Penggalian,Pertambangan,352.23619631980944,4.305416396534478,ADHK,
Gorontalo,2022,C,Industri Pengolahan,Industri Pengolahan,1308.8586724061477,7.850788074055481,ADHK,
Gorontalo,2022,D,Pengadaan Listrik dan Gas,Listrik & Gas,27.048384808826704,6.116088819633814,ADHK,
Gorontalo,2022,E,"Pengadaan Air, Pengelolaan Sampah, Limbah dan Daur Ulang",Air & Sampah,18.390718577294578,2.1546961325966896,ADHK,
Gorontalo,2022,F,Konstruksi,Konstruksi,3202.4727622182972,5.697849344343808,ADHK,
Gorontalo,2022,G,"Perdagangan Besar dan Eceran, Reparasi Mobil dan Sepeda Motor",Perdagangan,3744.802275363664,9.235412299345501,ADHK,
Gorontalo,2022,H,Transportasi dan Pergudangan,Transportasi,1668.542641662848,7.343920306202634,ADHK,
Gorontalo,2022,I,Penyediaan Akomodasi dan Makan Minum,Akomodasi,712.5555578385314,5.036589988046303,ADHK,
Gorontalo,2022,J,Informasi dan Komunikasi,Infokom,1093.2412011300335,6.432032941953403,ADHK,
Gorontalo,2022,K,Jasa Keuangan dan Asuransi,Keuangan,1301.439072480973,-5.630731785057163,ADHK,
Gorontalo,2022,L,Real Estate,Real Estate,565.792011876732,4.2206358551663214,ADHK,
Gorontalo,2022,MN,Jasa Perusahaan,Jasa Perusahaan,27.552320412879343,9.936406995230506,ADHK,
Gorontalo,2022,O,"Administrasi Pemerintahan, Pertahanan dan Jaminan Sosial Wajib",Adm. Pemerintahan,2152.86898608176,4.261343117569738,ADHK,
Gorontalo,2022,P,Jasa Pendidikan,Pendidikan,1412.209296573864,4.014963326620902,ADHK,
Gorontalo,2022,Q,Jasa Kesehatan dan Kegiatan Sosial,Kesehatan,1163.0773859700294,1.1701596376724188,ADHK,
Gorontalo,2022,RSTU,Jasa Lainnya,Jasa Lainnya,444.8935351224863,0.2661358858522922,ADHK,
Gorontalo,2023,A,"Pertanian, Kehutanan dan Perikanan",Pertanian,11515.962551712037,4.19464702350123,ADHK,
Gorontalo,2023,B,Pertambangan dan Penggalian,Pertambangan,373.87093260457465,6.142110467580153,ADHK,
Gorontalo,2023,C,Industri Pengolahan,Industri Pengolahan,1314.8809529212458,0.4601169432622676,ADHK,
Gorontalo,2023,D,Pengadaan Listrik dan Gas,Listrik & Gas,28.746356101891813,6.277533039647554,ADHK,
Gorontalo,2023,E,"Pengadaan Air, Pengelolaan Sampah, Limbah dan Daur Ulang",Air & Sampah,19.07701364589021,3.7317468902109185,ADHK,
Gorontalo,2023,F,Konstruksi,Konstruksi,3388.2149304523646,5.799960906003365,ADHK,
Gorontalo,2023,G,"Perdagangan Besar dan Eceran, Reparasi Mobil dan Sepeda Motor",Perdagangan,4114.776193072024,9.879664946327015,ADHK,
Gorontalo,2023,H,Transportasi dan Pergudangan,Transportasi,1771.6242255830907,6.177941237241202,ADHK,
Gorontalo,2023,I,Penyediaan Akomodasi dan Makan Minum,Akomodasi,753.4281394180166,5.736055403661178,ADHK,
Gorontalo,2023,J,Informasi dan Komunikasi,Infokom,1137.8219636660774,4.07785239798526,ADHK,
Gorontalo,2023,K,Jasa Keuangan dan Asuransi,Keuangan,1205.2644702934565,-7.389865897000913,ADHK,
Gorontalo,2023,L,Real Estate,Real Estate,556.502978740317,-1.6417752356742032,ADHK,
Gorontalo,2023,MN,Jasa Perusahaan,Jasa Perusahaan,26.40679732991437,-4.15762834417931,ADHK,
Gorontalo,2023,O,"Administrasi Pemerintahan, Pertahanan dan Jaminan Sosial Wajib",Adm. Pemerintahan,2231.763072399926,3.6646022971306813,ADHK,
Gorontalo,2023,P,Jasa Pendidikan,Pendidikan,1471.6795634985242,4.211151071511843,ADHK,
Gorontalo,2023,Q,Jasa Kesehatan dan Kegiatan Sosial,Kesehatan,1225.885168415367,5.400137875860644,ADHK,
Gorontalo,2023,RSTU,Jasa Lainnya,Jasa Lainnya,471.0217147664429,5.872906118261101,ADHK,
Gorontalo,2024,A,"Pertanian, Kehutanan dan Perikanan",Pertanian,11874.628727776004,3.114513219831938,ADHK,
Gorontalo,2024,B,Pertambangan dan Penggalian,Pertambangan,395.6648941793842,5.829274135590512,ADHK,
Gorontalo,2024,C,Industri Pengolahan,Industri Pengolahan,1357.3316447740006,3.2284817692767476,ADHK,
Gorontalo,2024,D,Pengadaan Listrik dan Gas,Listrik & Gas,29.272627906175153,1.8307426597582,ADHK,
Gorontalo,2024,E,"Pengadaan Air, Pengelolaan Sampah, Limbah dan Daur Ulang",Air & Sampah,19.80309393585371,3.806047966631909,ADHK,
Gorontalo,2024,F,Konstruksi,Konstruksi,3605.481427713204,6.412417798767911,ADHK,
Gorontalo,2024,G,"Perdagangan Besar dan Eceran, Reparasi Mobil dan Sepeda Motor",Perdagangan,4424.935102424119,7.53768600766922,ADHK,
Gorontalo,2024,H,Transportasi dan Pergudangan,Transportasi,1859.4775124425887,4.958912030601925,ADHK,
Gorontalo,2024,I,Penyediaan Akomodasi dan Makan Minum,Akomodasi,801.8363868972278,6.4250649725671405,ADHK,
Gorontalo,2024,J,Informasi dan Komunikasi,Infokom,1192.5279161717085,4.807953638842388,ADHK,
Gorontalo,2024,K,Jasa Keuangan dan Asuransi,Keuangan,1215.1246897137412,0.8180959169802771,ADHK,
Gorontalo,2024,L,Real Estate,Real Estate,575.6004318121722,3.4316892813554656,ADHK,
Gorontalo,2024,MN,Jasa Perusahaan,Jasa Perusahaan,26.695668368227278,1.093926820067903,ADHK,
Gorontalo,2024,O,"Administrasi Pemerintahan, Pertahanan dan Jaminan Sosial Wajib",Adm. Pemerintahan,2305.7057718262895,3.313196653390693,ADHK,
Gorontalo,2024,P,Jasa Pendidikan,Pendidikan,1452.77081252164,-1.2848415814060599,ADHK,
Gorontalo,2024,Q,Jasa Kesehatan dan Kegiatan Sosial,Kesehatan,1288.5147727544768,5.1089291193617825,ADHK,
Gorontalo,2024,RSTU,Jasa Lainnya,Jasa Lainnya,484.46785355017295,2.8546749252096104,ADHK,
Gorontalo,2025,A,"Pertanian, Kehutanan dan Perikanan",Pertanian,12366.81947777553,4.144893800748828,ADHK,
Gorontalo,2025,B,Pertambangan dan Penggalian,Pertambangan,425.07181493443534,7.432279483890425,ADHK,
Gorontalo,2025,C,Industri Pengolahan,Industri Pengolahan,1579.3799061153484,16.35917516520582,ADHK,
Gorontalo,2025,D,Pengadaan Listrik dan Gas,Listrik & Gas,30.911021259132717,5.597014925373123,ADHK,
Gorontalo,2025,E,"Pengadaan Air, Pengelolaan Sampah, Limbah dan Daur Ulang",Air & Sampah,20.300409202951993,2.51130085384228,ADHK,
Gorontalo,2025,F,Konstruksi,Konstruksi,3799.9874181030236,5.394730060034902,ADHK,
Gorontalo,2025,G,"Perdagangan Besar dan Eceran, Reparasi Mobil dan Sepeda Motor",Perdagangan,4791.739352967457,8.289483168745049,ADHK,
Gorontalo,2025,H,Transportasi dan Pergudangan,Transportasi,2054.0175298744853,10.462079596561026,ADHK,
Gorontalo,2025,I,Penyediaan Akomodasi dan Makan Minum,Akomodasi,856.2969014770066,6.791973458640133,ADHK,
Gorontalo,2025,J,Informasi dan Komunikasi,Infokom,1258.3466387523345,5.519260529507708,ADHK,
Gorontalo,2025,K,Jasa Keuangan dan Asuransi,Keuangan,1302.4880319937693,7.189660700632228,ADHK,
Gorontalo,2025,L,Real Estate,Real Estate,623.4439465685459,8.311931699868103,ADHK,
Gorontalo,2025,MN,Jasa Perusahaan,Jasa Perusahaan,27.98064643520538,4.813432835820897,ADHK,
Gorontalo,2025,O,"Administrasi Pemerintahan, Pertahanan dan Jaminan Sosial Wajib",Adm. Pemerintahan,2326.2271825585763,0.8900272958952682,ADHK,
Gorontalo,2025,P,Jasa Pendidikan,Pendidikan,1486.207870317703,2.301605835405307,ADHK,
Gorontalo,2025,Q,Jasa Kesehatan dan Kegiatan Sosial,Kesehatan,1336.0685295499695,3.690586852476385,ADHK,
Gorontalo,2025,RSTU,Jasa Lainnya,Jasa Lainnya,499.20402778916866,3.041723848343958,ADHK,
Gorontalo,2026,A,"Pertanian, Kehutanan dan Perikanan",Pertanian,,,ADHK,
Gorontalo,2026,B,Pertambangan dan Penggalian,Pertambangan,,,ADHK,
Gorontalo,2026,C,Industri Pengolahan,Industri Pengolahan,,,ADHK,
Gorontalo,2026,D,Pengadaan Listrik dan Gas,Listrik & Gas,,,ADHK,
Gorontalo,2026,E,"Pengadaan Air, Pengelolaan Sampah, Limbah dan Daur Ulang",Air & Sampah,,,ADHK,
Gorontalo,2026,F,Konstruksi,Konstruksi,,,ADHK,
Gorontalo,2026,G,"Perdagangan Besar dan Eceran, Reparasi Mobil dan Sepeda Motor",Perdagangan,,,ADHK,
Gorontalo,2026,H,Transportasi dan Pergudangan,Transportasi,,,ADHK,
Gorontalo,2026,I,Penyediaan Akomodasi dan Makan Minum,Akomodasi,,,ADHK,
Gorontalo,2026,J,Informasi dan Komunikasi,Infokom,,,ADHK,
Gorontalo,2026,K,Jasa Keuangan dan Asuransi,Keuangan,,,ADHK,
Gorontalo,2026,L,Real Estate,Real Estate,,,ADHK,
Gorontalo,2026,MN,Jasa Perusahaan,Jasa Perusahaan,,,ADHK,
Gorontalo,2026,O,"Administrasi Pemerintahan, Pertahanan dan Jaminan Sosial Wajib",Adm. Pemerintahan,,,ADHK,
Gorontalo,2026,P,Jasa Pendidikan,Pendidikan,,,ADHK,
Gorontalo,2026,Q,Jasa Kesehatan dan Kegiatan Sosial,Kesehatan,,,ADHK,
Gorontalo,2026,RSTU,Jasa Lainnya,Jasa Lainnya,,,ADHK,
Jambi,2020,A,"Pertanian, Kehutanan dan Perikanan",Pertanian,40278.19738664412,,ADHK,
Jambi,2020,B,Pertambangan dan Penggalian,Pertambangan,34819.545652171095,,ADHK,
Jambi,2020,C,Industri Pengolahan,Industri Pengolahan,15241.055882326466,,ADHK,
Jambi,2020,D,Pengadaan Listrik dan Gas,Listrik & Gas,80.56923433877381,,ADHK,
Jambi,2020,E,"Pengadaan Air, Pengelolaan Sampah, Limbah dan Daur Ulang",Air & Sampah,201.5917166709608,,ADHK,
Jambi,2020,F,Konstruksi,Konstruksi,10896.658686598676,,ADHK,
Jambi,2020,G,"Perdagangan Besar dan Eceran, Reparasi Mobil dan Sepeda Motor",Perdagangan,14157.33832758099,,ADHK,
Jambi,2020,H,Transportasi dan Pergudangan,Transportasi,4140.826134079643,,ADHK,
Jambi,2020,I,Penyediaan Akomodasi dan Makan Minum,Akomodasi,1565.223076920263,,ADHK,
Jambi,2020,J,Informasi dan Komunikasi,Infokom,6086.097069591162,,ADHK,
Jambi,2020,K,Jasa Keuangan dan Asuransi,Keuangan,3483.804333898811,,ADHK,
Jambi,2020,L,Real Estate,Real Estate,2209.381549184783,,ADHK,
Jambi,2020,MN,Jasa Perusahaan,Jasa Perusahaan,1474.8360666416904,,ADHK,
Jambi,2020,O,"Administrasi Pemerintahan, Pertahanan dan Jaminan Sosial Wajib",Adm. Pemerintahan,4795.438089797876,,ADHK,
Jambi,2020,P,Jasa Pendidikan,Pendidikan,5142.49176765588,,ADHK,
Jambi,2020,Q,Jasa Kesehatan dan Kegiatan Sosial,Kesehatan,1894.7360828438962,,ADHK,
Jambi,2020,RSTU,Jasa Lainnya,Jasa Lainnya,1501.7798902229792,,ADHK,
Jambi,2021,A,"Pertanian, Kehutanan dan Perikanan",Pertanian,41754.68857756003,3.6657330434690882,ADHK,
Jambi,2021,B,Pertambangan dan Penggalian,Pertambangan,35557.21651778494,2.1185539667369246,ADHK,
Jambi,2021,C,Industri Pengolahan,Industri Pengolahan,15450.980988438401,1.3773658973021963,ADHK,
Jambi,2021,D,Pengadaan Listrik dan Gas,Listrik & Gas,86.27878693241381,7.086517130884884,ADHK,
Jambi,2021,E,"Pengadaan Air, Pengelolaan Sampah, Limbah dan Daur Ulang",Air & Sampah,211.93587422660514,5.131241365699624,ADHK,
Jambi,2021,F,Konstruksi,Konstruksi,11761.724225573169,7.938814675717065,ADHK,
Jambi,2021,G,"Perdagangan Besar dan Eceran, Reparasi Mobil dan Sepeda Motor",Perdagangan,15000.679111119613,5.9569162227030015,ADHK,
Jambi,2021,H,Transportasi dan Pergudangan,Transportasi,4370.974362297175,5.558026846946684,ADHK,
Jambi,2021,I,Penyediaan Akomodasi dan Makan Minum,Akomodasi,1643.0520672494547,4.972389653385889,ADHK,
Jambi,2021,J,Informasi dan Komunikasi,Infokom,6319.515118949159,3.8352666197891683,ADHK,
Jambi,2021,K,Jasa Keuangan dan Asuransi,Keuangan,3670.639008263715,5.362949708367015,ADHK,
Jambi,2021,L,Real Estate,Real Estate,2279.2290854460193,3.161406697136959,ADHK,
Jambi,2021,MN,Jasa Perusahaan,Jasa Perusahaan,1534.3036562530028,4.032149128731599,ADHK,
Jambi,2021,O,"Administrasi Pemerintahan, Pertahanan dan Jaminan Sosial Wajib",Adm. Pemerintahan,4900.988136471304,2.2010511802452726,ADHK,
Jambi,2021,P,Jasa Pendidikan,Pendidikan,5205.175025511704,1.2189277239115004,ADHK,
Jambi,2021,Q,Jasa Kesehatan dan Kegiatan Sosial,Kesehatan,2189.4129741938186,15.55239772008925,ADHK,
Jambi,2021,RSTU,Jasa Lainnya,Jasa Lainnya,1509.6689531994116,0.5253141973595721,ADHK,
Jambi,2022,A,"Pertanian, Kehutanan dan Perikanan",Pertanian,43841.189895142845,4.997046771662794,ADHK,
Jambi,2022,B,Pertambangan dan Penggalian,Pertambangan,38315.60558777,7.757606866120614,ADHK,
Jambi,2022,C,Industri Pengolahan,Industri Pengolahan,15928.381803039827,3.0897767265305243,ADHK,
Jambi,2022,D,Pengadaan Listrik dan Gas,Listrik & Gas,96.3275994972202,11.64690988606283,ADHK,
Jambi,2022,E,"Pengadaan Air, Pengelolaan Sampah, Limbah dan Daur Ulang",Air & Sampah,218.60984511106412,3.1490519992491084,ADHK,
Jambi,2022,F,Konstruksi,Konstruksi,11658.03529848263,-0.8815793084579582,ADHK,
Jambi,2022,G,"Perdagangan Besar dan Eceran, Reparasi Mobil dan Sepeda Motor",Perdagangan,15811.246732272733,5.403539500770127,ADHK,
Jambi,2022,H,Transportasi dan Pergudangan,Transportasi,5112.4722576003805,16.9641327960915,ADHK,
Jambi,2022,I,Penyediaan Akomodasi dan Makan Minum,Akomodasi,1825.1738824848285,11.084360554699524,ADHK,
Jambi,2022,J,Informasi dan Komunikasi,Infokom,6777.602654509165,7.248776637726917,ADHK,
Jambi,2022,K,Jasa Keuangan dan Asuransi,Keuangan,3644.2152186318485,-0.7198689267012726,ADHK,
Jambi,2022,L,Real Estate,Real Estate,2375.3855607194246,4.218815734118642,ADHK,
Jambi,2022,MN,Jasa Perusahaan,Jasa Perusahaan,1766.4862435645734,15.132766344218652,ADHK,
Jambi,2022,O,"Administrasi Pemerintahan, Pertahanan dan Jaminan Sosial Wajib",Adm. Pemerintahan,4869.370846680281,-0.6451207166925932,ADHK,
Jambi,2022,P,Jasa Pendidikan,Pendidikan,5310.245815900407,2.018583234448945,ADHK,
Jambi,2022,Q,Jasa Kesehatan dan Kegiatan Sosial,Kesehatan,2138.8202908087715,-2.3107875938150224,ADHK,
Jambi,2022,RSTU,Jasa Lainnya,Jasa Lainnya,1627.5682704610326,7.80961395620936,ADHK,
Jambi,2023,A,"Pertanian, Kehutanan dan Perikanan",Pertanian,46303.34939899527,5.616087313645668,ADHK,
Jambi,2023,B,Pertambangan dan Penggalian,Pertambangan,38331.45845571003,0.04137444181515626,ADHK,
Jambi,2023,C,Industri Pengolahan,Industri Pengolahan,16596.029701123916,4.191561367248697,ADHK,
Jambi,2023,D,Pengadaan Listrik dan Gas,Listrik & Gas,108.04459438503794,12.163694464488195,ADHK,
Jambi,2023,E,"Pengadaan Air, Pengelolaan Sampah, Limbah dan Daur Ulang",Air & Sampah,219.06737515679453,0.20929068656443395,ADHK,
Jambi,2023,F,Konstruksi,Konstruksi,12588.682787852564,7.982884470173657,ADHK,
Jambi,2023,G,"Perdagangan Besar dan Eceran, Reparasi Mobil dan Sepeda Motor",Perdagangan,17197.019236315937,8.764473336657685,ADHK,
Jambi,2023,H,Transportasi dan Pergudangan,Transportasi,5536.214891013178,8.28840944384288,ADHK,
Jambi,2023,I,Penyediaan Akomodasi dan Makan Minum,Akomodasi,1985.1139410101164,8.763003901170352,ADHK,
Jambi,2023,J,Informasi dan Komunikasi,Infokom,7286.0867021148415,7.502417499606295,ADHK,
Jambi,2023,K,Jasa Keuangan dan Asuransi,Keuangan,3688.7010920650064,1.2207257465397303,ADHK,
Jambi,2023,L,Real Estate,Real Estate,2453.663144257149,3.295363280477992,ADHK,
Jambi,2023,MN,Jasa Perusahaan,Jasa Perusahaan,2063.8839580428544,16.835552247390574,ADHK,
Jambi,2023,O,"Administrasi Pemerintahan, Pertahanan dan Jaminan Sosial Wajib",Adm. Pemerintahan,5016.808831054835,3.027865180469269,ADHK,
Jambi,2023,P,Jasa Pendidikan,Pendidikan,5445.231347940139,2.541982739020221,ADHK,
Jambi,2023,Q,Jasa Kesehatan dan Kegiatan Sosial,Kesehatan,2238.4812448922485,4.659622620551795,ADHK,
Jambi,2023,RSTU,Jasa Lainnya,Jasa Lainnya,1766.6340925386655,8.544392551855328,ADHK,
Jambi,2024,A,"Pertanian, Kehutanan dan Perikanan",Pertanian,48273.73358064688,4.255381537678482,ADHK,
Jambi,2024,B,Pertambangan dan Penggalian,Pertambangan,37979.09288884206,-0.9192594831086587,ADHK,
Jambi,2024,C,Industri Pengolahan,Industri Pengolahan,17380.920495891827,4.729388949664015,ADHK,
Jambi,2024,D,Pengadaan Listrik dan Gas,Listrik & Gas,116.31599840330249,7.6555463652237865,ADHK,
Jambi,2024,E,"Pengadaan Air, Pengelolaan Sampah, Limbah dan Daur Ulang",Air & Sampah,223.37412536986568,1.965947786606126,ADHK,
Jambi,2024,F,Konstruksi,Konstruksi,13825.545656943612,9.825196884653863,ADHK,
Jambi,2024,G,"Perdagangan Besar dan Eceran, Reparasi Mobil dan Sepeda Motor",Perdagangan,18255.139856558577,6.15293037533009,ADHK,
Jambi,2024,H,Transportasi dan Pergudangan,Transportasi,5989.49805669323,8.18760063695969,ADHK,
Jambi,2024,I,Penyediaan Akomodasi dan Makan Minum,Akomodasi,2176.58116868019,9.645150523331992,ADHK,
Jambi,2024,J,Informasi dan Komunikasi,Infokom,7667.871205086305,5.239911609350578,ADHK,
Jambi,2024,K,Jasa Keuangan dan Asuransi,Keuangan,3774.436049577551,2.3242587396678616,ADHK,
Jambi,2024,L,Real Estate,Real Estate,2583.669655336264,5.298466147783909,ADHK,
Jambi,2024,MN,Jasa Perusahaan,Jasa Perusahaan,2260.495563360791,9.526291657617225,ADHK,
Jambi,2024,O,"Administrasi Pemerintahan, Pertahanan dan Jaminan Sosial Wajib",Adm. Pemerintahan,5589.598788558242,11.417416465178976,ADHK,
Jambi,2024,P,Jasa Pendidikan,Pendidikan,5905.706830832626,8.456490706619446,ADHK,
Jambi,2024,Q,Jasa Kesehatan dan Kegiatan Sosial,Kesehatan,2483.80280081704,10.959285742713476,ADHK,
Jambi,2024,RSTU,Jasa Lainnya,Jasa Lainnya,1911.4256873677468,8.195901768261171,ADHK,
Jambi,2025,A,"Pertanian, Kehutanan dan Perikanan",Pertanian,50925.04445392023,5.492243248275019,ADHK,
Jambi,2025,B,Pertambangan dan Penggalian,Pertambangan,40250.10329758224,5.979633098102188,ADHK,
Jambi,2025,C,Industri Pengolahan,Industri Pengolahan,18267.836385519924,5.102813109568793,ADHK,
Jambi,2025,D,Pengadaan Listrik dan Gas,Listrik & Gas,124.51789482477491,7.05139149735361,ADHK,
Jambi,2025,E,"Pengadaan Air, Pengelolaan Sampah, Limbah dan Daur Ulang",Air & Sampah,227.3128622852841,1.7632914774245334,ADHK,
Jambi,2025,F,Konstruksi,Konstruksi,13253.25633291121,-4.139361571924505,ADHK,
Jambi,2025,G,"Perdagangan Besar dan Eceran, Reparasi Mobil dan Sepeda Motor",Perdagangan,19672.329942061362,7.763238718730636,ADHK,
Jambi,2025,H,Transportasi dan Pergudangan,Transportasi,6521.552691710135,8.883125597183184,ADHK,
Jambi,2025,I,Penyediaan Akomodasi dan Makan Minum,Akomodasi,2242.790201749305,3.0418821049188027,ADHK,
Jambi,2025,J,Informasi dan Komunikasi,Infokom,8318.886005682582,8.490163478025558,ADHK,
Jambi,2025,K,Jasa Keuangan dan Asuransi,Keuangan,4105.627533084411,8.774595175454847,ADHK,
Jambi,2025,L,Real Estate,Real Estate,2689.1651047844516,4.083163233747755,ADHK,
Jambi,2025,MN,Jasa Perusahaan,Jasa Perusahaan,2418.4781381070916,6.98884692838857,ADHK,
Jambi,2025,O,"Administrasi Pemerintahan, Pertahanan dan Jaminan Sosial Wajib",Adm. Pemerintahan,5442.936322612524,-2.623846030701371,ADHK,
Jambi,2025,P,Jasa Pendidikan,Pendidikan,6097.069377658319,3.2402987873801026,ADHK,
Jambi,2025,Q,Jasa Kesehatan dan Kegiatan Sosial,Kesehatan,2585.681082444686,4.101705722939575,ADHK,
Jambi,2025,RSTU,Jasa Lainnya,Jasa Lainnya,1971.6207263803715,3.1492220393626758,ADHK,
Jambi,2026,A,"Pertanian, Kehutanan dan Perikanan",Pertanian,,,ADHK,
Jambi,2026,B,Pertambangan dan Penggalian,Pertambangan,,,ADHK,
Jambi,2026,C,Industri Pengolahan,Industri Pengolahan,,,ADHK,
Jambi,2026,D,Pengadaan Listrik dan Gas,Listrik & Gas,,,ADHK,
Jambi,2026,E,"Pengadaan Air, Pengelolaan Sampah, Limbah dan Daur Ulang",Air & Sampah,,,ADHK,
Jambi,2026,F,Konstruksi,Konstruksi,,,ADHK,
Jambi,2026,G,"Perdagangan Besar dan Eceran, Reparasi Mobil dan Sepeda Motor",Perdagangan,,,ADHK,
Jambi,2026,H,Transportasi dan Pergudangan,Transportasi,,,ADHK,
Jambi,2026,I,Penyediaan Akomodasi dan Makan Minum,Akomodasi,,,ADHK,
Jambi,2026,J,Informasi dan Komunikasi,Infokom,,,ADHK,
Jambi,2026,K,Jasa Keuangan dan Asuransi,Keuangan,,,ADHK,
Jambi,2026,L,Real Estate,Real Estate,,,ADHK,
Jambi,2026,MN,Jasa Perusahaan,Jasa Perusahaan,,,ADHK,
Jambi,2026,O,"Administrasi Pemerintahan, Pertahanan dan Jaminan Sosial Wajib",Adm. Pemerintahan,,,ADHK,
Jambi,2026,P,Jasa Pendidikan,Pendidikan,,,ADHK,
Jambi,2026,Q,Jasa Kesehatan dan Kegiatan Sosial,Kesehatan,,,ADHK,
Jambi,2026,RSTU,Jasa Lainnya,Jasa Lainnya,,,ADHK,
Jawa Barat,2020,A,"Pertanian, Kehutanan dan Perikanan",Pertanian,108417.32353557729,,ADHK,
Jawa Barat,2020,B,Pertambangan dan Penggalian,Pertambangan,23656.15109978039,,ADHK,
Jawa Barat,2020,C,Industri Pengolahan,Industri Pengolahan,602031.0060280904,,ADHK,
Jawa Barat,2020,D,Pengadaan Listrik dan Gas,Listrik & Gas,4929.389397588344,,ADHK,
Jawa Barat,2020,E,"Pengadaan Air, Pengelolaan Sampah, Limbah dan Daur Ulang",Air & Sampah,1288.2255752807134,,ADHK,
Jawa Barat,2020,F,Konstruksi,Konstruksi,116455.16530650992,,ADHK,
Jawa Barat,2020,G,"Perdagangan Besar dan Eceran, Reparasi Mobil dan Sepeda Motor",Perdagangan,213678.27768910496,,ADHK,
Jawa Barat,2020,H,Transportasi dan Pergudangan,Transportasi,67076.81685299748,,ADHK,
Jawa Barat,2020,I,Penyediaan Akomodasi dan Makan Minum,Akomodasi,38207.260063783586,,ADHK,
Jawa Barat,2020,J,Informasi dan Komunikasi,Infokom,85423.4545686655,,ADHK,
Jawa Barat,2020,K,Jasa Keuangan dan Asuransi,Keuangan,36878.209650833174,,ADHK,
Jawa Barat,2020,L,Real Estate,Real Estate,19692.800190238042,,ADHK,
Jawa Barat,2020,MN,Jasa Perusahaan,Jasa Perusahaan,5577.332747410163,,ADHK,
Jawa Barat,2020,O,"Administrasi Pemerintahan, Pertahanan dan Jaminan Sosial Wajib",Adm. Pemerintahan,26563.33561573567,,ADHK,
Jawa Barat,2020,P,Jasa Pendidikan,Pendidikan,44880.28464912888,,ADHK,
Jawa Barat,2020,Q,Jasa Kesehatan dan Kegiatan Sosial,Kesehatan,11658.282579545146,,ADHK,
Jawa Barat,2020,RSTU,Jasa Lainnya,Jasa Lainnya,31799.741136234625,,ADHK,
Jawa Barat,2021,A,"Pertanian, Kehutanan dan Perikanan",Pertanian,109841.70386871883,1.3137940383430857,ADHK,
Jawa Barat,2021,B,Pertambangan dan Penggalian,Pertambangan,23850.157164118707,0.8201083241310636,ADHK,
Jawa Barat,2021,C,Industri Pengolahan,Industri Pengolahan,627465.9456830712,4.224855431082908,ADHK,
Jawa Barat,2021,D,Pengadaan Listrik dan Gas,Listrik & Gas,5504.068278209065,11.658216348294115,ADHK,
Jawa Barat,2021,E,"Pengadaan Air, Pengelolaan Sampah, Limbah dan Daur Ulang",Air & Sampah,1412.3455196431034,9.63495421485816,ADHK,
Jawa Barat,2021,F,Konstruksi,Konstruksi,123992.33601095024,6.472165218779691,ADHK,
Jawa Barat,2021,G,"Perdagangan Besar dan Eceran, Reparasi Mobil dan Sepeda Motor",Perdagangan,220485.21766604256,3.185602228992823,ADHK,
Jawa Barat,2021,H,Transportasi dan Pergudangan,Transportasi,66962.63417542429,-0.17022673843248848,ADHK,
Jawa Barat,2021,I,Penyediaan Akomodasi dan Makan Minum,Akomodasi,38193.49412292739,-0.03602964680852194,ADHK,
Jawa Barat,2021,J,Informasi dan Komunikasi,Infokom,91658.38694303129,7.298852997514871,ADHK,
Jawa Barat,2021,K,Jasa Keuangan dan Asuransi,Keuangan,38975.78901334528,5.687855734788139,ADHK,
Jawa Barat,2021,L,Real Estate,Real Estate,22007.697165286358,11.755042211802058,ADHK,
Jawa Barat,2021,MN,Jasa Perusahaan,Jasa Perusahaan,6053.810583501874,8.543112947904419,ADHK,
Jawa Barat,2021,O,"Administrasi Pemerintahan, Pertahanan dan Jaminan Sosial Wajib",Adm. Pemerintahan,26027.84014062413,-2.015919547371614,ADHK,
Jawa Barat,2021,P,Jasa Pendidikan,Pendidikan,44890.08327364566,0.021832803854482385,ADHK,
Jawa Barat,2021,Q,Jasa Kesehatan dan Kegiatan Sosial,Kesehatan,12538.65070363356,7.551439228562273,ADHK,
Jawa Barat,2021,RSTU,Jasa Lainnya,Jasa Lainnya,32057.688687189813,0.8111624237760351,ADHK,
Jawa Barat,2022,A,"Pertanian, Kehutanan dan Perikanan",Pertanian,114684.81180796918,4.409170441345989,ADHK,
Jawa Barat,2022,B,Pertambangan dan Penggalian,Pertambangan,23764.683038106818,-0.35837971810299685,ADHK,
Jawa Barat,2022,C,Industri Pengolahan,Industri Pengolahan,671410.8508028134,7.003552212208586,ADHK,
Jawa Barat,2022,D,Pengadaan Listrik dan Gas,Listrik & Gas,5802.275727760711,5.417946044242705,ADHK,
Jawa Barat,2022,E,"Pengadaan Air, Pengelolaan Sampah, Limbah dan Daur Ulang",Air & Sampah,1449.0274937442732,2.5972379698162795,ADHK,
Jawa Barat,2022,F,Konstruksi,Konstruksi,123421.60187410843,-0.460297914535146,ADHK,
Jawa Barat,2022,G,"Perdagangan Besar dan Eceran, Reparasi Mobil dan Sepeda Motor",Perdagangan,229783.48613216638,4.217184519012718,ADHK,
Jawa Barat,2022,H,Transportasi dan Pergudangan,Transportasi,74389.70908498325,11.09137207789943,ADHK,
Jawa Barat,2022,I,Penyediaan Akomodasi dan Makan Minum,Akomodasi,42497.239501625125,11.268268268009063,ADHK,
Jawa Barat,2022,J,Informasi dan Komunikasi,Infokom,97242.36437014051,6.092162008676683,ADHK,
Jawa Barat,2022,K,Jasa Keuangan dan Asuransi,Keuangan,38704.71789505754,-0.6954859032999416,ADHK,
Jawa Barat,2022,L,Real Estate,Real Estate,22965.93584486511,4.354106985306139,ADHK,
Jawa Barat,2022,MN,Jasa Perusahaan,Jasa Perusahaan,6824.36909766641,12.728487347531114,ADHK,
Jawa Barat,2022,O,"Administrasi Pemerintahan, Pertahanan dan Jaminan Sosial Wajib",Adm. Pemerintahan,25562.5489684102,-1.787667242844726,ADHK,
Jawa Barat,2022,P,Jasa Pendidikan,Pendidikan,46143.93801718356,2.7931664459041494,ADHK,
Jawa Barat,2022,Q,Jasa Kesehatan dan Kegiatan Sosial,Kesehatan,13268.51772066147,5.820937469901777,ADHK,
Jawa Barat,2022,RSTU,Jasa Lainnya,Jasa Lainnya,35286.91536216035,10.07317372902472,ADHK,
Jawa Barat,2023,A,"Pertanian, Kehutanan dan Perikanan",Pertanian,114808.44717381845,0.1078044807330647,ADHK,
Jawa Barat,2023,B,Pertambangan dan Penggalian,Pertambangan,23726.638145366866,-0.1600900490822732,ADHK,
Jawa Barat,2023,C,Industri Pengolahan,Industri Pengolahan,703232.6694630657,4.739544888528768,ADHK,
Jawa Barat,2023,D,Pengadaan Listrik dan Gas,Listrik & Gas,5812.89053075654,0.1829420643531865,ADHK,
Jawa Barat,2023,E,"Pengadaan Air, Pengelolaan Sampah, Limbah dan Daur Ulang",Air & Sampah,1487.0422727612658,2.6234684421868826,ADHK,
Jawa Barat,2023,F,Konstruksi,Konstruksi,130625.57127770295,5.836878872259876,ADHK,
Jawa Barat,2023,G,"Perdagangan Besar dan Eceran, Reparasi Mobil dan Sepeda Motor",Perdagangan,239802.09634781515,4.360021855481078,ADHK,
Jawa Barat,2023,H,Transportasi dan Pergudangan,Transportasi,82521.6000151661,10.931472955342425,ADHK,
Jawa Barat,2023,I,Penyediaan Akomodasi dan Makan Minum,Akomodasi,46204.806902940996,8.724254668762876,ADHK,
Jawa Barat,2023,J,Informasi dan Komunikasi,Infokom,104888.98763962561,7.863469094991582,ADHK,
Jawa Barat,2023,K,Jasa Keuangan dan Asuransi,Keuangan,40144.30993041908,3.71942262766205,ADHK,
Jawa Barat,2023,L,Real Estate,Real Estate,24397.31592194061,6.232622466353965,ADHK,
Jawa Barat,2023,MN,Jasa Perusahaan,Jasa Perusahaan,7322.293118085282,7.29626450874612,ADHK,
Jawa Barat,2023,O,"Administrasi Pemerintahan, Pertahanan dan Jaminan Sosial Wajib",Adm. Pemerintahan,26186.204980810107,2.439725448235275,ADHK,
Jawa Barat,2023,P,Jasa Pendidikan,Pendidikan,48469.67447440952,5.040177663986722,ADHK,
Jawa Barat,2023,Q,Jasa Kesehatan dan Kegiatan Sosial,Kesehatan,14045.79991151336,5.858093625948313,ADHK,
Jawa Barat,2023,RSTU,Jasa Lainnya,Jasa Lainnya,37960.206219359,7.575870063341772,ADHK,
Jawa Barat,2024,A,"Pertanian, Kehutanan dan Perikanan",Pertanian,116628.58834573287,1.5853721714036872,ADHK,
Jawa Barat,2024,B,Pertambangan dan Penggalian,Pertambangan,23727.155627559507,0.0021810177635472883,ADHK,
Jawa Barat,2024,C,Industri Pengolahan,Industri Pengolahan,728019.5017027429,3.5246986262174707,ADHK,
Jawa Barat,2024,D,Pengadaan Listrik dan Gas,Listrik & Gas,5778.037435793623,-0.5995828543218895,ADHK,
Jawa Barat,2024,E,"Pengadaan Air, Pengelolaan Sampah, Limbah dan Daur Ulang",Air & Sampah,1568.5820839547007,5.483355294400938,ADHK,
Jawa Barat,2024,F,Konstruksi,Konstruksi,139883.61040430938,7.087463071778144,ADHK,
Jawa Barat,2024,G,"Perdagangan Besar dan Eceran, Reparasi Mobil dan Sepeda Motor",Perdagangan,251424.99671926422,4.8468718782970655,ADHK,
Jawa Barat,2024,H,Transportasi dan Pergudangan,Transportasi,92703.38127181564,12.338322638894915,ADHK,
Jawa Barat,2024,I,Penyediaan Akomodasi dan Makan Minum,Akomodasi,49174.56140953133,6.427371318375319,ADHK,
Jawa Barat,2024,J,Informasi dan Komunikasi,Infokom,113487.50844848796,8.197734578585969,ADHK,
Jawa Barat,2024,K,Jasa Keuangan dan Asuransi,Keuangan,41828.68915570485,4.195810634695829,ADHK,
Jawa Barat,2024,L,Real Estate,Real Estate,26016.28452733333,6.635847199637124,ADHK,
Jawa Barat,2024,MN,Jasa Perusahaan,Jasa Perusahaan,7504.76996466646,2.4920724100825575,ADHK,
Jawa Barat,2024,O,"Administrasi Pemerintahan, Pertahanan dan Jaminan Sosial Wajib",Adm. Pemerintahan,28471.25014628868,8.726140985885934,ADHK,
Jawa Barat,2024,P,Jasa Pendidikan,Pendidikan,51352.11649073961,5.946897823404873,ADHK,
Jawa Barat,2024,Q,Jasa Kesehatan dan Kegiatan Sosial,Kesehatan,14885.929479945306,5.9813579413393825,ADHK,
Jawa Barat,2024,RSTU,Jasa Lainnya,Jasa Lainnya,40969.69023954953,7.927997026148259,ADHK,
Jawa Barat,2025,A,"Pertanian, Kehutanan dan Perikanan",Pertanian,128373.78598324838,10.070599159357174,ADHK,
Jawa Barat,2025,B,Pertambangan dan Penggalian,Pertambangan,23608.224287477067,-0.5012456695158929,ADHK,
Jawa Barat,2025,C,Industri Pengolahan,Industri Pengolahan,748711.0849494046,2.8421743096533447,ADHK,
Jawa Barat,2025,D,Pengadaan Listrik dan Gas,Listrik & Gas,5874.404753917583,1.6678209373824027,ADHK,
Jawa Barat,2025,E,"Pengadaan Air, Pengelolaan Sampah, Limbah dan Daur Ulang",Air & Sampah,1610.0283383146718,2.642275133952632,ADHK,
Jawa Barat,2025,F,Konstruksi,Konstruksi,147385.38348332373,5.362867785104908,ADHK,
Jawa Barat,2025,G,"Perdagangan Besar dan Eceran, Reparasi Mobil dan Sepeda Motor",Perdagangan,264001.90710234386,5.002251385976053,ADHK,
Jawa Barat,2025,H,Transportasi dan Pergudangan,Transportasi,103365.45474365402,11.501277866635839,ADHK,
Jawa Barat,2025,I,Penyediaan Akomodasi dan Makan Minum,Akomodasi,54259.65249304725,10.340897687254813,ADHK,
Jawa Barat,2025,J,Informasi dan Komunikasi,Infokom,123844.51040281715,9.126116253605332,ADHK,
Jawa Barat,2025,K,Jasa Keuangan dan Asuransi,Keuangan,43195.97291531764,3.268770279946276,ADHK,
Jawa Barat,2025,L,Real Estate,Real Estate,28154.62994354372,8.219257496064802,ADHK,
Jawa Barat,2025,MN,Jasa Perusahaan,Jasa Perusahaan,8194.514315595388,9.190746074514532,ADHK,
Jawa Barat,2025,O,"Administrasi Pemerintahan, Pertahanan dan Jaminan Sosial Wajib",Adm. Pemerintahan,29615.358564789494,4.018469201816743,ADHK,
Jawa Barat,2025,P,Jasa Pendidikan,Pendidikan,54714.07245796425,6.546869334647387,ADHK,
Jawa Barat,2025,Q,Jasa Kesehatan dan Kegiatan Sosial,Kesehatan,16343.604566995822,9.792301441534669,ADHK,
Jawa Barat,2025,RSTU,Jasa Lainnya,Jasa Lainnya,44630.48339105469,8.93536936720909,ADHK,
Jawa Barat,2026,A,"Pertanian, Kehutanan dan Perikanan",Pertanian,,,ADHK,
Jawa Barat,2026,B,Pertambangan dan Penggalian,Pertambangan,,,ADHK,
Jawa Barat,2026,C,Industri Pengolahan,Industri Pengolahan,,,ADHK,
Jawa Barat,2026,D,Pengadaan Listrik dan Gas,Listrik & Gas,,,ADHK,
Jawa Barat,2026,E,"Pengadaan Air, Pengelolaan Sampah, Limbah dan Daur Ulang",Air & Sampah,,,ADHK,
Jawa Barat,2026,F,Konstruksi,Konstruksi,,,ADHK,
Jawa Barat,2026,G,"Perdagangan Besar dan Eceran, Reparasi Mobil dan Sepeda Motor",Perdagangan,,,ADHK,
Jawa Barat,2026,H,Transportasi dan Pergudangan,Transportasi,,,ADHK,
Jawa Barat,2026,I,Penyediaan Akomodasi dan Makan Minum,Akomodasi,,,ADHK,
Jawa Barat,2026,J,Informasi dan Komunikasi,Infokom,,,ADHK,
Jawa Barat,2026,K,Jasa Keuangan dan Asuransi,Keuangan,,,ADHK,
Jawa Barat,2026,L,Real Estate,Real Estate,,,ADHK,
Jawa Barat,2026,MN,Jasa Perusahaan,Jasa Perusahaan,,,ADHK,
Jawa Barat,2026,O,"Administrasi Pemerintahan, Pertahanan dan Jaminan Sosial Wajib",Adm. Pemerintahan,,,ADHK,
Jawa Barat,2026,P,Jasa Pendidikan,Pendidikan,,,ADHK,
Jawa Barat,2026,Q,Jasa Kesehatan dan Kegiatan Sosial,Kesehatan,,,ADHK,
Jawa Barat,2026,RSTU,Jasa Lainnya,Jasa Lainnya,,,ADHK,
Jawa Tengah,2020,A,"Pertanian, Kehutanan dan Perikanan",Pertanian,127781.30488320983,,ADHK,
Jawa Tengah,2020,B,Pertambangan dan Penggalian,Pertambangan,21281.723865156462,,ADHK,
Jawa Tengah,2020,C,Industri Pengolahan,Industri Pengolahan,319895.7503120111,,ADHK,
Jawa Tengah,2020,D,Pengadaan Listrik dan Gas,Listrik & Gas,1096.94903326017,,ADHK,
Jawa Tengah,2020,E,"Pengadaan Air, Pengelolaan Sampah, Limbah dan Daur Ulang",Air & Sampah,699.444084257712,,ADHK,
Jawa Tengah,2020,F,Konstruksi,Konstruksi,97204.78439200147,,ADHK,
Jawa Tengah,2020,G,"Perdagangan Besar dan Eceran, Reparasi Mobil dan Sepeda Motor",Perdagangan,138780.63738074235,,ADHK,
Jawa Tengah,2020,H,Transportasi dan Pergudangan,Transportasi,23211.460916335145,,ADHK,
Jawa Tengah,2020,I,Penyediaan Akomodasi dan Makan Minum,Akomodasi,30433.15264108077,,ADHK,
Jawa Tengah,2020,J,Informasi dan Komunikasi,Infokom,58595.63151856822,,ADHK,
Jawa Tengah,2020,K,Jasa Keuangan dan Asuransi,Keuangan,27079.28942645838,,ADHK,
Jawa Tengah,2020,L,Real Estate,Real Estate,18708.25257164712,,ADHK,
Jawa Tengah,2020,MN,Jasa Perusahaan,Jasa Perusahaan,3688.494677514644,,ADHK,
Jawa Tengah,2020,O,"Administrasi Pemerintahan, Pertahanan dan Jaminan Sosial Wajib",Adm. Pemerintahan,24545.227870480176,,ADHK,
Jawa Tengah,2020,P,Jasa Pendidikan,Pendidikan,38863.29058893204,,ADHK,
Jawa Tengah,2020,Q,Jasa Kesehatan dan Kegiatan Sosial,Kesehatan,9358.76543448616,,ADHK,
Jawa Tengah,2020,RSTU,Jasa Lainnya,Jasa Lainnya,15861.740097064558,,ADHK,
Jawa Tengah,2021,A,"Pertanian, Kehutanan dan Perikanan",Pertanian,128748.01550318584,0.7565352544017134,ADHK,
Jawa Tengah,2021,B,Pertambangan dan Penggalian,Pertambangan,22218.058134842424,4.3997106419512155,ADHK,
Jawa Tengah,2021,C,Industri Pengolahan,Industri Pengolahan,327383.77334542986,2.3407697745641443,ADHK,
Jawa Tengah,2021,D,Pengadaan Listrik dan Gas,Listrik & Gas,1162.2861742447808,5.956260409877623,ADHK,
Jawa Tengah,2021,E,"Pengadaan Air, Pengelolaan Sampah, Limbah dan Daur Ulang",Air & Sampah,740.8604997016571,5.921333295412512,ADHK,
Jawa Tengah,2021,F,Konstruksi,Konstruksi,104364.93468481724,7.366047193665648,ADHK,
Jawa Tengah,2021,G,"Perdagangan Besar dan Eceran, Reparasi Mobil dan Sepeda Motor",Perdagangan,146834.7217770341,5.803464048227069,ADHK,
Jawa Tengah,2021,H,Transportasi dan Pergudangan,Transportasi,23971.09289630124,3.2726590657268906,ADHK,
Jawa Tengah,2021,I,Penyediaan Akomodasi dan Makan Minum,Akomodasi,32234.37457762185,5.9186176265868085,ADHK,
Jawa Tengah,2021,J,Informasi dan Komunikasi,Infokom,62136.67480318324,6.043186484802887,ADHK,
Jawa Tengah,2021,K,Jasa Keuangan dan Asuransi,Keuangan,27518.38387851488,1.6215139368741083,ADHK,
Jawa Tengah,2021,L,Real Estate,Real Estate,19110.92716400687,2.1523901861898675,ADHK,
Jawa Tengah,2021,MN,Jasa Perusahaan,Jasa Perusahaan,3801.7620077441634,3.0708280784571995,ADHK,
Jawa Tengah,2021,O,"Administrasi Pemerintahan, Pertahanan dan Jaminan Sosial Wajib",Adm. Pemerintahan,24387.747916706587,-0.6415909218874472,ADHK,
Jawa Tengah,2021,P,Jasa Pendidikan,Pendidikan,38890.15199137518,0.06911767386674761,ADHK,
Jawa Tengah,2021,Q,Jasa Kesehatan dan Kegiatan Sosial,Kesehatan,9375.821038765642,0.1822420318029705,ADHK,
Jawa Tengah,2021,RSTU,Jasa Lainnya,Jasa Lainnya,15945.40385801336,0.5274563852189607,ADHK,
Jawa Tengah,2022,A,"Pertanian, Kehutanan dan Perikanan",Pertanian,132493.62399256488,2.9092553191908177,ADHK,
Jawa Tengah,2022,B,Pertambangan dan Penggalian,Pertambangan,20841.256954990873,-6.196766483801963,ADHK,
Jawa Tengah,2022,C,Industri Pengolahan,Industri Pengolahan,340086.5902669035,3.880099734836473,ADHK,
Jawa Tengah,2022,D,Pengadaan Listrik dan Gas,Listrik & Gas,1206.3242016409433,3.788914328674453,ADHK,
Jawa Tengah,2022,E,"Pengadaan Air, Pengelolaan Sampah, Limbah dan Daur Ulang",Air & Sampah,748.3699602348412,1.0136132964583933,ADHK,
Jawa Tengah,2022,F,Konstruksi,Konstruksi,106278.55828915228,1.8335886570658877,ADHK,
Jawa Tengah,2022,G,"Perdagangan Besar dan Eceran, Reparasi Mobil dan Sepeda Motor",Perdagangan,153171.12566007496,4.315330738095158,ADHK,
Jawa Tengah,2022,H,Transportasi dan Pergudangan,Transportasi,41472.011365749306,73.00842954952826,ADHK,
Jawa Tengah,2022,I,Penyediaan Akomodasi dan Makan Minum,Akomodasi,37710.430248644036,16.988248547635365,ADHK,
Jawa Tengah,2022,J,Informasi dan Komunikasi,Infokom,63690.44755124525,2.500572734192086,ADHK,
Jawa Tengah,2022,K,Jasa Keuangan dan Asuransi,Keuangan,27663.320112911522,0.5266887584550517,ADHK,
Jawa Tengah,2022,L,Real Estate,Real Estate,20083.38905131278,5.0885123414494915,ADHK,
Jawa Tengah,2022,MN,Jasa Perusahaan,Jasa Perusahaan,4035.408872387872,6.145752000461147,ADHK,
Jawa Tengah,2022,O,"Administrasi Pemerintahan, Pertahanan dan Jaminan Sosial Wajib",Adm. Pemerintahan,24771.878102579598,1.5750949500747735,ADHK,
Jawa Tengah,2022,P,Jasa Pendidikan,Pendidikan,39502.88532712059,1.575548832725815,ADHK,
Jawa Tengah,2022,Q,Jasa Kesehatan dan Kegiatan Sosial,Kesehatan,9611.372495198937,2.512328845221923,ADHK,
Jawa Tengah,2022,RSTU,Jasa Lainnya,Jasa Lainnya,17825.4717604685,11.79065716488774,ADHK,
Jawa Tengah,2023,A,"Pertanian, Kehutanan dan Perikanan",Pertanian,133069.16374432444,0.43439052719385085,ADHK,
Jawa Tengah,2023,B,Pertambangan dan Penggalian,Pertambangan,21129.285553100333,1.382011645130099,ADHK,
Jawa Tengah,2023,C,Industri Pengolahan,Industri Pengolahan,354765.4028965724,4.3161985946428505,ADHK,
Jawa Tengah,2023,D,Pengadaan Listrik dan Gas,Listrik & Gas,1288.28358791556,6.794142583157048,ADHK,
Jawa Tengah,2023,E,"Pengadaan Air, Pengelolaan Sampah, Limbah dan Daur Ulang",Air & Sampah,778.8156008865982,4.0682606557594925,ADHK,
Jawa Tengah,2023,F,Konstruksi,Konstruksi,112727.45985908882,6.0679234586443975,ADHK,
Jawa Tengah,2023,G,"Perdagangan Besar dan Eceran, Reparasi Mobil dan Sepeda Motor",Perdagangan,160716.4884438876,4.92609997562965,ADHK,
Jawa Tengah,2023,H,Transportasi dan Pergudangan,Transportasi,44841.119413463406,8.1238115460601,ADHK,
Jawa Tengah,2023,I,Penyediaan Akomodasi dan Makan Minum,Akomodasi,41947.749029115446,11.236463632296466,ADHK,
Jawa Tengah,2023,J,Informasi dan Komunikasi,Infokom,70486.05608545402,10.669745300095501,ADHK,
Jawa Tengah,2023,K,Jasa Keuangan dan Asuransi,Keuangan,28261.0771838464,2.1608290996707913,ADHK,
Jawa Tengah,2023,L,Real Estate,Real Estate,21469.18294856613,6.900199432041387,ADHK,
Jawa Tengah,2023,MN,Jasa Perusahaan,Jasa Perusahaan,4327.497336403368,7.238138023983121,ADHK,
Jawa Tengah,2023,O,"Administrasi Pemerintahan, Pertahanan dan Jaminan Sosial Wajib",Adm. Pemerintahan,25795.035473813812,4.13031812524407,ADHK,
Jawa Tengah,2023,P,Jasa Pendidikan,Pendidikan,41860.25278202292,5.967582963576312,ADHK,
Jawa Tengah,2023,Q,Jasa Kesehatan dan Kegiatan Sosial,Kesehatan,10170.554785244189,5.817923406095993,ADHK,
Jawa Tengah,2023,RSTU,Jasa Lainnya,Jasa Lainnya,19146.59707020601,7.411446538359612,ADHK,
Jawa Tengah,2024,A,"Pertanian, Kehutanan dan Perikanan",Pertanian,134925.41673757037,1.3949535271841729,ADHK,
Jawa Tengah,2024,B,Pertambangan dan Penggalian,Pertambangan,21727.34569408724,2.830479712548306,ADHK,
Jawa Tengah,2024,C,Industri Pengolahan,Industri Pengolahan,367268.462836458,3.524317714692904,ADHK,
Jawa Tengah,2024,D,Pengadaan Listrik dan Gas,Listrik & Gas,1377.908669150681,6.956937282740205,ADHK,
Jawa Tengah,2024,E,"Pengadaan Air, Pengelolaan Sampah, Limbah dan Daur Ulang",Air & Sampah,796.589648532691,2.2821894715332913,ADHK,
Jawa Tengah,2024,F,Konstruksi,Konstruksi,121717.18518058742,7.974743095192505,ADHK,
Jawa Tengah,2024,G,"Perdagangan Besar dan Eceran, Reparasi Mobil dan Sepeda Motor",Perdagangan,167385.50802911952,4.149555313088071,ADHK,
Jawa Tengah,2024,H,Transportasi dan Pergudangan,Transportasi,47332.58110405438,5.556198692584191,ADHK,
Jawa Tengah,2024,I,Penyediaan Akomodasi dan Makan Minum,Akomodasi,46153.74831627396,10.026758013258785,ADHK,
Jawa Tengah,2024,J,Informasi dan Komunikasi,Infokom,77226.84893603435,9.563299785716639,ADHK,
Jawa Tengah,2024,K,Jasa Keuangan dan Asuransi,Keuangan,28870.94224458612,2.157968207554073,ADHK,
Jawa Tengah,2024,L,Real Estate,Real Estate,22737.21587734816,5.906293368591942,ADHK,
Jawa Tengah,2024,MN,Jasa Perusahaan,Jasa Perusahaan,4723.459841368071,9.149919091430148,ADHK,
Jawa Tengah,2024,O,"Administrasi Pemerintahan, Pertahanan dan Jaminan Sosial Wajib",Adm. Pemerintahan,27736.933619620188,7.528185599037918,ADHK,
Jawa Tengah,2024,P,Jasa Pendidikan,Pendidikan,45431.113029169486,8.530431638196134,ADHK,
Jawa Tengah,2024,Q,Jasa Kesehatan dan Kegiatan Sosial,Kesehatan,10910.647245812845,7.2768150429946,ADHK,
Jawa Tengah,2024,RSTU,Jasa Lainnya,Jasa Lainnya,20451.70609359892,6.816401988339682,ADHK,
Jawa Tengah,2025,A,"Pertanian, Kehutanan dan Perikanan",Pertanian,141377.57786506542,4.782020529196873,ADHK,
Jawa Tengah,2025,B,Pertambangan dan Penggalian,Pertambangan,22207.171105635647,2.208394059284413,ADHK,
Jawa Tengah,2025,C,Industri Pengolahan,Industri Pengolahan,382190.33785148425,4.062933936603996,ADHK,
Jawa Tengah,2025,D,Pengadaan Listrik dan Gas,Listrik & Gas,1438.7576053138564,4.4160355127660145,ADHK,
Jawa Tengah,2025,E,"Pengadaan Air, Pengelolaan Sampah, Limbah dan Daur Ulang",Air & Sampah,807.5007454928274,1.3697261796251636,ADHK,
Jawa Tengah,2025,F,Konstruksi,Konstruksi,129769.05437775093,6.6152279032884564,ADHK,
Jawa Tengah,2025,G,"Perdagangan Besar dan Eceran, Reparasi Mobil dan Sepeda Motor",Perdagangan,175129.4833535932,4.6264311741530895,ADHK,
Jawa Tengah,2025,H,Transportasi dan Pergudangan,Transportasi,50516.43780453599,6.726564717614547,ADHK,
Jawa Tengah,2025,I,Penyediaan Akomodasi dan Makan Minum,Akomodasi,51046.02722387524,10.599960103080619,ADHK,
Jawa Tengah,2025,J,Informasi dan Komunikasi,Infokom,83976.45020311038,8.739967200612586,ADHK,
Jawa Tengah,2025,K,Jasa Keuangan dan Asuransi,Keuangan,30489.22703047514,5.605237169536714,ADHK,
Jawa Tengah,2025,L,Real Estate,Real Estate,24014.348063320806,5.616924221777664,ADHK,
Jawa Tengah,2025,MN,Jasa Perusahaan,Jasa Perusahaan,5094.7587363030225,7.8607399534365685,ADHK,
Jawa Tengah,2025,O,"Administrasi Pemerintahan, Pertahanan dan Jaminan Sosial Wajib",Adm. Pemerintahan,28361.673369311677,2.2523749678283522,ADHK,
Jawa Tengah,2025,P,Jasa Pendidikan,Pendidikan,48386.40612248229,6.504998218765468,ADHK,
Jawa Tengah,2025,Q,Jasa Kesehatan dan Kegiatan Sosial,Kesehatan,11456.733445050344,5.005076114499718,ADHK,
Jawa Tengah,2025,RSTU,Jasa Lainnya,Jasa Lainnya,22117.69757392756,8.145978006451337,ADHK,
Jawa Tengah,2026,A,"Pertanian, Kehutanan dan Perikanan",Pertanian,,,ADHK,
Jawa Tengah,2026,B,Pertambangan dan Penggalian,Pertambangan,,,ADHK,
Jawa Tengah,2026,C,Industri Pengolahan,Industri Pengolahan,,,ADHK,
Jawa Tengah,2026,D,Pengadaan Listrik dan Gas,Listrik & Gas,,,ADHK,
Jawa Tengah,2026,E,"Pengadaan Air, Pengelolaan Sampah, Limbah dan Daur Ulang",Air & Sampah,,,ADHK,
Jawa Tengah,2026,F,Konstruksi,Konstruksi,,,ADHK,
Jawa Tengah,2026,G,"Perdagangan Besar dan Eceran, Reparasi Mobil dan Sepeda Motor",Perdagangan,,,ADHK,
Jawa Tengah,2026,H,Transportasi dan Pergudangan,Transportasi,,,ADHK,
Jawa Tengah,2026,I,Penyediaan Akomodasi dan Makan Minum,Akomodasi,,,ADHK,
Jawa Tengah,2026,J,Informasi dan Komunikasi,Infokom,,,ADHK,
Jawa Tengah,2026,K,Jasa Keuangan dan Asuransi,Keuangan,,,ADHK,
Jawa Tengah,2026,L,Real Estate,Real Estate,,,ADHK,
Jawa Tengah,2026,MN,Jasa Perusahaan,Jasa Perusahaan,,,ADHK,
Jawa Tengah,2026,O,"Administrasi Pemerintahan, Pertahanan dan Jaminan Sosial Wajib",Adm. Pemerintahan,,,ADHK,
Jawa Tengah,2026,P,Jasa Pendidikan,Pendidikan,,,ADHK,
Jawa Tengah,2026,Q,Jasa Kesehatan dan Kegiatan Sosial,Kesehatan,,,ADHK,
Jawa Tengah,2026,RSTU,Jasa Lainnya,Jasa Lainnya,,,ADHK,
Jawa Timur,2020,A,"Pertanian, Kehutanan dan Perikanan",Pertanian,169850.43177484957,,ADHK,
Jawa Timur,2020,B,Pertambangan dan Penggalian,Pertambangan,80506.25715618616,,ADHK,
Jawa Timur,2020,C,Industri Pengolahan,Industri Pengolahan,479794.5581270173,,ADHK,
Jawa Timur,2020,D,Pengadaan Listrik dan Gas,Listrik & Gas,4420.573929756517,,ADHK,
Jawa Timur,2020,E,"Pengadaan Air, Pengelolaan Sampah, Limbah dan Daur Ulang",Air & Sampah,1657.5816241546097,,ADHK,
Jawa Timur,2020,F,Konstruksi,Konstruksi,145397.7173190344,,ADHK,
Jawa Timur,2020,G,"Perdagangan Besar dan Eceran, Reparasi Mobil dan Sepeda Motor",Perdagangan,288715.17403508554,,ADHK,
Jawa Timur,2020,H,Transportasi dan Pergudangan,Transportasi,42814.829992402636,,ADHK,
Jawa Timur,2020,I,Penyediaan Akomodasi dan Makan Minum,Akomodasi,82623.95827556806,,ADHK,
Jawa Timur,2020,J,Informasi dan Komunikasi,Infokom,106351.96287132982,,ADHK,
Jawa Timur,2020,K,Jasa Keuangan dan Asuransi,Keuangan,41408.19625234194,,ADHK,
Jawa Timur,2020,L,Real Estate,Real Estate,29530.82517322278,,ADHK,
Jawa Timur,2020,MN,Jasa Perusahaan,Jasa Perusahaan,12132.603531282672,,ADHK,
Jawa Timur,2020,O,"Administrasi Pemerintahan, Pertahanan dan Jaminan Sosial Wajib",Adm. Pemerintahan,34648.274317058625,,ADHK,
Jawa Timur,2020,P,Jasa Pendidikan,Pendidikan,45660.392860276006,,ADHK,
Jawa Timur,2020,Q,Jasa Kesehatan dan Kegiatan Sosial,Kesehatan,12115.576689179074,,ADHK,
Jawa Timur,2020,RSTU,Jasa Lainnya,Jasa Lainnya,20232.906157036217,,ADHK,
Jawa Timur,2021,A,"Pertanian, Kehutanan dan Perikanan",Pertanian,172814.70163394383,1.74522362299534,ADHK,
Jawa Timur,2021,B,Pertambangan dan Penggalian,Pertambangan,76895.90331707735,-4.4845630223555695,ADHK,
Jawa Timur,2021,C,Industri Pengolahan,Industri Pengolahan,496016.9608293326,3.381114359788273,ADHK,
Jawa Timur,2021,D,Pengadaan Listrik dan Gas,Listrik & Gas,4677.960560677808,5.822470905615362,ADHK,
Jawa Timur,2021,E,"Pengadaan Air, Pengelolaan Sampah, Limbah dan Daur Ulang",Air & Sampah,1751.5443707201598,5.6686648305161125,ADHK,
Jawa Timur,2021,F,Konstruksi,Konstruksi,149080.73314209207,2.533063029439675,ADHK,
Jawa Timur,2021,G,"Perdagangan Besar dan Eceran, Reparasi Mobil dan Sepeda Motor",Perdagangan,311140.4097475019,7.767252201885011,ADHK,
Jawa Timur,2021,H,Transportasi dan Pergudangan,Transportasi,43888.86819092107,2.5085658373722897,ADHK,
Jawa Timur,2021,I,Penyediaan Akomodasi dan Makan Minum,Akomodasi,85155.36843700701,3.0637725597655097,ADHK,
Jawa Timur,2021,J,Informasi dan Komunikasi,Infokom,113678.39072441707,6.888850619476727,ADHK,
Jawa Timur,2021,K,Jasa Keuangan dan Asuransi,Keuangan,42074.31551323934,1.608665243079077,ADHK,
Jawa Timur,2021,L,Real Estate,Real Estate,30205.628483648794,2.285081119365051,ADHK,
Jawa Timur,2021,MN,Jasa Perusahaan,Jasa Perusahaan,12417.86866215181,2.351227666292832,ADHK,
Jawa Timur,2021,O,"Administrasi Pemerintahan, Pertahanan dan Jaminan Sosial Wajib",Adm. Pemerintahan,34747.739526828875,0.28707117953425954,ADHK,
Jawa Timur,2021,P,Jasa Pendidikan,Pendidikan,46084.547576120545,0.9289335664335763,ADHK,
Jawa Timur,2021,Q,Jasa Kesehatan dan Kegiatan Sosial,Kesehatan,12717.274255127038,4.966313873324468,ADHK,
Jawa Timur,2021,RSTU,Jasa Lainnya,Jasa Lainnya,21401.77751300342,5.777080894336661,ADHK,
Jawa Timur,2022,A,"Pertanian, Kehutanan dan Perikanan",Pertanian,176047.72288164534,1.870802204403721,ADHK,
Jawa Timur,2022,B,Pertambangan dan Penggalian,Pertambangan,71517.22326147875,-6.994755017598031,ADHK,
Jawa Timur,2022,C,Industri Pengolahan,Industri Pengolahan,526968.2504904937,6.239965990157081,ADHK,
Jawa Timur,2022,D,Pengadaan Listrik dan Gas,Listrik & Gas,5029.371110745493,7.512046018976437,ADHK,
Jawa Timur,2022,E,"Pengadaan Air, Pengelolaan Sampah, Limbah dan Daur Ulang",Air & Sampah,1791.1107733704994,2.258943781942069,ADHK,
Jawa Timur,2022,F,Konstruksi,Konstruksi,158471.4424514224,6.299076420814109,ADHK,
Jawa Timur,2022,G,"Perdagangan Besar dan Eceran, Reparasi Mobil dan Sepeda Motor",Perdagangan,332542.640366161,6.8786406227425045,ADHK,
Jawa Timur,2022,H,Transportasi dan Pergudangan,Transportasi,52442.403677366696,19.48907738799932,ADHK,
Jawa Timur,2022,I,Penyediaan Akomodasi dan Makan Minum,Akomodasi,93110.18350142334,9.341530910409768,ADHK,
Jawa Timur,2022,J,Informasi dan Komunikasi,Infokom,118834.89559923395,4.536046685704287,ADHK,
Jawa Timur,2022,K,Jasa Keuangan dan Asuransi,Keuangan,43053.44429275513,2.32714131548426,ADHK,
Jawa Timur,2022,L,Real Estate,Real Estate,31581.37424398254,4.55460068006357,ADHK,
Jawa Timur,2022,MN,Jasa Perusahaan,Jasa Perusahaan,13061.602829426693,5.1839344157094125,ADHK,
Jawa Timur,2022,O,"Administrasi Pemerintahan, Pertahanan dan Jaminan Sosial Wajib",Adm. Pemerintahan,34837.25225009572,0.2576073278025337,ADHK,
Jawa Timur,2022,P,Jasa Pendidikan,Pendidikan,46477.230946012,0.8520933600201674,ADHK,
Jawa Timur,2022,Q,Jasa Kesehatan dan Kegiatan Sosial,Kesehatan,13010.377239871948,2.30476263124344,ADHK,
Jawa Timur,2022,RSTU,Jasa Lainnya,Jasa Lainnya,24064.222149028185,12.44029676697227,ADHK,
Jawa Timur,2023,A,"Pertanian, Kehutanan dan Perikanan",Pertanian,180020.43865590764,2.2566129849535654,ADHK,
Jawa Timur,2023,B,Pertambangan dan Penggalian,Pertambangan,72704.0388155656,1.6594821498419288,ADHK,
Jawa Timur,2023,C,Industri Pengolahan,Industri Pengolahan,548635.3056407527,4.1116433732186985,ADHK,
Jawa Timur,2023,D,Pengadaan Listrik dan Gas,Listrik & Gas,6238.425967974699,24.039881539980268,ADHK,
Jawa Timur,2023,E,"Pengadaan Air, Pengelolaan Sampah, Limbah dan Daur Ulang",Air & Sampah,1843.388554247871,2.9187352147402867,ADHK,
Jawa Timur,2023,F,Konstruksi,Konstruksi,166464.27322165272,5.0437041820203365,ADHK,
Jawa Timur,2023,G,"Perdagangan Besar dan Eceran, Reparasi Mobil dan Sepeda Motor",Perdagangan,351691.187792956,5.758223187772438,ADHK,
Jawa Timur,2023,H,Transportasi dan Pergudangan,Transportasi,59410.216393874405,13.28660059019169,ADHK,
Jawa Timur,2023,I,Penyediaan Akomodasi dan Makan Minum,Akomodasi,100606.27232118783,8.050772254841387,ADHK,
Jawa Timur,2023,J,Informasi dan Komunikasi,Infokom,126684.08252145052,6.605119550647509,ADHK,
Jawa Timur,2023,K,Jasa Keuangan dan Asuransi,Keuangan,44686.76416499422,3.793703149817307,ADHK,
Jawa Timur,2023,L,Real Estate,Real Estate,32430.721483504094,2.689392909123911,ADHK,
Jawa Timur,2023,MN,Jasa Perusahaan,Jasa Perusahaan,14141.67171953808,8.269037913770294,ADHK,
Jawa Timur,2023,O,"Administrasi Pemerintahan, Pertahanan dan Jaminan Sosial Wajib",Adm. Pemerintahan,34852.76261867245,0.04452236492529238,ADHK,
Jawa Timur,2023,P,Jasa Pendidikan,Pendidikan,48725.38664395285,4.837111962527008,ADHK,
Jawa Timur,2023,Q,Jasa Kesehatan dan Kegiatan Sosial,Kesehatan,13515.571563730144,3.88301057335958,ADHK,
Jawa Timur,2023,RSTU,Jasa Lainnya,Jasa Lainnya,26289.11652867582,9.245652595247034,ADHK,
Jawa Timur,2024,A,"Pertanian, Kehutanan dan Perikanan",Pertanian,180163.40661297477,0.07941762509555694,ADHK,
Jawa Timur,2024,B,Pertambangan dan Penggalian,Pertambangan,72231.11980097287,-0.6504714487628682,ADHK,
Jawa Timur,2024,C,Industri Pengolahan,Industri Pengolahan,578255.6614838021,5.39891537028514,ADHK,
Jawa Timur,2024,D,Pengadaan Listrik dan Gas,Listrik & Gas,6670.693712425013,6.929115560068899,ADHK,
Jawa Timur,2024,E,"Pengadaan Air, Pengelolaan Sampah, Limbah dan Daur Ulang",Air & Sampah,1884.6159898903188,2.2365027463929987,ADHK,
Jawa Timur,2024,F,Konstruksi,Konstruksi,177976.1209242203,6.91550654069728,ADHK,
Jawa Timur,2024,G,"Perdagangan Besar dan Eceran, Reparasi Mobil dan Sepeda Motor",Perdagangan,367677.1051145364,4.545441534062955,ADHK,
Jawa Timur,2024,H,Transportasi dan Pergudangan,Transportasi,65054.98953967832,9.501350926548602,ADHK,
Jawa Timur,2024,I,Penyediaan Akomodasi dan Makan Minum,Akomodasi,107628.92946953815,6.98033729540275,ADHK,
Jawa Timur,2024,J,Informasi dan Komunikasi,Infokom,134828.4661151745,6.428892589836566,ADHK,
Jawa Timur,2024,K,Jasa Keuangan dan Asuransi,Keuangan,46427.097887719734,3.8945172138662443,ADHK,
Jawa Timur,2024,L,Real Estate,Real Estate,33374.98666054753,2.911637897182584,ADHK,
Jawa Timur,2024,MN,Jasa Perusahaan,Jasa Perusahaan,15256.604355652747,7.884022895074572,ADHK,
Jawa Timur,2024,O,"Administrasi Pemerintahan, Pertahanan dan Jaminan Sosial Wajib",Adm. Pemerintahan,37563.915390620794,7.778874810044001,ADHK,
Jawa Timur,2024,P,Jasa Pendidikan,Pendidikan,51068.99411595432,4.809828373711489,ADHK,
Jawa Timur,2024,Q,Jasa Kesehatan dan Kegiatan Sosial,Kesehatan,14262.791148547914,5.5285829481527715,ADHK,
Jawa Timur,2024,RSTU,Jasa Lainnya,Jasa Lainnya,28539.434530141843,8.559884464019207,ADHK,
Jawa Timur,2025,A,"Pertanian, Kehutanan dan Perikanan",Pertanian,189133.850526689,4.979059889217385,ADHK,
Jawa Timur,2025,B,Pertambangan dan Penggalian,Pertambangan,73316.33966843085,1.5024270293029218,ADHK,
Jawa Timur,2025,C,Industri Pengolahan,Industri Pengolahan,612841.5693606357,5.981075531208169,ADHK,
Jawa Timur,2025,D,Pengadaan Listrik dan Gas,Listrik & Gas,7011.201499453017,5.1045333769974555,ADHK,
Jawa Timur,2025,E,"Pengadaan Air, Pengelolaan Sampah, Limbah dan Daur Ulang",Air & Sampah,1951.5844637577738,3.5534280843787514,ADHK,
Jawa Timur,2025,F,Konstruksi,Konstruksi,186138.17366667907,4.586038115716695,ADHK,
Jawa Timur,2025,G,"Perdagangan Besar dan Eceran, Reparasi Mobil dan Sepeda Motor",Perdagangan,382334.24413600314,3.9864160203559207,ADHK,
Jawa Timur,2025,H,Transportasi dan Pergudangan,Transportasi,69826.65723712041,7.334822019349896,ADHK,
Jawa Timur,2025,I,Penyediaan Akomodasi dan Makan Minum,Akomodasi,116301.38320501147,8.05773482856007,ADHK,
Jawa Timur,2025,J,Informasi dan Komunikasi,Infokom,145019.08576063399,7.558210768899776,ADHK,
Jawa Timur,2025,K,Jasa Keuangan dan Asuransi,Keuangan,47465.358013485435,2.2363235545685978,ADHK,
Jawa Timur,2025,L,Real Estate,Real Estate,34497.351568618295,3.3628924544185868,ADHK,
Jawa Timur,2025,MN,Jasa Perusahaan,Jasa Perusahaan,16665.826852316262,9.23680305140364,ADHK,
Jawa Timur,2025,O,"Administrasi Pemerintahan, Pertahanan dan Jaminan Sosial Wajib",Adm. Pemerintahan,38351.30521694478,2.0961335317047025,ADHK,
Jawa Timur,2025,P,Jasa Pendidikan,Pendidikan,54195.074640254126,6.121288618299214,ADHK,
Jawa Timur,2025,Q,Jasa Kesehatan dan Kegiatan Sosial,Kesehatan,15187.169264874623,6.481046428425197,ADHK,
Jawa Timur,2025,RSTU,Jasa Lainnya,Jasa Lainnya,30799.457567571324,7.918948201452847,ADHK,
Jawa Timur,2026,A,"Pertanian, Kehutanan dan Perikanan",Pertanian,,,ADHK,
Jawa Timur,2026,B,Pertambangan dan Penggalian,Pertambangan,,,ADHK,
Jawa Timur,2026,C,Industri Pengolahan,Industri Pengolahan,,,ADHK,
Jawa Timur,2026,D,Pengadaan Listrik dan Gas,Listrik & Gas,,,ADHK,
Jawa Timur,2026,E,"Pengadaan Air, Pengelolaan Sampah, Limbah dan Daur Ulang",Air & Sampah,,,ADHK,
Jawa Timur,2026,F,Konstruksi,Konstruksi,,,ADHK,
Jawa Timur,2026,G,"Perdagangan Besar dan Eceran, Reparasi Mobil dan Sepeda Motor",Perdagangan,,,ADHK,
Jawa Timur,2026,H,Transportasi dan Pergudangan,Transportasi,,,ADHK,
Jawa Timur,2026,I,Penyediaan Akomodasi dan Makan Minum,Akomodasi,,,ADHK,
Jawa Timur,2026,J,Informasi dan Komunikasi,Infokom,,,ADHK,
Jawa Timur,2026,K,Jasa Keuangan dan Asuransi,Keuangan,,,ADHK,
Jawa Timur,2026,L,Real Estate,Real Estate,,,ADHK,
Jawa Timur,2026,MN,Jasa Perusahaan,Jasa Perusahaan,,,ADHK,
Jawa Timur,2026,O,"Administrasi Pemerintahan, Pertahanan dan Jaminan Sosial Wajib",Adm. Pemerintahan,,,ADHK,
Jawa Timur,2026,P,Jasa Pendidikan,Pendidikan,,,ADHK,
Jawa Timur,2026,Q,Jasa Kesehatan dan Kegiatan Sosial,Kesehatan,,,ADHK,
Jawa Timur,2026,RSTU,Jasa Lainnya,Jasa Lainnya,,,ADHK,
Kalimantan Barat,2020,A,"Pertanian, Kehutanan dan Perikanan",Pertanian,32799.90933157265,,ADHK,
Kalimantan Barat,2020,B,Pertambangan dan Penggalian,Pertambangan,7887.9213529868775,,ADHK,
Kalimantan Barat,2020,C,Industri Pengolahan,Industri Pengolahan,21296.571919418937,,ADHK,
Kalimantan Barat,2020,D,Pengadaan Listrik dan Gas,Listrik & Gas,156.7197714529045,,ADHK,
Kalimantan Barat,2020,E,"Pengadaan Air, Pengelolaan Sampah, Limbah dan Daur Ulang",Air & Sampah,206.31621170839452,,ADHK,
Kalimantan Barat,2020,F,Konstruksi,Konstruksi,13513.68661049943,,ADHK,
Kalimantan Barat,2020,G,"Perdagangan Besar dan Eceran, Reparasi Mobil dan Sepeda Motor",Perdagangan,18443.944370520312,,ADHK,
Kalimantan Barat,2020,H,Transportasi dan Pergudangan,Transportasi,4670.881193221173,,ADHK,
Kalimantan Barat,2020,I,Penyediaan Akomodasi dan Makan Minum,Akomodasi,2588.9660348463003,,ADHK,
Kalimantan Barat,2020,J,Informasi dan Komunikasi,Infokom,7693.827603412281,,ADHK,
Kalimantan Barat,2020,K,Jasa Keuangan dan Asuransi,Keuangan,4997.213148689405,,ADHK,
Kalimantan Barat,2020,L,Real Estate,Real Estate,3819.5805082401084,,ADHK,
Kalimantan Barat,2020,MN,Jasa Perusahaan,Jasa Perusahaan,599.7660030296016,,ADHK,
Kalimantan Barat,2020,O,"Administrasi Pemerintahan, Pertahanan dan Jaminan Sosial Wajib",Adm. Pemerintahan,6843.144788420627,,ADHK,
Kalimantan Barat,2020,P,Jasa Pendidikan,Pendidikan,4869.746754884292,,ADHK,
Kalimantan Barat,2020,Q,Jasa Kesehatan dan Kegiatan Sosial,Kesehatan,2492.513730454849,,ADHK,
Kalimantan Barat,2020,RSTU,Jasa Lainnya,Jasa Lainnya,1290.7003196925575,,ADHK,
Kalimantan Barat,2021,A,"Pertanian, Kehutanan dan Perikanan",Pertanian,34259.18559980556,4.449025311262789,ADHK,
Kalimantan Barat,2021,B,Pertambangan dan Penggalian,Pertambangan,8096.725417718682,2.647136747284362,ADHK,
Kalimantan Barat,2021,C,Industri Pengolahan,Industri Pengolahan,22328.523579429402,4.845623342175065,ADHK,
Kalimantan Barat,2021,D,Pengadaan Listrik dan Gas,Listrik & Gas,158.49717999944636,1.1341316606475527,ADHK,
Kalimantan Barat,2021,E,"Pengadaan Air, Pengelolaan Sampah, Limbah dan Daur Ulang",Air & Sampah,218.361187477515,5.838114062575328,ADHK,
Kalimantan Barat,2021,F,Konstruksi,Konstruksi,14621.742812214257,8.199510863704095,ADHK,
Kalimantan Barat,2021,G,"Perdagangan Besar dan Eceran, Reparasi Mobil dan Sepeda Motor",Perdagangan,19196.251914379252,4.078886428769457,ADHK,
Kalimantan Barat,2021,H,Transportasi dan Pergudangan,Transportasi,4370.698558728158,-6.426681006758828,ADHK,
Kalimantan Barat,2021,I,Penyediaan Akomodasi dan Makan Minum,Akomodasi,2814.7690000542334,8.721743049878917,ADHK,
Kalimantan Barat,2021,J,Informasi dan Komunikasi,Infokom,8197.283970481334,6.54363982428936,ADHK,
Kalimantan Barat,2021,K,Jasa Keuangan dan Asuransi,Keuangan,5222.130048414111,4.500846632561473,ADHK,
Kalimantan Barat,2021,L,Real Estate,Real Estate,3950.9653919781754,3.439772599494262,ADHK,
Kalimantan Barat,2021,MN,Jasa Perusahaan,Jasa Perusahaan,602.3658423744179,0.4334756107688076,ADHK,
Kalimantan Barat,2021,O,"Administrasi Pemerintahan, Pertahanan dan Jaminan Sosial Wajib",Adm. Pemerintahan,6768.068638982887,-1.097100116378913,ADHK,
Kalimantan Barat,2021,P,Jasa Pendidikan,Pendidikan,5089.347700266493,4.509494157205274,ADHK,
Kalimantan Barat,2021,Q,Jasa Kesehatan dan Kegiatan Sosial,Kesehatan,3402.439622609738,36.506354249404296,ADHK,
Kalimantan Barat,2021,RSTU,Jasa Lainnya,Jasa Lainnya,1305.9326614143476,1.180160993949264,ADHK,
Kalimantan Barat,2022,A,"Pertanian, Kehutanan dan Perikanan",Pertanian,35004.92916041091,2.1767696678977044,ADHK,
Kalimantan Barat,2022,B,Pertambangan dan Penggalian,Pertambangan,8293.5278762134,2.4306426158906103,ADHK,
Kalimantan Barat,2022,C,Industri Pengolahan,Industri Pengolahan,23233.59472907691,4.053430341813202,ADHK,
Kalimantan Barat,2022,D,Pengadaan Listrik dan Gas,Listrik & Gas,165.36850242518352,4.335296328780847,ADHK,
Kalimantan Barat,2022,E,"Pengadaan Air, Pengelolaan Sampah, Limbah dan Daur Ulang",Air & Sampah,232.87284697144293,6.645713765145289,ADHK,
Kalimantan Barat,2022,F,Konstruksi,Konstruksi,14746.910928427598,0.8560410193289902,ADHK,
Kalimantan Barat,2022,G,"Perdagangan Besar dan Eceran, Reparasi Mobil dan Sepeda Motor",Perdagangan,21591.134807688966,12.475783835258959,ADHK,
Kalimantan Barat,2022,H,Transportasi dan Pergudangan,Transportasi,5423.864337148459,24.096051564049393,ADHK,
Kalimantan Barat,2022,I,Penyediaan Akomodasi dan Makan Minum,Akomodasi,3112.2201272615303,10.567514677103729,ADHK,
Kalimantan Barat,2022,J,Informasi dan Komunikasi,Infokom,8828.297780053945,7.697840063183259,ADHK,
Kalimantan Barat,2022,K,Jasa Keuangan dan Asuransi,Keuangan,5271.151422978788,0.9387237412741944,ADHK,
Kalimantan Barat,2022,L,Real Estate,Real Estate,3971.9905691310287,0.5321529061110386,ADHK,
Kalimantan Barat,2022,MN,Jasa Perusahaan,Jasa Perusahaan,676.3566724636687,12.283370816245531,ADHK,
Kalimantan Barat,2022,O,"Administrasi Pemerintahan, Pertahanan dan Jaminan Sosial Wajib",Adm. Pemerintahan,6648.499605326647,-1.7666640223998886,ADHK,
Kalimantan Barat,2022,P,Jasa Pendidikan,Pendidikan,5396.986592809144,6.044760756403855,ADHK,
Kalimantan Barat,2022,Q,Jasa Kesehatan dan Kegiatan Sosial,Kesehatan,3635.773751498863,6.8578477436773255,ADHK,
Kalimantan Barat,2022,RSTU,Jasa Lainnya,Jasa Lainnya,1483.620160352702,13.60617619793012,ADHK,
Kalimantan Barat,2023,A,"Pertanian, Kehutanan dan Perikanan",Pertanian,35573.3559776658,1.6238479291018182,ADHK,
Kalimantan Barat,2023,B,Pertambangan dan Penggalian,Pertambangan,6988.009868398544,-15.74140736367694,ADHK,
Kalimantan Barat,2023,C,Industri Pengolahan,Industri Pengolahan,23829.37805625082,2.564318324913728,ADHK,
Kalimantan Barat,2023,D,Pengadaan Listrik dan Gas,Listrik & Gas,195.0780352254807,17.965653896961697,ADHK,
Kalimantan Barat,2023,E,"Pengadaan Air, Pengelolaan Sampah, Limbah dan Daur Ulang",Air & Sampah,248.3691906942255,6.65442275658823,ADHK,
Kalimantan Barat,2023,F,Konstruksi,Konstruksi,15562.249601509415,5.528877722520775,ADHK,
Kalimantan Barat,2023,G,"Perdagangan Besar dan Eceran, Reparasi Mobil dan Sepeda Motor",Perdagangan,23259.207039555222,7.725727465108623,ADHK,
Kalimantan Barat,2023,H,Transportasi dan Pergudangan,Transportasi,5734.448706244415,5.726256222316262,ADHK,
Kalimantan Barat,2023,I,Penyediaan Akomodasi dan Makan Minum,Akomodasi,3380.6065273306444,8.623631655042008,ADHK,
Kalimantan Barat,2023,J,Informasi dan Komunikasi,Infokom,9707.633120575252,9.960417766016217,ADHK,
Kalimantan Barat,2023,K,Jasa Keuangan dan Asuransi,Keuangan,5593.911270020886,6.123137454087835,ADHK,
Kalimantan Barat,2023,L,Real Estate,Real Estate,4482.387981250172,12.849915004476076,ADHK,
Kalimantan Barat,2023,MN,Jasa Perusahaan,Jasa Perusahaan,760.0993903635517,12.381443298969064,ADHK,
Kalimantan Barat,2023,O,"Administrasi Pemerintahan, Pertahanan dan Jaminan Sosial Wajib",Adm. Pemerintahan,7044.521073775149,5.956553988981472,ADHK,
Kalimantan Barat,2023,P,Jasa Pendidikan,Pendidikan,5875.971697370296,8.875047145741366,ADHK,
Kalimantan Barat,2023,Q,Jasa Kesehatan dan Kegiatan Sosial,Kesehatan,4353.128705956101,19.73046189030616,ADHK,
Kalimantan Barat,2023,RSTU,Jasa Lainnya,Jasa Lainnya,1696.297390177722,14.33501886186692,ADHK,
Kalimantan Barat,2024,A,"Pertanian, Kehutanan dan Perikanan",Pertanian,36629.31264766643,2.9683920478675185,ADHK,
Kalimantan Barat,2024,B,Pertambangan dan Penggalian,Pertambangan,7133.074059209503,2.07590134448683,ADHK,
Kalimantan Barat,2024,C,Industri Pengolahan,Industri Pengolahan,24594.67924686358,3.211586927725163,ADHK,
Kalimantan Barat,2024,D,Pengadaan Listrik dan Gas,Listrik & Gas,209.52568570156103,7.406087753232193,ADHK,
Kalimantan Barat,2024,E,"Pengadaan Air, Pengelolaan Sampah, Limbah dan Daur Ulang",Air & Sampah,256.5947852120311,3.311841736414234,ADHK,
Kalimantan Barat,2024,F,Konstruksi,Konstruksi,16301.579723282804,4.750792081510369,ADHK,
Kalimantan Barat,2024,G,"Perdagangan Besar dan Eceran, Reparasi Mobil dan Sepeda Motor",Perdagangan,24729.444196291475,6.32109750876686,ADHK,
Kalimantan Barat,2024,H,Transportasi dan Pergudangan,Transportasi,5976.151133978282,4.214920040537984,ADHK,
Kalimantan Barat,2024,I,Penyediaan Akomodasi dan Makan Minum,Akomodasi,3590.2898922543864,6.202536829664984,ADHK,
Kalimantan Barat,2024,J,Informasi dan Komunikasi,Infokom,10375.756000775315,6.882448810142816,ADHK,
Kalimantan Barat,2024,K,Jasa Keuangan dan Asuransi,Keuangan,5867.969425397446,4.899222425019567,ADHK,
Kalimantan Barat,2024,L,Real Estate,Real Estate,4885.721795316378,8.998190601825451,ADHK,
Kalimantan Barat,2024,MN,Jasa Perusahaan,Jasa Perusahaan,805.5218708706848,5.975860668090749,ADHK,
Kalimantan Barat,2024,O,"Administrasi Pemerintahan, Pertahanan dan Jaminan Sosial Wajib",Adm. Pemerintahan,7653.203614972138,8.64050990581815,ADHK,
Kalimantan Barat,2024,P,Jasa Pendidikan,Pendidikan,6434.233860776485,9.500763314704708,ADHK,
Kalimantan Barat,2024,Q,Jasa Kesehatan dan Kegiatan Sosial,Kesehatan,4596.005262312098,5.579356200143715,ADHK,
Kalimantan Barat,2024,RSTU,Jasa Lainnya,Jasa Lainnya,1800.5421783128395,6.145431145431157,ADHK,
Kalimantan Barat,2025,A,"Pertanian, Kehutanan dan Perikanan",Pertanian,37415.52495529702,2.1464020228637137,ADHK,
Kalimantan Barat,2025,B,Pertambangan dan Penggalian,Pertambangan,9378.906968961424,31.484783294130114,ADHK,
Kalimantan Barat,2025,C,Industri Pengolahan,Industri Pengolahan,25424.35891091099,3.373411198900733,ADHK,
Kalimantan Barat,2025,D,Pengadaan Listrik dan Gas,Listrik & Gas,218.65104019470044,4.355243827306765,ADHK,
Kalimantan Barat,2025,E,"Pengadaan Air, Pengelolaan Sampah, Limbah dan Daur Ulang",Air & Sampah,257.83807337977686,0.48453368478176273,ADHK,
Kalimantan Barat,2025,F,Konstruksi,Konstruksi,17718.237881287947,8.69031211730844,ADHK,
Kalimantan Barat,2025,G,"Perdagangan Besar dan Eceran, Reparasi Mobil dan Sepeda Motor",Perdagangan,25949.90559991997,4.935256101758734,ADHK,
Kalimantan Barat,2025,H,Transportasi dan Pergudangan,Transportasi,6270.0789375310815,4.918346222565062,ADHK,
Kalimantan Barat,2025,I,Penyediaan Akomodasi dan Makan Minum,Akomodasi,3709.4167051521554,3.3180276933840513,ADHK,
Kalimantan Barat,2025,J,Informasi dan Komunikasi,Infokom,11074.643497592328,6.735774210233836,ADHK,
Kalimantan Barat,2025,K,Jasa Keuangan dan Asuransi,Keuangan,6088.640536617976,3.760604311696536,ADHK,
Kalimantan Barat,2025,L,Real Estate,Real Estate,5078.614061908254,3.94808125949353,ADHK,
Kalimantan Barat,2025,MN,Jasa Perusahaan,Jasa Perusahaan,834.2495975773891,3.566349685285708,ADHK,
Kalimantan Barat,2025,O,"Administrasi Pemerintahan, Pertahanan dan Jaminan Sosial Wajib",Adm. Pemerintahan,7819.671628485062,2.17514157322638,ADHK,
Kalimantan Barat,2025,P,Jasa Pendidikan,Pendidikan,6523.499130559708,1.3873488548091117,ADHK,
Kalimantan Barat,2025,Q,Jasa Kesehatan dan Kegiatan Sosial,Kesehatan,4832.764370354271,5.151410725823813,ADHK,
Kalimantan Barat,2025,RSTU,Jasa Lainnya,Jasa Lainnya,1936.8294624868236,7.5692358565956575,ADHK,
Kalimantan Barat,2026,A,"Pertanian, Kehutanan dan Perikanan",Pertanian,,,ADHK,
Kalimantan Barat,2026,B,Pertambangan dan Penggalian,Pertambangan,,,ADHK,
Kalimantan Barat,2026,C,Industri Pengolahan,Industri Pengolahan,,,ADHK,
Kalimantan Barat,2026,D,Pengadaan Listrik dan Gas,Listrik & Gas,,,ADHK,
Kalimantan Barat,2026,E,"Pengadaan Air, Pengelolaan Sampah, Limbah dan Daur Ulang",Air & Sampah,,,ADHK,
Kalimantan Barat,2026,F,Konstruksi,Konstruksi,,,ADHK,
Kalimantan Barat,2026,G,"Perdagangan Besar dan Eceran, Reparasi Mobil dan Sepeda Motor",Perdagangan,,,ADHK,
Kalimantan Barat,2026,H,Transportasi dan Pergudangan,Transportasi,,,ADHK,
Kalimantan Barat,2026,I,Penyediaan Akomodasi dan Makan Minum,Akomodasi,,,ADHK,
Kalimantan Barat,2026,J,Informasi dan Komunikasi,Infokom,,,ADHK,
Kalimantan Barat,2026,K,Jasa Keuangan dan Asuransi,Keuangan,,,ADHK,
Kalimantan Barat,2026,L,Real Estate,Real Estate,,,ADHK,
Kalimantan Barat,2026,MN,Jasa Perusahaan,Jasa Perusahaan,,,ADHK,
Kalimantan Barat,2026,O,"Administrasi Pemerintahan, Pertahanan dan Jaminan Sosial Wajib",Adm. Pemerintahan,,,ADHK,
Kalimantan Barat,2026,P,Jasa Pendidikan,Pendidikan,,,ADHK,
Kalimantan Barat,2026,Q,Jasa Kesehatan dan Kegiatan Sosial,Kesehatan,,,ADHK,
Kalimantan Barat,2026,RSTU,Jasa Lainnya,Jasa Lainnya,,,ADHK,
Kalimantan Selatan,2020,A,"Pertanian, Kehutanan dan Perikanan",Pertanian,18642.99120439892,,ADHK,
Kalimantan Selatan,2020,B,Pertambangan dan Penggalian,Pertambangan,31751.92116575881,,ADHK,
Kalimantan Selatan,2020,C,Industri Pengolahan,Industri Pengolahan,16012.487420478252,,ADHK,
Kalimantan Selatan,2020,D,Pengadaan Listrik dan Gas,Listrik & Gas,162.60805786686714,,ADHK,
Kalimantan Selatan,2020,E,"Pengadaan Air, Pengelolaan Sampah, Limbah dan Daur Ulang",Air & Sampah,569.784047819847,,ADHK,
Kalimantan Selatan,2020,F,Konstruksi,Konstruksi,9854.751736267048,,ADHK,
Kalimantan Selatan,2020,G,"Perdagangan Besar dan Eceran, Reparasi Mobil dan Sepeda Motor",Perdagangan,11933.228728416903,,ADHK,
Kalimantan Selatan,2020,H,Transportasi dan Pergudangan,Transportasi,7656.789732168035,,ADHK,
Kalimantan Selatan,2020,I,Penyediaan Akomodasi dan Makan Minum,Akomodasi,2599.3893837417218,,ADHK,
Kalimantan Selatan,2020,J,Informasi dan Komunikasi,Infokom,5497.4294978716525,,ADHK,
Kalimantan Selatan,2020,K,Jasa Keuangan dan Asuransi,Keuangan,4312.062765202707,,ADHK,
Kalimantan Selatan,2020,L,Real Estate,Real Estate,3140.402362853073,,ADHK,
Kalimantan Selatan,2020,MN,Jasa Perusahaan,Jasa Perusahaan,803.0913697207417,,ADHK,
Kalimantan Selatan,2020,O,"Administrasi Pemerintahan, Pertahanan dan Jaminan Sosial Wajib",Adm. Pemerintahan,6992.819845186055,,ADHK,
Kalimantan Selatan,2020,P,Jasa Pendidikan,Pendidikan,6103.904467061573,,ADHK,
Kalimantan Selatan,2020,Q,Jasa Kesehatan dan Kegiatan Sosial,Kesehatan,2603.01385266719,,ADHK,
Kalimantan Selatan,2020,RSTU,Jasa Lainnya,Jasa Lainnya,1504.4691179797253,,ADHK,
Kalimantan Selatan,2021,A,"Pertanian, Kehutanan dan Perikanan",Pertanian,18860.766562389283,1.1681352825987368,ADHK,
Kalimantan Selatan,2021,B,Pertambangan dan Penggalian,Pertambangan,33065.858210784754,4.1381339987795585,ADHK,
Kalimantan Selatan,2021,C,Industri Pengolahan,Industri Pengolahan,16974.29375768643,6.006601672505507,ADHK,
Kalimantan Selatan,2021,D,Pengadaan Listrik dan Gas,Listrik & Gas,170.19431557389487,4.665363947239842,ADHK,
Kalimantan Selatan,2021,E,"Pengadaan Air, Pengelolaan Sampah, Limbah dan Daur Ulang",Air & Sampah,598.4492998153922,5.030897601508233,ADHK,
Kalimantan Selatan,2021,F,Konstruksi,Konstruksi,10137.120912399187,2.8653098899790175,ADHK,
Kalimantan Selatan,2021,G,"Perdagangan Besar dan Eceran, Reparasi Mobil dan Sepeda Motor",Perdagangan,12280.795690820332,2.912597841820963,ADHK,
Kalimantan Selatan,2021,H,Transportasi dan Pergudangan,Transportasi,7800.936497489471,1.8826005462294404,ADHK,
Kalimantan Selatan,2021,I,Penyediaan Akomodasi dan Makan Minum,Akomodasi,2675.873425826343,2.942384952520105,ADHK,
Kalimantan Selatan,2021,J,Informasi dan Komunikasi,Infokom,5894.426724689048,7.221506468997818,ADHK,
Kalimantan Selatan,2021,K,Jasa Keuangan dan Asuransi,Keuangan,4363.361880423741,1.189665318302091,ADHK,
Kalimantan Selatan,2021,L,Real Estate,Real Estate,3314.8164452488554,5.553876931786728,ADHK,
Kalimantan Selatan,2021,MN,Jasa Perusahaan,Jasa Perusahaan,832.157772817192,3.619314587648681,ADHK,
Kalimantan Selatan,2021,O,"Administrasi Pemerintahan, Pertahanan dan Jaminan Sosial Wajib",Adm. Pemerintahan,7103.221853311689,1.5787909680189394,ADHK,
Kalimantan Selatan,2021,P,Jasa Pendidikan,Pendidikan,6197.799636820138,1.5382804607321443,ADHK,
Kalimantan Selatan,2021,Q,Jasa Kesehatan dan Kegiatan Sosial,Kesehatan,2864.2724503157,10.03677323425729,ADHK,
Kalimantan Selatan,2021,RSTU,Jasa Lainnya,Jasa Lainnya,1530.5377575257467,1.73274673667132,ADHK,
Kalimantan Selatan,2022,A,"Pertanian, Kehutanan dan Perikanan",Pertanian,19161.42483241432,1.5940935859128258,ADHK,
Kalimantan Selatan,2022,B,Pertambangan dan Penggalian,Pertambangan,34923.64913711816,5.618456700837937,ADHK,
Kalimantan Selatan,2022,C,Industri Pengolahan,Industri Pengolahan,17541.576863368824,3.3420130096753597,ADHK,
Kalimantan Selatan,2022,D,Pengadaan Listrik dan Gas,Listrik & Gas,183.5596334713548,7.852975495916015,ADHK,
Kalimantan Selatan,2022,E,"Pengadaan Air, Pengelolaan Sampah, Limbah dan Daur Ulang",Air & Sampah,627.5820281620098,4.868036165403544,ADHK,
Kalimantan Selatan,2022,F,Konstruksi,Konstruksi,10554.859841472846,4.1208833620866026,ADHK,
Kalimantan Selatan,2022,G,"Perdagangan Besar dan Eceran, Reparasi Mobil dan Sepeda Motor",Perdagangan,13159.431415966943,7.1545504645385005,ADHK,
Kalimantan Selatan,2022,H,Transportasi dan Pergudangan,Transportasi,9142.98681420054,17.20370774897313,ADHK,
Kalimantan Selatan,2022,I,Penyediaan Akomodasi dan Makan Minum,Akomodasi,2933.47057196291,9.626656614261119,ADHK,
Kalimantan Selatan,2022,J,Informasi dan Komunikasi,Infokom,6303.763715045732,6.944475001142347,ADHK,
Kalimantan Selatan,2022,K,Jasa Keuangan dan Asuransi,Keuangan,4380.574806524198,0.3944877040266137,ADHK,
Kalimantan Selatan,2022,L,Real Estate,Real Estate,3509.3068250685023,5.867304661723005,ADHK,
Kalimantan Selatan,2022,MN,Jasa Perusahaan,Jasa Perusahaan,894.812904920233,7.52923714104452,ADHK,
Kalimantan Selatan,2022,O,"Administrasi Pemerintahan, Pertahanan dan Jaminan Sosial Wajib",Adm. Pemerintahan,7141.202371236755,0.5346942374798269,ADHK,
Kalimantan Selatan,2022,P,Jasa Pendidikan,Pendidikan,6415.095610447374,3.5060180444736355,ADHK,
Kalimantan Selatan,2022,Q,Jasa Kesehatan dan Kegiatan Sosial,Kesehatan,3016.327666413861,5.308685494684751,ADHK,
Kalimantan Selatan,2022,RSTU,Jasa Lainnya,Jasa Lainnya,1634.3260715766933,6.781166524028115,ADHK,
Kalimantan Selatan,2023,A,"Pertanian, Kehutanan dan Perikanan",Pertanian,19795.924934434253,3.311340923596595,ADHK,
Kalimantan Selatan,2023,B,Pertambangan dan Penggalian,Pertambangan,36000.92764323519,3.084667647093209,ADHK,
Kalimantan Selatan,2023,C,Industri Pengolahan,Industri Pengolahan,18071.78315557001,3.0225691585822556,ADHK,
Kalimantan Selatan,2023,D,Pengadaan Listrik dan Gas,Listrik & Gas,198.44418884155715,8.108839121497336,ADHK,
Kalimantan Selatan,2023,E,"Pengadaan Air, Pengelolaan Sampah, Limbah dan Daur Ulang",Air & Sampah,657.0031993635444,4.688020032648144,ADHK,
Kalimantan Selatan,2023,F,Konstruksi,Konstruksi,11218.836742389194,6.290722102319224,ADHK,
Kalimantan Selatan,2023,G,"Perdagangan Besar dan Eceran, Reparasi Mobil dan Sepeda Motor",Perdagangan,13971.593838209383,6.171713629336639,ADHK,
Kalimantan Selatan,2023,H,Transportasi dan Pergudangan,Transportasi,10144.872829038539,10.957972872518074,ADHK,
Kalimantan Selatan,2023,I,Penyediaan Akomodasi dan Makan Minum,Akomodasi,3205.6346943072153,9.27788827832654,ADHK,
Kalimantan Selatan,2023,J,Informasi dan Komunikasi,Infokom,6717.908923693394,6.5698085678431495,ADHK,
Kalimantan Selatan,2023,K,Jasa Keuangan dan Asuransi,Keuangan,4758.180250949641,8.619997628234932,ADHK,
Kalimantan Selatan,2023,L,Real Estate,Real Estate,3730.965129760245,6.316298794632069,ADHK,
Kalimantan Selatan,2023,MN,Jasa Perusahaan,Jasa Perusahaan,962.6477935723328,7.580901915819704,ADHK,
Kalimantan Selatan,2023,O,"Administrasi Pemerintahan, Pertahanan dan Jaminan Sosial Wajib",Adm. Pemerintahan,7349.518552274967,2.9171023338767865,ADHK,
Kalimantan Selatan,2023,P,Jasa Pendidikan,Pendidikan,6642.130339195159,3.539070070569861,ADHK,
Kalimantan Selatan,2023,Q,Jasa Kesehatan dan Kegiatan Sosial,Kesehatan,3187.932980278695,5.689213270017746,ADHK,
Kalimantan Selatan,2023,RSTU,Jasa Lainnya,Jasa Lainnya,1747.7598814931641,6.940708582531352,ADHK,
Kalimantan Selatan,2024,A,"Pertanian, Kehutanan dan Perikanan",Pertanian,20620.143819453846,4.16357855341174,ADHK,
Kalimantan Selatan,2024,B,Pertambangan dan Penggalian,Pertambangan,37090.048530299246,3.0252578429564636,ADHK,
Kalimantan Selatan,2024,C,Industri Pengolahan,Industri Pengolahan,18945.809596526313,4.836415053413878,ADHK,
Kalimantan Selatan,2024,D,Pengadaan Listrik dan Gas,Listrik & Gas,211.85915502243998,6.760070052539402,ADHK,
Kalimantan Selatan,2024,E,"Pengadaan Air, Pengelolaan Sampah, Limbah dan Daur Ulang",Air & Sampah,688.2644370533425,4.7581560820528335,ADHK,
Kalimantan Selatan,2024,F,Konstruksi,Konstruksi,11891.25469076136,5.993651247562104,ADHK,
Kalimantan Selatan,2024,G,"Perdagangan Besar dan Eceran, Reparasi Mobil dan Sepeda Motor",Perdagangan,14859.648857289785,6.356146831664677,ADHK,
Kalimantan Selatan,2024,H,Transportasi dan Pergudangan,Transportasi,10770.2377215305,6.16434432476991,ADHK,
Kalimantan Selatan,2024,I,Penyediaan Akomodasi dan Makan Minum,Akomodasi,3464.388891507126,8.071855400723727,ADHK,
Kalimantan Selatan,2024,J,Informasi dan Komunikasi,Infokom,7169.751760809104,6.7259446689148294,ADHK,
Kalimantan Selatan,2024,K,Jasa Keuangan dan Asuransi,Keuangan,5094.766383379454,7.073841567112482,ADHK,
Kalimantan Selatan,2024,L,Real Estate,Real Estate,3948.2785641139867,5.824590335093971,ADHK,
Kalimantan Selatan,2024,MN,Jasa Perusahaan,Jasa Perusahaan,1028.7693781351286,6.8687203153940946,ADHK,
Kalimantan Selatan,2024,O,"Administrasi Pemerintahan, Pertahanan dan Jaminan Sosial Wajib",Adm. Pemerintahan,7860.356518367095,6.950631697283138,ADHK,
Kalimantan Selatan,2024,P,Jasa Pendidikan,Pendidikan,6970.434151670858,4.942748722324541,ADHK,
Kalimantan Selatan,2024,Q,Jasa Kesehatan dan Kegiatan Sosial,Kesehatan,3365.398374081692,5.566785591191525,ADHK,
Kalimantan Selatan,2024,RSTU,Jasa Lainnya,Jasa Lainnya,1877.2893645514876,7.411171547642037,ADHK,
Kalimantan Selatan,2025,A,"Pertanian, Kehutanan dan Perikanan",Pertanian,22005.099041259582,6.716515820317004,ADHK,
Kalimantan Selatan,2025,B,Pertambangan dan Penggalian,Pertambangan,37078.97242106055,-0.029862752079301558,ADHK,
Kalimantan Selatan,2025,C,Industri Pengolahan,Industri Pengolahan,20341.789938765887,7.368280226438695,ADHK,
Kalimantan Selatan,2025,D,Pengadaan Listrik dan Gas,Listrik & Gas,228.23315889533103,7.728721409823769,ADHK,
Kalimantan Selatan,2025,E,"Pengadaan Air, Pengelolaan Sampah, Limbah dan Daur Ulang",Air & Sampah,721.1369762085392,4.776149599699431,ADHK,
Kalimantan Selatan,2025,F,Konstruksi,Konstruksi,12504.47771537615,5.156924484101921,ADHK,
Kalimantan Selatan,2025,G,"Perdagangan Besar dan Eceran, Reparasi Mobil dan Sepeda Motor",Perdagangan,16060.593882587738,8.081920621622206,ADHK,
Kalimantan Selatan,2025,H,Transportasi dan Pergudangan,Transportasi,11649.95260542127,8.168017332915078,ADHK,
Kalimantan Selatan,2025,I,Penyediaan Akomodasi dan Makan Minum,Akomodasi,3806.727666376964,9.881649710547036,ADHK,
Kalimantan Selatan,2025,J,Informasi dan Komunikasi,Infokom,7790.371040383378,8.656077647857607,ADHK,
Kalimantan Selatan,2025,K,Jasa Keuangan dan Asuransi,Keuangan,5337.465644368705,4.763697542266199,ADHK,
Kalimantan Selatan,2025,L,Real Estate,Real Estate,4214.014829269168,6.730433550724246,ADHK,
Kalimantan Selatan,2025,MN,Jasa Perusahaan,Jasa Perusahaan,1102.1625440071805,7.134073722634815,ADHK,
Kalimantan Selatan,2025,O,"Administrasi Pemerintahan, Pertahanan dan Jaminan Sosial Wajib",Adm. Pemerintahan,8158.732262589925,3.795956882179863,ADHK,
Kalimantan Selatan,2025,P,Jasa Pendidikan,Pendidikan,7387.56419169074,5.984276315412762,ADHK,
Kalimantan Selatan,2025,Q,Jasa Kesehatan dan Kegiatan Sosial,Kesehatan,3568.0561723485785,6.021807100985033,ADHK,
Kalimantan Selatan,2025,RSTU,Jasa Lainnya,Jasa Lainnya,2039.4071278797514,8.635736524667115,ADHK,
Kalimantan Selatan,2026,A,"Pertanian, Kehutanan dan Perikanan",Pertanian,,,ADHK,
Kalimantan Selatan,2026,B,Pertambangan dan Penggalian,Pertambangan,,,ADHK,
Kalimantan Selatan,2026,C,Industri Pengolahan,Industri Pengolahan,,,ADHK,
Kalimantan Selatan,2026,D,Pengadaan Listrik dan Gas,Listrik & Gas,,,ADHK,
Kalimantan Selatan,2026,E,"Pengadaan Air, Pengelolaan Sampah, Limbah dan Daur Ulang",Air & Sampah,,,ADHK,
Kalimantan Selatan,2026,F,Konstruksi,Konstruksi,,,ADHK,
Kalimantan Selatan,2026,G,"Perdagangan Besar dan Eceran, Reparasi Mobil dan Sepeda Motor",Perdagangan,,,ADHK,
Kalimantan Selatan,2026,H,Transportasi dan Pergudangan,Transportasi,,,ADHK,
Kalimantan Selatan,2026,I,Penyediaan Akomodasi dan Makan Minum,Akomodasi,,,ADHK,
Kalimantan Selatan,2026,J,Informasi dan Komunikasi,Infokom,,,ADHK,
Kalimantan Selatan,2026,K,Jasa Keuangan dan Asuransi,Keuangan,,,ADHK,
Kalimantan Selatan,2026,L,Real Estate,Real Estate,,,ADHK,
Kalimantan Selatan,2026,MN,Jasa Perusahaan,Jasa Perusahaan,,,ADHK,
Kalimantan Selatan,2026,O,"Administrasi Pemerintahan, Pertahanan dan Jaminan Sosial Wajib",Adm. Pemerintahan,,,ADHK,
Kalimantan Selatan,2026,P,Jasa Pendidikan,Pendidikan,,,ADHK,
Kalimantan Selatan,2026,Q,Jasa Kesehatan dan Kegiatan Sosial,Kesehatan,,,ADHK,
Kalimantan Selatan,2026,RSTU,Jasa Lainnya,Jasa Lainnya,,,ADHK,
Kalimantan Tengah,2020,A,"Pertanian, Kehutanan dan Perikanan",Pertanian,21586.965895668538,,ADHK,
Kalimantan Tengah,2020,B,Pertambangan dan Penggalian,Pertambangan,14221.057506594594,,ADHK,
Kalimantan Tengah,2020,C,Industri Pengolahan,Industri Pengolahan,15111.129846743805,,ADHK,
Kalimantan Tengah,2020,D,Pengadaan Listrik dan Gas,Listrik & Gas,101.8087699871146,,ADHK,
Kalimantan Tengah,2020,E,"Pengadaan Air, Pengelolaan Sampah, Limbah dan Daur Ulang",Air & Sampah,84.5038101853406,,ADHK,
Kalimantan Tengah,2020,F,Konstruksi,Konstruksi,7556.302441199985,,ADHK,
Kalimantan Tengah,2020,G,"Perdagangan Besar dan Eceran, Reparasi Mobil dan Sepeda Motor",Perdagangan,11872.745897104483,,ADHK,
Kalimantan Tengah,2020,H,Transportasi dan Pergudangan,Transportasi,6159.205902786098,,ADHK,
Kalimantan Tengah,2020,I,Penyediaan Akomodasi dan Makan Minum,Akomodasi,1625.7259692752814,,ADHK,
Kalimantan Tengah,2020,J,Informasi dan Komunikasi,Infokom,1337.6223872137218,,ADHK,
Kalimantan Tengah,2020,K,Jasa Keuangan dan Asuransi,Keuangan,3452.205677337149,,ADHK,
Kalimantan Tengah,2020,L,Real Estate,Real Estate,1957.6387629802648,,ADHK,
Kalimantan Tengah,2020,MN,Jasa Perusahaan,Jasa Perusahaan,32.094568463592644,,ADHK,
Kalimantan Tengah,2020,O,"Administrasi Pemerintahan, Pertahanan dan Jaminan Sosial Wajib",Adm. Pemerintahan,6056.938124827815,,ADHK,
Kalimantan Tengah,2020,P,Jasa Pendidikan,Pendidikan,4555.212903542155,,ADHK,
Kalimantan Tengah,2020,Q,Jasa Kesehatan dan Kegiatan Sosial,Kesehatan,1879.4622596266927,,ADHK,
Kalimantan Tengah,2020,RSTU,Jasa Lainnya,Jasa Lainnya,884.4780781790719,,ADHK,
Kalimantan Tengah,2021,A,"Pertanian, Kehutanan dan Perikanan",Pertanian,22365.376266591706,3.6059276448820343,ADHK,
Kalimantan Tengah,2021,B,Pertambangan dan Penggalian,Pertambangan,14329.49988069537,0.762547891044596,ADHK,
Kalimantan Tengah,2021,C,Industri Pengolahan,Industri Pengolahan,15898.574952986306,5.211027330376505,ADHK,
Kalimantan Tengah,2021,D,Pengadaan Listrik dan Gas,Listrik & Gas,104.79759664917658,2.9357261289378656,ADHK,
Kalimantan Tengah,2021,E,"Pengadaan Air, Pengelolaan Sampah, Limbah dan Daur Ulang",Air & Sampah,90.46164708517804,7.0503766478342556,ADHK,
Kalimantan Tengah,2021,F,Konstruksi,Konstruksi,8199.11314664195,8.506947815337607,ADHK,
Kalimantan Tengah,2021,G,"Perdagangan Besar dan Eceran, Reparasi Mobil dan Sepeda Motor",Perdagangan,12188.935148075565,2.6631518412955524,ADHK,
Kalimantan Tengah,2021,H,Transportasi dan Pergudangan,Transportasi,6381.552830051424,3.6099934110783494,ADHK,
Kalimantan Tengah,2021,I,Penyediaan Akomodasi dan Makan Minum,Akomodasi,1668.5665265949838,2.635164728210615,ADHK,
Kalimantan Tengah,2021,J,Informasi dan Komunikasi,Infokom,1556.60580614217,16.371094041315537,ADHK,
Kalimantan Tengah,2021,K,Jasa Keuangan dan Asuransi,Keuangan,3680.2095150566556,6.60458440284406,ADHK,
Kalimantan Tengah,2021,L,Real Estate,Real Estate,1994.9147540180072,1.904130207403254,ADHK,
Kalimantan Tengah,2021,MN,Jasa Perusahaan,Jasa Perusahaan,32.68227161050511,1.8311607697082621,ADHK,
Kalimantan Tengah,2021,O,"Administrasi Pemerintahan, Pertahanan dan Jaminan Sosial Wajib",Adm. Pemerintahan,5857.878452215843,-3.2864736028260344,ADHK,
Kalimantan Tengah,2021,P,Jasa Pendidikan,Pendidikan,4631.127297965446,1.666538887002611,ADHK,
Kalimantan Tengah,2021,Q,Jasa Kesehatan dan Kegiatan Sosial,Kesehatan,2118.587176968225,12.723049697684718,ADHK,
Kalimantan Tengah,2021,RSTU,Jasa Lainnya,Jasa Lainnya,897.9539870117696,1.5236000942433048,ADHK,
Kalimantan Tengah,2022,A,"Pertanian, Kehutanan dan Perikanan",Pertanian,23136.552114386177,3.4480790244804327,ADHK,
Kalimantan Tengah,2022,B,Pertambangan dan Penggalian,Pertambangan,16572.2179457108,15.651056098872008,ADHK,
Kalimantan Tengah,2022,C,Industri Pengolahan,Industri Pengolahan,16616.01227627516,4.512588866677603,ADHK,
Kalimantan Tengah,2022,D,Pengadaan Listrik dan Gas,Listrik & Gas,111.80793426849804,6.689406859958313,ADHK,
Kalimantan Tengah,2022,E,"Pengadaan Air, Pengelolaan Sampah, Limbah dan Daur Ulang",Air & Sampah,91.91380766510503,1.6052776250687018,ADHK,
Kalimantan Tengah,2022,F,Konstruksi,Konstruksi,8667.283177317235,5.710008171640246,ADHK,
Kalimantan Tengah,2022,G,"Perdagangan Besar dan Eceran, Reparasi Mobil dan Sepeda Motor",Perdagangan,12986.465270323504,6.543066416871168,ADHK,
Kalimantan Tengah,2022,H,Transportasi dan Pergudangan,Transportasi,7042.850987535364,10.362652713142406,ADHK,
Kalimantan Tengah,2022,I,Penyediaan Akomodasi dan Makan Minum,Akomodasi,1826.054032438996,9.438491263839177,ADHK,
Kalimantan Tengah,2022,J,Informasi dan Komunikasi,Infokom,1593.1662211555065,2.3487266248830574,ADHK,
Kalimantan Tengah,2022,K,Jasa Keuangan dan Asuransi,Keuangan,3740.5396721783354,1.6393131117903526,ADHK,
Kalimantan Tengah,2022,L,Real Estate,Real Estate,2072.363316318826,3.882299338597184,ADHK,
Kalimantan Tengah,2022,MN,Jasa Perusahaan,Jasa Perusahaan,36.02919122682017,10.240780249923787,ADHK,
Kalimantan Tengah,2022,O,"Administrasi Pemerintahan, Pertahanan dan Jaminan Sosial Wajib",Adm. Pemerintahan,6114.6148223365335,4.382753452721011,ADHK,
Kalimantan Tengah,2022,P,Jasa Pendidikan,Pendidikan,4783.634606636,3.293092563824662,ADHK,
Kalimantan Tengah,2022,Q,Jasa Kesehatan dan Kegiatan Sosial,Kesehatan,2234.7988973635383,5.485340497605429,ADHK,
Kalimantan Tengah,2022,RSTU,Jasa Lainnya,Jasa Lainnya,941.5571853997473,4.855838831239145,ADHK,
Kalimantan Tengah,2023,A,"Pertanian, Kehutanan dan Perikanan",Pertanian,24146.254445335675,4.364100259872639,ADHK,
Kalimantan Tengah,2023,B,Pertambangan dan Penggalian,Pertambangan,15714.302131371645,-5.176831593390907,ADHK,
Kalimantan Tengah,2023,C,Industri Pengolahan,Industri Pengolahan,17568.406958126954,5.731788506269053,ADHK,
Kalimantan Tengah,2023,D,Pengadaan Listrik dan Gas,Listrik & Gas,121.26096743222897,8.454706927175849,ADHK,
Kalimantan Tengah,2023,E,"Pengadaan Air, Pengelolaan Sampah, Limbah dan Daur Ulang",Air & Sampah,95.64367216834216,4.058002380694736,ADHK,
Kalimantan Tengah,2023,F,Konstruksi,Konstruksi,9315.170248494507,7.4750883053276596,ADHK,
Kalimantan Tengah,2023,G,"Perdagangan Besar dan Eceran, Reparasi Mobil dan Sepeda Motor",Perdagangan,13884.53763374619,6.9154488517745305,ADHK,
Kalimantan Tengah,2023,H,Transportasi dan Pergudangan,Transportasi,7392.894967255734,4.970202838877147,ADHK,
Kalimantan Tengah,2023,I,Penyediaan Akomodasi dan Makan Minum,Akomodasi,1975.4421808396019,8.180927056198506,ADHK,
Kalimantan Tengah,2023,J,Informasi dan Komunikasi,Infokom,1653.0195608772033,3.7568797861083025,ADHK,
Kalimantan Tengah,2023,K,Jasa Keuangan dan Asuransi,Keuangan,3970.5015676550615,6.147826667556933,ADHK,
Kalimantan Tengah,2023,L,Real Estate,Real Estate,2170.2277751044103,4.722360119721802,ADHK,
Kalimantan Tengah,2023,MN,Jasa Perusahaan,Jasa Perusahaan,40.36225680151378,12.026541332596086,ADHK,
Kalimantan Tengah,2023,O,"Administrasi Pemerintahan, Pertahanan dan Jaminan Sosial Wajib",Adm. Pemerintahan,6446.168835752019,5.422320506670797,ADHK,
Kalimantan Tengah,2023,P,Jasa Pendidikan,Pendidikan,5108.815232274885,6.797773082161918,ADHK,
Kalimantan Tengah,2023,Q,Jasa Kesehatan dan Kegiatan Sosial,Kesehatan,2426.320563991181,8.569973202223569,ADHK,
Kalimantan Tengah,2023,RSTU,Jasa Lainnya,Jasa Lainnya,1025.4690300899474,8.912028498255742,ADHK,
Kalimantan Tengah,2024,A,"Pertanian, Kehutanan dan Perikanan",Pertanian,24458.179927852463,1.2918172597863986,ADHK,
Kalimantan Tengah,2024,B,Pertambangan dan Penggalian,Pertambangan,17095.41234563502,8.788873999731495,ADHK,
Kalimantan Tengah,2024,C,Industri Pengolahan,Industri Pengolahan,17516.033748622896,-0.2981101794197083,ADHK,
Kalimantan Tengah,2024,D,Pengadaan Listrik dan Gas,Listrik & Gas,127.62587736705198,5.248935473304939,ADHK,
Kalimantan Tengah,2024,E,"Pengadaan Air, Pengelolaan Sampah, Limbah dan Daur Ulang",Air & Sampah,103.6106627472567,8.329866888519133,ADHK,
Kalimantan Tengah,2024,F,Konstruksi,Konstruksi,9777.55967772554,4.963832296095316,ADHK,
Kalimantan Tengah,2024,G,"Perdagangan Besar dan Eceran, Reparasi Mobil dan Sepeda Motor",Perdagangan,14557.204798207269,4.844721388677509,ADHK,
Kalimantan Tengah,2024,H,Transportasi dan Pergudangan,Transportasi,7835.303592214528,5.984240638048965,ADHK,
Kalimantan Tengah,2024,I,Penyediaan Akomodasi dan Makan Minum,Akomodasi,2142.512442926179,8.45736026632624,ADHK,
Kalimantan Tengah,2024,J,Informasi dan Komunikasi,Infokom,1742.7995704597486,5.431273271497283,ADHK,
Kalimantan Tengah,2024,K,Jasa Keuangan dan Asuransi,Keuangan,4185.388416419316,5.412083211722907,ADHK,
Kalimantan Tengah,2024,L,Real Estate,Real Estate,2296.049227168302,5.7976150479337685,ADHK,
Kalimantan Tengah,2024,MN,Jasa Perusahaan,Jasa Perusahaan,43.27088932521615,7.206317867719636,ADHK,
Kalimantan Tengah,2024,O,"Administrasi Pemerintahan, Pertahanan dan Jaminan Sosial Wajib",Adm. Pemerintahan,7074.02060170281,9.739921214420777,ADHK,
Kalimantan Tengah,2024,P,Jasa Pendidikan,Pendidikan,5491.739890580382,7.495371057586397,ADHK,
Kalimantan Tengah,2024,Q,Jasa Kesehatan dan Kegiatan Sosial,Kesehatan,2570.912097195129,5.959292244801384,ADHK,
Kalimantan Tengah,2024,RSTU,Jasa Lainnya,Jasa Lainnya,1078.0230898675375,5.124880248502528,ADHK,
Kalimantan Tengah,2025,A,"Pertanian, Kehutanan dan Perikanan",Pertanian,25422.276392412226,3.94181606073587,ADHK,
Kalimantan Tengah,2025,B,Pertambangan dan Penggalian,Pertambangan,17456.91346351928,2.114608940547491,ADHK,
Kalimantan Tengah,2025,C,Industri Pengolahan,Industri Pengolahan,18863.17762032323,7.690918452393625,ADHK,
Kalimantan Tengah,2025,D,Pengadaan Listrik dan Gas,Listrik & Gas,129.00609964621017,1.081459581420674,ADHK,
Kalimantan Tengah,2025,E,"Pengadaan Air, Pengelolaan Sampah, Limbah dan Daur Ulang",Air & Sampah,107.23111789173221,3.494288182778149,ADHK,
Kalimantan Tengah,2025,F,Konstruksi,Konstruksi,9915.198634618104,1.4077025498102858,ADHK,
Kalimantan Tengah,2025,G,"Perdagangan Besar dan Eceran, Reparasi Mobil dan Sepeda Motor",Perdagangan,15515.82976549003,6.585226907028319,ADHK,
Kalimantan Tengah,2025,H,Transportasi dan Pergudangan,Transportasi,8689.85140043246,10.906377757551677,ADHK,
Kalimantan Tengah,2025,I,Penyediaan Akomodasi dan Makan Minum,Akomodasi,2253.668459609802,5.188115338635302,ADHK,
Kalimantan Tengah,2025,J,Informasi dan Komunikasi,Infokom,1836.4201693411028,5.3718511565077565,ADHK,
Kalimantan Tengah,2025,K,Jasa Keuangan dan Asuransi,Keuangan,4512.08435915705,7.805630212386094,ADHK,
Kalimantan Tengah,2025,L,Real Estate,Real Estate,2465.5790760117115,7.383545911708933,ADHK,
Kalimantan Tengah,2025,MN,Jasa Perusahaan,Jasa Perusahaan,47.454538845609974,9.668508287292799,ADHK,
Kalimantan Tengah,2025,O,"Administrasi Pemerintahan, Pertahanan dan Jaminan Sosial Wajib",Adm. Pemerintahan,7206.445344698608,1.8719869569495007,ADHK,
Kalimantan Tengah,2025,P,Jasa Pendidikan,Pendidikan,5450.649528299215,-0.7482212031135527,ADHK,
Kalimantan Tengah,2025,Q,Jasa Kesehatan dan Kegiatan Sosial,Kesehatan,2688.7967120322483,4.58532265516709,ADHK,
Kalimantan Tengah,2025,RSTU,Jasa Lainnya,Jasa Lainnya,1194.2354376876572,10.780135315506033,ADHK,
Kalimantan Tengah,2026,A,"Pertanian, Kehutanan dan Perikanan",Pertanian,,,ADHK,
Kalimantan Tengah,2026,B,Pertambangan dan Penggalian,Pertambangan,,,ADHK,
Kalimantan Tengah,2026,C,Industri Pengolahan,Industri Pengolahan,,,ADHK,
Kalimantan Tengah,2026,D,Pengadaan Listrik dan Gas,Listrik & Gas,,,ADHK,
Kalimantan Tengah,2026,E,"Pengadaan Air, Pengelolaan Sampah, Limbah dan Daur Ulang",Air & Sampah,,,ADHK,
Kalimantan Tengah,2026,F,Konstruksi,Konstruksi,,,ADHK,
Kalimantan Tengah,2026,G,"Perdagangan Besar dan Eceran, Reparasi Mobil dan Sepeda Motor",Perdagangan,,,ADHK,
Kalimantan Tengah,2026,H,Transportasi dan Pergudangan,Transportasi,,,ADHK,
Kalimantan Tengah,2026,I,Penyediaan Akomodasi dan Makan Minum,Akomodasi,,,ADHK,
Kalimantan Tengah,2026,J,Informasi dan Komunikasi,Infokom,,,ADHK,
Kalimantan Tengah,2026,K,Jasa Keuangan dan Asuransi,Keuangan,,,ADHK,
Kalimantan Tengah,2026,L,Real Estate,Real Estate,,,ADHK,
Kalimantan Tengah,2026,MN,Jasa Perusahaan,Jasa Perusahaan,,,ADHK,
Kalimantan Tengah,2026,O,"Administrasi Pemerintahan, Pertahanan dan Jaminan Sosial Wajib",Adm. Pemerintahan,,,ADHK,
Kalimantan Tengah,2026,P,Jasa Pendidikan,Pendidikan,,,ADHK,
Kalimantan Tengah,2026,Q,Jasa Kesehatan dan Kegiatan Sosial,Kesehatan,,,ADHK,
Kalimantan Tengah,2026,RSTU,Jasa Lainnya,Jasa Lainnya,,,ADHK,
Kalimantan Timur,2020,A,"Pertanian, Kehutanan dan Perikanan",Pertanian,33463.92507207143,,ADHK,
Kalimantan Timur,2020,B,Pertambangan dan Penggalian,Pertambangan,221829.8776955211,,ADHK,
Kalimantan Timur,2020,C,Industri Pengolahan,Industri Pengolahan,92259.53964899508,,ADHK,
Kalimantan Timur,2020,D,Pengadaan Listrik dan Gas,Listrik & Gas,315.12758454218954,,ADHK,
Kalimantan Timur,2020,E,"Pengadaan Air, Pengelolaan Sampah, Limbah dan Daur Ulang",Air & Sampah,246.65842617540739,,ADHK,
Kalimantan Timur,2020,F,Konstruksi,Konstruksi,34821.67798866749,,ADHK,
Kalimantan Timur,2020,G,"Perdagangan Besar dan Eceran, Reparasi Mobil dan Sepeda Motor",Perdagangan,26981.951222352247,,ADHK,
Kalimantan Timur,2020,H,Transportasi dan Pergudangan,Transportasi,13082.05278741651,,ADHK,
Kalimantan Timur,2020,I,Penyediaan Akomodasi dan Makan Minum,Akomodasi,4062.950196292978,,ADHK,
Kalimantan Timur,2020,J,Informasi dan Komunikasi,Infokom,8318.097936709579,,ADHK,
Kalimantan Timur,2020,K,Jasa Keuangan dan Asuransi,Keuangan,7130.806787807518,,ADHK,
Kalimantan Timur,2020,L,Real Estate,Real Estate,4316.014406031609,,ADHK,
Kalimantan Timur,2020,MN,Jasa Perusahaan,Jasa Perusahaan,886.1268516302724,,ADHK,
Kalimantan Timur,2020,O,"Administrasi Pemerintahan, Pertahanan dan Jaminan Sosial Wajib",Adm. Pemerintahan,7905.445955223162,,ADHK,
Kalimantan Timur,2020,P,Jasa Pendidikan,Pendidikan,7228.960182837136,,ADHK,
Kalimantan Timur,2020,Q,Jasa Kesehatan dan Kegiatan Sosial,Kesehatan,3369.5855595780477,,ADHK,
Kalimantan Timur,2020,RSTU,Jasa Lainnya,Jasa Lainnya,2614.5446272357854,,ADHK,
Kalimantan Timur,2021,A,"Pertanian, Kehutanan dan Perikanan",Pertanian,33440.8232335092,-0.06903505345674521,ADHK,
Kalimantan Timur,2021,B,Pertambangan dan Penggalian,Pertambangan,226884.75322065342,2.2787171762635783,ADHK,
Kalimantan Timur,2021,C,Industri Pengolahan,Industri Pengolahan,94518.88709392198,2.448903878691211,ADHK,
Kalimantan Timur,2021,D,Pengadaan Listrik dan Gas,Listrik & Gas,322.50531945884086,2.3411898159818367,ADHK,
Kalimantan Timur,2021,E,"Pengadaan Air, Pengelolaan Sampah, Limbah dan Daur Ulang",Air & Sampah,257.1219393951553,4.242106536553902,ADHK,
Kalimantan Timur,2021,F,Konstruksi,Konstruksi,36195.201709499794,3.9444501246588493,ADHK,
Kalimantan Timur,2021,G,"Perdagangan Besar dan Eceran, Reparasi Mobil dan Sepeda Motor",Perdagangan,28125.20431824409,4.237103115599572,ADHK,
Kalimantan Timur,2021,H,Transportasi dan Pergudangan,Transportasi,13462.208606797098,2.9059339964310205,ADHK,
Kalimantan Timur,2021,I,Penyediaan Akomodasi dan Makan Minum,Akomodasi,4146.9896829279805,2.068435067495522,ADHK,
Kalimantan Timur,2021,J,Informasi dan Komunikasi,Infokom,8972.274988754485,7.864502883019453,ADHK,
Kalimantan Timur,2021,K,Jasa Keuangan dan Asuransi,Keuangan,7312.766297960569,2.5517380510739818,ADHK,
Kalimantan Timur,2021,L,Real Estate,Real Estate,4285.130867904948,-0.7155568823751235,ADHK,
Kalimantan Timur,2021,MN,Jasa Perusahaan,Jasa Perusahaan,907.9714787689002,2.465180588810578,ADHK,
Kalimantan Timur,2021,O,"Administrasi Pemerintahan, Pertahanan dan Jaminan Sosial Wajib",Adm. Pemerintahan,8061.7029760897385,1.97657439885901,ADHK,
Kalimantan Timur,2021,P,Jasa Pendidikan,Pendidikan,7404.217862076185,2.424382965272698,ADHK,
Kalimantan Timur,2021,Q,Jasa Kesehatan dan Kegiatan Sosial,Kesehatan,3822.1381518295757,13.43051197988272,ADHK,
Kalimantan Timur,2021,RSTU,Jasa Lainnya,Jasa Lainnya,2645.158160924204,1.1708935227005224,ADHK,
Kalimantan Timur,2022,A,"Pertanian, Kehutanan dan Perikanan",Pertanian,34158.885117381215,2.147261384260668,ADHK,
Kalimantan Timur,2022,B,Pertambangan dan Penggalian,Pertambangan,234832.68260482574,3.5030689684302674,ADHK,
Kalimantan Timur,2022,C,Industri Pengolahan,Industri Pengolahan,97907.14196786996,3.584738434955459,ADHK,
Kalimantan Timur,2022,D,Pengadaan Listrik dan Gas,Listrik & Gas,334.8876013445262,3.8394039225345677,ADHK,
Kalimantan Timur,2022,E,"Pengadaan Air, Pengelolaan Sampah, Limbah dan Daur Ulang",Air & Sampah,276.61669786540807,7.5819117248849155,ADHK,
Kalimantan Timur,2022,F,Konstruksi,Konstruksi,39008.09518995069,7.771454081198348,ADHK,
Kalimantan Timur,2022,G,"Perdagangan Besar dan Eceran, Reparasi Mobil dan Sepeda Motor",Perdagangan,30018.382723867704,6.7312520975912005,ADHK,
Kalimantan Timur,2022,H,Transportasi dan Pergudangan,Transportasi,15044.858136965964,11.756239829546121,ADHK,
Kalimantan Timur,2022,I,Penyediaan Akomodasi dan Makan Minum,Akomodasi,4521.854448800704,9.039442934134566,ADHK,
Kalimantan Timur,2022,J,Informasi dan Komunikasi,Infokom,9658.573333116701,7.649100648635909,ADHK,
Kalimantan Timur,2022,K,Jasa Keuangan dan Asuransi,Keuangan,8004.450200698397,9.458580714260334,ADHK,
Kalimantan Timur,2022,L,Real Estate,Real Estate,4392.673899926216,2.5096790585032336,ADHK,
Kalimantan Timur,2022,MN,Jasa Perusahaan,Jasa Perusahaan,956.6014239083352,5.355889064419883,ADHK,
Kalimantan Timur,2022,O,"Administrasi Pemerintahan, Pertahanan dan Jaminan Sosial Wajib",Adm. Pemerintahan,8676.897883580163,7.631078809465386,ADHK,
Kalimantan Timur,2022,P,Jasa Pendidikan,Pendidikan,7662.953436129279,3.4944349136229125,ADHK,
Kalimantan Timur,2022,Q,Jasa Kesehatan dan Kegiatan Sosial,Kesehatan,4001.890164662497,4.702917730665446,ADHK,
Kalimantan Timur,2022,RSTU,Jasa Lainnya,Jasa Lainnya,2829.375223936134,6.964311840905779,ADHK,
Kalimantan Timur,2023,A,"Pertanian, Kehutanan dan Perikanan",Pertanian,35008.58695151659,2.487498731927351,ADHK,
Kalimantan Timur,2023,B,Pertambangan dan Penggalian,Pertambangan,246978.23845569327,5.1720040482209795,ADHK,
Kalimantan Timur,2023,C,Industri Pengolahan,Industri Pengolahan,102529.92505031342,4.721599455901293,ADHK,
Kalimantan Timur,2023,D,Pengadaan Listrik dan Gas,Listrik & Gas,388.61697366484975,16.04400166044002,ADHK,
Kalimantan Timur,2023,E,"Pengadaan Air, Pengelolaan Sampah, Limbah dan Daur Ulang",Air & Sampah,297.6431873583236,7.601308834633791,ADHK,
Kalimantan Timur,2023,F,Konstruksi,Konstruksi,45178.86277906026,15.819197423152541,ADHK,
Kalimantan Timur,2023,G,"Perdagangan Besar dan Eceran, Reparasi Mobil dan Sepeda Motor",Perdagangan,32091.335082284786,6.905609730829609,ADHK,
Kalimantan Timur,2023,H,Transportasi dan Pergudangan,Transportasi,16491.477406844475,9.61537328374067,ADHK,
Kalimantan Timur,2023,I,Penyediaan Akomodasi dan Makan Minum,Akomodasi,4869.59279529948,7.69017115513313,ADHK,
Kalimantan Timur,2023,J,Informasi dan Komunikasi,Infokom,10322.915477357676,6.878263707571808,ADHK,
Kalimantan Timur,2023,K,Jasa Keuangan dan Asuransi,Keuangan,8942.88934120829,11.723967505326161,ADHK,
Kalimantan Timur,2023,L,Real Estate,Real Estate,4585.406355195316,4.387588508956641,ADHK,
Kalimantan Timur,2023,MN,Jasa Perusahaan,Jasa Perusahaan,1020.1530523371748,6.643480434012972,ADHK,
Kalimantan Timur,2023,O,"Administrasi Pemerintahan, Pertahanan dan Jaminan Sosial Wajib",Adm. Pemerintahan,9371.732568185711,8.0078697931945,ADHK,
Kalimantan Timur,2023,P,Jasa Pendidikan,Pendidikan,8033.5050858799805,4.835624447404641,ADHK,
Kalimantan Timur,2023,Q,Jasa Kesehatan dan Kegiatan Sosial,Kesehatan,4277.749468238017,6.893225256690272,ADHK,
Kalimantan Timur,2023,RSTU,Jasa Lainnya,Jasa Lainnya,3054.843651467595,7.9688415175205085,ADHK,
Kalimantan Timur,2024,A,"Pertanian, Kehutanan dan Perikanan",Pertanian,35836.98037929393,2.366257823900697,ADHK,
Kalimantan Timur,2024,B,Pertambangan dan Penggalian,Pertambangan,263842.33626121643,6.828171547003925,ADHK,
Kalimantan Timur,2024,C,Industri Pengolahan,Industri Pengolahan,102689.79547579824,0.15592562406181454,ADHK,
Kalimantan Timur,2024,D,Pengadaan Listrik dan Gas,Listrik & Gas,452.38522889329505,16.409024708076746,ADHK,
Kalimantan Timur,2024,E,"Pengadaan Air, Pengelolaan Sampah, Limbah dan Daur Ulang",Air & Sampah,320.71861575168396,7.752715121136156,ADHK,
Kalimantan Timur,2024,F,Konstruksi,Konstruksi,51322.92809753904,13.59942446653719,ADHK,
Kalimantan Timur,2024,G,"Perdagangan Besar dan Eceran, Reparasi Mobil dan Sepeda Motor",Perdagangan,34841.509755774314,8.569835647030132,ADHK,
Kalimantan Timur,2024,H,Transportasi dan Pergudangan,Transportasi,17813.68956684122,8.017548260703355,ADHK,
Kalimantan Timur,2024,I,Penyediaan Akomodasi dan Makan Minum,Akomodasi,5437.625752798645,11.66489645802573,ADHK,
Kalimantan Timur,2024,J,Informasi dan Komunikasi,Infokom,11131.623877007383,7.834108507654958,ADHK,
Kalimantan Timur,2024,K,Jasa Keuangan dan Asuransi,Keuangan,9542.284787001247,6.7024808529272395,ADHK,
Kalimantan Timur,2024,L,Real Estate,Real Estate,4854.81828077437,5.875420948762966,ADHK,
Kalimantan Timur,2024,MN,Jasa Perusahaan,Jasa Perusahaan,1097.2616974261475,7.558536918780612,ADHK,
Kalimantan Timur,2024,O,"Administrasi Pemerintahan, Pertahanan dan Jaminan Sosial Wajib",Adm. Pemerintahan,10862.060252442187,15.90237102278933,ADHK,
Kalimantan Timur,2024,P,Jasa Pendidikan,Pendidikan,8463.9959794925,5.358693235523915,ADHK,
Kalimantan Timur,2024,Q,Jasa Kesehatan dan Kegiatan Sosial,Kesehatan,4489.741819514509,4.95569815040644,ADHK,
Kalimantan Timur,2024,RSTU,Jasa Lainnya,Jasa Lainnya,3372.7282343443535,10.405919881498416,ADHK,
Kalimantan Timur,2025,A,"Pertanian, Kehutanan dan Perikanan",Pertanian,38598.74438509661,7.70646403958295,ADHK,
Kalimantan Timur,2025,B,Pertambangan dan Penggalian,Pertambangan,263563.0053445757,-0.10587039237107687,ADHK,
Kalimantan Timur,2025,C,Industri Pengolahan,Industri Pengolahan,115710.33927188652,12.679491409793432,ADHK,
Kalimantan Timur,2025,D,Pengadaan Listrik dan Gas,Listrik & Gas,479.2250909117453,5.9329660440308185,ADHK,
Kalimantan Timur,2025,E,"Pengadaan Air, Pengelolaan Sampah, Limbah dan Daur Ulang",Air & Sampah,344.74888945787313,7.492634516979391,ADHK,
Kalimantan Timur,2025,F,Konstruksi,Konstruksi,51233.59775406975,-0.17405543054660466,ADHK,
Kalimantan Timur,2025,G,"Perdagangan Besar dan Eceran, Reparasi Mobil dan Sepeda Motor",Perdagangan,38685.16976366214,11.031841142448817,ADHK,
Kalimantan Timur,2025,H,Transportasi dan Pergudangan,Transportasi,19331.988214281857,8.523212677214431,ADHK,
Kalimantan Timur,2025,I,Penyediaan Akomodasi dan Makan Minum,Akomodasi,6146.186023204777,13.030692118549126,ADHK,
Kalimantan Timur,2025,J,Informasi dan Komunikasi,Infokom,12159.624937840767,9.234960435168338,ADHK,
Kalimantan Timur,2025,K,Jasa Keuangan dan Asuransi,Keuangan,9350.634888968078,-2.0084277750150537,ADHK,
Kalimantan Timur,2025,L,Real Estate,Real Estate,5263.315998207809,8.414274104782372,ADHK,
Kalimantan Timur,2025,MN,Jasa Perusahaan,Jasa Perusahaan,1199.4124732157634,9.30960918705459,ADHK,
Kalimantan Timur,2025,O,"Administrasi Pemerintahan, Pertahanan dan Jaminan Sosial Wajib",Adm. Pemerintahan,11993.77031862558,10.418926427230456,ADHK,
Kalimantan Timur,2025,P,Jasa Pendidikan,Pendidikan,9161.08529453003,8.235936273203759,ADHK,
Kalimantan Timur,2025,Q,Jasa Kesehatan dan Kegiatan Sosial,Kesehatan,4936.582813583065,9.952487515571097,ADHK,
Kalimantan Timur,2025,RSTU,Jasa Lainnya,Jasa Lainnya,3795.284309391433,12.528613208268858,ADHK,
Kalimantan Timur,2026,A,"Pertanian, Kehutanan dan Perikanan",Pertanian,,,ADHK,
Kalimantan Timur,2026,B,Pertambangan dan Penggalian,Pertambangan,,,ADHK,
Kalimantan Timur,2026,C,Industri Pengolahan,Industri Pengolahan,,,ADHK,
Kalimantan Timur,2026,D,Pengadaan Listrik dan Gas,Listrik & Gas,,,ADHK,
Kalimantan Timur,2026,E,"Pengadaan Air, Pengelolaan Sampah, Limbah dan Daur Ulang",Air & Sampah,,,ADHK,
Kalimantan Timur,2026,F,Konstruksi,Konstruksi,,,ADHK,
Kalimantan Timur,2026,G,"Perdagangan Besar dan Eceran, Reparasi Mobil dan Sepeda Motor",Perdagangan,,,ADHK,
Kalimantan Timur,2026,H,Transportasi dan Pergudangan,Transportasi,,,ADHK,
Kalimantan Timur,2026,I,Penyediaan Akomodasi dan Makan Minum,Akomodasi,,,ADHK,
Kalimantan Timur,2026,J,Informasi dan Komunikasi,Infokom,,,ADHK,
Kalimantan Timur,2026,K,Jasa Keuangan dan Asuransi,Keuangan,,,ADHK,
Kalimantan Timur,2026,L,Real Estate,Real Estate,,,ADHK,
Kalimantan Timur,2026,MN,Jasa Perusahaan,Jasa Perusahaan,,,ADHK,
Kalimantan Timur,2026,O,"Administrasi Pemerintahan, Pertahanan dan Jaminan Sosial Wajib",Adm. Pemerintahan,,,ADHK,
Kalimantan Timur,2026,P,Jasa Pendidikan,Pendidikan,,,ADHK,
Kalimantan Timur,2026,Q,Jasa Kesehatan dan Kegiatan Sosial,Kesehatan,,,ADHK,
Kalimantan Timur,2026,RSTU,Jasa Lainnya,Jasa Lainnya,,,ADHK,
Kalimantan Utara,2020,A,"Pertanian, Kehutanan dan Perikanan",Pertanian,11070.279450396998,,ADHK,
Kalimantan Utara,2020,B,Pertambangan dan Penggalian,Pertambangan,15588.374830107881,,ADHK,
Kalimantan Utara,2020,C,Industri Pengolahan,Industri Pengolahan,5318.341745524937,,ADHK,
Kalimantan Utara,2020,D,Pengadaan Listrik dan Gas,Listrik & Gas,44.03802739616242,,ADHK,
Kalimantan Utara,2020,E,"Pengadaan Air, Pengelolaan Sampah, Limbah dan Daur Ulang",Air & Sampah,42.70943513840072,,ADHK,
Kalimantan Utara,2020,F,Konstruksi,Konstruksi,7732.087498993701,,ADHK,
Kalimantan Utara,2020,G,"Perdagangan Besar dan Eceran, Reparasi Mobil dan Sepeda Motor",Perdagangan,6777.545799360073,,ADHK,
Kalimantan Utara,2020,H,Transportasi dan Pergudangan,Transportasi,3763.6746035758515,,ADHK,
Kalimantan Utara,2020,I,Penyediaan Akomodasi dan Makan Minum,Akomodasi,848.8205715292469,,ADHK,
Kalimantan Utara,2020,J,Informasi dan Komunikasi,Infokom,1932.97358186882,,ADHK,
Kalimantan Utara,2020,K,Jasa Keuangan dan Asuransi,Keuangan,695.6299885240619,,ADHK,
Kalimantan Utara,2020,L,Real Estate,Real Estate,574.5516700064479,,ADHK,
Kalimantan Utara,2020,MN,Jasa Perusahaan,Jasa Perusahaan,145.32205441196555,,ADHK,
Kalimantan Utara,2020,O,"Administrasi Pemerintahan, Pertahanan dan Jaminan Sosial Wajib",Adm. Pemerintahan,3145.6518855198815,,ADHK,
Kalimantan Utara,2020,P,Jasa Pendidikan,Pendidikan,1593.7333059519544,,ADHK,
Kalimantan Utara,2020,Q,Jasa Kesehatan dan Kegiatan Sosial,Kesehatan,745.8733502373823,,ADHK,
Kalimantan Utara,2020,RSTU,Jasa Lainnya,Jasa Lainnya,398.7400358729451,,ADHK,
Kalimantan Utara,2021,A,"Pertanian, Kehutanan dan Perikanan",Pertanian,11450.112179424345,3.431103349552078,ADHK,
Kalimantan Utara,2021,B,Pertambangan dan Penggalian,Pertambangan,16644.784871648477,6.776909415215049,ADHK,
Kalimantan Utara,2021,C,Industri Pengolahan,Industri Pengolahan,5457.7482063883,2.6212392421127273,ADHK,
Kalimantan Utara,2021,D,Pengadaan Listrik dan Gas,Listrik & Gas,46.36156706035678,5.276211950394583,ADHK,
Kalimantan Utara,2021,E,"Pengadaan Air, Pengelolaan Sampah, Limbah dan Daur Ulang",Air & Sampah,43.62449522986156,2.1425244527247145,ADHK,
Kalimantan Utara,2021,F,Konstruksi,Konstruksi,7667.464091646545,-0.835782152692488,ADHK,
Kalimantan Utara,2021,G,"Perdagangan Besar dan Eceran, Reparasi Mobil dan Sepeda Motor",Perdagangan,7263.142796044051,7.16479107717467,ADHK,
Kalimantan Utara,2021,H,Transportasi dan Pergudangan,Transportasi,3768.796669857603,0.13609216580212635,ADHK,
Kalimantan Utara,2021,I,Penyediaan Akomodasi dan Makan Minum,Akomodasi,872.1989366039875,2.7542175412433423,ADHK,
Kalimantan Utara,2021,J,Informasi dan Komunikasi,Infokom,2085.1008203281326,7.870114723049371,ADHK,
Kalimantan Utara,2021,K,Jasa Keuangan dan Asuransi,Keuangan,745.5205009707697,7.171989889705865,ADHK,
Kalimantan Utara,2021,L,Real Estate,Real Estate,586.8371654449322,2.1382751247327247,ADHK,
Kalimantan Utara,2021,MN,Jasa Perusahaan,Jasa Perusahaan,148.45979155226092,2.1591610117211557,ADHK,
Kalimantan Utara,2021,O,"Administrasi Pemerintahan, Pertahanan dan Jaminan Sosial Wajib",Adm. Pemerintahan,3153.5064952478397,0.2496973604776409,ADHK,
Kalimantan Utara,2021,P,Jasa Pendidikan,Pendidikan,1667.2429462932248,4.612417903719601,ADHK,
Kalimantan Utara,2021,Q,Jasa Kesehatan dan Kegiatan Sosial,Kesehatan,809.6116183485768,8.545454545454545,ADHK,
Kalimantan Utara,2021,RSTU,Jasa Lainnya,Jasa Lainnya,425.37430634935197,6.679607784580144,ADHK,
Kalimantan Utara,2022,A,"Pertanian, Kehutanan dan Perikanan",Pertanian,11878.276386496356,3.7393887532509495,ADHK,
Kalimantan Utara,2022,B,Pertambangan dan Penggalian,Pertambangan,17831.20236251022,7.127863171620796,ADHK,
Kalimantan Utara,2022,C,Industri Pengolahan,Industri Pengolahan,5666.946316157465,3.8330480238039977,ADHK,
Kalimantan Utara,2022,D,Pengadaan Listrik dan Gas,Listrik & Gas,49.77736895985619,7.367744699079037,ADHK,
Kalimantan Utara,2022,E,"Pengadaan Air, Pengelolaan Sampah, Limbah dan Daur Ulang",Air & Sampah,45.713219351674354,4.78796169630642,ADHK,
Kalimantan Utara,2022,F,Konstruksi,Konstruksi,7532.133462911076,-1.7649985329948548,ADHK,
Kalimantan Utara,2022,G,"Perdagangan Besar dan Eceran, Reparasi Mobil dan Sepeda Motor",Perdagangan,7904.27276896385,8.82717015103982,ADHK,
Kalimantan Utara,2022,H,Transportasi dan Pergudangan,Transportasi,4160.05358289114,10.38148107492145,ADHK,
Kalimantan Utara,2022,I,Penyediaan Akomodasi dan Makan Minum,Akomodasi,967.6012580405455,10.938137784026502,ADHK,
Kalimantan Utara,2022,J,Informasi dan Komunikasi,Infokom,2261.6581969505182,8.467570244138155,ADHK,
Kalimantan Utara,2022,K,Jasa Keuangan dan Asuransi,Keuangan,813.6928792119261,9.144266073486463,ADHK,
Kalimantan Utara,2022,L,Real Estate,Real Estate,614.7641941002184,4.758905928207935,ADHK,
Kalimantan Utara,2022,MN,Jasa Perusahaan,Jasa Perusahaan,157.96265260572693,6.400966183574908,ADHK,
Kalimantan Utara,2022,O,"Administrasi Pemerintahan, Pertahanan dan Jaminan Sosial Wajib",Adm. Pemerintahan,3249.730435687312,3.051331607671548,ADHK,
Kalimantan Utara,2022,P,Jasa Pendidikan,Pendidikan,1763.8621735803868,5.795149861151017,ADHK,
Kalimantan Utara,2022,Q,Jasa Kesehatan dan Kegiatan Sosial,Kesehatan,820.4210901264032,1.335142867622774,ADHK,
Kalimantan Utara,2022,RSTU,Jasa Lainnya,Jasa Lainnya,466.0203465398747,9.55535855923111,ADHK,
Kalimantan Utara,2023,A,"Pertanian, Kehutanan dan Perikanan",Pertanian,12391.826204780613,4.323437185449541,ADHK,
Kalimantan Utara,2023,B,Pertambangan dan Penggalian,Pertambangan,18471.546769584507,3.591145420572417,ADHK,
Kalimantan Utara,2023,C,Industri Pengolahan,Industri Pengolahan,5776.143131696314,1.9269075344424902,ADHK,
Kalimantan Utara,2023,D,Pengadaan Listrik dan Gas,Listrik & Gas,59.02187933321069,18.571713544783552,ADHK,
Kalimantan Utara,2023,E,"Pengadaan Air, Pengelolaan Sampah, Limbah dan Daur Ulang",Air & Sampah,48.438507015372956,5.961705831157538,ADHK,
Kalimantan Utara,2023,F,Konstruksi,Konstruksi,8168.713638539187,8.451525437815066,ADHK,
Kalimantan Utara,2023,G,"Perdagangan Besar dan Eceran, Reparasi Mobil dan Sepeda Motor",Perdagangan,8426.231230484296,6.603497586393003,ADHK,
Kalimantan Utara,2023,H,Transportasi dan Pergudangan,Transportasi,4390.33971289318,5.535652976902217,ADHK,
Kalimantan Utara,2023,I,Penyediaan Akomodasi dan Makan Minum,Akomodasi,1047.3092201820048,8.237686906574826,ADHK,
Kalimantan Utara,2023,J,Informasi dan Komunikasi,Infokom,2408.418585948119,6.489061397318285,ADHK,
Kalimantan Utara,2023,K,Jasa Keuangan dan Asuransi,Keuangan,914.4429428933537,12.381829343155326,ADHK,
Kalimantan Utara,2023,L,Real Estate,Real Estate,636.9579915508787,3.610131764935254,ADHK,
Kalimantan Utara,2023,MN,Jasa Perusahaan,Jasa Perusahaan,163.49104661481877,3.4998108210366974,ADHK,
Kalimantan Utara,2023,O,"Administrasi Pemerintahan, Pertahanan dan Jaminan Sosial Wajib",Adm. Pemerintahan,3351.5222007440707,3.132314112546686,ADHK,
Kalimantan Utara,2023,P,Jasa Pendidikan,Pendidikan,1871.4574568435764,6.099982463186837,ADHK,
Kalimantan Utara,2023,Q,Jasa Kesehatan dan Kegiatan Sosial,Kesehatan,840.1790623503424,2.4082721009640373,ADHK,
Kalimantan Utara,2023,RSTU,Jasa Lainnya,Jasa Lainnya,500.513909943746,7.401729057535866,ADHK,
Kalimantan Utara,2024,A,"Pertanian, Kehutanan dan Perikanan",Pertanian,12608.983487265583,1.752423564504113,ADHK,
Kalimantan Utara,2024,B,Pertambangan dan Penggalian,Pertambangan,18523.643294170866,0.28203661142305325,ADHK,
Kalimantan Utara,2024,C,Industri Pengolahan,Industri Pengolahan,6079.762347551299,5.2564351147894595,ADHK,
Kalimantan Utara,2024,D,Pengadaan Listrik dan Gas,Listrik & Gas,59.02187933321069,0.0,ADHK,
Kalimantan Utara,2024,E,"Pengadaan Air, Pengelolaan Sampah, Limbah dan Daur Ulang",Air & Sampah,51.99928432779668,7.351129363449704,ADHK,
Kalimantan Utara,2024,F,Konstruksi,Konstruksi,9145.058200578398,11.95224370986534,ADHK,
Kalimantan Utara,2024,G,"Perdagangan Besar dan Eceran, Reparasi Mobil dan Sepeda Motor",Perdagangan,9257.969836098126,9.870825792256666,ADHK,
Kalimantan Utara,2024,H,Transportasi dan Pergudangan,Transportasi,4632.416445470714,5.513849688365191,ADHK,
Kalimantan Utara,2024,I,Penyediaan Akomodasi dan Makan Minum,Akomodasi,1165.7042230055222,11.304684475416193,ADHK,
Kalimantan Utara,2024,J,Informasi dan Komunikasi,Infokom,2531.846148010878,5.124838463832471,ADHK,
Kalimantan Utara,2024,K,Jasa Keuangan dan Asuransi,Keuangan,973.0348242509713,6.40738515322008,ADHK,
Kalimantan Utara,2024,L,Real Estate,Real Estate,665.224619267066,4.437753837951419,ADHK,
Kalimantan Utara,2024,MN,Jasa Perusahaan,Jasa Perusahaan,168.5811535312979,3.113385730823115,ADHK,
Kalimantan Utara,2024,O,"Administrasi Pemerintahan, Pertahanan dan Jaminan Sosial Wajib",Adm. Pemerintahan,3497.8863903710044,4.367095930154941,ADHK,
Kalimantan Utara,2024,P,Jasa Pendidikan,Pendidikan,1973.664494445807,5.461360461520415,ADHK,
Kalimantan Utara,2024,Q,Jasa Kesehatan dan Kegiatan Sosial,Kesehatan,865.648632757254,3.0314455034932797,ADHK,
Kalimantan Utara,2024,RSTU,Jasa Lainnya,Jasa Lainnya,534.59069266207,6.8083587771125,ADHK,
Kalimantan Utara,2025,A,"Pertanian, Kehutanan dan Perikanan",Pertanian,12936.32032787586,2.596060506708331,ADHK,
Kalimantan Utara,2025,B,Pertambangan dan Penggalian,Pertambangan,18320.83008097698,-1.0948883541593069,ADHK,
Kalimantan Utara,2025,C,Industri Pengolahan,Industri Pengolahan,6626.090274867127,8.986007940522022,ADHK,
Kalimantan Utara,2025,D,Pengadaan Listrik dan Gas,Listrik & Gas,61.43478590756638,4.08815612382234,ADHK,
Kalimantan Utara,2025,E,"Pengadaan Air, Pengelolaan Sampah, Limbah dan Daur Ulang",Air & Sampah,53.24257249554239,2.3909716908951717,ADHK,
Kalimantan Utara,2025,F,Konstruksi,Konstruksi,10166.76727953544,11.172253435111234,ADHK,
Kalimantan Utara,2025,G,"Perdagangan Besar dan Eceran, Reparasi Mobil dan Sepeda Motor",Perdagangan,10169.109600946416,9.84167999009491,ADHK,
Kalimantan Utara,2025,H,Transportasi dan Pergudangan,Transportasi,4907.717657987377,5.942928831146754,ADHK,
Kalimantan Utara,2025,I,Penyediaan Akomodasi dan Makan Minum,Akomodasi,1282.1213607634945,9.986850477200404,ADHK,
Kalimantan Utara,2025,J,Informasi dan Komunikasi,Infokom,2647.2832892207907,4.559405843068487,ADHK,
Kalimantan Utara,2025,K,Jasa Keuangan dan Asuransi,Keuangan,1010.5276342654876,3.8531827515400296,ADHK,
Kalimantan Utara,2025,L,Real Estate,Real Estate,706.2262117670482,6.163571117550792,ADHK,
Kalimantan Utara,2025,MN,Jasa Perusahaan,Jasa Perusahaan,172.8345305436983,2.5230441975892193,ADHK,
Kalimantan Utara,2025,O,"Administrasi Pemerintahan, Pertahanan dan Jaminan Sosial Wajib",Adm. Pemerintahan,3496.8125956233844,-0.03069838833462679,ADHK,
Kalimantan Utara,2025,P,Jasa Pendidikan,Pendidikan,2006.1536201348495,1.6461321455836009,ADHK,
Kalimantan Utara,2025,Q,Jasa Kesehatan dan Kegiatan Sosial,Kesehatan,903.0660350651146,4.322469982847332,ADHK,
Kalimantan Utara,2025,RSTU,Jasa Lainnya,Jasa Lainnya,566.0675577705509,5.888030888030893,ADHK,
Kalimantan Utara,2026,A,"Pertanian, Kehutanan dan Perikanan",Pertanian,,,ADHK,
Kalimantan Utara,2026,B,Pertambangan dan Penggalian,Pertambangan,,,ADHK,
Kalimantan Utara,2026,C,Industri Pengolahan,Industri Pengolahan,,,ADHK,
Kalimantan Utara,2026,D,Pengadaan Listrik dan Gas,Listrik & Gas,,,ADHK,
Kalimantan Utara,2026,E,"Pengadaan Air, Pengelolaan Sampah, Limbah dan Daur Ulang",Air & Sampah,,,ADHK,
Kalimantan Utara,2026,F,Konstruksi,Konstruksi,,,ADHK,
Kalimantan Utara,2026,G,"Perdagangan Besar dan Eceran, Reparasi Mobil dan Sepeda Motor",Perdagangan,,,ADHK,
Kalimantan Utara,2026,H,Transportasi dan Pergudangan,Transportasi,,,ADHK,
Kalimantan Utara,2026,I,Penyediaan Akomodasi dan Makan Minum,Akomodasi,,,ADHK,
Kalimantan Utara,2026,J,Informasi dan Komunikasi,Infokom,,,ADHK,
Kalimantan Utara,2026,K,Jasa Keuangan dan Asuransi,Keuangan,,,ADHK,
Kalimantan Utara,2026,L,Real Estate,Real Estate,,,ADHK,
Kalimantan Utara,2026,MN,Jasa Perusahaan,Jasa Perusahaan,,,ADHK,
Kalimantan Utara,2026,O,"Administrasi Pemerintahan, Pertahanan dan Jaminan Sosial Wajib",Adm. Pemerintahan,,,ADHK,
Kalimantan Utara,2026,P,Jasa Pendidikan,Pendidikan,,,ADHK,
Kalimantan Utara,2026,Q,Jasa Kesehatan dan Kegiatan Sosial,Kesehatan,,,ADHK,
Kalimantan Utara,2026,RSTU,Jasa Lainnya,Jasa Lainnya,,,ADHK,
Kep. Bangka Belitung,2020,A,"Pertanian, Kehutanan dan Perikanan",Pertanian,10807.577095834296,,ADHK,
Kep. Bangka Belitung,2020,B,Pertambangan dan Penggalian,Pertambangan,6006.7740669201,,ADHK,
Kep. Bangka Belitung,2020,C,Industri Pengolahan,Industri Pengolahan,11061.278828051543,,ADHK,
Kep. Bangka Belitung,2020,D,Pengadaan Listrik dan Gas,Listrik & Gas,54.881212495736115,,ADHK,
Kep. Bangka Belitung,2020,E,"Pengadaan Air, Pengelolaan Sampah, Limbah dan Daur Ulang",Air & Sampah,9.657862487048694,,ADHK,
Kep. Bangka Belitung,2020,F,Konstruksi,Konstruksi,4592.457992747172,,ADHK,
Kep. Bangka Belitung,2020,G,"Perdagangan Besar dan Eceran, Reparasi Mobil dan Sepeda Motor",Perdagangan,7219.873848989468,,ADHK,
Kep. Bangka Belitung,2020,H,Transportasi dan Pergudangan,Transportasi,1699.5409927949077,,ADHK,
Kep. Bangka Belitung,2020,I,Penyediaan Akomodasi dan Makan Minum,Akomodasi,1265.6259661168501,,ADHK,
Kep. Bangka Belitung,2020,J,Informasi dan Komunikasi,Infokom,1441.647491650031,,ADHK,
Kep. Bangka Belitung,2020,K,Jasa Keuangan dan Asuransi,Keuangan,920.5169179769737,,ADHK,
Kep. Bangka Belitung,2020,L,Real Estate,Real Estate,1804.87911482077,,ADHK,
Kep. Bangka Belitung,2020,MN,Jasa Perusahaan,Jasa Perusahaan,118.20802109169891,,ADHK,
Kep. Bangka Belitung,2020,O,"Administrasi Pemerintahan, Pertahanan dan Jaminan Sosial Wajib",Adm. Pemerintahan,2960.044474885033,,ADHK,
Kep. Bangka Belitung,2020,P,Jasa Pendidikan,Pendidikan,1366.379273757595,,ADHK,
Kep. Bangka Belitung,2020,Q,Jasa Kesehatan dan Kegiatan Sosial,Kesehatan,697.6464761516952,,ADHK,
Kep. Bangka Belitung,2020,RSTU,Jasa Lainnya,Jasa Lainnya,389.01515321017354,,ADHK,
Kep. Bangka Belitung,2021,A,"Pertanian, Kehutanan dan Perikanan",Pertanian,10911.271927345642,0.9594641850976471,ADHK,
Kep. Bangka Belitung,2021,B,Pertambangan dan Penggalian,Pertambangan,6419.456163972966,6.870278330019897,ADHK,
Kep. Bangka Belitung,2021,C,Industri Pengolahan,Industri Pengolahan,11665.265424768857,5.460368607521193,ADHK,
Kep. Bangka Belitung,2021,D,Pengadaan Listrik dan Gas,Listrik & Gas,60.59076508937611,10.403473855617884,ADHK,
Kep. Bangka Belitung,2021,E,"Pengadaan Air, Pengelolaan Sampah, Limbah dan Daur Ulang",Air & Sampah,10.135285143463047,4.943357363542722,ADHK,
Kep. Bangka Belitung,2021,F,Konstruksi,Konstruksi,4790.348226960529,4.309026550180395,ADHK,
Kep. Bangka Belitung,2021,G,"Perdagangan Besar dan Eceran, Reparasi Mobil dan Sepeda Motor",Perdagangan,7638.359622333546,5.796303122424384,ADHK,
Kep. Bangka Belitung,2021,H,Transportasi dan Pergudangan,Transportasi,1851.4398084312252,8.937637649240738,ADHK,
Kep. Bangka Belitung,2021,I,Penyediaan Akomodasi dan Makan Minum,Akomodasi,1399.2406406197356,10.55720079075475,ADHK,
Kep. Bangka Belitung,2021,J,Informasi dan Komunikasi,Infokom,1567.8682095664692,8.755310757137513,ADHK,
Kep. Bangka Belitung,2021,K,Jasa Keuangan dan Asuransi,Keuangan,971.816033198008,5.572859576961897,ADHK,
Kep. Bangka Belitung,2021,L,Real Estate,Real Estate,1926.3956493773553,6.732668883957493,ADHK,
Kep. Bangka Belitung,2021,MN,Jasa Perusahaan,Jasa Perusahaan,125.01143209748221,5.755456307407103,ADHK,
Kep. Bangka Belitung,2021,O,"Administrasi Pemerintahan, Pertahanan dan Jaminan Sosial Wajib",Adm. Pemerintahan,3119.3836843790377,5.383000520632142,ADHK,
Kep. Bangka Belitung,2021,P,Jasa Pendidikan,Pendidikan,1399.4670934089663,2.421569200210305,ADHK,
Kep. Bangka Belitung,2021,Q,Jasa Kesehatan dan Kegiatan Sosial,Kesehatan,796.3967421366737,14.154771701807656,ADHK,
Kep. Bangka Belitung,2021,RSTU,Jasa Lainnya,Jasa Lainnya,403.5230904070837,3.7294015611448295,ADHK,
Kep. Bangka Belitung,2022,A,"Pertanian, Kehutanan dan Perikanan",Pertanian,11019.668185652112,0.993433753903683,ADHK,
Kep. Bangka Belitung,2022,B,Pertambangan dan Penggalian,Pertambangan,6452.336186367108,0.5121932692471631,ADHK,
Kep. Bangka Belitung,2022,C,Industri Pengolahan,Industri Pengolahan,12265.332135800161,5.144046784886536,ADHK,
Kep. Bangka Belitung,2022,D,Pengadaan Listrik dan Gas,Listrik & Gas,58.545255812350305,-3.375942313995406,ADHK,
Kep. Bangka Belitung,2022,E,"Pengadaan Air, Pengelolaan Sampah, Limbah dan Daur Ulang",Air & Sampah,10.553029967825609,4.12168792934251,ADHK,
Kep. Bangka Belitung,2022,F,Konstruksi,Konstruksi,4739.49654014384,-1.0615446812507479,ADHK,
Kep. Bangka Belitung,2022,G,"Perdagangan Besar dan Eceran, Reparasi Mobil dan Sepeda Motor",Perdagangan,8461.257049408463,10.773221840313397,ADHK,
Kep. Bangka Belitung,2022,H,Transportasi dan Pergudangan,Transportasi,2239.889435137264,20.98094817541938,ADHK,
Kep. Bangka Belitung,2022,I,Penyediaan Akomodasi dan Makan Minum,Akomodasi,1544.692837539907,10.395080924446942,ADHK,
Kep. Bangka Belitung,2022,J,Informasi dan Komunikasi,Infokom,1722.4095327278906,9.85678019481966,ADHK,
Kep. Bangka Belitung,2022,K,Jasa Keuangan dan Asuransi,Keuangan,1025.9823044206853,5.5737165648964915,ADHK,
Kep. Bangka Belitung,2022,L,Real Estate,Real Estate,2024.9093416617216,5.113886771713161,ADHK,
Kep. Bangka Belitung,2022,MN,Jasa Perusahaan,Jasa Perusahaan,138.75770909306192,10.996015936254967,ADHK,
Kep. Bangka Belitung,2022,O,"Administrasi Pemerintahan, Pertahanan dan Jaminan Sosial Wajib",Adm. Pemerintahan,3076.5412624578057,-1.37342585125948,ADHK,
Kep. Bangka Belitung,2022,P,Jasa Pendidikan,Pendidikan,1441.7847783129066,3.0238427972506754,ADHK,
Kep. Bangka Belitung,2022,Q,Jasa Kesehatan dan Kegiatan Sosial,Kesehatan,813.6206257387047,2.162726526959502,ADHK,
Kep. Bangka Belitung,2022,RSTU,Jasa Lainnya,Jasa Lainnya,435.3373494038649,7.884123549085187,ADHK,
Kep. Bangka Belitung,2023,A,"Pertanian, Kehutanan dan Perikanan",Pertanian,11431.23554554652,3.7348434903900163,ADHK,
Kep. Bangka Belitung,2023,B,Pertambangan dan Penggalian,Pertambangan,6375.111920695636,-1.1968419412899722,ADHK,
Kep. Bangka Belitung,2023,C,Industri Pengolahan,Industri Pengolahan,12500.407385661932,1.9165828308524313,ADHK,
Kep. Bangka Belitung,2023,D,Pengadaan Listrik dan Gas,Listrik & Gas,59.955267061562274,2.408412483039357,ADHK,
Kep. Bangka Belitung,2023,E,"Pengadaan Air, Pengelolaan Sampah, Limbah dan Daur Ulang",Air & Sampah,10.582868883851505,0.2827521206409056,ADHK,
Kep. Bangka Belitung,2023,F,Konstruksi,Konstruksi,5163.2899401041195,8.941738776908515,ADHK,
Kep. Bangka Belitung,2023,G,"Perdagangan Besar dan Eceran, Reparasi Mobil dan Sepeda Motor",Perdagangan,8661.075658393307,2.361571192294809,ADHK,
Kep. Bangka Belitung,2023,H,Transportasi dan Pergudangan,Transportasi,2452.139981751062,9.475938556797136,ADHK,
Kep. Bangka Belitung,2023,I,Penyediaan Akomodasi dan Makan Minum,Akomodasi,1697.9378228183255,9.920741622812068,ADHK,
Kep. Bangka Belitung,2023,J,Informasi dan Komunikasi,Infokom,1960.3764359047368,13.815930454121595,ADHK,
Kep. Bangka Belitung,2023,K,Jasa Keuangan dan Asuransi,Keuangan,1168.7307089763538,13.913339824732219,ADHK,
Kep. Bangka Belitung,2023,L,Real Estate,Real Estate,2108.6604630045595,4.136043012874269,ADHK,
Kep. Bangka Belitung,2023,MN,Jasa Perusahaan,Jasa Perusahaan,151.04966982679045,8.858578607322332,ADHK,
Kep. Bangka Belitung,2023,O,"Administrasi Pemerintahan, Pertahanan dan Jaminan Sosial Wajib",Adm. Pemerintahan,3280.562264505539,6.631505468083465,ADHK,
Kep. Bangka Belitung,2023,P,Jasa Pendidikan,Pendidikan,1596.5970587384272,10.737544379312492,ADHK,
Kep. Bangka Belitung,2023,Q,Jasa Kesehatan dan Kegiatan Sosial,Kesehatan,885.4066049811931,8.823028444898661,ADHK,
Kep. Bangka Belitung,2023,RSTU,Jasa Lainnya,Jasa Lainnya,483.07858459834847,10.966491907909726,ADHK,
Kep. Bangka Belitung,2024,A,"Pertanian, Kehutanan dan Perikanan",Pertanian,11788.969542159732,3.129442965179563,ADHK,
Kep. Bangka Belitung,2024,B,Pertambangan dan Penggalian,Pertambangan,6119.744410206511,-4.00569454569294,ADHK,
Kep. Bangka Belitung,2024,C,Industri Pengolahan,Industri Pengolahan,12008.908736575733,-3.9318610499842754,ADHK,
Kep. Bangka Belitung,2024,D,Pengadaan Listrik dan Gas,Listrik & Gas,62.96395303699343,5.018217952964554,ADHK,
Kep. Bangka Belitung,2024,E,"Pengadaan Air, Pengelolaan Sampah, Limbah dan Daur Ulang",Air & Sampah,10.990667402872099,3.8533834586466087,ADHK,
Kep. Bangka Belitung,2024,F,Konstruksi,Konstruksi,5133.69247822543,-0.5732287402417824,ADHK,
Kep. Bangka Belitung,2024,G,"Perdagangan Besar dan Eceran, Reparasi Mobil dan Sepeda Motor",Perdagangan,8631.213007995813,-0.3447914736612878,ADHK,
Kep. Bangka Belitung,2024,H,Transportasi dan Pergudangan,Transportasi,2510.60048825528,2.3840607363072364,ADHK,
Kep. Bangka Belitung,2024,I,Penyediaan Akomodasi dan Makan Minum,Akomodasi,1759.8153313938974,3.644274115577706,ADHK,
Kep. Bangka Belitung,2024,J,Informasi dan Komunikasi,Infokom,2153.0942142519807,9.830651645141941,ADHK,
Kep. Bangka Belitung,2024,K,Jasa Keuangan dan Asuransi,Keuangan,1178.1513644103238,0.8060586892784993,ADHK,
Kep. Bangka Belitung,2024,L,Real Estate,Real Estate,2183.31232715678,3.540250574331516,ADHK,
Kep. Bangka Belitung,2024,MN,Jasa Perusahaan,Jasa Perusahaan,161.45898827634176,6.891321551041951,ADHK,
Kep. Bangka Belitung,2024,O,"Administrasi Pemerintahan, Pertahanan dan Jaminan Sosial Wajib",Adm. Pemerintahan,3569.8704086373587,8.8188585006304,ADHK,
Kep. Bangka Belitung,2024,P,Jasa Pendidikan,Pendidikan,1767.4343808889485,10.700089995500228,ADHK,
Kep. Bangka Belitung,2024,Q,Jasa Kesehatan dan Kegiatan Sosial,Kesehatan,899.8984242877295,1.6367417212619806,ADHK,
Kep. Bangka Belitung,2024,RSTU,Jasa Lainnya,Jasa Lainnya,522.3651258860143,8.132536307799754,ADHK,
Kep. Bangka Belitung,2025,A,"Pertanian, Kehutanan dan Perikanan",Pertanian,12162.783634298496,3.170880124865283,ADHK,
Kep. Bangka Belitung,2025,B,Pertambangan dan Penggalian,Pertambangan,6527.759215944953,6.6671870324838345,ADHK,
Kep. Bangka Belitung,2025,C,Industri Pengolahan,Industri Pengolahan,12528.52446043226,4.326918750526643,ADHK,
Kep. Bangka Belitung,2025,D,Pengadaan Listrik dan Gas,Listrik & Gas,65.87334244557869,4.620722283551504,ADHK,
Kep. Bangka Belitung,2025,E,"Pengadaan Air, Pengelolaan Sampah, Limbah dan Daur Ulang",Air & Sampah,11.249271341763206,2.35294117647058,ADHK,
Kep. Bangka Belitung,2025,F,Konstruksi,Konstruksi,5068.765858281369,-1.2647158009453707,ADHK,
Kep. Bangka Belitung,2025,G,"Perdagangan Besar dan Eceran, Reparasi Mobil dan Sepeda Motor",Perdagangan,9060.354046117902,4.971966718056198,ADHK,
Kep. Bangka Belitung,2025,H,Transportasi dan Pergudangan,Transportasi,2649.024329519606,5.51357501569365,ADHK,
Kep. Bangka Belitung,2025,I,Penyediaan Akomodasi dan Makan Minum,Akomodasi,1921.1695634410498,9.168816134778668,ADHK,
Kep. Bangka Belitung,2025,J,Informasi dan Komunikasi,Infokom,2346.340697100099,8.975291539448737,ADHK,
Kep. Bangka Belitung,2025,K,Jasa Keuangan dan Asuransi,Keuangan,1187.7118811126663,0.8114845843367302,ADHK,
Kep. Bangka Belitung,2025,L,Real Estate,Real Estate,2266.1345451859765,3.793420528937874,ADHK,
Kep. Bangka Belitung,2025,MN,Jasa Perusahaan,Jasa Perusahaan,172.91421910599152,7.094823863285837,ADHK,
Kep. Bangka Belitung,2025,O,"Administrasi Pemerintahan, Pertahanan dan Jaminan Sosial Wajib",Adm. Pemerintahan,3565.57522964688,-0.12031750452583534,ADHK,
Kep. Bangka Belitung,2025,P,Jasa Pendidikan,Pendidikan,1886.255175945803,6.722783959712975,ADHK,
Kep. Bangka Belitung,2025,Q,Jasa Kesehatan dan Kegiatan Sosial,Kesehatan,949.69920497843,5.534044659553405,ADHK,
Kep. Bangka Belitung,2025,RSTU,Jasa Lainnya,Jasa Lainnya,569.6201169473593,9.046352583586614,ADHK,
Kep. Bangka Belitung,2026,A,"Pertanian, Kehutanan dan Perikanan",Pertanian,,,ADHK,
Kep. Bangka Belitung,2026,B,Pertambangan dan Penggalian,Pertambangan,,,ADHK,
Kep. Bangka Belitung,2026,C,Industri Pengolahan,Industri Pengolahan,,,ADHK,
Kep. Bangka Belitung,2026,D,Pengadaan Listrik dan Gas,Listrik & Gas,,,ADHK,
Kep. Bangka Belitung,2026,E,"Pengadaan Air, Pengelolaan Sampah, Limbah dan Daur Ulang",Air & Sampah,,,ADHK,
Kep. Bangka Belitung,2026,F,Konstruksi,Konstruksi,,,ADHK,
Kep. Bangka Belitung,2026,G,"Perdagangan Besar dan Eceran, Reparasi Mobil dan Sepeda Motor",Perdagangan,,,ADHK,
Kep. Bangka Belitung,2026,H,Transportasi dan Pergudangan,Transportasi,,,ADHK,
Kep. Bangka Belitung,2026,I,Penyediaan Akomodasi dan Makan Minum,Akomodasi,,,ADHK,
Kep. Bangka Belitung,2026,J,Informasi dan Komunikasi,Infokom,,,ADHK,
Kep. Bangka Belitung,2026,K,Jasa Keuangan dan Asuransi,Keuangan,,,ADHK,
Kep. Bangka Belitung,2026,L,Real Estate,Real Estate,,,ADHK,
Kep. Bangka Belitung,2026,MN,Jasa Perusahaan,Jasa Perusahaan,,,ADHK,
Kep. Bangka Belitung,2026,O,"Administrasi Pemerintahan, Pertahanan dan Jaminan Sosial Wajib",Adm. Pemerintahan,,,ADHK,
Kep. Bangka Belitung,2026,P,Jasa Pendidikan,Pendidikan,,,ADHK,
Kep. Bangka Belitung,2026,Q,Jasa Kesehatan dan Kegiatan Sosial,Kesehatan,,,ADHK,
Kep. Bangka Belitung,2026,RSTU,Jasa Lainnya,Jasa Lainnya,,,ADHK,
Kep. Riau,2020,A,"Pertanian, Kehutanan dan Perikanan",Pertanian,5539.152149790887,,ADHK,
Kep. Riau,2020,B,Pertambangan dan Penggalian,Pertambangan,24812.81336456511,,ADHK,
Kep. Riau,2020,C,Industri Pengolahan,Industri Pengolahan,70072.41685823421,,ADHK,
Kep. Riau,2020,D,Pengadaan Listrik dan Gas,Listrik & Gas,1569.5411135066083,,ADHK,
Kep. Riau,2020,E,"Pengadaan Air, Pengelolaan Sampah, Limbah dan Daur Ulang",Air & Sampah,217.485912607422,,ADHK,
Kep. Riau,2020,F,Konstruksi,Konstruksi,31056.961042320763,,ADHK,
Kep. Riau,2020,G,"Perdagangan Besar dan Eceran, Reparasi Mobil dan Sepeda Motor",Perdagangan,13405.917891827983,,ADHK,
Kep. Riau,2020,H,Transportasi dan Pergudangan,Transportasi,2520.105861258914,,ADHK,
Kep. Riau,2020,I,Penyediaan Akomodasi dan Makan Minum,Akomodasi,2498.9435063880246,,ADHK,
Kep. Riau,2020,J,Informasi dan Komunikasi,Infokom,5379.219151921301,,ADHK,
Kep. Riau,2020,K,Jasa Keuangan dan Asuransi,Keuangan,4793.54517166677,,ADHK,
Kep. Riau,2020,L,Real Estate,Real Estate,2328.231232292527,,ADHK,
Kep. Riau,2020,MN,Jasa Perusahaan,Jasa Perusahaan,5.010418354185941,,ADHK,
Kep. Riau,2020,O,"Administrasi Pemerintahan, Pertahanan dan Jaminan Sosial Wajib",Adm. Pemerintahan,4373.16830529645,,ADHK,
Kep. Riau,2020,P,Jasa Pendidikan,Pendidikan,2254.661505664826,,ADHK,
Kep. Riau,2020,Q,Jasa Kesehatan dan Kegiatan Sosial,Kesehatan,1662.4512250247801,,ADHK,
Kep. Riau,2020,RSTU,Jasa Lainnya,Jasa Lainnya,280.30485772990585,,ADHK,
Kep. Riau,2021,A,"Pertanian, Kehutanan dan Perikanan",Pertanian,5392.516269232727,-2.647262190905808,ADHK,
Kep. Riau,2021,B,Pertambangan dan Penggalian,Pertambangan,24628.997718789626,-0.7408093676228966,ADHK,
Kep. Riau,2021,C,Industri Pengolahan,Industri Pengolahan,74591.15104518761,6.448663239481811,ADHK,
Kep. Riau,2021,D,Pengadaan Listrik dan Gas,Listrik & Gas,1637.3209500356288,4.318449255374346,ADHK,
Kep. Riau,2021,E,"Pengadaan Air, Pengelolaan Sampah, Limbah dan Daur Ulang",Air & Sampah,217.5157515234479,0.013719930485689424,ADHK,
Kep. Riau,2021,F,Konstruksi,Konstruksi,32527.904036223692,4.736274717601963,ADHK,
Kep. Riau,2021,G,"Perdagangan Besar dan Eceran, Reparasi Mobil dan Sepeda Motor",Perdagangan,13548.802101924144,1.0658293691568899,ADHK,
Kep. Riau,2021,H,Transportasi dan Pergudangan,Transportasi,2477.247956659108,-1.7006390588051201,ADHK,
Kep. Riau,2021,I,Penyediaan Akomodasi dan Makan Minum,Akomodasi,2331.8435763254643,-6.686823036831546,ADHK,
Kep. Riau,2021,J,Informasi dan Komunikasi,Infokom,5895.005306973024,9.588494918774582,ADHK,
Kep. Riau,2021,K,Jasa Keuangan dan Asuransi,Keuangan,4828.4505482163895,0.728174561823991,ADHK,
Kep. Riau,2021,L,Real Estate,Real Estate,2245.2691793559006,-3.5633081364919383,ADHK,
Kep. Riau,2021,MN,Jasa Perusahaan,Jasa Perusahaan,5.71765434453823,14.11530815109343,ADHK,
Kep. Riau,2021,O,"Administrasi Pemerintahan, Pertahanan dan Jaminan Sosial Wajib",Adm. Pemerintahan,4005.1549831816938,-8.415256318149167,ADHK,
Kep. Riau,2021,P,Jasa Pendidikan,Pendidikan,2178.4178295622546,-3.3816018906168255,ADHK,
Kep. Riau,2021,Q,Jasa Kesehatan dan Kegiatan Sosial,Kesehatan,1866.950197056022,12.30105093929561,ADHK,
Kep. Riau,2021,RSTU,Jasa Lainnya,Jasa Lainnya,270.77844206025213,-3.398591000814233,ADHK,
Kep. Riau,2022,A,"Pertanian, Kehutanan dan Perikanan",Pertanian,5676.02041088677,5.257362750513894,ADHK,
Kep. Riau,2022,B,Pertambangan dan Penggalian,Pertambangan,22904.16986122381,-7.003240153170875,ADHK,
Kep. Riau,2022,C,Industri Pengolahan,Industri Pengolahan,77953.81368301515,4.508125415292796,ADHK,
Kep. Riau,2022,D,Pengadaan Listrik dan Gas,Listrik & Gas,1905.511047429755,16.37981224073939,ADHK,
Kep. Riau,2022,E,"Pengadaan Air, Pengelolaan Sampah, Limbah dan Daur Ulang",Air & Sampah,236.6822819174158,8.811559742100684,ADHK,
Kep. Riau,2022,F,Konstruksi,Konstruksi,34152.751875685506,4.995242969397462,ADHK,
Kep. Riau,2022,G,"Perdagangan Besar dan Eceran, Reparasi Mobil dan Sepeda Motor",Perdagangan,15427.328272539642,13.864887511706424,ADHK,
Kep. Riau,2022,H,Transportasi dan Pergudangan,Transportasi,3427.736006385227,38.36870859742181,ADHK,
Kep. Riau,2022,I,Penyediaan Akomodasi dan Makan Minum,Akomodasi,3491.040623265343,49.71161267886372,ADHK,
Kep. Riau,2022,J,Informasi dan Komunikasi,Infokom,6405.424612563034,8.658504598566697,ADHK,
Kep. Riau,2022,K,Jasa Keuangan dan Asuransi,Keuangan,5030.03059630403,4.174839238274974,ADHK,
Kep. Riau,2022,L,Real Estate,Real Estate,2349.506114637219,4.64251396846862,ADHK,
Kep. Riau,2022,MN,Jasa Perusahaan,Jasa Perusahaan,6.584267459476951,15.156794425087107,ADHK,
Kep. Riau,2022,O,"Administrasi Pemerintahan, Pertahanan dan Jaminan Sosial Wajib",Adm. Pemerintahan,4139.528464793541,3.3550132810366673,ADHK,
Kep. Riau,2022,P,Jasa Pendidikan,Pendidikan,2250.710125513456,3.318568870037586,ADHK,
Kep. Riau,2022,Q,Jasa Kesehatan dan Kegiatan Sosial,Kesehatan,1866.6532335456423,-0.01590634344976749,ADHK,
Kep. Riau,2022,RSTU,Jasa Lainnya,Jasa Lainnya,460.23503369049126,69.96738373584492,ADHK,
Kep. Riau,2023,A,"Pertanian, Kehutanan dan Perikanan",Pertanian,5762.936012284496,1.5312771115308044,ADHK,
Kep. Riau,2023,B,Pertambangan dan Penggalian,Pertambangan,22297.770295670838,-2.647550944771815,ADHK,
Kep. Riau,2023,C,Industri Pengolahan,Industri Pengolahan,79874.26294091297,2.4635731943878802,ADHK,
Kep. Riau,2023,D,Pengadaan Listrik dan Gas,Listrik & Gas,2058.546916252676,8.031224433431806,ADHK,
Kep. Riau,2023,E,"Pengadaan Air, Pengelolaan Sampah, Limbah dan Daur Ulang",Air & Sampah,247.22536557989946,4.454530173138349,ADHK,
Kep. Riau,2023,F,Konstruksi,Konstruksi,37735.541263888284,10.490485221348989,ADHK,
Kep. Riau,2023,G,"Perdagangan Besar dan Eceran, Reparasi Mobil dan Sepeda Motor",Perdagangan,16332.288183166824,5.865953550998149,ADHK,
Kep. Riau,2023,H,Transportasi dan Pergudangan,Transportasi,3939.0856734709,14.918000281618093,ADHK,
Kep. Riau,2023,I,Penyediaan Akomodasi dan Makan Minum,Akomodasi,4444.599039340521,27.314446292041914,ADHK,
Kep. Riau,2023,J,Informasi dan Komunikasi,Infokom,7684.041582367784,19.961470896043075,ADHK,
Kep. Riau,2023,K,Jasa Keuangan dan Asuransi,Keuangan,5464.949190490539,8.646440331915262,ADHK,
Kep. Riau,2023,L,Real Estate,Real Estate,2472.740620913657,5.245123879810221,ADHK,
Kep. Riau,2023,MN,Jasa Perusahaan,Jasa Perusahaan,7.789556964161839,18.305597579425115,ADHK,
Kep. Riau,2023,O,"Administrasi Pemerintahan, Pertahanan dan Jaminan Sosial Wajib",Adm. Pemerintahan,4351.831605959489,5.128679340450826,ADHK,
Kep. Riau,2023,P,Jasa Pendidikan,Pendidikan,2337.879966428529,3.8729927913389695,ADHK,
Kep. Riau,2023,Q,Jasa Kesehatan dan Kegiatan Sosial,Kesehatan,1776.7425813863038,-4.816676742286852,ADHK,
Kep. Riau,2023,RSTU,Jasa Lainnya,Jasa Lainnya,559.2303698576432,21.509735009379227,ADHK,
Kep. Riau,2024,A,"Pertanian, Kehutanan dan Perikanan",Pertanian,5795.896661777013,0.5719419653845925,ADHK,
Kep. Riau,2024,B,Pertambangan dan Penggalian,Pertambangan,20551.009154401425,-7.833792877526191,ADHK,
Kep. Riau,2024,C,Industri Pengolahan,Industri Pengolahan,86077.05468306554,7.765695123523186,ADHK,
Kep. Riau,2024,D,Pengadaan Listrik dan Gas,Listrik & Gas,2206.7966905536246,7.20167090341659,ADHK,
Kep. Riau,2024,E,"Pengadaan Air, Pengelolaan Sampah, Limbah dan Daur Ulang",Air & Sampah,252.12889411348854,1.9834245252655203,ADHK,
Kep. Riau,2024,F,Konstruksi,Konstruksi,39906.19133988497,5.7522696198184065,ADHK,
Kep. Riau,2024,G,"Perdagangan Besar dan Eceran, Reparasi Mobil dan Sepeda Motor",Perdagangan,17245.650702033352,5.5923732708066165,ADHK,
Kep. Riau,2024,H,Transportasi dan Pergudangan,Transportasi,4037.9415527086985,2.5096148556396303,ADHK,
Kep. Riau,2024,I,Penyediaan Akomodasi dan Makan Minum,Akomodasi,4631.843525095655,4.212854390188525,ADHK,
Kep. Riau,2024,J,Informasi dan Komunikasi,Infokom,7679.592484115137,-0.05790049682781184,ADHK,
Kep. Riau,2024,K,Jasa Keuangan dan Asuransi,Keuangan,5870.067344423038,7.413026906772302,ADHK,
Kep. Riau,2024,L,Real Estate,Real Estate,2611.0673089848515,5.594063805207505,ADHK,
Kep. Riau,2024,MN,Jasa Perusahaan,Jasa Perusahaan,8.178038705341265,4.987212276214814,ADHK,
Kep. Riau,2024,O,"Administrasi Pemerintahan, Pertahanan dan Jaminan Sosial Wajib",Adm. Pemerintahan,5129.129750164642,17.861402153996607,ADHK,
Kep. Riau,2024,P,Jasa Pendidikan,Pendidikan,2430.0089889982246,3.9407079872640693,ADHK,
Kep. Riau,2024,Q,Jasa Kesehatan dan Kegiatan Sosial,Kesehatan,2124.981791225071,19.599868517084417,ADHK,
Kep. Riau,2024,RSTU,Jasa Lainnya,Jasa Lainnya,648.4313599144324,15.95066986070448,ADHK,
Kep. Riau,2025,A,"Pertanian, Kehutanan dan Perikanan",Pertanian,5998.250529288553,3.4913298031352014,ADHK,
Kep. Riau,2025,B,Pertambangan dan Penggalian,Pertambangan,23840.265292974706,16.005326618565686,ADHK,
Kep. Riau,2025,C,Industri Pengolahan,Industri Pengolahan,92547.47932210602,7.517014450441528,ADHK,
Kep. Riau,2025,D,Pengadaan Listrik dan Gas,Listrik & Gas,2435.6057695366617,10.368380556417955,ADHK,
Kep. Riau,2025,E,"Pengadaan Air, Pengelolaan Sampah, Limbah dan Daur Ulang",Air & Sampah,281.6196894524168,11.696713874314568,ADHK,
Kep. Riau,2025,F,Konstruksi,Konstruksi,42021.56869378105,5.300875084467971,ADHK,
Kep. Riau,2025,G,"Perdagangan Besar dan Eceran, Reparasi Mobil dan Sepeda Motor",Perdagangan,18546.938618369888,7.5456005622513755,ADHK,
Kep. Riau,2025,H,Transportasi dan Pergudangan,Transportasi,4328.057356932579,7.184745010221039,ADHK,
Kep. Riau,2025,I,Penyediaan Akomodasi dan Makan Minum,Akomodasi,4764.963733332154,2.8740221364397245,ADHK,
Kep. Riau,2025,J,Informasi dan Komunikasi,Infokom,7476.360469090116,-2.6463906183224806,ADHK,
Kep. Riau,2025,K,Jasa Keuangan dan Asuransi,Keuangan,6111.348012547365,4.110356048190145,ADHK,
Kep. Riau,2025,L,Real Estate,Real Estate,2760.25117879721,5.713520647246706,ADHK,
Kep. Riau,2025,MN,Jasa Perusahaan,Jasa Perusahaan,9.542705334612586,16.68696711327651,ADHK,
Kep. Riau,2025,O,"Administrasi Pemerintahan, Pertahanan dan Jaminan Sosial Wajib",Adm. Pemerintahan,5054.481130117158,-1.4553856830213485,ADHK,
Kep. Riau,2025,P,Jasa Pendidikan,Pendidikan,2563.2483303144973,5.483080182810385,ADHK,
Kep. Riau,2025,Q,Jasa Kesehatan dan Kegiatan Sosial,Kesehatan,2181.652327789225,2.6668716314732777,ADHK,
Kep. Riau,2025,RSTU,Jasa Lainnya,Jasa Lainnya,661.1431708236266,1.9603942213516135,ADHK,
Kep. Riau,2026,A,"Pertanian, Kehutanan dan Perikanan",Pertanian,,,ADHK,
Kep. Riau,2026,B,Pertambangan dan Penggalian,Pertambangan,,,ADHK,
Kep. Riau,2026,C,Industri Pengolahan,Industri Pengolahan,,,ADHK,
Kep. Riau,2026,D,Pengadaan Listrik dan Gas,Listrik & Gas,,,ADHK,
Kep. Riau,2026,E,"Pengadaan Air, Pengelolaan Sampah, Limbah dan Daur Ulang",Air & Sampah,,,ADHK,
Kep. Riau,2026,F,Konstruksi,Konstruksi,,,ADHK,
Kep. Riau,2026,G,"Perdagangan Besar dan Eceran, Reparasi Mobil dan Sepeda Motor",Perdagangan,,,ADHK,
Kep. Riau,2026,H,Transportasi dan Pergudangan,Transportasi,,,ADHK,
Kep. Riau,2026,I,Penyediaan Akomodasi dan Makan Minum,Akomodasi,,,ADHK,
Kep. Riau,2026,J,Informasi dan Komunikasi,Infokom,,,ADHK,
Kep. Riau,2026,K,Jasa Keuangan dan Asuransi,Keuangan,,,ADHK,
Kep. Riau,2026,L,Real Estate,Real Estate,,,ADHK,
Kep. Riau,2026,MN,Jasa Perusahaan,Jasa Perusahaan,,,ADHK,
Kep. Riau,2026,O,"Administrasi Pemerintahan, Pertahanan dan Jaminan Sosial Wajib",Adm. Pemerintahan,,,ADHK,
Kep. Riau,2026,P,Jasa Pendidikan,Pendidikan,,,ADHK,
Kep. Riau,2026,Q,Jasa Kesehatan dan Kegiatan Sosial,Kesehatan,,,ADHK,
Kep. Riau,2026,RSTU,Jasa Lainnya,Jasa Lainnya,,,ADHK,
Lampung,2020,A,"Pertanian, Kehutanan dan Perikanan",Pertanian,69216.61413776921,,ADHK,
Lampung,2020,B,Pertambangan dan Penggalian,Pertambangan,13465.44394110888,,ADHK,
Lampung,2020,C,Industri Pengolahan,Industri Pengolahan,43557.18028644887,,ADHK,
Lampung,2020,D,Pengadaan Listrik dan Gas,Listrik & Gas,428.9611687743442,,ADHK,
Lampung,2020,E,"Pengadaan Air, Pengelolaan Sampah, Limbah dan Daur Ulang",Air & Sampah,253.79987341093874,,ADHK,
Lampung,2020,F,Konstruksi,Konstruksi,23155.27989114115,,ADHK,
Lampung,2020,G,"Perdagangan Besar dan Eceran, Reparasi Mobil dan Sepeda Motor",Perdagangan,28186.165589883305,,ADHK,
Lampung,2020,H,Transportasi dan Pergudangan,Transportasi,11992.205134316899,,ADHK,
Lampung,2020,I,Penyediaan Akomodasi dan Makan Minum,Akomodasi,3441.109419685663,,ADHK,
Lampung,2020,J,Informasi dan Komunikasi,Infokom,12956.701838471225,,ADHK,
Lampung,2020,K,Jasa Keuangan dan Asuransi,Keuangan,5100.210982755396,,ADHK,
Lampung,2020,L,Real Estate,Real Estate,7321.546000668541,,ADHK,
Lampung,2020,MN,Jasa Perusahaan,Jasa Perusahaan,328.4961759132086,,ADHK,
Lampung,2020,O,"Administrasi Pemerintahan, Pertahanan dan Jaminan Sosial Wajib",Adm. Pemerintahan,7784.872724627018,,ADHK,
Lampung,2020,P,Jasa Pendidikan,Pendidikan,7380.729102287486,,ADHK,
Lampung,2020,Q,Jasa Kesehatan dan Kegiatan Sosial,Kesehatan,2637.669494328518,,ADHK,
Lampung,2020,RSTU,Jasa Lainnya,Jasa Lainnya,2185.0620541288954,,ADHK,
Lampung,2021,A,"Pertanian, Kehutanan dan Perikanan",Pertanian,68869.68126392238,-0.5012277444780722,ADHK,
Lampung,2021,B,Pertambangan dan Penggalian,Pertambangan,12735.00787461142,-5.424522724182157,ADHK,
Lampung,2021,C,Industri Pengolahan,Industri Pengolahan,45599.67651145773,4.689229678267992,ADHK,
Lampung,2021,D,Pengadaan Listrik dan Gas,Listrik & Gas,400.68150653662815,-6.592592592592594,ADHK,
Lampung,2021,E,"Pengadaan Air, Pengelolaan Sampah, Limbah dan Daur Ulang",Air & Sampah,271.41478017156004,6.940471058510034,ADHK,
Lampung,2021,F,Konstruksi,Konstruksi,24764.438923975922,6.949425964185441,ADHK,
Lampung,2021,G,"Perdagangan Besar dan Eceran, Reparasi Mobil dan Sepeda Motor",Perdagangan,30480.67568963401,8.140554246137889,ADHK,
Lampung,2021,H,Transportasi dan Pergudangan,Transportasi,12281.769331402746,2.4146034348364376,ADHK,
Lampung,2021,I,Penyediaan Akomodasi dan Makan Minum,Akomodasi,3388.2213078329924,-1.5369494370074954,ADHK,
Lampung,2021,J,Informasi dan Komunikasi,Infokom,13782.398611045272,6.3727388564455145,ADHK,
Lampung,2021,K,Jasa Keuangan dan Asuransi,Keuangan,5206.185863819608,2.0778528853518052,ADHK,
Lampung,2021,L,Real Estate,Real Estate,7417.752416980314,1.314017781258059,ADHK,
Lampung,2021,MN,Jasa Perusahaan,Jasa Perusahaan,331.9427062323902,1.0491843046879668,ADHK,
Lampung,2021,O,"Administrasi Pemerintahan, Pertahanan dan Jaminan Sosial Wajib",Adm. Pemerintahan,8080.683292508312,3.7998125126119664,ADHK,
Lampung,2021,P,Jasa Pendidikan,Pendidikan,7460.614833327558,1.0823555496070503,ADHK,
Lampung,2021,Q,Jasa Kesehatan dan Kegiatan Sosial,Kesehatan,2740.260488381076,3.8894559865497946,ADHK,
Lampung,2021,RSTU,Jasa Lainnya,Jasa Lainnya,2138.0154534103235,-2.1531013560769363,ADHK,
Lampung,2022,A,"Pertanian, Kehutanan dan Perikanan",Pertanian,70235.32415928092,1.982937731518053,ADHK,
Lampung,2022,B,Pertambangan dan Penggalian,Pertambangan,12259.600964861738,-3.7330711879452805,ADHK,
Lampung,2022,C,Industri Pengolahan,Industri Pengolahan,45770.83502880526,0.37535028851471974,ADHK,
Lampung,2022,D,Pengadaan Listrik dan Gas,Listrik & Gas,425.7737489785904,6.262390959555919,ADHK,
Lampung,2022,E,"Pengadaan Air, Pengelolaan Sampah, Limbah dan Daur Ulang",Air & Sampah,281.50033378831324,3.7159190853122137,ADHK,
Lampung,2022,F,Konstruksi,Konstruksi,25719.636852643776,3.857135352834784,ADHK,
Lampung,2022,G,"Perdagangan Besar dan Eceran, Reparasi Mobil dan Sepeda Motor",Perdagangan,35179.777034325656,15.416657401363775,ADHK,
Lampung,2022,H,Transportasi dan Pergudangan,Transportasi,14776.688416733894,20.314003772664858,ADHK,
Lampung,2022,I,Penyediaan Akomodasi dan Makan Minum,Akomodasi,3815.598391195933,12.613611819715477,ADHK,
Lampung,2022,J,Informasi dan Komunikasi,Infokom,13848.785940353255,0.481681971197534,ADHK,
Lampung,2022,K,Jasa Keuangan dan Asuransi,Keuangan,5016.174340644521,-3.6497260786552466,ADHK,
Lampung,2022,L,Real Estate,Real Estate,7671.123281035623,3.4157363283695785,ADHK,
Lampung,2022,MN,Jasa Perusahaan,Jasa Perusahaan,389.9858627927112,17.485896050894233,ADHK,
Lampung,2022,O,"Administrasi Pemerintahan, Pertahanan dan Jaminan Sosial Wajib",Adm. Pemerintahan,7978.841814731756,-1.2603077498529625,ADHK,
Lampung,2022,P,Jasa Pendidikan,Pendidikan,7660.838050795717,2.683736152330707,ADHK,
Lampung,2022,Q,Jasa Kesehatan dan Kegiatan Sosial,Kesehatan,2737.4492338161467,-0.1025907783894664,ADHK,
Lampung,2022,RSTU,Jasa Lainnya,Jasa Lainnya,2682.0531749448005,25.445920920107888,ADHK,
Lampung,2023,A,"Pertanian, Kehutanan dan Perikanan",Pertanian,70620.6891707008,0.5486769172531325,ADHK,
Lampung,2023,B,Pertambangan dan Penggalian,Pertambangan,12622.644577743302,2.9613004038395063,ADHK,
Lampung,2023,C,Industri Pengolahan,Industri Pengolahan,46427.13588937723,1.4338843941976043,ADHK,
Lampung,2023,D,Pengadaan Listrik dan Gas,Listrik & Gas,431.56273882570713,1.3596399169756745,ADHK,
Lampung,2023,E,"Pengadaan Air, Pengelolaan Sampah, Limbah dan Daur Ulang",Air & Sampah,282.94254806289825,0.5123312840081828,ADHK,
Lampung,2023,F,Konstruksi,Konstruksi,27524.778814646845,7.018535962794958,ADHK,
Lampung,2023,G,"Perdagangan Besar dan Eceran, Reparasi Mobil dan Sepeda Motor",Perdagangan,38618.33763051287,9.774253523074172,ADHK,
Lampung,2023,H,Transportasi dan Pergudangan,Transportasi,17220.239087335558,16.536524298871047,ADHK,
Lampung,2023,I,Penyediaan Akomodasi dan Makan Minum,Akomodasi,4326.075475287742,13.378690096674696,ADHK,
Lampung,2023,J,Informasi dan Komunikasi,Infokom,14887.849893478533,7.502924498945451,ADHK,
Lampung,2023,K,Jasa Keuangan dan Asuransi,Keuangan,5176.235572206627,3.190902482499025,ADHK,
Lampung,2023,L,Real Estate,Real Estate,7736.725829035595,0.8551882898578,ADHK,
Lampung,2023,MN,Jasa Perusahaan,Jasa Perusahaan,412.58753127312457,5.795509693239009,ADHK,
Lampung,2023,O,"Administrasi Pemerintahan, Pertahanan dan Jaminan Sosial Wajib",Adm. Pemerintahan,7988.058552982158,0.11551473840958337,ADHK,
Lampung,2023,P,Jasa Pendidikan,Pendidikan,7831.934806996582,2.2333947678621513,ADHK,
Lampung,2023,Q,Jasa Kesehatan dan Kegiatan Sosial,Kesehatan,2843.4553082380726,3.872439828743346,ADHK,
Lampung,2023,RSTU,Jasa Lainnya,Jasa Lainnya,3094.537050091152,15.379407052764392,ADHK,
Lampung,2024,A,"Pertanian, Kehutanan dan Perikanan",Pertanian,69244.48832982391,-1.948721907188422,ADHK,
Lampung,2024,B,Pertambangan dan Penggalian,Pertambangan,13236.507828767102,4.863190492634062,ADHK,
Lampung,2024,C,Industri Pengolahan,Industri Pengolahan,50589.00329050529,8.964299264646902,ADHK,
Lampung,2024,D,Pengadaan Listrik dan Gas,Listrik & Gas,403.7994187355898,-6.43320601905113,ADHK,
Lampung,2024,E,"Pengadaan Air, Pengelolaan Sampah, Limbah dan Daur Ulang",Air & Sampah,282.0573268874633,-0.3128625162583054,ADHK,
Lampung,2024,F,Konstruksi,Konstruksi,28285.011043503768,2.7619921452461504,ADHK,
Lampung,2024,G,"Perdagangan Besar dan Eceran, Reparasi Mobil dan Sepeda Motor",Perdagangan,41398.63410957691,7.199420404018864,ADHK,
Lampung,2024,H,Transportasi dan Pergudangan,Transportasi,18913.998055308562,9.83586208868994,ADHK,
Lampung,2024,I,Penyediaan Akomodasi dan Makan Minum,Akomodasi,4565.674049327851,5.5384741992781095,ADHK,
Lampung,2024,J,Informasi dan Komunikasi,Infokom,16171.70403050893,8.623502696603458,ADHK,
Lampung,2024,K,Jasa Keuangan dan Asuransi,Keuangan,5425.138679457274,4.8085737941895745,ADHK,
Lampung,2024,L,Real Estate,Real Estate,8259.668429992735,6.759223636884726,ADHK,
Lampung,2024,MN,Jasa Perusahaan,Jasa Perusahaan,449.67259595032976,8.988411395461116,ADHK,
Lampung,2024,O,"Administrasi Pemerintahan, Pertahanan dan Jaminan Sosial Wajib",Adm. Pemerintahan,8551.820680570392,7.0575612816178745,ADHK,
Lampung,2024,P,Jasa Pendidikan,Pendidikan,7948.680129650696,1.4906319515047617,ADHK,
Lampung,2024,Q,Jasa Kesehatan dan Kegiatan Sosial,Kesehatan,3050.8744214547164,7.294614851716075,ADHK,
Lampung,2024,RSTU,Jasa Lainnya,Jasa Lainnya,3423.635018079066,10.634804581778079,ADHK,
Lampung,2025,A,"Pertanian, Kehutanan dan Perikanan",Pertanian,73339.67424562202,5.914096579488026,ADHK,
Lampung,2025,B,Pertambangan dan Penggalian,Pertambangan,13081.183558328918,-1.1734535456596529,ADHK,
Lampung,2025,C,Industri Pengolahan,Industri Pengolahan,53788.19981823377,6.32389713107655,ADHK,
Lampung,2025,D,Pengadaan Listrik dan Gas,Listrik & Gas,391.5065037600658,-3.044312201839372,ADHK,
Lampung,2025,E,"Pengadaan Air, Pengelolaan Sampah, Limbah dan Daur Ulang",Air & Sampah,289.23855934436256,2.5460187601382245,ADHK,
Lampung,2025,F,Konstruksi,Konstruksi,29853.8721441045,5.54661653901336,ADHK,
Lampung,2025,G,"Perdagangan Besar dan Eceran, Reparasi Mobil dan Sepeda Motor",Perdagangan,43635.02367712875,5.402085396422507,ADHK,
Lampung,2025,H,Transportasi dan Pergudangan,Transportasi,20297.872013235625,7.316665434142067,ADHK,
Lampung,2025,I,Penyediaan Akomodasi dan Makan Minum,Akomodasi,4923.163270599764,7.829933048429982,ADHK,
Lampung,2025,J,Informasi dan Komunikasi,Infokom,16904.24905536278,4.529794902700779,ADHK,
Lampung,2025,K,Jasa Keuangan dan Asuransi,Keuangan,5748.198229217313,5.954862517769932,ADHK,
Lampung,2025,L,Real Estate,Real Estate,8586.602443563846,3.958197793799334,ADHK,
Lampung,2025,MN,Jasa Perusahaan,Jasa Perusahaan,468.82773411156154,4.259796646213165,ADHK,
Lampung,2025,O,"Administrasi Pemerintahan, Pertahanan dan Jaminan Sosial Wajib",Adm. Pemerintahan,8787.42914477727,2.755067873934469,ADHK,
Lampung,2025,P,Jasa Pendidikan,Pendidikan,8095.459932748305,1.846593405489827,ADHK,
Lampung,2025,Q,Jasa Kesehatan dan Kegiatan Sosial,Kesehatan,3119.651170458689,2.2543290710464126,ADHK,
Lampung,2025,RSTU,Jasa Lainnya,Jasa Lainnya,3676.3728104649113,7.382147660344107,ADHK,
Lampung,2026,A,"Pertanian, Kehutanan dan Perikanan",Pertanian,,,ADHK,
Lampung,2026,B,Pertambangan dan Penggalian,Pertambangan,,,ADHK,
Lampung,2026,C,Industri Pengolahan,Industri Pengolahan,,,ADHK,
Lampung,2026,D,Pengadaan Listrik dan Gas,Listrik & Gas,,,ADHK,
Lampung,2026,E,"Pengadaan Air, Pengelolaan Sampah, Limbah dan Daur Ulang",Air & Sampah,,,ADHK,
Lampung,2026,F,Konstruksi,Konstruksi,,,ADHK,
Lampung,2026,G,"Perdagangan Besar dan Eceran, Reparasi Mobil dan Sepeda Motor",Perdagangan,,,ADHK,
Lampung,2026,H,Transportasi dan Pergudangan,Transportasi,,,ADHK,
Lampung,2026,I,Penyediaan Akomodasi dan Makan Minum,Akomodasi,,,ADHK,
Lampung,2026,J,Informasi dan Komunikasi,Infokom,,,ADHK,
Lampung,2026,K,Jasa Keuangan dan Asuransi,Keuangan,,,ADHK,
Lampung,2026,L,Real Estate,Real Estate,,,ADHK,
Lampung,2026,MN,Jasa Perusahaan,Jasa Perusahaan,,,ADHK,
Lampung,2026,O,"Administrasi Pemerintahan, Pertahanan dan Jaminan Sosial Wajib",Adm. Pemerintahan,,,ADHK,
Lampung,2026,P,Jasa Pendidikan,Pendidikan,,,ADHK,
Lampung,2026,Q,Jasa Kesehatan dan Kegiatan Sosial,Kesehatan,,,ADHK,
Lampung,2026,RSTU,Jasa Lainnya,Jasa Lainnya,,,ADHK,
Maluku,2020,A,"Pertanian, Kehutanan dan Perikanan",Pertanian,7451.062335678176,,ADHK,
Maluku,2020,B,Pertambangan dan Penggalian,Pertambangan,737.9594614520545,,ADHK,
Maluku,2020,C,Industri Pengolahan,Industri Pengolahan,1584.2429221919774,,ADHK,
Maluku,2020,D,Pengadaan Listrik dan Gas,Listrik & Gas,31.86426830085348,,ADHK,
Maluku,2020,E,"Pengadaan Air, Pengelolaan Sampah, Limbah dan Daur Ulang",Air & Sampah,142.968192985415,,ADHK,
Maluku,2020,F,Konstruksi,Konstruksi,2141.0917383240576,,ADHK,
Maluku,2020,G,"Perdagangan Besar dan Eceran, Reparasi Mobil dan Sepeda Motor",Perdagangan,4445.62764655803,,ADHK,
Maluku,2020,H,Transportasi dan Pergudangan,Transportasi,1400.5600738526111,,ADHK,
Maluku,2020,I,Penyediaan Akomodasi dan Makan Minum,Akomodasi,480.22563791430036,,ADHK,
Maluku,2020,J,Informasi dan Komunikasi,Infokom,1235.5425163183677,,ADHK,
Maluku,2020,K,Jasa Keuangan dan Asuransi,Keuangan,1281.0193272985398,,ADHK,
Maluku,2020,L,Real Estate,Real Estate,94.5783384609818,,ADHK,
Maluku,2020,MN,Jasa Perusahaan,Jasa Perusahaan,302.8663420656531,,ADHK,
Maluku,2020,O,"Administrasi Pemerintahan, Pertahanan dan Jaminan Sosial Wajib",Adm. Pemerintahan,6379.593561399601,,ADHK,
Maluku,2020,P,Jasa Pendidikan,Pendidikan,1773.351472883298,,ADHK,
Maluku,2020,Q,Jasa Kesehatan dan Kegiatan Sosial,Kesehatan,690.8064166292794,,ADHK,
Maluku,2020,RSTU,Jasa Lainnya,Jasa Lainnya,510.467029648603,,ADHK,
Maluku,2021,A,"Pertanian, Kehutanan dan Perikanan",Pertanian,7507.236279971601,0.753905171675262,ADHK,
Maluku,2021,B,Pertambangan dan Penggalian,Pertambangan,721.2905639005448,-2.2587822803587176,ADHK,
Maluku,2021,C,Industri Pengolahan,Industri Pengolahan,1766.9842596493002,11.534931600292687,ADHK,
Maluku,2021,D,Pengadaan Listrik dan Gas,Listrik & Gas,33.810481011033374,6.107821751324383,ADHK,
Maluku,2021,E,"Pengadaan Air, Pengelolaan Sampah, Limbah dan Daur Ulang",Air & Sampah,148.7271037784131,4.028106303047152,ADHK,
Maluku,2021,F,Konstruksi,Konstruksi,2246.746656768734,4.934628281148656,ADHK,
Maluku,2021,G,"Perdagangan Besar dan Eceran, Reparasi Mobil dan Sepeda Motor",Perdagangan,4641.6386679421275,4.409074195313134,ADHK,
Maluku,2021,H,Transportasi dan Pergudangan,Transportasi,1487.3790973282937,6.198878941112751,ADHK,
Maluku,2021,I,Penyediaan Akomodasi dan Makan Minum,Akomodasi,489.90728741014266,2.016062602965407,ADHK,
Maluku,2021,J,Informasi dan Komunikasi,Infokom,1313.2321512771302,6.287896525832215,ADHK,
Maluku,2021,K,Jasa Keuangan dan Asuransi,Keuangan,1326.414298976121,3.5436601704762483,ADHK,
Maluku,2021,L,Real Estate,Real Estate,99.20287861384215,4.889639877495,ADHK,
Maluku,2021,MN,Jasa Perusahaan,Jasa Perusahaan,315.0387699559418,4.019075809899686,ADHK,
Maluku,2021,O,"Administrasi Pemerintahan, Pertahanan dan Jaminan Sosial Wajib",Adm. Pemerintahan,6601.789533805192,3.4829173718841755,ADHK,
Maluku,2021,P,Jasa Pendidikan,Pendidikan,1840.9340429975134,3.8110082038239623,ADHK,
Maluku,2021,Q,Jasa Kesehatan dan Kegiatan Sosial,Kesehatan,729.5898510848874,5.614226145270607,ADHK,
Maluku,2021,RSTU,Jasa Lainnya,Jasa Lainnya,520.2018356610304,1.907039132209709,ADHK,
Maluku,2022,A,"Pertanian, Kehutanan dan Perikanan",Pertanian,7936.930477229094,5.723733491696081,ADHK,
Maluku,2022,B,Pertambangan dan Penggalian,Pertambangan,713.428815204609,-1.0899558498896234,ADHK,
Maluku,2022,C,Industri Pengolahan,Industri Pengolahan,1984.13020781441,12.289070883303022,ADHK,
Maluku,2022,D,Pengadaan Listrik dan Gas,Listrik & Gas,35.28999985703748,4.375917767988247,ADHK,
Maluku,2022,E,"Pengadaan Air, Pengelolaan Sampah, Limbah dan Daur Ulang",Air & Sampah,151.38276730471796,1.7855948639069252,ADHK,
Maluku,2022,F,Konstruksi,Konstruksi,2321.7771029258447,3.3395152021732377,ADHK,
Maluku,2022,G,"Perdagangan Besar dan Eceran, Reparasi Mobil dan Sepeda Motor",Perdagangan,4953.731273615021,6.723759172130039,ADHK,
Maluku,2022,H,Transportasi dan Pergudangan,Transportasi,1567.4704837454458,5.384732551440075,ADHK,
Maluku,2022,I,Penyediaan Akomodasi dan Makan Minum,Akomodasi,509.4485942577262,3.9887765195098845,ADHK,
Maluku,2022,J,Informasi dan Komunikasi,Infokom,1404.857638834428,6.977097497056484,ADHK,
Maluku,2022,K,Jasa Keuangan dan Asuransi,Keuangan,1315.5251002242364,-0.8209500425538363,ADHK,
Maluku,2022,L,Real Estate,Real Estate,103.0882913988587,3.916633105114764,ADHK,
Maluku,2022,MN,Jasa Perusahaan,Jasa Perusahaan,335.41911976243176,6.4691561007999665,ADHK,
Maluku,2022,O,"Administrasi Pemerintahan, Pertahanan dan Jaminan Sosial Wajib",Adm. Pemerintahan,6866.907468483691,4.015849540809113,ADHK,
Maluku,2022,P,Jasa Pendidikan,Pendidikan,1941.8439103480316,5.481449361771329,ADHK,
Maluku,2022,Q,Jasa Kesehatan dan Kegiatan Sosial,Kesehatan,783.6669063250575,7.411980191303158,ADHK,
Maluku,2022,RSTU,Jasa Lainnya,Jasa Lainnya,553.7427574979364,6.447674640418155,ADHK,
Maluku,2023,A,"Pertanian, Kehutanan dan Perikanan",Pertanian,8386.30176680582,5.661776814928188,ADHK,
Maluku,2023,B,Pertambangan dan Penggalian,Pertambangan,723.758555896231,1.447900683498382,ADHK,
Maluku,2023,C,Industri Pengolahan,Industri Pengolahan,2308.8617904343955,16.366445172854306,ADHK,
Maluku,2023,D,Pengadaan Listrik dan Gas,Listrik & Gas,38.576716219637206,9.313449634214987,ADHK,
Maluku,2023,E,"Pengadaan Air, Pengelolaan Sampah, Limbah dan Daur Ulang",Air & Sampah,159.63820073854947,5.453350854139272,ADHK,
Maluku,2023,F,Konstruksi,Konstruksi,2416.3696521091865,4.074144286466552,ADHK,
Maluku,2023,G,"Perdagangan Besar dan Eceran, Reparasi Mobil dan Sepeda Motor",Perdagangan,5284.802012250808,6.683259957986909,ADHK,
Maluku,2023,H,Transportasi dan Pergudangan,Transportasi,1632.6093766708702,4.155669507075888,ADHK,
Maluku,2023,I,Penyediaan Akomodasi dan Makan Minum,Akomodasi,526.6659096532945,3.379598175288767,ADHK,
Maluku,2023,J,Informasi dan Komunikasi,Infokom,1489.0114344831336,5.990200951501801,ADHK,
Maluku,2023,K,Jasa Keuangan dan Asuransi,Keuangan,1372.6983887169295,4.346043149077694,ADHK,
Maluku,2023,L,Real Estate,Real Estate,107.26336220640866,4.0499951555082125,ADHK,
Maluku,2023,MN,Jasa Perusahaan,Jasa Perusahaan,349.54391742890425,4.211089003058821,ADHK,
Maluku,2023,O,"Administrasi Pemerintahan, Pertahanan dan Jaminan Sosial Wajib",Adm. Pemerintahan,6978.989766538472,1.6322092378438624,ADHK,
Maluku,2023,P,Jasa Pendidikan,Pendidikan,2014.086315135706,3.72029926827262,ADHK,
Maluku,2023,Q,Jasa Kesehatan dan Kegiatan Sosial,Kesehatan,847.553656191442,8.152283751010515,ADHK,
Maluku,2023,RSTU,Jasa Lainnya,Jasa Lainnya,583.3341861717984,5.3438944840686675,ADHK,
Maluku,2024,A,"Pertanian, Kehutanan dan Perikanan",Pertanian,8670.8799413053,3.393369120413503,ADHK,
Maluku,2024,B,Pertambangan dan Penggalian,Pertambangan,721.3502733843114,-0.3327466725332684,ADHK,
Maluku,2024,C,Industri Pengolahan,Industri Pengolahan,2401.1510288664203,3.9971746604486658,ADHK,
Maluku,2024,D,Pengadaan Listrik dan Gas,Listrik & Gas,39.3810184110891,2.0849420849420763,ADHK,
Maluku,2024,E,"Pengadaan Air, Pengelolaan Sampah, Limbah dan Daur Ulang",Air & Sampah,162.7116090892169,1.9252336448598362,ADHK,
Maluku,2024,F,Konstruksi,Konstruksi,2534.1726365331524,4.875205427329332,ADHK,
Maluku,2024,G,"Perdagangan Besar dan Eceran, Reparasi Mobil dan Sepeda Motor",Perdagangan,5730.628656769896,8.436014130436842,ADHK,
Maluku,2024,H,Transportasi dan Pergudangan,Transportasi,1746.210896723633,6.95827928444297,ADHK,
Maluku,2024,I,Penyediaan Akomodasi dan Makan Minum,Akomodasi,549.9354921494302,4.418281508186861,ADHK,
Maluku,2024,J,Informasi dan Komunikasi,Infokom,1554.9398881865827,4.427666045851031,ADHK,
Maluku,2024,K,Jasa Keuangan dan Asuransi,Keuangan,1423.4979994080609,3.7007117593118366,ADHK,
Maluku,2024,L,Real Estate,Real Estate,111.81798490555404,4.246205419499005,ADHK,
Maluku,2024,MN,Jasa Perusahaan,Jasa Perusahaan,366.0593719641732,4.724858225755879,ADHK,
Maluku,2024,O,"Administrasi Pemerintahan, Pertahanan dan Jaminan Sosial Wajib",Adm. Pemerintahan,7435.05425795804,6.534821036795591,ADHK,
Maluku,2024,P,Jasa Pendidikan,Pendidikan,2120.314580518245,5.274265784154419,ADHK,
Maluku,2024,Q,Jasa Kesehatan dan Kegiatan Sosial,Kesehatan,912.5886649646284,7.673261544930021,ADHK,
Maluku,2024,RSTU,Jasa Lainnya,Jasa Lainnya,618.4628439536466,6.0220468154599915,ADHK,
Maluku,2025,A,"Pertanian, Kehutanan dan Perikanan",Pertanian,9227.168160929685,6.415591305496049,ADHK,
Maluku,2025,B,Pertambangan dan Penggalian,Pertambangan,729.0826515320863,1.071931131528836,ADHK,
Maluku,2025,C,Industri Pengolahan,Industri Pengolahan,2529.682017412958,5.352890634589391,ADHK,
Maluku,2025,D,Pengadaan Listrik dan Gas,Listrik & Gas,40.989622793992886,4.08472012102874,ADHK,
Maluku,2025,E,"Pengadaan Air, Pengelolaan Sampah, Limbah dan Daur Ulang",Air & Sampah,164.07425292106618,0.8374595024145615,ADHK,
Maluku,2025,F,Konstruksi,Konstruksi,2633.9393619669327,3.936855918792692,ADHK,
Maluku,2025,G,"Perdagangan Besar dan Eceran, Reparasi Mobil dan Sepeda Motor",Perdagangan,6121.7037863913065,6.824297176530747,ADHK,
Maluku,2025,H,Transportasi dan Pergudangan,Transportasi,1848.1400157304815,5.837159715249474,ADHK,
Maluku,2025,I,Penyediaan Akomodasi dan Makan Minum,Akomodasi,568.4087518616195,3.3591684799223254,ADHK,
Maluku,2025,J,Informasi dan Komunikasi,Infokom,1630.1954873299962,4.839775461106655,ADHK,
Maluku,2025,K,Jasa Keuangan dan Asuransi,Keuangan,1528.5138317748597,7.377308040507824,ADHK,
Maluku,2025,L,Real Estate,Real Estate,115.28389296828091,3.0995980348369923,ADHK,
Maluku,2025,MN,Jasa Perusahaan,Jasa Perusahaan,382.2959165314159,4.435494843397114,ADHK,
Maluku,2025,O,"Administrasi Pemerintahan, Pertahanan dan Jaminan Sosial Wajib",Adm. Pemerintahan,7550.785469645934,1.5565617636754014,ADHK,
Maluku,2025,P,Jasa Pendidikan,Pendidikan,2145.8588562442737,1.2047398985383317,ADHK,
Maluku,2025,Q,Jasa Kesehatan dan Kegiatan Sosial,Kesehatan,933.4651997443316,2.287617146824017,ADHK,
Maluku,2025,RSTU,Jasa Lainnya,Jasa Lainnya,643.6780754292614,4.077081060265719,ADHK,
Maluku,2026,A,"Pertanian, Kehutanan dan Perikanan",Pertanian,,,ADHK,
Maluku,2026,B,Pertambangan dan Penggalian,Pertambangan,,,ADHK,
Maluku,2026,C,Industri Pengolahan,Industri Pengolahan,,,ADHK,
Maluku,2026,D,Pengadaan Listrik dan Gas,Listrik & Gas,,,ADHK,
Maluku,2026,E,"Pengadaan Air, Pengelolaan Sampah, Limbah dan Daur Ulang",Air & Sampah,,,ADHK,
Maluku,2026,F,Konstruksi,Konstruksi,,,ADHK,
Maluku,2026,G,"Perdagangan Besar dan Eceran, Reparasi Mobil dan Sepeda Motor",Perdagangan,,,ADHK,
Maluku,2026,H,Transportasi dan Pergudangan,Transportasi,,,ADHK,
Maluku,2026,I,Penyediaan Akomodasi dan Makan Minum,Akomodasi,,,ADHK,
Maluku,2026,J,Informasi dan Komunikasi,Infokom,,,ADHK,
Maluku,2026,K,Jasa Keuangan dan Asuransi,Keuangan,,,ADHK,
Maluku,2026,L,Real Estate,Real Estate,,,ADHK,
Maluku,2026,MN,Jasa Perusahaan,Jasa Perusahaan,,,ADHK,
Maluku,2026,O,"Administrasi Pemerintahan, Pertahanan dan Jaminan Sosial Wajib",Adm. Pemerintahan,,,ADHK,
Maluku,2026,P,Jasa Pendidikan,Pendidikan,,,ADHK,
Maluku,2026,Q,Jasa Kesehatan dan Kegiatan Sosial,Kesehatan,,,ADHK,
Maluku,2026,RSTU,Jasa Lainnya,Jasa Lainnya,,,ADHK,
Maluku Utara,2020,A,"Pertanian, Kehutanan dan Perikanan",Pertanian,5668.907476382083,,ADHK,
Maluku Utara,2020,B,Pertambangan dan Penggalian,Pertambangan,2993.8235644767665,,ADHK,
Maluku Utara,2020,C,Industri Pengolahan,Industri Pengolahan,3156.716363051022,,ADHK,
Maluku Utara,2020,D,Pengadaan Listrik dan Gas,Listrik & Gas,28.587481594938353,,ADHK,
Maluku Utara,2020,E,"Pengadaan Air, Pengelolaan Sampah, Limbah dan Daur Ulang",Air & Sampah,24.139683064950756,,ADHK,
Maluku Utara,2020,F,Konstruksi,Konstruksi,1922.2700538726326,,ADHK,
Maluku Utara,2020,G,"Perdagangan Besar dan Eceran, Reparasi Mobil dan Sepeda Motor",Perdagangan,4580.059410880803,,ADHK,
Maluku Utara,2020,H,Transportasi dan Pergudangan,Transportasi,1245.8835222711898,,ADHK,
Maluku Utara,2020,I,Penyediaan Akomodasi dan Makan Minum,Akomodasi,115.91278216625854,,ADHK,
Maluku Utara,2020,J,Informasi dan Komunikasi,Infokom,1260.9602345868484,,ADHK,
Maluku Utara,2020,K,Jasa Keuangan dan Asuransi,Keuangan,846.5402970983449,,ADHK,
Maluku Utara,2020,L,Real Estate,Real Estate,30.773667842252078,,ADHK,
Maluku Utara,2020,MN,Jasa Perusahaan,Jasa Perusahaan,85.59547697320036,,ADHK,
Maluku Utara,2020,O,"Administrasi Pemerintahan, Pertahanan dan Jaminan Sosial Wajib",Adm. Pemerintahan,4243.388278993864,,ADHK,
Maluku Utara,2020,P,Jasa Pendidikan,Pendidikan,879.9703640635665,,ADHK,
Maluku Utara,2020,Q,Jasa Kesehatan dan Kegiatan Sosial,Kesehatan,604.7463913211997,,ADHK,
Maluku Utara,2020,RSTU,Jasa Lainnya,Jasa Lainnya,228.9614466103345,,ADHK,
Maluku Utara,2021,A,"Pertanian, Kehutanan dan Perikanan",Pertanian,5803.039993437703,2.3661087716539075,ADHK,
Maluku Utara,2021,B,Pertambangan dan Penggalian,Pertambangan,4572.512460523824,52.73152749477295,ADHK,
Maluku Utara,2021,C,Industri Pengolahan,Industri Pengolahan,5739.911205856703,81.8317056623034,ADHK,
Maluku Utara,2021,D,Pengadaan Listrik dan Gas,Listrik & Gas,30.593272245225798,7.016325112886435,ADHK,
Maluku Utara,2021,E,"Pengadaan Air, Pengelolaan Sampah, Limbah dan Daur Ulang",Air & Sampah,25.193991431199116,4.367531932426849,ADHK,
Maluku Utara,2021,F,Konstruksi,Konstruksi,1962.3821461279204,2.0867043199511714,ADHK,
Maluku Utara,2021,G,"Perdagangan Besar dan Eceran, Reparasi Mobil dan Sepeda Motor",Perdagangan,4676.7741294411835,2.1116476858491495,ADHK,
Maluku Utara,2021,H,Transportasi dan Pergudangan,Transportasi,1218.3228656243823,-2.212137503557765,ADHK,
Maluku Utara,2021,I,Penyediaan Akomodasi dan Makan Minum,Akomodasi,123.30010818606871,6.3731763501407634,ADHK,
Maluku Utara,2021,J,Informasi dan Komunikasi,Infokom,1368.177517141648,8.502828210909374,ADHK,
Maluku Utara,2021,K,Jasa Keuangan dan Asuransi,Keuangan,923.2242325290478,9.05850975949396,ADHK,
Maluku Utara,2021,L,Real Estate,Real Estate,31.52278341776941,2.434274586173313,ADHK,
Maluku Utara,2021,MN,Jasa Perusahaan,Jasa Perusahaan,91.01429920913904,6.330734318631448,ADHK,
Maluku Utara,2021,O,"Administrasi Pemerintahan, Pertahanan dan Jaminan Sosial Wajib",Adm. Pemerintahan,4251.789728639592,0.19798917971558527,ADHK,
Maluku Utara,2021,P,Jasa Pendidikan,Pendidikan,891.604983398156,1.3221603601356158,ADHK,
Maluku Utara,2021,Q,Jasa Kesehatan dan Kegiatan Sosial,Kesehatan,626.40493001157,3.5814250405120207,ADHK,
Maluku Utara,2021,RSTU,Jasa Lainnya,Jasa Lainnya,234.94522645283575,2.6134442855285434,ADHK,
Maluku Utara,2022,A,"Pertanian, Kehutanan dan Perikanan",Pertanian,5989.820384690405,3.218664552784767,ADHK,
Maluku Utara,2022,B,Pertambangan dan Penggalian,Pertambangan,6503.964986663963,42.24050875344958,ADHK,
Maluku Utara,2022,C,Industri Pengolahan,Industri Pengolahan,10144.978532190726,76.74452040023412,ADHK,
Maluku Utara,2022,D,Pengadaan Listrik dan Gas,Listrik & Gas,32.638781522251605,6.68614086335606,ADHK,
Maluku Utara,2022,E,"Pengadaan Air, Pengelolaan Sampah, Limbah dan Daur Ulang",Air & Sampah,25.99964216389834,3.197789182787214,ADHK,
Maluku Utara,2022,F,Konstruksi,Konstruksi,2079.5395811520207,5.970164132163047,ADHK,
Maluku Utara,2022,G,"Perdagangan Besar dan Eceran, Reparasi Mobil dan Sepeda Motor",Perdagangan,5018.480197841366,7.306447969104979,ADHK,
Maluku Utara,2022,H,Transportasi dan Pergudangan,Transportasi,1490.2750348029763,22.32184725838009,ADHK,
Maluku Utara,2022,I,Penyediaan Akomodasi dan Makan Minum,Akomodasi,127.8986444634606,3.7295476419634266,ADHK,
Maluku Utara,2022,J,Informasi dan Komunikasi,Infokom,1444.360843050748,5.568234016025908,ADHK,
Maluku Utara,2022,K,Jasa Keuangan dan Asuransi,Keuangan,944.2433831473644,2.2767113207955436,ADHK,
Maluku Utara,2022,L,Real Estate,Real Estate,31.742523986587827,0.6970849176172411,ADHK,
Maluku Utara,2022,MN,Jasa Perusahaan,Jasa Perusahaan,95.50674190841907,4.9359746087337175,ADHK,
Maluku Utara,2022,O,"Administrasi Pemerintahan, Pertahanan dan Jaminan Sosial Wajib",Adm. Pemerintahan,4264.854231402298,0.30727066944784553,ADHK,
Maluku Utara,2022,P,Jasa Pendidikan,Pendidikan,917.967474206034,2.9567455654412322,ADHK,
Maluku Utara,2022,Q,Jasa Kesehatan dan Kegiatan Sosial,Kesehatan,632.2056172476562,0.9260283497416033,ADHK,
Maluku Utara,2022,RSTU,Jasa Lainnya,Jasa Lainnya,241.8121844147112,2.922791011995285,ADHK,
Maluku Utara,2023,A,"Pertanian, Kehutanan dan Perikanan",Pertanian,6244.295242361645,4.248455568411713,ADHK,
Maluku Utara,2023,B,Pertambangan dan Penggalian,Pertambangan,9845.06886030791,51.37026230145312,ADHK,
Maluku Utara,2023,C,Industri Pengolahan,Industri Pengolahan,14616.359714115144,44.074821526101935,ADHK,
Maluku Utara,2023,D,Pengadaan Listrik dan Gas,Listrik & Gas,37.881640251715815,16.063279586248868,ADHK,
Maluku Utara,2023,E,"Pengadaan Air, Pengelolaan Sampah, Limbah dan Daur Ulang",Air & Sampah,26.92464856070115,3.5577658760520325,ADHK,
Maluku Utara,2023,F,Konstruksi,Konstruksi,2071.646272580936,-0.3795700087955045,ADHK,
Maluku Utara,2023,G,"Perdagangan Besar dan Eceran, Reparasi Mobil dan Sepeda Motor",Perdagangan,5308.3153608114535,5.775357310262108,ADHK,
Maluku Utara,2023,H,Transportasi dan Pergudangan,Transportasi,1539.1612174113056,3.2803463432367286,ADHK,
Maluku Utara,2023,I,Penyediaan Akomodasi dan Makan Minum,Akomodasi,129.46115786524106,1.2216809711590448,ADHK,
Maluku Utara,2023,J,Informasi dan Komunikasi,Infokom,1476.3025753488935,2.2114786932799335,ADHK,
Maluku Utara,2023,K,Jasa Keuangan dan Asuransi,Keuangan,981.6163120747041,3.9579762584904365,ADHK,
Maluku Utara,2023,L,Real Estate,Real Estate,34.119717412896165,7.488986784140961,ADHK,
Maluku Utara,2023,MN,Jasa Perusahaan,Jasa Perusahaan,96.77179783482387,1.32457238214434,ADHK,
Maluku Utara,2023,O,"Administrasi Pemerintahan, Pertahanan dan Jaminan Sosial Wajib",Adm. Pemerintahan,4327.034901324643,1.4579787854062332,ADHK,
Maluku Utara,2023,P,Jasa Pendidikan,Pendidikan,934.9903392015826,1.8544082959226937,ADHK,
Maluku Utara,2023,Q,Jasa Kesehatan dan Kegiatan Sosial,Kesehatan,655.6459370003055,3.7077050746081808,ADHK,
Maluku Utara,2023,RSTU,Jasa Lainnya,Jasa Lainnya,246.41661865504383,1.9041365725541715,ADHK,
Maluku Utara,2024,A,"Pertanian, Kehutanan dan Perikanan",Pertanian,6526.188334747532,4.514410056614704,ADHK,
Maluku Utara,2024,B,Pertambangan dan Penggalian,Pertambangan,10778.139011547963,9.477538090179195,ADHK,
Maluku Utara,2024,C,Industri Pengolahan,Industri Pengolahan,18334.857588903284,25.440656548683283,ADHK,
Maluku Utara,2024,D,Pengadaan Listrik dan Gas,Listrik & Gas,48.19855354700617,27.234600262123188,ADHK,
Maluku Utara,2024,E,"Pengadaan Air, Pengelolaan Sampah, Limbah dan Daur Ulang",Air & Sampah,28.72492982759694,6.686368673808651,ADHK,
Maluku Utara,2024,F,Konstruksi,Konstruksi,2240.848682706325,8.167533828764583,ADHK,
Maluku Utara,2024,G,"Perdagangan Besar dan Eceran, Reparasi Mobil dan Sepeda Motor",Perdagangan,6064.261044655403,14.240783232750353,ADHK,
Maluku Utara,2024,H,Transportasi dan Pergudangan,Transportasi,1639.3173134744713,6.507186832034195,ADHK,
Maluku Utara,2024,I,Penyediaan Akomodasi dan Makan Minum,Akomodasi,134.79150421688456,4.117332518524175,ADHK,
Maluku Utara,2024,J,Informasi dan Komunikasi,Infokom,1526.489600705536,3.399508081517899,ADHK,
Maluku Utara,2024,K,Jasa Keuangan dan Asuransi,Keuangan,1138.900298450549,16.022959728879794,ADHK,
Maluku Utara,2024,L,Real Estate,Real Estate,36.49691083920451,6.967213114754123,ADHK,
Maluku Utara,2024,MN,Jasa Perusahaan,Jasa Perusahaan,101.38377337754373,4.76582604220277,ADHK,
Maluku Utara,2024,O,"Administrasi Pemerintahan, Pertahanan dan Jaminan Sosial Wajib",Adm. Pemerintahan,4817.560250107634,11.336292864955277,ADHK,
Maluku Utara,2024,P,Jasa Pendidikan,Pendidikan,955.1064563358302,2.1514786079421366,ADHK,
Maluku Utara,2024,Q,Jasa Kesehatan dan Kegiatan Sosial,Kesehatan,674.2556503174426,2.8383785007926265,ADHK,
Maluku Utara,2024,RSTU,Jasa Lainnya,Jasa Lainnya,259.2673564594205,5.215045103092786,ADHK,
Maluku Utara,2025,A,"Pertanian, Kehutanan dan Perikanan",Pertanian,6734.8850754783525,3.197835091881296,ADHK,
Maluku Utara,2025,B,Pertambangan dan Penggalian,Pertambangan,16519.932341092514,53.27258558636749,ADHK,
Maluku Utara,2025,C,Industri Pengolahan,Industri Pengolahan,29819.297409820763,62.637191291129255,ADHK,
Maluku Utara,2025,D,Pengadaan Listrik dan Gas,Listrik & Gas,69.18984777823218,43.551709929954676,ADHK,
Maluku Utara,2025,E,"Pengadaan Air, Pengelolaan Sampah, Limbah dan Daur Ulang",Air & Sampah,30.555050010518627,6.371191135734056,ADHK,
Maluku Utara,2025,F,Konstruksi,Konstruksi,2533.22387453638,13.047520525881605,ADHK,
Maluku Utara,2025,G,"Perdagangan Besar dan Eceran, Reparasi Mobil dan Sepeda Motor",Perdagangan,6682.336174327736,10.19209306988953,ADHK,
Maluku Utara,2025,H,Transportasi dan Pergudangan,Transportasi,1808.4046015370504,10.314494129523034,ADHK,
Maluku Utara,2025,I,Penyediaan Akomodasi dan Makan Minum,Akomodasi,142.43595269521558,5.671313279530454,ADHK,
Maluku Utara,2025,J,Informasi dan Komunikasi,Infokom,1563.069966832113,2.3963717872476753,ADHK,
Maluku Utara,2025,K,Jasa Keuangan dan Asuransi,Keuangan,1249.3907004650844,9.701499083357469,ADHK,
Maluku Utara,2025,L,Real Estate,Real Estate,38.81417501947146,6.349206349206349,ADHK,
Maluku Utara,2025,MN,Jasa Perusahaan,Jasa Perusahaan,108.68523789765962,7.2018078207899405,ADHK,
Maluku Utara,2025,O,"Administrasi Pemerintahan, Pertahanan dan Jaminan Sosial Wajib",Adm. Pemerintahan,4815.730822019096,-0.037974161059983746,ADHK,
Maluku Utara,2025,P,Jasa Pendidikan,Pendidikan,1002.8123869007295,4.9948286129190445,ADHK,
Maluku Utara,2025,Q,Jasa Kesehatan dan Kegiatan Sosial,Kesehatan,713.0984774751265,5.760845628716127,ADHK,
Maluku Utara,2025,RSTU,Jasa Lainnya,Jasa Lainnya,279.3919095615641,7.762085199219215,ADHK,
Maluku Utara,2026,A,"Pertanian, Kehutanan dan Perikanan",Pertanian,,,ADHK,
Maluku Utara,2026,B,Pertambangan dan Penggalian,Pertambangan,,,ADHK,
Maluku Utara,2026,C,Industri Pengolahan,Industri Pengolahan,,,ADHK,
Maluku Utara,2026,D,Pengadaan Listrik dan Gas,Listrik & Gas,,,ADHK,
Maluku Utara,2026,E,"Pengadaan Air, Pengelolaan Sampah, Limbah dan Daur Ulang",Air & Sampah,,,ADHK,
Maluku Utara,2026,F,Konstruksi,Konstruksi,,,ADHK,
Maluku Utara,2026,G,"Perdagangan Besar dan Eceran, Reparasi Mobil dan Sepeda Motor",Perdagangan,,,ADHK,
Maluku Utara,2026,H,Transportasi dan Pergudangan,Transportasi,,,ADHK,
Maluku Utara,2026,I,Penyediaan Akomodasi dan Makan Minum,Akomodasi,,,ADHK,
Maluku Utara,2026,J,Informasi dan Komunikasi,Infokom,,,ADHK,
Maluku Utara,2026,K,Jasa Keuangan dan Asuransi,Keuangan,,,ADHK,
Maluku Utara,2026,L,Real Estate,Real Estate,,,ADHK,
Maluku Utara,2026,MN,Jasa Perusahaan,Jasa Perusahaan,,,ADHK,
Maluku Utara,2026,O,"Administrasi Pemerintahan, Pertahanan dan Jaminan Sosial Wajib",Adm. Pemerintahan,,,ADHK,
Maluku Utara,2026,P,Jasa Pendidikan,Pendidikan,,,ADHK,
Maluku Utara,2026,Q,Jasa Kesehatan dan Kegiatan Sosial,Kesehatan,,,ADHK,
Maluku Utara,2026,RSTU,Jasa Lainnya,Jasa Lainnya,,,ADHK,
Nusa Tenggara Barat,2020,A,"Pertanian, Kehutanan dan Perikanan",Pertanian,21750.269550101642,,ADHK,
Nusa Tenggara Barat,2020,B,Pertambangan dan Penggalian,Pertambangan,16525.734112598504,,ADHK,
Nusa Tenggara Barat,2020,C,Industri Pengolahan,Industri Pengolahan,4275.09216937685,,ADHK,
Nusa Tenggara Barat,2020,D,Pengadaan Listrik dan Gas,Listrik & Gas,95.11618138170006,,ADHK,
Nusa Tenggara Barat,2020,E,"Pengadaan Air, Pengelolaan Sampah, Limbah dan Daur Ulang",Air & Sampah,75.62175951496522,,ADHK,
Nusa Tenggara Barat,2020,F,Konstruksi,Konstruksi,8730.048184876898,,ADHK,
Nusa Tenggara Barat,2020,G,"Perdagangan Besar dan Eceran, Reparasi Mobil dan Sepeda Motor",Perdagangan,12866.944896185863,,ADHK,
Nusa Tenggara Barat,2020,H,Transportasi dan Pergudangan,Transportasi,4458.738998009489,,ADHK,
Nusa Tenggara Barat,2020,I,Penyediaan Akomodasi dan Makan Minum,Akomodasi,1117.4640940568822,,ADHK,
Nusa Tenggara Barat,2020,J,Informasi dan Komunikasi,Infokom,2649.0290116293404,,ADHK,
Nusa Tenggara Barat,2020,K,Jasa Keuangan dan Asuransi,Keuangan,3684.385372926645,,ADHK,
Nusa Tenggara Barat,2020,L,Real Estate,Real Estate,2959.156346408572,,ADHK,
Nusa Tenggara Barat,2020,MN,Jasa Perusahaan,Jasa Perusahaan,167.03718763686686,,ADHK,
Nusa Tenggara Barat,2020,O,"Administrasi Pemerintahan, Pertahanan dan Jaminan Sosial Wajib",Adm. Pemerintahan,4972.216521396741,,ADHK,
Nusa Tenggara Barat,2020,P,Jasa Pendidikan,Pendidikan,4599.4963002890745,,ADHK,
Nusa Tenggara Barat,2020,Q,Jasa Kesehatan dan Kegiatan Sosial,Kesehatan,2020.8960808369347,,ADHK,
Nusa Tenggara Barat,2020,RSTU,Jasa Lainnya,Jasa Lainnya,2060.4843225488603,,ADHK,
Nusa Tenggara Barat,2021,A,"Pertanian, Kehutanan dan Perikanan",Pertanian,21999.617420793722,1.1464127840701277,ADHK,
Nusa Tenggara Barat,2021,B,Pertambangan dan Penggalian,Pertambangan,16500.38743673958,-0.15337700392746845,ADHK,
Nusa Tenggara Barat,2021,C,Industri Pengolahan,Industri Pengolahan,4364.77797495977,2.097868350660459,ADHK,
Nusa Tenggara Barat,2021,D,Pengadaan Listrik dan Gas,Listrik & Gas,102.47405698498223,7.73567178202319,ADHK,
Nusa Tenggara Barat,2021,E,"Pengadaan Air, Pengelolaan Sampah, Limbah dan Daur Ulang",Air & Sampah,75.99971911795991,0.49980270945679806,ADHK,
Nusa Tenggara Barat,2021,F,Konstruksi,Konstruksi,9510.253320923599,8.937008359223665,ADHK,
Nusa Tenggara Barat,2021,G,"Perdagangan Besar dan Eceran, Reparasi Mobil dan Sepeda Motor",Perdagangan,13088.821597737351,1.7243930345676617,ADHK,
Nusa Tenggara Barat,2021,H,Transportasi dan Pergudangan,Transportasi,4554.255684036684,2.1422354183511683,ADHK,
Nusa Tenggara Barat,2021,I,Penyediaan Akomodasi dan Makan Minum,Akomodasi,1132.5650938323174,1.3513633105303624,ADHK,
Nusa Tenggara Barat,2021,J,Informasi dan Komunikasi,Infokom,2780.8360412531374,4.975673314454432,ADHK,
Nusa Tenggara Barat,2021,K,Jasa Keuangan dan Asuransi,Keuangan,3845.945118078459,4.384984978470952,ADHK,
Nusa Tenggara Barat,2021,L,Real Estate,Real Estate,3002.7848375267017,1.4743557288238618,ADHK,
Nusa Tenggara Barat,2021,MN,Jasa Perusahaan,Jasa Perusahaan,167.59500757291937,0.33394954976444513,ADHK,
Nusa Tenggara Barat,2021,O,"Administrasi Pemerintahan, Pertahanan dan Jaminan Sosial Wajib",Adm. Pemerintahan,5058.796194195555,1.741269158859815,ADHK,
Nusa Tenggara Barat,2021,P,Jasa Pendidikan,Pendidikan,4676.159062165276,1.666764290502476,ADHK,
Nusa Tenggara Barat,2021,Q,Jasa Kesehatan dan Kegiatan Sosial,Kesehatan,2179.8507491595874,7.86555379219811,ADHK,
Nusa Tenggara Barat,2021,RSTU,Jasa Lainnya,Jasa Lainnya,2094.4519484209695,1.6485262955114655,ADHK,
Nusa Tenggara Barat,2022,A,"Pertanian, Kehutanan dan Perikanan",Pertanian,22481.04757756821,2.18835694987789,ADHK,
Nusa Tenggara Barat,2022,B,Pertambangan dan Penggalian,Pertambangan,20233.33479760185,22.623392178965005,ADHK,
Nusa Tenggara Barat,2022,C,Industri Pengolahan,Industri Pengolahan,4451.221769824938,1.9804854991728238,ADHK,
Nusa Tenggara Barat,2022,D,Pengadaan Listrik dan Gas,Listrik & Gas,112.18526122251251,9.476744186046492,ADHK,
Nusa Tenggara Barat,2022,E,"Pengadaan Air, Pengelolaan Sampah, Limbah dan Daur Ulang",Air & Sampah,78.51613436947724,3.3110849365266537,ADHK,
Nusa Tenggara Barat,2022,F,Konstruksi,Konstruksi,9330.115695206547,-1.8941411930713747,ADHK,
Nusa Tenggara Barat,2022,G,"Perdagangan Besar dan Eceran, Reparasi Mobil dan Sepeda Motor",Perdagangan,13736.849085368454,4.950999467691775,ADHK,
Nusa Tenggara Barat,2022,H,Transportasi dan Pergudangan,Transportasi,5323.304385859232,16.886375187896753,ADHK,
Nusa Tenggara Barat,2022,I,Penyediaan Akomodasi dan Makan Minum,Akomodasi,1412.1165421964329,24.683035870210613,ADHK,
Nusa Tenggara Barat,2022,J,Informasi dan Komunikasi,Infokom,2867.6533105194585,3.1219844672035535,ADHK,
Nusa Tenggara Barat,2022,K,Jasa Keuangan dan Asuransi,Keuangan,3861.2599269652837,0.39820664145298057,ADHK,
Nusa Tenggara Barat,2022,L,Real Estate,Real Estate,3126.089261256855,4.106335631816882,ADHK,
Nusa Tenggara Barat,2022,MN,Jasa Perusahaan,Jasa Perusahaan,181.66003881767193,8.392273402674588,ADHK,
Nusa Tenggara Barat,2022,O,"Administrasi Pemerintahan, Pertahanan dan Jaminan Sosial Wajib",Adm. Pemerintahan,5174.686486586801,2.2908669956741567,ADHK,
Nusa Tenggara Barat,2022,P,Jasa Pendidikan,Pendidikan,4822.31023660244,3.125453443610837,ADHK,
Nusa Tenggara Barat,2022,Q,Jasa Kesehatan dan Kegiatan Sosial,Kesehatan,2233.630840889378,2.4671455947396614,ADHK,
Nusa Tenggara Barat,2022,RSTU,Jasa Lainnya,Jasa Lainnya,2315.246478264507,10.541876122295225,ADHK,
Nusa Tenggara Barat,2023,A,"Pertanian, Kehutanan dan Perikanan",Pertanian,22942.496670463435,2.052613835289696,ADHK,
Nusa Tenggara Barat,2023,B,Pertambangan dan Penggalian,Pertambangan,18130.207554052104,-10.39436783203438,ADHK,
Nusa Tenggara Barat,2023,C,Industri Pengolahan,Industri Pengolahan,4562.904126914065,2.509027023686583,ADHK,
Nusa Tenggara Barat,2023,D,Pengadaan Listrik dan Gas,Listrik & Gas,117.83523587604496,5.036289608780309,ADHK,
Nusa Tenggara Barat,2023,E,"Pengadaan Air, Pengelolaan Sampah, Limbah dan Daur Ulang",Air & Sampah,79.9782412547462,1.8621738028882673,ADHK,
Nusa Tenggara Barat,2023,F,Konstruksi,Konstruksi,10343.8532171804,10.86521920081518,ADHK,
Nusa Tenggara Barat,2023,G,"Perdagangan Besar dan Eceran, Reparasi Mobil dan Sepeda Motor",Perdagangan,14689.812508784133,6.93727810135667,ADHK,
Nusa Tenggara Barat,2023,H,Transportasi dan Pergudangan,Transportasi,5756.759244952427,8.142590159687657,ADHK,
Nusa Tenggara Barat,2023,I,Penyediaan Akomodasi dan Makan Minum,Akomodasi,1538.8284676205665,8.973191775449596,ADHK,
Nusa Tenggara Barat,2023,J,Informasi dan Komunikasi,Infokom,3007.580443232165,4.8794996312633065,ADHK,
Nusa Tenggara Barat,2023,K,Jasa Keuangan dan Asuransi,Keuangan,3815.0457678586613,-1.1968673433218946,ADHK,
Nusa Tenggara Barat,2023,L,Real Estate,Real Estate,3263.6568455448582,4.400628798190298,ADHK,
Nusa Tenggara Barat,2023,MN,Jasa Perusahaan,Jasa Perusahaan,195.09752263436545,7.397049953391455,ADHK,
Nusa Tenggara Barat,2023,O,"Administrasi Pemerintahan, Pertahanan dan Jaminan Sosial Wajib",Adm. Pemerintahan,5203.271300470195,0.5523970187853333,ADHK,
Nusa Tenggara Barat,2023,P,Jasa Pendidikan,Pendidikan,5069.191670201424,5.11956762393877,ADHK,
Nusa Tenggara Barat,2023,Q,Jasa Kesehatan dan Kegiatan Sosial,Kesehatan,2368.313691630318,6.029772166259684,ADHK,
Nusa Tenggara Barat,2023,RSTU,Jasa Lainnya,Jasa Lainnya,2465.664612348478,6.496851868519982,ADHK,
Nusa Tenggara Barat,2024,A,"Pertanian, Kehutanan dan Perikanan",Pertanian,23296.866715145654,1.5446010509328811,ADHK,
Nusa Tenggara Barat,2024,B,Pertambangan dan Penggalian,Pertambangan,20244.291487873023,11.66056112440048,ADHK,
Nusa Tenggara Barat,2024,C,Industri Pengolahan,Industri Pengolahan,4754.182759261469,4.192037067339549,ADHK,
Nusa Tenggara Barat,2024,D,Pengadaan Listrik dan Gas,Listrik & Gas,128.53940578203438,9.084014493974891,ADHK,
Nusa Tenggara Barat,2024,E,"Pengadaan Air, Pengelolaan Sampah, Limbah dan Daur Ulang",Air & Sampah,80.5849658806061,0.7586121129212753,ADHK,
Nusa Tenggara Barat,2024,F,Konstruksi,Konstruksi,10646.63544782041,2.9271706034759815,ADHK,
Nusa Tenggara Barat,2024,G,"Perdagangan Besar dan Eceran, Reparasi Mobil dan Sepeda Motor",Perdagangan,15552.390580462665,5.8719474544874695,ADHK,
Nusa Tenggara Barat,2024,H,Transportasi dan Pergudangan,Transportasi,5998.964029187005,4.207311334878994,ADHK,
Nusa Tenggara Barat,2024,I,Penyediaan Akomodasi dan Makan Minum,Akomodasi,1667.6369300141778,8.370553645448409,ADHK,
Nusa Tenggara Barat,2024,J,Informasi dan Komunikasi,Infokom,3138.1804305049077,4.34236056982702,ADHK,
Nusa Tenggara Barat,2024,K,Jasa Keuangan dan Asuransi,Keuangan,4033.0794951613043,5.715101222102059,ADHK,
Nusa Tenggara Barat,2024,L,Real Estate,Real Estate,3394.742083052718,4.0165141040119146,ADHK,
Nusa Tenggara Barat,2024,MN,Jasa Perusahaan,Jasa Perusahaan,205.3175807484704,5.238435617277659,ADHK,
Nusa Tenggara Barat,2024,O,"Administrasi Pemerintahan, Pertahanan dan Jaminan Sosial Wajib",Adm. Pemerintahan,5544.628662229689,6.560437502627403,ADHK,
Nusa Tenggara Barat,2024,P,Jasa Pendidikan,Pendidikan,5244.808565817871,3.4643964371832148,ADHK,
Nusa Tenggara Barat,2024,Q,Jasa Kesehatan dan Kegiatan Sosial,Kesehatan,2514.9740706232446,6.1926078251892225,ADHK,
Nusa Tenggara Barat,2024,RSTU,Jasa Lainnya,Jasa Lainnya,2584.3081808342904,4.811829147063418,ADHK,
Nusa Tenggara Barat,2025,A,"Pertanian, Kehutanan dan Perikanan",Pertanian,24469.71058236291,5.034341663013309,ADHK,
Nusa Tenggara Barat,2025,B,Pertambangan dan Penggalian,Pertambangan,16184.96213716188,-20.051723485323315,ADHK,
Nusa Tenggara Barat,2025,C,Industri Pengolahan,Industri Pengolahan,8384.871264973024,76.36829902339637,ADHK,
Nusa Tenggara Barat,2025,D,Pengadaan Listrik dan Gas,Listrik & Gas,135.53981374467125,5.446118192352256,ADHK,
Nusa Tenggara Barat,2025,E,"Pengadaan Air, Pengelolaan Sampah, Limbah dan Daur Ulang",Air & Sampah,83.7478909793512,3.924956800789925,ADHK,
Nusa Tenggara Barat,2025,F,Konstruksi,Konstruksi,10999.946590577176,3.318523908218318,ADHK,
Nusa Tenggara Barat,2025,G,"Perdagangan Besar dan Eceran, Reparasi Mobil dan Sepeda Motor",Perdagangan,16508.723021179532,6.149102517514171,ADHK,
Nusa Tenggara Barat,2025,H,Transportasi dan Pergudangan,Transportasi,6205.846256332428,3.4486325662042905,ADHK,
Nusa Tenggara Barat,2025,I,Penyediaan Akomodasi dan Makan Minum,Akomodasi,1791.342500538683,7.418015774180153,ADHK,
Nusa Tenggara Barat,2025,J,Informasi dan Komunikasi,Infokom,3232.8684139446323,3.0172893349057706,ADHK,
Nusa Tenggara Barat,2025,K,Jasa Keuangan dan Asuransi,Keuangan,4396.77873347425,9.017904029645196,ADHK,
Nusa Tenggara Barat,2025,L,Real Estate,Real Estate,3521.262709653759,3.7269584406031564,ADHK,
Nusa Tenggara Barat,2025,MN,Jasa Perusahaan,Jasa Perusahaan,213.57530801610486,4.0219289734135355,ADHK,
Nusa Tenggara Barat,2025,O,"Administrasi Pemerintahan, Pertahanan dan Jaminan Sosial Wajib",Adm. Pemerintahan,5743.797702825214,3.5921078349624214,ADHK,
Nusa Tenggara Barat,2025,P,Jasa Pendidikan,Pendidikan,5354.928341955547,2.099595719381697,ADHK,
Nusa Tenggara Barat,2025,Q,Jasa Kesehatan dan Kegiatan Sosial,Kesehatan,2574.9508009362944,2.384785235506892,ADHK,
Nusa Tenggara Barat,2025,RSTU,Jasa Lainnya,Jasa Lainnya,2701.9197209558906,4.5509874168192965,ADHK,
Nusa Tenggara Barat,2026,A,"Pertanian, Kehutanan dan Perikanan",Pertanian,,,ADHK,
Nusa Tenggara Barat,2026,B,Pertambangan dan Penggalian,Pertambangan,,,ADHK,
Nusa Tenggara Barat,2026,C,Industri Pengolahan,Industri Pengolahan,,,ADHK,
Nusa Tenggara Barat,2026,D,Pengadaan Listrik dan Gas,Listrik & Gas,,,ADHK,
Nusa Tenggara Barat,2026,E,"Pengadaan Air, Pengelolaan Sampah, Limbah dan Daur Ulang",Air & Sampah,,,ADHK,
Nusa Tenggara Barat,2026,F,Konstruksi,Konstruksi,,,ADHK,
Nusa Tenggara Barat,2026,G,"Perdagangan Besar dan Eceran, Reparasi Mobil dan Sepeda Motor",Perdagangan,,,ADHK,
Nusa Tenggara Barat,2026,H,Transportasi dan Pergudangan,Transportasi,,,ADHK,
Nusa Tenggara Barat,2026,I,Penyediaan Akomodasi dan Makan Minum,Akomodasi,,,ADHK,
Nusa Tenggara Barat,2026,J,Informasi dan Komunikasi,Infokom,,,ADHK,
Nusa Tenggara Barat,2026,K,Jasa Keuangan dan Asuransi,Keuangan,,,ADHK,
Nusa Tenggara Barat,2026,L,Real Estate,Real Estate,,,ADHK,
Nusa Tenggara Barat,2026,MN,Jasa Perusahaan,Jasa Perusahaan,,,ADHK,
Nusa Tenggara Barat,2026,O,"Administrasi Pemerintahan, Pertahanan dan Jaminan Sosial Wajib",Adm. Pemerintahan,,,ADHK,
Nusa Tenggara Barat,2026,P,Jasa Pendidikan,Pendidikan,,,ADHK,
Nusa Tenggara Barat,2026,Q,Jasa Kesehatan dan Kegiatan Sosial,Kesehatan,,,ADHK,
Nusa Tenggara Barat,2026,RSTU,Jasa Lainnya,Jasa Lainnya,,,ADHK,
Nusa Tenggara Timur,2020,A,"Pertanian, Kehutanan dan Perikanan",Pertanian,18927.954409541104,,ADHK,
Nusa Tenggara Timur,2020,B,Pertambangan dan Penggalian,Pertambangan,809.6605998751149,,ADHK,
Nusa Tenggara Timur,2020,C,Industri Pengolahan,Industri Pengolahan,852.0593622748031,,ADHK,
Nusa Tenggara Timur,2020,D,Pengadaan Listrik dan Gas,Listrik & Gas,58.15799920165125,,ADHK,
Nusa Tenggara Timur,2020,E,"Pengadaan Air, Pengelolaan Sampah, Limbah dan Daur Ulang",Air & Sampah,47.7323193360934,,ADHK,
Nusa Tenggara Timur,2020,F,Konstruksi,Konstruksi,6682.727387409081,,ADHK,
Nusa Tenggara Timur,2020,G,"Perdagangan Besar dan Eceran, Reparasi Mobil dan Sepeda Motor",Perdagangan,7854.80403267454,,ADHK,
Nusa Tenggara Timur,2020,H,Transportasi dan Pergudangan,Transportasi,3154.641222420704,,ADHK,
Nusa Tenggara Timur,2020,I,Penyediaan Akomodasi dan Makan Minum,Akomodasi,377.48543708457083,,ADHK,
Nusa Tenggara Timur,2020,J,Informasi dan Komunikasi,Infokom,6833.006895978217,,ADHK,
Nusa Tenggara Timur,2020,K,Jasa Keuangan dan Asuransi,Keuangan,2898.5848266645,,ADHK,
Nusa Tenggara Timur,2020,L,Real Estate,Real Estate,1630.3951149712725,,ADHK,
Nusa Tenggara Timur,2020,MN,Jasa Perusahaan,Jasa Perusahaan,109.93037168349113,,ADHK,
Nusa Tenggara Timur,2020,O,"Administrasi Pemerintahan, Pertahanan dan Jaminan Sosial Wajib",Adm. Pemerintahan,9543.698808508205,,ADHK,
Nusa Tenggara Timur,2020,P,Jasa Pendidikan,Pendidikan,6011.625771001294,,ADHK,
Nusa Tenggara Timur,2020,Q,Jasa Kesehatan dan Kegiatan Sosial,Kesehatan,1616.1348161892033,,ADHK,
Nusa Tenggara Timur,2020,RSTU,Jasa Lainnya,Jasa Lainnya,1284.3592992624442,,ADHK,
Nusa Tenggara Timur,2021,A,"Pertanian, Kehutanan dan Perikanan",Pertanian,19861.40040846458,4.931573580148463,ADHK,
Nusa Tenggara Timur,2021,B,Pertambangan dan Penggalian,Pertambangan,825.0158887837592,1.8965093411996037,ADHK,
Nusa Tenggara Timur,2021,C,Industri Pengolahan,Industri Pengolahan,808.6164186569179,-5.098581805603608,ADHK,
Nusa Tenggara Timur,2021,D,Pengadaan Listrik dan Gas,Listrik & Gas,60.997881013444356,4.883045927949459,ADHK,
Nusa Tenggara Timur,2021,E,"Pengadaan Air, Pengelolaan Sampah, Limbah dan Daur Ulang",Air & Sampah,53.143109442122736,11.335694936445083,ADHK,
Nusa Tenggara Timur,2021,F,Konstruksi,Konstruksi,7151.327784350941,7.012113015783794,ADHK,
Nusa Tenggara Timur,2021,G,"Perdagangan Besar dan Eceran, Reparasi Mobil dan Sepeda Motor",Perdagangan,8190.200669265105,4.269955497239342,ADHK,
Nusa Tenggara Timur,2021,H,Transportasi dan Pergudangan,Transportasi,3232.654231942761,2.4729598081582704,ADHK,
Nusa Tenggara Timur,2021,I,Penyediaan Akomodasi dan Makan Minum,Akomodasi,395.36533727709667,4.7365801262738705,ADHK,
Nusa Tenggara Timur,2021,J,Informasi dan Komunikasi,Infokom,7023.400369632934,2.7863790649293785,ADHK,
Nusa Tenggara Timur,2021,K,Jasa Keuangan dan Asuransi,Keuangan,2972.7612493550896,2.5590564750160194,ADHK,
Nusa Tenggara Timur,2021,L,Real Estate,Real Estate,1678.8578986034074,2.9724563811017513,ADHK,
Nusa Tenggara Timur,2021,MN,Jasa Perusahaan,Jasa Perusahaan,93.79343781911494,-14.67923160565422,ADHK,
Nusa Tenggara Timur,2021,O,"Administrasi Pemerintahan, Pertahanan dan Jaminan Sosial Wajib",Adm. Pemerintahan,9214.342097307755,-3.451038405642348,ADHK,
Nusa Tenggara Timur,2021,P,Jasa Pendidikan,Pendidikan,5877.159107062248,-2.236777022742875,ADHK,
Nusa Tenggara Timur,2021,Q,Jasa Kesehatan dan Kegiatan Sosial,Kesehatan,1761.8350131652355,9.015349184765963,ADHK,
Nusa Tenggara Timur,2021,RSTU,Jasa Lainnya,Jasa Lainnya,1223.5390892214984,-4.735451370646238,ADHK,
Nusa Tenggara Timur,2022,A,"Pertanian, Kehutanan dan Perikanan",Pertanian,20611.024672652966,3.774276983353664,ADHK,
Nusa Tenggara Timur,2022,B,Pertambangan dan Penggalian,Pertambangan,842.3714453985847,2.1036633173709074,ADHK,
Nusa Tenggara Timur,2022,C,Industri Pengolahan,Industri Pengolahan,862.5615121453411,6.671283471837497,ADHK,
Nusa Tenggara Timur,2022,D,Pengadaan Listrik dan Gas,Listrik & Gas,64.75129124021987,6.1533452710402115,ADHK,
Nusa Tenggara Timur,2022,E,"Pengadaan Air, Pengelolaan Sampah, Limbah dan Daur Ulang",Air & Sampah,54.20736411371306,2.0026202507954283,ADHK,
Nusa Tenggara Timur,2022,F,Konstruksi,Konstruksi,7119.852360581735,-0.4401339823645434,ADHK,
Nusa Tenggara Timur,2022,G,"Perdagangan Besar dan Eceran, Reparasi Mobil dan Sepeda Motor",Perdagangan,8769.711515096347,7.075661137411915,ADHK,
Nusa Tenggara Timur,2022,H,Transportasi dan Pergudangan,Transportasi,3385.0258536973943,4.71351436998757,ADHK,
Nusa Tenggara Timur,2022,I,Penyediaan Akomodasi dan Makan Minum,Akomodasi,468.2298862917706,18.42967557967934,ADHK,
Nusa Tenggara Timur,2022,J,Informasi dan Komunikasi,Infokom,7336.453287490649,4.457284240996162,ADHK,
Nusa Tenggara Timur,2022,K,Jasa Keuangan dan Asuransi,Keuangan,3010.264049460204,1.261547664254925,ADHK,
Nusa Tenggara Timur,2022,L,Real Estate,Real Estate,1729.2883591472344,3.003855215249529,ADHK,
Nusa Tenggara Timur,2022,MN,Jasa Perusahaan,Jasa Perusahaan,97.06066887313678,3.4834324553950635,ADHK,
Nusa Tenggara Timur,2022,O,"Administrasi Pemerintahan, Pertahanan dan Jaminan Sosial Wajib",Adm. Pemerintahan,9390.663171884486,1.9135503404876575,ADHK,
Nusa Tenggara Timur,2022,P,Jasa Pendidikan,Pendidikan,5846.5858020526575,-0.5202055015467,ADHK,
Nusa Tenggara Timur,2022,Q,Jasa Kesehatan dan Kegiatan Sosial,Kesehatan,1779.5043420328363,1.002893502261415,ADHK,
Nusa Tenggara Timur,2022,RSTU,Jasa Lainnya,Jasa Lainnya,1229.8801096516117,0.5182523783647808,ADHK,
Nusa Tenggara Timur,2023,A,"Pertanian, Kehutanan dan Perikanan",Pertanian,21118.221485332608,2.460803481316476,ADHK,
Nusa Tenggara Timur,2023,B,Pertambangan dan Penggalian,Pertambangan,873.1317811190122,3.651635616147053,ADHK,
Nusa Tenggara Timur,2023,C,Industri Pengolahan,Industri Pengolahan,927.8241703211917,7.566145400289304,ADHK,
Nusa Tenggara Timur,2023,D,Pengadaan Listrik dan Gas,Listrik & Gas,72.62550899110077,12.16071154730869,ADHK,
Nusa Tenggara Timur,2023,E,"Pengadaan Air, Pengelolaan Sampah, Limbah dan Daur Ulang",Air & Sampah,55.540169029536465,2.458715596330263,ADHK,
Nusa Tenggara Timur,2023,F,Konstruksi,Konstruksi,7663.160428980775,7.630889530898188,ADHK,
Nusa Tenggara Timur,2023,G,"Perdagangan Besar dan Eceran, Reparasi Mobil dan Sepeda Motor",Perdagangan,9262.385441614177,5.617903458622675,ADHK,
Nusa Tenggara Timur,2023,H,Transportasi dan Pergudangan,Transportasi,3506.4877754671516,3.588212528335255,ADHK,
Nusa Tenggara Timur,2023,I,Penyediaan Akomodasi dan Makan Minum,Akomodasi,518.3885443539891,10.712399940862149,ADHK,
Nusa Tenggara Timur,2023,J,Informasi dan Komunikasi,Infokom,7563.62663840435,3.0965010204733856,ADHK,
Nusa Tenggara Timur,2023,K,Jasa Keuangan dan Asuransi,Keuangan,3066.4183487118953,1.8654276943499637,ADHK,
Nusa Tenggara Timur,2023,L,Real Estate,Real Estate,1769.1213313494095,2.303431465982797,ADHK,
Nusa Tenggara Timur,2023,MN,Jasa Perusahaan,Jasa Perusahaan,100.34782206773193,3.386699507389168,ADHK,
Nusa Tenggara Timur,2023,O,"Administrasi Pemerintahan, Pertahanan dan Jaminan Sosial Wajib",Adm. Pemerintahan,9484.838948268312,1.002866087943488,ADHK,
Nusa Tenggara Timur,2023,P,Jasa Pendidikan,Pendidikan,6002.4058839814315,2.6651465864756085,ADHK,
Nusa Tenggara Timur,2023,Q,Jasa Kesehatan dan Kegiatan Sosial,Kesehatan,1851.8248555940083,4.0640818824053015,ADHK,
Nusa Tenggara Timur,2023,RSTU,Jasa Lainnya,Jasa Lainnya,1282.8311034154372,4.305378495699452,ADHK,
Nusa Tenggara Timur,2024,A,"Pertanian, Kehutanan dan Perikanan",Pertanian,21505.724430058028,1.834922249463844,ADHK,
Nusa Tenggara Timur,2024,B,Pertambangan dan Penggalian,Pertambangan,916.6400916236091,4.983017620643282,ADHK,
Nusa Tenggara Timur,2024,C,Industri Pengolahan,Industri Pengolahan,988.2336366953155,6.510874399102073,ADHK,
Nusa Tenggara Timur,2024,D,Pengadaan Listrik dan Gas,Listrik & Gas,78.4144988382175,7.971014492753614,ADHK,
Nusa Tenggara Timur,2024,E,"Pengadaan Air, Pengelolaan Sampah, Limbah dan Daur Ulang",Air & Sampah,57.65873206737516,3.8144699140401306,ADHK,
Nusa Tenggara Timur,2024,F,Konstruksi,Konstruksi,7850.174133911547,2.440425287503034,ADHK,
Nusa Tenggara Timur,2024,G,"Perdagangan Besar dan Eceran, Reparasi Mobil dan Sepeda Motor",Perdagangan,9840.520771505882,6.241754173760161,ADHK,
Nusa Tenggara Timur,2024,H,Transportasi dan Pergudangan,Transportasi,3701.0868936638376,5.549687626410171,ADHK,
Nusa Tenggara Timur,2024,I,Penyediaan Akomodasi dan Makan Minum,Akomodasi,580.3649461828384,11.955588622446056,ADHK,
Nusa Tenggara Timur,2024,J,Informasi dan Komunikasi,Infokom,7800.276768107319,3.1287917954778033,ADHK,
Nusa Tenggara Timur,2024,K,Jasa Keuangan dan Asuransi,Keuangan,3193.8219741089447,4.154802473399211,ADHK,
Nusa Tenggara Timur,2024,L,Real Estate,Real Estate,1805.5982657732666,2.0618673110472274,ADHK,
Nusa Tenggara Timur,2024,MN,Jasa Perusahaan,Jasa Perusahaan,105.92602142825703,5.558864403414732,ADHK,
Nusa Tenggara Timur,2024,O,"Administrasi Pemerintahan, Pertahanan dan Jaminan Sosial Wajib",Adm. Pemerintahan,10087.555963089637,6.354530826602645,ADHK,
Nusa Tenggara Timur,2024,P,Jasa Pendidikan,Pendidikan,6255.563625952162,4.217604521652385,ADHK,
Nusa Tenggara Timur,2024,Q,Jasa Kesehatan dan Kegiatan Sosial,Kesehatan,1932.8859951440272,4.377365348842188,ADHK,
Nusa Tenggara Timur,2024,RSTU,Jasa Lainnya,Jasa Lainnya,1321.770327465147,3.0354131534570117,ADHK,
Nusa Tenggara Timur,2025,A,"Pertanian, Kehutanan dan Perikanan",Pertanian,22258.378277461372,3.4997837429339373,ADHK,
Nusa Tenggara Timur,2025,B,Pertambangan dan Penggalian,Pertambangan,911.5150276003092,-0.5591141027032953,ADHK,
Nusa Tenggara Timur,2025,C,Industri Pengolahan,Industri Pengolahan,1094.4438726638718,10.747482379139296,ADHK,
Nusa Tenggara Timur,2025,D,Pengadaan Listrik dan Gas,Listrik & Gas,81.85016005108609,4.381410662276819,ADHK,
Nusa Tenggara Timur,2025,E,"Pengadaan Air, Pengelolaan Sampah, Limbah dan Daur Ulang",Air & Sampah,60.07568426547283,4.191823356908753,ADHK,
Nusa Tenggara Timur,2025,F,Konstruksi,Konstruksi,7814.307018012952,-0.45689579984798945,ADHK,
Nusa Tenggara Timur,2025,G,"Perdagangan Besar dan Eceran, Reparasi Mobil dan Sepeda Motor",Perdagangan,11064.062134738122,12.43370540688369,ADHK,
Nusa Tenggara Timur,2025,H,Transportasi dan Pergudangan,Transportasi,3874.8923927821065,4.696066428913603,ADHK,
Nusa Tenggara Timur,2025,I,Penyediaan Akomodasi dan Makan Minum,Akomodasi,638.1977206993711,9.964897931363526,ADHK,
Nusa Tenggara Timur,2025,J,Informasi dan Komunikasi,Infokom,8017.903511335409,2.789987454264331,ADHK,
Nusa Tenggara Timur,2025,K,Jasa Keuangan dan Asuransi,Keuangan,3353.1139686949996,4.987503870828491,ADHK,
Nusa Tenggara Timur,2025,L,Real Estate,Real Estate,1855.1397758341463,2.743772576656922,ADHK,
Nusa Tenggara Timur,2025,MN,Jasa Perusahaan,Jasa Perusahaan,113.72553946270553,7.36317472258794,ADHK,
Nusa Tenggara Timur,2025,O,"Administrasi Pemerintahan, Pertahanan dan Jaminan Sosial Wajib",Adm. Pemerintahan,10792.512157445897,6.988374557084942,ADHK,
Nusa Tenggara Timur,2025,P,Jasa Pendidikan,Pendidikan,6702.179343616737,7.139496044956228,ADHK,
Nusa Tenggara Timur,2025,Q,Jasa Kesehatan dan Kegiatan Sosial,Kesehatan,2039.9017455012447,5.536578495890199,ADHK,
Nusa Tenggara Timur,2025,RSTU,Jasa Lainnya,Jasa Lainnya,1359.1714323181939,2.829622066397408,ADHK,
Nusa Tenggara Timur,2026,A,"Pertanian, Kehutanan dan Perikanan",Pertanian,,,ADHK,
Nusa Tenggara Timur,2026,B,Pertambangan dan Penggalian,Pertambangan,,,ADHK,
Nusa Tenggara Timur,2026,C,Industri Pengolahan,Industri Pengolahan,,,ADHK,
Nusa Tenggara Timur,2026,D,Pengadaan Listrik dan Gas,Listrik & Gas,,,ADHK,
Nusa Tenggara Timur,2026,E,"Pengadaan Air, Pengelolaan Sampah, Limbah dan Daur Ulang",Air & Sampah,,,ADHK,
Nusa Tenggara Timur,2026,F,Konstruksi,Konstruksi,,,ADHK,
Nusa Tenggara Timur,2026,G,"Perdagangan Besar dan Eceran, Reparasi Mobil dan Sepeda Motor",Perdagangan,,,ADHK,
Nusa Tenggara Timur,2026,H,Transportasi dan Pergudangan,Transportasi,,,ADHK,
Nusa Tenggara Timur,2026,I,Penyediaan Akomodasi dan Makan Minum,Akomodasi,,,ADHK,
Nusa Tenggara Timur,2026,J,Informasi dan Komunikasi,Infokom,,,ADHK,
Nusa Tenggara Timur,2026,K,Jasa Keuangan dan Asuransi,Keuangan,,,ADHK,
Nusa Tenggara Timur,2026,L,Real Estate,Real Estate,,,ADHK,
Nusa Tenggara Timur,2026,MN,Jasa Perusahaan,Jasa Perusahaan,,,ADHK,
Nusa Tenggara Timur,2026,O,"Administrasi Pemerintahan, Pertahanan dan Jaminan Sosial Wajib",Adm. Pemerintahan,,,ADHK,
Nusa Tenggara Timur,2026,P,Jasa Pendidikan,Pendidikan,,,ADHK,
Nusa Tenggara Timur,2026,Q,Jasa Kesehatan dan Kegiatan Sosial,Kesehatan,,,ADHK,
Nusa Tenggara Timur,2026,RSTU,Jasa Lainnya,Jasa Lainnya,,,ADHK,
Papua,2020,A,"Pertanian, Kehutanan dan Perikanan",Pertanian,16708.93162417083,,ADHK,
Papua,2020,B,Pertambangan dan Penggalian,Pertambangan,45175.389339779766,,ADHK,
Papua,2020,C,Industri Pengolahan,Industri Pengolahan,2809.1826383828434,,ADHK,
Papua,2020,D,Pengadaan Listrik dan Gas,Listrik & Gas,54.563463481829196,,ADHK,
Papua,2020,E,"Pengadaan Air, Pengelolaan Sampah, Limbah dan Daur Ulang",Air & Sampah,78.35699348400578,,ADHK,
Papua,2020,F,Konstruksi,Konstruksi,18117.65690087754,,ADHK,
Papua,2020,G,"Perdagangan Besar dan Eceran, Reparasi Mobil dan Sepeda Motor",Perdagangan,13095.190834587818,,ADHK,
Papua,2020,H,Transportasi dan Pergudangan,Transportasi,4837.604450692174,,ADHK,
Papua,2020,I,Penyediaan Akomodasi dan Makan Minum,Akomodasi,914.9109326944296,,ADHK,
Papua,2020,J,Informasi dan Komunikasi,Infokom,6091.793112421343,,ADHK,
Papua,2020,K,Jasa Keuangan dan Asuransi,Keuangan,2238.199877770391,,ADHK,
Papua,2020,L,Real Estate,Real Estate,3963.180969962945,,ADHK,
Papua,2020,MN,Jasa Perusahaan,Jasa Perusahaan,1737.529412241276,,ADHK,
Papua,2020,O,"Administrasi Pemerintahan, Pertahanan dan Jaminan Sosial Wajib",Adm. Pemerintahan,13611.879577848795,,ADHK,
Papua,2020,P,Jasa Pendidikan,Pendidikan,3377.1328591696706,,ADHK,
Papua,2020,Q,Jasa Kesehatan dan Kegiatan Sosial,Kesehatan,2561.221187973066,,ADHK,
Papua,2020,RSTU,Jasa Lainnya,Jasa Lainnya,1676.1529903762666,,ADHK,
Papua,2021,A,"Pertanian, Kehutanan dan Perikanan",Pertanian,16977.642483236774,1.6081869571914043,ADHK,
Papua,2021,B,Pertambangan dan Penggalian,Pertambangan,63605.96545191976,40.79782461533921,ADHK,
Papua,2021,C,Industri Pengolahan,Industri Pengolahan,2803.356843365791,-0.20738398911670508,ADHK,
Papua,2021,D,Pengadaan Listrik dan Gas,Listrik & Gas,57.71116465084464,5.768880800727927,ADHK,
Papua,2021,E,"Pengadaan Air, Pengelolaan Sampah, Limbah dan Daur Ulang",Air & Sampah,81.35083139193746,3.820766692053823,ADHK,
Papua,2021,F,Konstruksi,Konstruksi,18902.7525626808,4.3333178572623865,ADHK,
Papua,2021,G,"Perdagangan Besar dan Eceran, Reparasi Mobil dan Sepeda Motor",Perdagangan,13843.700758352818,5.715914592004179,ADHK,
Papua,2021,H,Transportasi dan Pergudangan,Transportasi,5014.463489324564,3.6559218603969157,ADHK,
Papua,2021,I,Penyediaan Akomodasi dan Makan Minum,Akomodasi,928.0835140309584,1.4397665243473856,ADHK,
Papua,2021,J,Informasi dan Komunikasi,Infokom,6279.932110279877,3.088400974663985,ADHK,
Papua,2021,K,Jasa Keuangan dan Asuransi,Keuangan,2291.2072984836936,2.368305942635751,ADHK,
Papua,2021,L,Real Estate,Real Estate,4242.211539531641,7.040570987887684,ADHK,
Papua,2021,MN,Jasa Perusahaan,Jasa Perusahaan,1771.566389410766,1.9589295542102425,ADHK,
Papua,2021,O,"Administrasi Pemerintahan, Pertahanan dan Jaminan Sosial Wajib",Adm. Pemerintahan,13483.223059013628,-0.9451782033433109,ADHK,
Papua,2021,P,Jasa Pendidikan,Pendidikan,3215.246011755965,-4.793617964248775,ADHK,
Papua,2021,Q,Jasa Kesehatan dan Kegiatan Sosial,Kesehatan,2593.164562906258,1.2471931390850122,ADHK,
Papua,2021,RSTU,Jasa Lainnya,Jasa Lainnya,1735.5640847660761,3.544491149132667,ADHK,
Papua,2022,A,"Pertanian, Kehutanan dan Perikanan",Pertanian,17362.71365548196,2.268107439683642,ADHK,
Papua,2022,B,Pertambangan dan Penggalian,Pertambangan,73860.72098351158,16.122317236648918,ADHK,
Papua,2022,C,Industri Pengolahan,Industri Pengolahan,2805.6360751431203,0.0813036621692742,ADHK,
Papua,2022,D,Pengadaan Listrik dan Gas,Listrik & Gas,61.62344938457361,6.779077770130759,ADHK,
Papua,2022,E,"Pengadaan Air, Pengelolaan Sampah, Limbah dan Daur Ulang",Air & Sampah,86.11511165073902,5.856461670130808,ADHK,
Papua,2022,F,Konstruksi,Konstruksi,19707.107114913386,4.255224468316876,ADHK,
Papua,2022,G,"Perdagangan Besar dan Eceran, Reparasi Mobil dan Sepeda Motor",Perdagangan,14505.772463076737,4.782476277699432,ADHK,
Papua,2022,H,Transportasi dan Pergudangan,Transportasi,5864.430988271316,16.950317830736484,ADHK,
Papua,2022,I,Penyediaan Akomodasi dan Makan Minum,Akomodasi,965.6332823003283,4.045947126706251,ADHK,
Papua,2022,J,Informasi dan Komunikasi,Infokom,6623.0114535646435,5.463105926307166,ADHK,
Papua,2022,K,Jasa Keuangan dan Asuransi,Keuangan,2406.7227160690527,5.041683380714024,ADHK,
Papua,2022,L,Real Estate,Real Estate,4444.203063314135,4.761467501094829,ADHK,
Papua,2022,MN,Jasa Perusahaan,Jasa Perusahaan,1837.1500761780826,3.7020168794876573,ADHK,
Papua,2022,O,"Administrasi Pemerintahan, Pertahanan dan Jaminan Sosial Wajib",Adm. Pemerintahan,13797.168827076943,2.3284178173811343,ADHK,
Papua,2022,P,Jasa Pendidikan,Pendidikan,3266.7336925162413,1.601360535773022,ADHK,
Papua,2022,Q,Jasa Kesehatan dan Kegiatan Sosial,Kesehatan,2594.332619380419,0.04504366945581317,ADHK,
Papua,2022,RSTU,Jasa Lainnya,Jasa Lainnya,1787.8998308512364,3.0154891164513975,ADHK,
Papua,2023,A,"Pertanian, Kehutanan dan Perikanan",Pertanian,17758.18065508015,2.27767967291983,ADHK,
Papua,2023,B,Pertambangan dan Penggalian,Pertambangan,78830.79909011468,6.728986720441865,ADHK,
Papua,2023,C,Industri Pengolahan,Industri Pengolahan,2839.127028284995,1.1937026843428455,ADHK,
Papua,2023,D,Pengadaan Listrik dan Gas,Listrik & Gas,64.00656698887552,3.867225265871732,ADHK,
Papua,2023,E,"Pengadaan Air, Pengelolaan Sampah, Limbah dan Daur Ulang",Air & Sampah,86.15489687210689,0.046200046200040035,ADHK,
Papua,2023,F,Konstruksi,Konstruksi,20387.22275082637,3.4511185834998015,ADHK,
Papua,2023,G,"Perdagangan Besar dan Eceran, Reparasi Mobil dan Sepeda Motor",Perdagangan,15398.432470302545,6.15382606819459,ADHK,
Papua,2023,H,Transportasi dan Pergudangan,Transportasi,6428.774341118185,9.623156176200865,ADHK,
Papua,2023,I,Penyediaan Akomodasi dan Makan Minum,Akomodasi,996.3099694669296,3.176846503625419,ADHK,
Papua,2023,J,Informasi dan Komunikasi,Infokom,6811.559449244609,2.846861990227789,ADHK,
Papua,2023,K,Jasa Keuangan dan Asuransi,Keuangan,2704.537306887797,12.374279298164058,ADHK,
Papua,2023,L,Real Estate,Real Estate,4654.594669750097,4.7340682556271,ADHK,
Papua,2023,MN,Jasa Perusahaan,Jasa Perusahaan,1963.5660191859827,6.88108960977698,ADHK,
Papua,2023,O,"Administrasi Pemerintahan, Pertahanan dan Jaminan Sosial Wajib",Adm. Pemerintahan,14063.20147579971,1.9281683949585293,ADHK,
Papua,2023,P,Jasa Pendidikan,Pendidikan,3401.090595895528,4.1128820413823375,ADHK,
Papua,2023,Q,Jasa Kesehatan dan Kegiatan Sosial,Kesehatan,2694.191549137482,3.849118228367776,ADHK,
Papua,2023,RSTU,Jasa Lainnya,Jasa Lainnya,1862.612730410427,4.178807910263016,ADHK,
Papua,2024,A,"Pertanian, Kehutanan dan Perikanan",Pertanian,7167.325149161444,-59.63930490192946,ADHK,
Papua,2024,B,Pertambangan dan Penggalian,Pertambangan,471.15758482162386,-99.40231788810992,ADHK,
Papua,2024,C,Industri Pengolahan,Industri Pengolahan,1466.4007447391205,-48.35029464585403,ADHK,
Papua,2024,D,Pengadaan Listrik dan Gas,Listrik & Gas,36.53120694261139,-42.92584548557245,ADHK,
Papua,2024,E,"Pengadaan Air, Pengelolaan Sampah, Limbah dan Daur Ulang",Air & Sampah,62.532421684938356,-27.41861002078042,ADHK,
Papua,2024,F,Konstruksi,Konstruksi,8953.046378324423,-56.085012226780506,ADHK,
Papua,2024,G,"Perdagangan Besar dan Eceran, Reparasi Mobil dan Sepeda Motor",Perdagangan,8201.91248976479,-46.735406311109784,ADHK,
Papua,2024,H,Transportasi dan Pergudangan,Transportasi,3404.125250851847,-47.04861190912866,ADHK,
Papua,2024,I,Penyediaan Akomodasi dan Makan Minum,Akomodasi,611.674550170414,-38.60599924562762,ADHK,
Papua,2024,J,Informasi dan Komunikasi,Infokom,3944.0956743009356,-42.097023395452716,ADHK,
Papua,2024,K,Jasa Keuangan dan Asuransi,Keuangan,1775.538801993071,-34.3496280317078,ADHK,
Papua,2024,L,Real Estate,Real Estate,2713.2766381084366,-41.7075635878277,ADHK,
Papua,2024,MN,Jasa Perusahaan,Jasa Perusahaan,1309.0539738609418,-33.332826038432664,ADHK,
Papua,2024,O,"Administrasi Pemerintahan, Pertahanan dan Jaminan Sosial Wajib",Adm. Pemerintahan,6650.6074246460485,-52.70915064332562,ADHK,
Papua,2024,P,Jasa Pendidikan,Pendidikan,1864.2631510629253,-45.18631308108235,ADHK,
Papua,2024,Q,Jasa Kesehatan dan Kegiatan Sosial,Kesehatan,1538.6768338984598,-42.88910770316047,ADHK,
Papua,2024,RSTU,Jasa Lainnya,Jasa Lainnya,1109.1129443394386,-40.453915823122,ADHK,
Papua,2025,A,"Pertanian, Kehutanan dan Perikanan",Pertanian,7499.049312621477,4.62828400493096,ADHK,
Papua,2025,B,Pertambangan dan Penggalian,Pertambangan,489.28936472541517,3.848347238356742,ADHK,
Papua,2025,C,Industri Pengolahan,Industri Pengolahan,1520.5226751757848,3.6908008012702442,ADHK,
Papua,2025,D,Pengadaan Listrik dan Gas,Listrik & Gas,37.87171059503122,3.6694754009241715,ADHK,
Papua,2025,E,"Pengadaan Air, Pengelolaan Sampah, Limbah dan Daur Ulang",Air & Sampah,64.57141428004132,3.260696675679964,ADHK,
Papua,2025,F,Konstruksi,Konstruksi,8904.884480673842,-0.5379386592610835,ADHK,
Papua,2025,G,"Perdagangan Besar dan Eceran, Reparasi Mobil dan Sepeda Motor",Perdagangan,8555.240671103385,4.307875532438499,ADHK,
Papua,2025,H,Transportasi dan Pergudangan,Transportasi,3490.7866722880913,2.5457765226046813,ADHK,
Papua,2025,I,Penyediaan Akomodasi dan Makan Minum,Akomodasi,627.7150358519831,2.622388928409758,ADHK,
Papua,2025,J,Informasi dan Komunikasi,Infokom,4166.919682528192,5.649558900894336,ADHK,
Papua,2025,K,Jasa Keuangan dan Asuransi,Keuangan,1776.9673849485935,0.08045912338940919,ADHK,
Papua,2025,L,Real Estate,Real Estate,2885.573220477423,6.350129579455754,ADHK,
Papua,2025,MN,Jasa Perusahaan,Jasa Perusahaan,1359.8255491120067,3.8784936499843825,ADHK,
Papua,2025,O,"Administrasi Pemerintahan, Pertahanan dan Jaminan Sosial Wajib",Adm. Pemerintahan,7201.60332579036,8.284895889395184,ADHK,
Papua,2025,P,Jasa Pendidikan,Pendidikan,1968.3560746464918,5.583596045666472,ADHK,
Papua,2025,Q,Jasa Kesehatan dan Kegiatan Sosial,Kesehatan,1617.7285203615752,5.137640648220243,ADHK,
Papua,2025,RSTU,Jasa Lainnya,Jasa Lainnya,1156.1694684076658,4.2427170567604255,ADHK,
Papua,2026,A,"Pertanian, Kehutanan dan Perikanan",Pertanian,,,ADHK,
Papua,2026,B,Pertambangan dan Penggalian,Pertambangan,,,ADHK,
Papua,2026,C,Industri Pengolahan,Industri Pengolahan,,,ADHK,
Papua,2026,D,Pengadaan Listrik dan Gas,Listrik & Gas,,,ADHK,
Papua,2026,E,"Pengadaan Air, Pengelolaan Sampah, Limbah dan Daur Ulang",Air & Sampah,,,ADHK,
Papua,2026,F,Konstruksi,Konstruksi,,,ADHK,
Papua,2026,G,"Perdagangan Besar dan Eceran, Reparasi Mobil dan Sepeda Motor",Perdagangan,,,ADHK,
Papua,2026,H,Transportasi dan Pergudangan,Transportasi,,,ADHK,
Papua,2026,I,Penyediaan Akomodasi dan Makan Minum,Akomodasi,,,ADHK,
Papua,2026,J,Informasi dan Komunikasi,Infokom,,,ADHK,
Papua,2026,K,Jasa Keuangan dan Asuransi,Keuangan,,,ADHK,
Papua,2026,L,Real Estate,Real Estate,,,ADHK,
Papua,2026,MN,Jasa Perusahaan,Jasa Perusahaan,,,ADHK,
Papua,2026,O,"Administrasi Pemerintahan, Pertahanan dan Jaminan Sosial Wajib",Adm. Pemerintahan,,,ADHK,
Papua,2026,P,Jasa Pendidikan,Pendidikan,,,ADHK,
Papua,2026,Q,Jasa Kesehatan dan Kegiatan Sosial,Kesehatan,,,ADHK,
Papua,2026,RSTU,Jasa Lainnya,Jasa Lainnya,,,ADHK,
Papua Barat,2020,A,"Pertanian, Kehutanan dan Perikanan",Pertanian,6203.522523776374,,ADHK,
Papua Barat,2020,B,Pertambangan dan Penggalian,Pertambangan,11432.027519856643,,ADHK,
Papua Barat,2020,C,Industri Pengolahan,Industri Pengolahan,18857.32235248147,,ADHK,
Papua Barat,2020,D,Pengadaan Listrik dan Gas,Listrik & Gas,25.539076992768823,,ADHK,
Papua Barat,2020,E,"Pengadaan Air, Pengelolaan Sampah, Limbah dan Daur Ulang",Air & Sampah,73.6225521412301,,ADHK,
Papua Barat,2020,F,Konstruksi,Konstruksi,7536.124131928427,,ADHK,
Papua Barat,2020,G,"Perdagangan Besar dan Eceran, Reparasi Mobil dan Sepeda Motor",Perdagangan,4313.518311321579,,ADHK,
Papua Barat,2020,H,Transportasi dan Pergudangan,Transportasi,1396.7874750335518,,ADHK,
Papua Barat,2020,I,Penyediaan Akomodasi dan Makan Minum,Akomodasi,336.40517967320335,,ADHK,
Papua Barat,2020,J,Informasi dan Komunikasi,Infokom,1404.368836560034,,ADHK,
Papua Barat,2020,K,Jasa Keuangan dan Asuransi,Keuangan,949.4382302583552,,ADHK,
Papua Barat,2020,L,Real Estate,Real Estate,780.4286065739585,,ADHK,
Papua Barat,2020,MN,Jasa Perusahaan,Jasa Perusahaan,67.57590082464695,,ADHK,
Papua Barat,2020,O,"Administrasi Pemerintahan, Pertahanan dan Jaminan Sosial Wajib",Adm. Pemerintahan,5400.461774817792,,ADHK,
Papua Barat,2020,P,Jasa Pendidikan,Pendidikan,1569.3664616851725,,ADHK,
Papua Barat,2020,Q,Jasa Kesehatan dan Kegiatan Sosial,Kesehatan,520.1810823486986,,ADHK,
Papua Barat,2020,RSTU,Jasa Lainnya,Jasa Lainnya,170.3739902419639,,ADHK,
Papua Barat,2021,A,"Pertanian, Kehutanan dan Perikanan",Pertanian,6264.245909084905,0.9788533059369886,ADHK,
Papua Barat,2021,B,Pertambangan dan Penggalian,Pertambangan,11493.906448200098,0.5412769365361836,ADHK,
Papua Barat,2021,C,Industri Pengolahan,Industri Pengolahan,18422.72590362928,-2.3046562005395232,ADHK,
Papua Barat,2021,D,Pengadaan Listrik dan Gas,Listrik & Gas,28.210154640923886,10.458786936236407,ADHK,
Papua Barat,2021,E,"Pengadaan Air, Pengelolaan Sampah, Limbah dan Daur Ulang",Air & Sampah,76.60644374381982,4.052958659821693,ADHK,
Papua Barat,2021,F,Konstruksi,Konstruksi,7314.622439362409,-2.9391990987459815,ADHK,
Papua Barat,2021,G,"Perdagangan Besar dan Eceran, Reparasi Mobil dan Sepeda Motor",Perdagangan,4415.715158626494,2.369222521594061,ADHK,
Papua Barat,2021,H,Transportasi dan Pergudangan,Transportasi,1358.4015283028127,-2.7481594313277347,ADHK,
Papua Barat,2021,I,Penyediaan Akomodasi dan Makan Minum,Akomodasi,348.8063936341698,3.6863920980686027,ADHK,
Papua Barat,2021,J,Informasi dan Komunikasi,Infokom,1408.039841396298,0.26139891036431884,ADHK,
Papua Barat,2021,K,Jasa Keuangan dan Asuransi,Keuangan,978.389512811531,3.0493065931522123,ADHK,
Papua Barat,2021,L,Real Estate,Real Estate,800.275175221331,2.543034491585061,ADHK,
Papua Barat,2021,MN,Jasa Perusahaan,Jasa Perusahaan,66.10166242222246,-2.181603773584906,ADHK,
Papua Barat,2021,O,"Administrasi Pemerintahan, Pertahanan dan Jaminan Sosial Wajib",Adm. Pemerintahan,5437.805969929453,0.6915000359005496,ADHK,
Papua Barat,2021,P,Jasa Pendidikan,Pendidikan,1578.1373282332893,0.5588794435366529,ADHK,
Papua Barat,2021,Q,Jasa Kesehatan dan Kegiatan Sosial,Kesehatan,565.2700420080387,8.667935299714546,ADHK,
Papua Barat,2021,RSTU,Jasa Lainnya,Jasa Lainnya,177.59818879145132,4.240200361115964,ADHK,
Papua Barat,2022,A,"Pertanian, Kehutanan dan Perikanan",Pertanian,6281.136595437203,0.2696363871635743,ADHK,
Papua Barat,2022,B,Pertambangan dan Penggalian,Pertambangan,11902.239704518628,3.5526064019989922,ADHK,
Papua Barat,2022,C,Industri Pengolahan,Industri Pengolahan,18960.10391650913,2.916929968403781,ADHK,
Papua Barat,2022,D,Pengadaan Listrik dan Gas,Listrik & Gas,30.364890141480195,7.638155579021455,ADHK,
Papua Barat,2022,E,"Pengadaan Air, Pengelolaan Sampah, Limbah dan Daur Ulang",Air & Sampah,76.07928956069564,-0.6881329524798696,ADHK,
Papua Barat,2022,F,Konstruksi,Konstruksi,7112.995843471042,-2.7564867163388684,ADHK,
Papua Barat,2022,G,"Perdagangan Besar dan Eceran, Reparasi Mobil dan Sepeda Motor",Perdagangan,4629.428472102029,4.839834676791321,ADHK,
Papua Barat,2022,H,Transportasi dan Pergudangan,Transportasi,1429.962704335356,5.268042956485175,ADHK,
Papua Barat,2022,I,Penyediaan Akomodasi dan Makan Minum,Akomodasi,393.3676935608963,12.775367865952214,ADHK,
Papua Barat,2022,J,Informasi dan Komunikasi,Infokom,1445.567885401802,2.6652686168517015,ADHK,
Papua Barat,2022,K,Jasa Keuangan dan Asuransi,Keuangan,977.3405532987348,-0.10721287371343591,ADHK,
Papua Barat,2022,L,Real Estate,Real Estate,834.4648100879422,4.272234841866163,ADHK,
Papua Barat,2022,MN,Jasa Perusahaan,Jasa Perusahaan,69.39877668710426,4.987944544906564,ADHK,
Papua Barat,2022,O,"Administrasi Pemerintahan, Pertahanan dan Jaminan Sosial Wajib",Adm. Pemerintahan,5484.376845835475,0.8564276872612853,ADHK,
Papua Barat,2022,P,Jasa Pendidikan,Pendidikan,1591.8873329014407,0.871280618116077,ADHK,
Papua Barat,2022,Q,Jasa Kesehatan dan Kegiatan Sosial,Kesehatan,564.042592831802,-0.21714385780577938,ADHK,
Papua Barat,2022,RSTU,Jasa Lainnya,Jasa Lainnya,183.53235188567317,3.341342124378399,ADHK,
Papua Barat,2023,A,"Pertanian, Kehutanan dan Perikanan",Pertanian,6208.700172682208,-1.1532375017543006,ADHK,
Papua Barat,2023,B,Pertambangan dan Penggalian,Pertambangan,12476.903679449655,4.828200315213427,ADHK,
Papua Barat,2023,C,Industri Pengolahan,Industri Pengolahan,20697.36974457903,9.162744232415365,ADHK,
Papua Barat,2023,D,Pengadaan Listrik dan Gas,Listrik & Gas,31.020247482663223,2.158273381294973,ADHK,
Papua Barat,2023,E,"Pengadaan Air, Pengelolaan Sampah, Limbah dan Daur Ulang",Air & Sampah,80.48550282718645,5.7916067459798715,ADHK,
Papua Barat,2023,F,Konstruksi,Konstruksi,6325.366889325885,-11.073097348540061,ADHK,
Papua Barat,2023,G,"Perdagangan Besar dan Eceran, Reparasi Mobil dan Sepeda Motor",Perdagangan,4928.164618651877,6.452981147675119,ADHK,
Papua Barat,2023,H,Transportasi dan Pergudangan,Transportasi,1480.769661799342,3.5530267544705563,ADHK,
Papua Barat,2023,I,Penyediaan Akomodasi dan Makan Minum,Akomodasi,423.5400251357837,7.670261709027826,ADHK,
Papua Barat,2023,J,Informasi dan Komunikasi,Infokom,1479.6543623733085,2.3579990476913615,ADHK,
Papua Barat,2023,K,Jasa Keuangan dan Asuransi,Keuangan,1080.3683576365197,10.541648352771604,ADHK,
Papua Barat,2023,L,Real Estate,Real Estate,866.7367090812289,3.867376862768568,ADHK,
Papua Barat,2023,MN,Jasa Perusahaan,Jasa Perusahaan,73.9310636675309,6.530788000574139,ADHK,
Papua Barat,2023,O,"Administrasi Pemerintahan, Pertahanan dan Jaminan Sosial Wajib",Adm. Pemerintahan,5802.4288845540395,5.799237500611842,ADHK,
Papua Barat,2023,P,Jasa Pendidikan,Pendidikan,1632.0098066101752,2.520434259352111,ADHK,
Papua Barat,2023,Q,Jasa Kesehatan dan Kegiatan Sosial,Kesehatan,595.0257857480995,5.493059089872077,ADHK,
Papua Barat,2023,RSTU,Jasa Lainnya,Jasa Lainnya,195.4800648713639,6.509867531765345,ADHK,
Papua Barat,2024,A,"Pertanian, Kehutanan dan Perikanan",Pertanian,3354.559209786599,-45.970024055173496,ADHK,
Papua Barat,2024,B,Pertambangan dan Penggalian,Pertambangan,12061.99242833617,-3.325434432878349,ADHK,
Papua Barat,2024,C,Industri Pengolahan,Industri Pengolahan,21048.81353065832,1.6980118267024613,ADHK,
Papua Barat,2024,D,Pengadaan Listrik dan Gas,Listrik & Gas,17.376899198034778,-43.9820742637644,ADHK,
Papua Barat,2024,E,"Pengadaan Air, Pengelolaan Sampah, Limbah dan Daur Ulang",Air & Sampah,38.94973171913768,-51.60652496292635,ADHK,
Papua Barat,2024,F,Konstruksi,Konstruksi,3191.283239287293,-49.547855561191035,ADHK,
Papua Barat,2024,G,"Perdagangan Besar dan Eceran, Reparasi Mobil dan Sepeda Motor",Perdagangan,2166.666857428183,-56.03501455231654,ADHK,
Papua Barat,2024,H,Transportasi dan Pergudangan,Transportasi,681.5697198067163,-53.97192842413357,ADHK,
Papua Barat,2024,I,Penyediaan Akomodasi dan Makan Minum,Akomodasi,210.94919856569072,-50.1937984496124,ADHK,
Papua Barat,2024,J,Informasi dan Komunikasi,Infokom,569.3050163195398,-61.52445930640202,ADHK,
Papua Barat,2024,K,Jasa Keuangan dan Asuransi,Keuangan,508.0160870925091,-52.977511466193214,ADHK,
Papua Barat,2024,L,Real Estate,Real Estate,454.92290670016655,-47.5131372729787,ADHK,
Papua Barat,2024,MN,Jasa Perusahaan,Jasa Perusahaan,30.759785045181278,-58.39396389113447,ADHK,
Papua Barat,2024,O,"Administrasi Pemerintahan, Pertahanan dan Jaminan Sosial Wajib",Adm. Pemerintahan,3554.6782014673327,-38.738099644274456,ADHK,
Papua Barat,2024,P,Jasa Pendidikan,Pendidikan,708.7139561394151,-56.57416069015695,ADHK,
Papua Barat,2024,Q,Jasa Kesehatan dan Kegiatan Sosial,Kesehatan,288.1634916889242,-51.57125983597013,ADHK,
Papua Barat,2024,RSTU,Jasa Lainnya,Jasa Lainnya,88.31781193741503,-54.82004162647851,ADHK,
Papua Barat,2025,A,"Pertanian, Kehutanan dan Perikanan",Pertanian,3395.179942591855,1.2109111887710577,ADHK,
Papua Barat,2025,B,Pertambangan dan Penggalian,Pertambangan,12860.188807328097,6.617450506077205,ADHK,
Papua Barat,2025,C,Industri Pengolahan,Industri Pengolahan,22952.04083465245,9.04196952109444,ADHK,
Papua Barat,2025,D,Pengadaan Listrik dan Gas,Listrik & Gas,17.635070271834152,1.4857142857142902,ADHK,
Papua Barat,2025,E,"Pengadaan Air, Pengelolaan Sampah, Limbah dan Daur Ulang",Air & Sampah,39.96425486401819,2.604698672114414,ADHK,
Papua Barat,2025,F,Konstruksi,Konstruksi,3218.767994039148,0.8612446057277401,ADHK,
Papua Barat,2025,G,"Perdagangan Besar dan Eceran, Reparasi Mobil dan Sepeda Motor",Perdagangan,2266.01299778594,4.585206074351467,ADHK,
Papua Barat,2025,H,Transportasi dan Pergudangan,Transportasi,712.5089701739864,4.539410931583654,ADHK,
Papua Barat,2025,I,Penyediaan Akomodasi dan Makan Minum,Akomodasi,226.80178706603303,7.51488444048567,ADHK,
Papua Barat,2025,J,Informasi dan Komunikasi,Infokom,609.805776197888,7.11407043981076,ADHK,
Papua Barat,2025,K,Jasa Keuangan dan Asuransi,Keuangan,511.90223233515417,0.7649649964603267,ADHK,
Papua Barat,2025,L,Real Estate,Real Estate,477.31646830429804,4.9224959381724,ADHK,
Papua Barat,2025,MN,Jasa Perusahaan,Jasa Perusahaan,30.26173153084868,-1.6191709844559532,ADHK,
Papua Barat,2025,O,"Administrasi Pemerintahan, Pertahanan dan Jaminan Sosial Wajib",Adm. Pemerintahan,3685.4325970779437,3.678375037060655,ADHK,
Papua Barat,2025,P,Jasa Pendidikan,Pendidikan,746.9605220995195,5.39661532396587,ADHK,
Papua Barat,2025,Q,Jasa Kesehatan dan Kegiatan Sosial,Kesehatan,289.59881532242673,0.49809350417366893,ADHK,
Papua Barat,2025,RSTU,Jasa Lainnya,Jasa Lainnya,91.83067771559985,3.9775280898876275,ADHK,
Papua Barat,2026,A,"Pertanian, Kehutanan dan Perikanan",Pertanian,,,ADHK,
Papua Barat,2026,B,Pertambangan dan Penggalian,Pertambangan,,,ADHK,
Papua Barat,2026,C,Industri Pengolahan,Industri Pengolahan,,,ADHK,
Papua Barat,2026,D,Pengadaan Listrik dan Gas,Listrik & Gas,,,ADHK,
Papua Barat,2026,E,"Pengadaan Air, Pengelolaan Sampah, Limbah dan Daur Ulang",Air & Sampah,,,ADHK,
Papua Barat,2026,F,Konstruksi,Konstruksi,,,ADHK,
Papua Barat,2026,G,"Perdagangan Besar dan Eceran, Reparasi Mobil dan Sepeda Motor",Perdagangan,,,ADHK,
Papua Barat,2026,H,Transportasi dan Pergudangan,Transportasi,,,ADHK,
Papua Barat,2026,I,Penyediaan Akomodasi dan Makan Minum,Akomodasi,,,ADHK,
Papua Barat,2026,J,Informasi dan Komunikasi,Infokom,,,ADHK,
Papua Barat,2026,K,Jasa Keuangan dan Asuransi,Keuangan,,,ADHK,
Papua Barat,2026,L,Real Estate,Real Estate,,,ADHK,
Papua Barat,2026,MN,Jasa Perusahaan,Jasa Perusahaan,,,ADHK,
Papua Barat,2026,O,"Administrasi Pemerintahan, Pertahanan dan Jaminan Sosial Wajib",Adm. Pemerintahan,,,ADHK,
Papua Barat,2026,P,Jasa Pendidikan,Pendidikan,,,ADHK,
Papua Barat,2026,Q,Jasa Kesehatan dan Kegiatan Sosial,Kesehatan,,,ADHK,
Papua Barat,2026,RSTU,Jasa Lainnya,Jasa Lainnya,,,ADHK,
Papua Barat Daya,2020,A,"Pertanian, Kehutanan dan Perikanan",Pertanian,,,ADHK,
Papua Barat Daya,2020,B,Pertambangan dan Penggalian,Pertambangan,,,ADHK,
Papua Barat Daya,2020,C,Industri Pengolahan,Industri Pengolahan,,,ADHK,
Papua Barat Daya,2020,D,Pengadaan Listrik dan Gas,Listrik & Gas,,,ADHK,
Papua Barat Daya,2020,E,"Pengadaan Air, Pengelolaan Sampah, Limbah dan Daur Ulang",Air & Sampah,,,ADHK,
Papua Barat Daya,2020,F,Konstruksi,Konstruksi,,,ADHK,
Papua Barat Daya,2020,G,"Perdagangan Besar dan Eceran, Reparasi Mobil dan Sepeda Motor",Perdagangan,,,ADHK,
Papua Barat Daya,2020,H,Transportasi dan Pergudangan,Transportasi,,,ADHK,
Papua Barat Daya,2020,I,Penyediaan Akomodasi dan Makan Minum,Akomodasi,,,ADHK,
Papua Barat Daya,2020,J,Informasi dan Komunikasi,Infokom,,,ADHK,
Papua Barat Daya,2020,K,Jasa Keuangan dan Asuransi,Keuangan,,,ADHK,
Papua Barat Daya,2020,L,Real Estate,Real Estate,,,ADHK,
Papua Barat Daya,2020,MN,Jasa Perusahaan,Jasa Perusahaan,,,ADHK,
Papua Barat Daya,2020,O,"Administrasi Pemerintahan, Pertahanan dan Jaminan Sosial Wajib",Adm. Pemerintahan,,,ADHK,
Papua Barat Daya,2020,P,Jasa Pendidikan,Pendidikan,,,ADHK,
Papua Barat Daya,2020,Q,Jasa Kesehatan dan Kegiatan Sosial,Kesehatan,,,ADHK,
Papua Barat Daya,2020,RSTU,Jasa Lainnya,Jasa Lainnya,,,ADHK,
Papua Barat Daya,2021,A,"Pertanian, Kehutanan dan Perikanan",Pertanian,,,ADHK,
Papua Barat Daya,2021,B,Pertambangan dan Penggalian,Pertambangan,,,ADHK,
Papua Barat Daya,2021,C,Industri Pengolahan,Industri Pengolahan,,,ADHK,
Papua Barat Daya,2021,D,Pengadaan Listrik dan Gas,Listrik & Gas,,,ADHK,
Papua Barat Daya,2021,E,"Pengadaan Air, Pengelolaan Sampah, Limbah dan Daur Ulang",Air & Sampah,,,ADHK,
Papua Barat Daya,2021,F,Konstruksi,Konstruksi,,,ADHK,
Papua Barat Daya,2021,G,"Perdagangan Besar dan Eceran, Reparasi Mobil dan Sepeda Motor",Perdagangan,,,ADHK,
Papua Barat Daya,2021,H,Transportasi dan Pergudangan,Transportasi,,,ADHK,
Papua Barat Daya,2021,I,Penyediaan Akomodasi dan Makan Minum,Akomodasi,,,ADHK,
Papua Barat Daya,2021,J,Informasi dan Komunikasi,Infokom,,,ADHK,
Papua Barat Daya,2021,K,Jasa Keuangan dan Asuransi,Keuangan,,,ADHK,
Papua Barat Daya,2021,L,Real Estate,Real Estate,,,ADHK,
Papua Barat Daya,2021,MN,Jasa Perusahaan,Jasa Perusahaan,,,ADHK,
Papua Barat Daya,2021,O,"Administrasi Pemerintahan, Pertahanan dan Jaminan Sosial Wajib",Adm. Pemerintahan,,,ADHK,
Papua Barat Daya,2021,P,Jasa Pendidikan,Pendidikan,,,ADHK,
Papua Barat Daya,2021,Q,Jasa Kesehatan dan Kegiatan Sosial,Kesehatan,,,ADHK,
Papua Barat Daya,2021,RSTU,Jasa Lainnya,Jasa Lainnya,,,ADHK,
Papua Barat Daya,2022,A,"Pertanian, Kehutanan dan Perikanan",Pertanian,,,ADHK,
Papua Barat Daya,2022,B,Pertambangan dan Penggalian,Pertambangan,,,ADHK,
Papua Barat Daya,2022,C,Industri Pengolahan,Industri Pengolahan,,,ADHK,
Papua Barat Daya,2022,D,Pengadaan Listrik dan Gas,Listrik & Gas,,,ADHK,
Papua Barat Daya,2022,E,"Pengadaan Air, Pengelolaan Sampah, Limbah dan Daur Ulang",Air & Sampah,,,ADHK,
Papua Barat Daya,2022,F,Konstruksi,Konstruksi,,,ADHK,
Papua Barat Daya,2022,G,"Perdagangan Besar dan Eceran, Reparasi Mobil dan Sepeda Motor",Perdagangan,,,ADHK,
Papua Barat Daya,2022,H,Transportasi dan Pergudangan,Transportasi,,,ADHK,
Papua Barat Daya,2022,I,Penyediaan Akomodasi dan Makan Minum,Akomodasi,,,ADHK,
Papua Barat Daya,2022,J,Informasi dan Komunikasi,Infokom,,,ADHK,
Papua Barat Daya,2022,K,Jasa Keuangan dan Asuransi,Keuangan,,,ADHK,
Papua Barat Daya,2022,L,Real Estate,Real Estate,,,ADHK,
Papua Barat Daya,2022,MN,Jasa Perusahaan,Jasa Perusahaan,,,ADHK,
Papua Barat Daya,2022,O,"Administrasi Pemerintahan, Pertahanan dan Jaminan Sosial Wajib",Adm. Pemerintahan,,,ADHK,
Papua Barat Daya,2022,P,Jasa Pendidikan,Pendidikan,,,ADHK,
Papua Barat Daya,2022,Q,Jasa Kesehatan dan Kegiatan Sosial,Kesehatan,,,ADHK,
Papua Barat Daya,2022,RSTU,Jasa Lainnya,Jasa Lainnya,,,ADHK,
Papua Barat Daya,2023,A,"Pertanian, Kehutanan dan Perikanan",Pertanian,,,ADHK,
Papua Barat Daya,2023,B,Pertambangan dan Penggalian,Pertambangan,,,ADHK,
Papua Barat Daya,2023,C,Industri Pengolahan,Industri Pengolahan,,,ADHK,
Papua Barat Daya,2023,D,Pengadaan Listrik dan Gas,Listrik & Gas,,,ADHK,
Papua Barat Daya,2023,E,"Pengadaan Air, Pengelolaan Sampah, Limbah dan Daur Ulang",Air & Sampah,,,ADHK,
Papua Barat Daya,2023,F,Konstruksi,Konstruksi,,,ADHK,
Papua Barat Daya,2023,G,"Perdagangan Besar dan Eceran, Reparasi Mobil dan Sepeda Motor",Perdagangan,,,ADHK,
Papua Barat Daya,2023,H,Transportasi dan Pergudangan,Transportasi,,,ADHK,
Papua Barat Daya,2023,I,Penyediaan Akomodasi dan Makan Minum,Akomodasi,,,ADHK,
Papua Barat Daya,2023,J,Informasi dan Komunikasi,Infokom,,,ADHK,
Papua Barat Daya,2023,K,Jasa Keuangan dan Asuransi,Keuangan,,,ADHK,
Papua Barat Daya,2023,L,Real Estate,Real Estate,,,ADHK,
Papua Barat Daya,2023,MN,Jasa Perusahaan,Jasa Perusahaan,,,ADHK,
Papua Barat Daya,2023,O,"Administrasi Pemerintahan, Pertahanan dan Jaminan Sosial Wajib",Adm. Pemerintahan,,,ADHK,
Papua Barat Daya,2023,P,Jasa Pendidikan,Pendidikan,,,ADHK,
Papua Barat Daya,2023,Q,Jasa Kesehatan dan Kegiatan Sosial,Kesehatan,,,ADHK,
Papua Barat Daya,2023,RSTU,Jasa Lainnya,Jasa Lainnya,,,ADHK,
Papua Barat Daya,2024,A,"Pertanian, Kehutanan dan Perikanan",Pertanian,2886.828037984099,,ADHK,
Papua Barat Daya,2024,B,Pertambangan dan Penggalian,Pertambangan,3273.861043342127,,ADHK,
Papua Barat Daya,2024,C,Industri Pengolahan,Industri Pengolahan,5084.641894149485,,ADHK,
Papua Barat Daya,2024,D,Pengadaan Listrik dan Gas,Listrik & Gas,16.413722499629422,,ADHK,
Papua Barat Daya,2024,E,"Pengadaan Air, Pengelolaan Sampah, Limbah dan Daur Ulang",Air & Sampah,46.081232649327085,,ADHK,
Papua Barat Daya,2024,F,Konstruksi,Konstruksi,3123.5103333529137,,ADHK,
Papua Barat Daya,2024,G,"Perdagangan Besar dan Eceran, Reparasi Mobil dan Sepeda Motor",Perdagangan,3062.7756220096444,,ADHK,
Papua Barat Daya,2024,H,Transportasi dan Pergudangan,Transportasi,815.0684973385894,,ADHK,
Papua Barat Daya,2024,I,Penyediaan Akomodasi dan Makan Minum,Akomodasi,239.46012348552037,,ADHK,
Papua Barat Daya,2024,J,Informasi dan Komunikasi,Infokom,957.1845843859962,,ADHK,
Papua Barat Daya,2024,K,Jasa Keuangan dan Asuransi,Keuangan,571.9726471012845,,ADHK,
Papua Barat Daya,2024,L,Real Estate,Real Estate,462.92346104669167,,ADHK,
Papua Barat Daya,2024,MN,Jasa Perusahaan,Jasa Perusahaan,46.43850967637148,,ADHK,
Papua Barat Daya,2024,O,"Administrasi Pemerintahan, Pertahanan dan Jaminan Sosial Wajib",Adm. Pemerintahan,2676.85099528827,,ADHK,
Papua Barat Daya,2024,P,Jasa Pendidikan,Pendidikan,972.6182547339474,,ADHK,
Papua Barat Daya,2024,Q,Jasa Kesehatan dan Kegiatan Sosial,Kesehatan,331.86662163315833,,ADHK,
Papua Barat Daya,2024,RSTU,Jasa Lainnya,Jasa Lainnya,115.17039610625156,,ADHK,
Papua Barat Daya,2025,A,"Pertanian, Kehutanan dan Perikanan",Pertanian,3039.968909926887,5.3048144859271895,ADHK,
Papua Barat Daya,2025,B,Pertambangan dan Penggalian,Pertambangan,3427.2746102997817,4.6860133929521375,ADHK,
Papua Barat Daya,2025,C,Industri Pengolahan,Industri Pengolahan,5274.260224038404,3.729236666737501,ADHK,
Papua Barat Daya,2025,D,Pengadaan Listrik dan Gas,Listrik & Gas,16.602385976636654,1.1494252873563093,ADHK,
Papua Barat Daya,2025,E,"Pengadaan Air, Pengelolaan Sampah, Limbah dan Daur Ulang",Air & Sampah,46.50892377903161,0.9281243254910532,ADHK,
Papua Barat Daya,2025,F,Konstruksi,Konstruksi,3203.39218106053,2.5574382403872997,ADHK,
Papua Barat Daya,2025,G,"Perdagangan Besar dan Eceran, Reparasi Mobil dan Sepeda Motor",Perdagangan,3234.3263816863127,5.601153360496758,ADHK,
Papua Barat Daya,2025,H,Transportasi dan Pergudangan,Transportasi,875.9521351991742,7.469757211741812,ADHK,
Papua Barat Daya,2025,I,Penyediaan Akomodasi dan Makan Minum,Akomodasi,256.0840793614252,6.942264805484433,ADHK,
Papua Barat Daya,2025,J,Informasi dan Komunikasi,Infokom,979.2405400734416,2.3042531239252595,ADHK,
Papua Barat Daya,2025,K,Jasa Keuangan dan Asuransi,Keuangan,558.1763319853646,-2.412058546127782,ADHK,
Papua Barat Daya,2025,L,Real Estate,Real Estate,470.48453425557994,1.633331175696373,ADHK,
Papua Barat Daya,2025,MN,Jasa Perusahaan,Jasa Perusahaan,46.03010579461875,-0.8794508794508826,ADHK,
Papua Barat Daya,2025,O,"Administrasi Pemerintahan, Pertahanan dan Jaminan Sosial Wajib",Adm. Pemerintahan,2777.73798884472,3.7688684851726384,ADHK,
Papua Barat Daya,2025,P,Jasa Pendidikan,Pendidikan,1012.4413814615176,4.094425180048011,ADHK,
Papua Barat Daya,2025,Q,Jasa Kesehatan dan Kegiatan Sosial,Kesehatan,342.01287490446975,3.0573286404581568,ADHK,
Papua Barat Daya,2025,RSTU,Jasa Lainnya,Jasa Lainnya,118.23671114992136,2.6624159917284063,ADHK,
Papua Barat Daya,2026,A,"Pertanian, Kehutanan dan Perikanan",Pertanian,,,ADHK,
Papua Barat Daya,2026,B,Pertambangan dan Penggalian,Pertambangan,,,ADHK,
Papua Barat Daya,2026,C,Industri Pengolahan,Industri Pengolahan,,,ADHK,
Papua Barat Daya,2026,D,Pengadaan Listrik dan Gas,Listrik & Gas,,,ADHK,
Papua Barat Daya,2026,E,"Pengadaan Air, Pengelolaan Sampah, Limbah dan Daur Ulang",Air & Sampah,,,ADHK,
Papua Barat Daya,2026,F,Konstruksi,Konstruksi,,,ADHK,
Papua Barat Daya,2026,G,"Perdagangan Besar dan Eceran, Reparasi Mobil dan Sepeda Motor",Perdagangan,,,ADHK,
Papua Barat Daya,2026,H,Transportasi dan Pergudangan,Transportasi,,,ADHK,
Papua Barat Daya,2026,I,Penyediaan Akomodasi dan Makan Minum,Akomodasi,,,ADHK,
Papua Barat Daya,2026,J,Informasi dan Komunikasi,Infokom,,,ADHK,
Papua Barat Daya,2026,K,Jasa Keuangan dan Asuransi,Keuangan,,,ADHK,
Papua Barat Daya,2026,L,Real Estate,Real Estate,,,ADHK,
Papua Barat Daya,2026,MN,Jasa Perusahaan,Jasa Perusahaan,,,ADHK,
Papua Barat Daya,2026,O,"Administrasi Pemerintahan, Pertahanan dan Jaminan Sosial Wajib",Adm. Pemerintahan,,,ADHK,
Papua Barat Daya,2026,P,Jasa Pendidikan,Pendidikan,,,ADHK,
Papua Barat Daya,2026,Q,Jasa Kesehatan dan Kegiatan Sosial,Kesehatan,,,ADHK,
Papua Barat Daya,2026,RSTU,Jasa Lainnya,Jasa Lainnya,,,ADHK,
Papua Pegunungan,2020,A,"Pertanian, Kehutanan dan Perikanan",Pertanian,,,ADHK,
Papua Pegunungan,2020,B,Pertambangan dan Penggalian,Pertambangan,,,ADHK,
Papua Pegunungan,2020,C,Industri Pengolahan,Industri Pengolahan,,,ADHK,
Papua Pegunungan,2020,D,Pengadaan Listrik dan Gas,Listrik & Gas,,,ADHK,
Papua Pegunungan,2020,E,"Pengadaan Air, Pengelolaan Sampah, Limbah dan Daur Ulang",Air & Sampah,,,ADHK,
Papua Pegunungan,2020,F,Konstruksi,Konstruksi,,,ADHK,
Papua Pegunungan,2020,G,"Perdagangan Besar dan Eceran, Reparasi Mobil dan Sepeda Motor",Perdagangan,,,ADHK,
Papua Pegunungan,2020,H,Transportasi dan Pergudangan,Transportasi,,,ADHK,
Papua Pegunungan,2020,I,Penyediaan Akomodasi dan Makan Minum,Akomodasi,,,ADHK,
Papua Pegunungan,2020,J,Informasi dan Komunikasi,Infokom,,,ADHK,
Papua Pegunungan,2020,K,Jasa Keuangan dan Asuransi,Keuangan,,,ADHK,
Papua Pegunungan,2020,L,Real Estate,Real Estate,,,ADHK,
Papua Pegunungan,2020,MN,Jasa Perusahaan,Jasa Perusahaan,,,ADHK,
Papua Pegunungan,2020,O,"Administrasi Pemerintahan, Pertahanan dan Jaminan Sosial Wajib",Adm. Pemerintahan,,,ADHK,
Papua Pegunungan,2020,P,Jasa Pendidikan,Pendidikan,,,ADHK,
Papua Pegunungan,2020,Q,Jasa Kesehatan dan Kegiatan Sosial,Kesehatan,,,ADHK,
Papua Pegunungan,2020,RSTU,Jasa Lainnya,Jasa Lainnya,,,ADHK,
Papua Pegunungan,2021,A,"Pertanian, Kehutanan dan Perikanan",Pertanian,,,ADHK,
Papua Pegunungan,2021,B,Pertambangan dan Penggalian,Pertambangan,,,ADHK,
Papua Pegunungan,2021,C,Industri Pengolahan,Industri Pengolahan,,,ADHK,
Papua Pegunungan,2021,D,Pengadaan Listrik dan Gas,Listrik & Gas,,,ADHK,
Papua Pegunungan,2021,E,"Pengadaan Air, Pengelolaan Sampah, Limbah dan Daur Ulang",Air & Sampah,,,ADHK,
Papua Pegunungan,2021,F,Konstruksi,Konstruksi,,,ADHK,
Papua Pegunungan,2021,G,"Perdagangan Besar dan Eceran, Reparasi Mobil dan Sepeda Motor",Perdagangan,,,ADHK,
Papua Pegunungan,2021,H,Transportasi dan Pergudangan,Transportasi,,,ADHK,
Papua Pegunungan,2021,I,Penyediaan Akomodasi dan Makan Minum,Akomodasi,,,ADHK,
Papua Pegunungan,2021,J,Informasi dan Komunikasi,Infokom,,,ADHK,
Papua Pegunungan,2021,K,Jasa Keuangan dan Asuransi,Keuangan,,,ADHK,
Papua Pegunungan,2021,L,Real Estate,Real Estate,,,ADHK,
Papua Pegunungan,2021,MN,Jasa Perusahaan,Jasa Perusahaan,,,ADHK,
Papua Pegunungan,2021,O,"Administrasi Pemerintahan, Pertahanan dan Jaminan Sosial Wajib",Adm. Pemerintahan,,,ADHK,
Papua Pegunungan,2021,P,Jasa Pendidikan,Pendidikan,,,ADHK,
Papua Pegunungan,2021,Q,Jasa Kesehatan dan Kegiatan Sosial,Kesehatan,,,ADHK,
Papua Pegunungan,2021,RSTU,Jasa Lainnya,Jasa Lainnya,,,ADHK,
Papua Pegunungan,2022,A,"Pertanian, Kehutanan dan Perikanan",Pertanian,,,ADHK,
Papua Pegunungan,2022,B,Pertambangan dan Penggalian,Pertambangan,,,ADHK,
Papua Pegunungan,2022,C,Industri Pengolahan,Industri Pengolahan,,,ADHK,
Papua Pegunungan,2022,D,Pengadaan Listrik dan Gas,Listrik & Gas,,,ADHK,
Papua Pegunungan,2022,E,"Pengadaan Air, Pengelolaan Sampah, Limbah dan Daur Ulang",Air & Sampah,,,ADHK,
Papua Pegunungan,2022,F,Konstruksi,Konstruksi,,,ADHK,
Papua Pegunungan,2022,G,"Perdagangan Besar dan Eceran, Reparasi Mobil dan Sepeda Motor",Perdagangan,,,ADHK,
Papua Pegunungan,2022,H,Transportasi dan Pergudangan,Transportasi,,,ADHK,
Papua Pegunungan,2022,I,Penyediaan Akomodasi dan Makan Minum,Akomodasi,,,ADHK,
Papua Pegunungan,2022,J,Informasi dan Komunikasi,Infokom,,,ADHK,
Papua Pegunungan,2022,K,Jasa Keuangan dan Asuransi,Keuangan,,,ADHK,
Papua Pegunungan,2022,L,Real Estate,Real Estate,,,ADHK,
Papua Pegunungan,2022,MN,Jasa Perusahaan,Jasa Perusahaan,,,ADHK,
Papua Pegunungan,2022,O,"Administrasi Pemerintahan, Pertahanan dan Jaminan Sosial Wajib",Adm. Pemerintahan,,,ADHK,
Papua Pegunungan,2022,P,Jasa Pendidikan,Pendidikan,,,ADHK,
Papua Pegunungan,2022,Q,Jasa Kesehatan dan Kegiatan Sosial,Kesehatan,,,ADHK,
Papua Pegunungan,2022,RSTU,Jasa Lainnya,Jasa Lainnya,,,ADHK,
Papua Pegunungan,2023,A,"Pertanian, Kehutanan dan Perikanan",Pertanian,,,ADHK,
Papua Pegunungan,2023,B,Pertambangan dan Penggalian,Pertambangan,,,ADHK,
Papua Pegunungan,2023,C,Industri Pengolahan,Industri Pengolahan,,,ADHK,
Papua Pegunungan,2023,D,Pengadaan Listrik dan Gas,Listrik & Gas,,,ADHK,
Papua Pegunungan,2023,E,"Pengadaan Air, Pengelolaan Sampah, Limbah dan Daur Ulang",Air & Sampah,,,ADHK,
Papua Pegunungan,2023,F,Konstruksi,Konstruksi,,,ADHK,
Papua Pegunungan,2023,G,"Perdagangan Besar dan Eceran, Reparasi Mobil dan Sepeda Motor",Perdagangan,,,ADHK,
Papua Pegunungan,2023,H,Transportasi dan Pergudangan,Transportasi,,,ADHK,
Papua Pegunungan,2023,I,Penyediaan Akomodasi dan Makan Minum,Akomodasi,,,ADHK,
Papua Pegunungan,2023,J,Informasi dan Komunikasi,Infokom,,,ADHK,
Papua Pegunungan,2023,K,Jasa Keuangan dan Asuransi,Keuangan,,,ADHK,
Papua Pegunungan,2023,L,Real Estate,Real Estate,,,ADHK,
Papua Pegunungan,2023,MN,Jasa Perusahaan,Jasa Perusahaan,,,ADHK,
Papua Pegunungan,2023,O,"Administrasi Pemerintahan, Pertahanan dan Jaminan Sosial Wajib",Adm. Pemerintahan,,,ADHK,
Papua Pegunungan,2023,P,Jasa Pendidikan,Pendidikan,,,ADHK,
Papua Pegunungan,2023,Q,Jasa Kesehatan dan Kegiatan Sosial,Kesehatan,,,ADHK,
Papua Pegunungan,2023,RSTU,Jasa Lainnya,Jasa Lainnya,,,ADHK,
Papua Pegunungan,2024,A,"Pertanian, Kehutanan dan Perikanan",Pertanian,2441.448908229091,,ADHK,
Papua Pegunungan,2024,B,Pertambangan dan Penggalian,Pertambangan,162.49936007080572,,ADHK,
Papua Pegunungan,2024,C,Industri Pengolahan,Industri Pengolahan,115.52364857591847,,ADHK,
Papua Pegunungan,2024,D,Pengadaan Listrik dan Gas,Listrik & Gas,5.491100146578989,,ADHK,
Papua Pegunungan,2024,E,"Pengadaan Air, Pengelolaan Sampah, Limbah dan Daur Ulang",Air & Sampah,2.019099984419037,,ADHK,
Papua Pegunungan,2024,F,Konstruksi,Konstruksi,2773.710588089356,,ADHK,
Papua Pegunungan,2024,G,"Perdagangan Besar dan Eceran, Reparasi Mobil dan Sepeda Motor",Perdagangan,1853.8366562514798,,ADHK,
Papua Pegunungan,2024,H,Transportasi dan Pergudangan,Transportasi,1102.997573265261,,ADHK,
Papua Pegunungan,2024,I,Penyediaan Akomodasi dan Makan Minum,Akomodasi,48.27968624995087,,ADHK,
Papua Pegunungan,2024,J,Informasi dan Komunikasi,Infokom,434.80458640826674,,ADHK,
Papua Pegunungan,2024,K,Jasa Keuangan dan Asuransi,Keuangan,114.00691390505219,,ADHK,
Papua Pegunungan,2024,L,Real Estate,Real Estate,637.0378972122671,,ADHK,
Papua Pegunungan,2024,MN,Jasa Perusahaan,Jasa Perusahaan,114.74156863194402,,ADHK,
Papua Pegunungan,2024,O,"Administrasi Pemerintahan, Pertahanan dan Jaminan Sosial Wajib",Adm. Pemerintahan,2682.945774735407,,ADHK,
Papua Pegunungan,2024,P,Jasa Pendidikan,Pendidikan,601.6874321404376,,ADHK,
Papua Pegunungan,2024,Q,Jasa Kesehatan dan Kegiatan Sosial,Kesehatan,405.8105357177402,,ADHK,
Papua Pegunungan,2024,RSTU,Jasa Lainnya,Jasa Lainnya,220.397595857302,,ADHK,
Papua Pegunungan,2025,A,"Pertanian, Kehutanan dan Perikanan",Pertanian,2516.165117684306,3.0603224668506623,ADHK,
Papua Pegunungan,2025,B,Pertambangan dan Penggalian,Pertambangan,166.7088786763511,2.5904831894175917,ADHK,
Papua Pegunungan,2025,C,Industri Pengolahan,Industri Pengolahan,119.88562663253109,3.7758312781699166,ADHK,
Papua Pegunungan,2025,D,Pengadaan Listrik dan Gas,Listrik & Gas,5.570537400055719,1.446654611211562,ADHK,
Papua Pegunungan,2025,E,"Pengadaan Air, Pengelolaan Sampah, Limbah dan Daur Ulang",Air & Sampah,2.0688315111288658,2.4630541871921263,ADHK,
Papua Pegunungan,2025,F,Konstruksi,Konstruksi,2776.0091351949386,0.0828690316665659,ADHK,
Papua Pegunungan,2025,G,"Perdagangan Besar dan Eceran, Reparasi Mobil dan Sepeda Motor",Perdagangan,1937.683323522419,4.52287244338343,ADHK,
Papua Pegunungan,2025,H,Transportasi dan Pergudangan,Transportasi,1131.7303950803923,2.604975977424129,ADHK,
Papua Pegunungan,2025,I,Penyediaan Akomodasi dan Makan Minum,Akomodasi,49.743306398454095,3.031544448996315,ADHK,
Papua Pegunungan,2025,J,Informasi dan Komunikasi,Infokom,452.91022167408005,4.1640856218597255,ADHK,
Papua Pegunungan,2025,K,Jasa Keuangan dan Asuransi,Keuangan,110.09079839061297,-3.434980722046954,ADHK,
Papua Pegunungan,2025,L,Real Estate,Real Estate,671.647036801168,5.432822715940988,ADHK,
Papua Pegunungan,2025,MN,Jasa Perusahaan,Jasa Perusahaan,117.76973399908621,2.6391179789912345,ADHK,
Papua Pegunungan,2025,O,"Administrasi Pemerintahan, Pertahanan dan Jaminan Sosial Wajib",Adm. Pemerintahan,2898.89782953447,8.04906520409865,ADHK,
Papua Pegunungan,2025,P,Jasa Pendidikan,Pendidikan,623.629565859788,3.6467661691542475,ADHK,
Papua Pegunungan,2025,Q,Jasa Kesehatan dan Kegiatan Sosial,Kesehatan,420.3023550242768,3.5710801053761454,ADHK,
Papua Pegunungan,2025,RSTU,Jasa Lainnya,Jasa Lainnya,231.72013781467172,5.137325529040959,ADHK,
Papua Pegunungan,2026,A,"Pertanian, Kehutanan dan Perikanan",Pertanian,,,ADHK,
Papua Pegunungan,2026,B,Pertambangan dan Penggalian,Pertambangan,,,ADHK,
Papua Pegunungan,2026,C,Industri Pengolahan,Industri Pengolahan,,,ADHK,
Papua Pegunungan,2026,D,Pengadaan Listrik dan Gas,Listrik & Gas,,,ADHK,
Papua Pegunungan,2026,E,"Pengadaan Air, Pengelolaan Sampah, Limbah dan Daur Ulang",Air & Sampah,,,ADHK,
Papua Pegunungan,2026,F,Konstruksi,Konstruksi,,,ADHK,
Papua Pegunungan,2026,G,"Perdagangan Besar dan Eceran, Reparasi Mobil dan Sepeda Motor",Perdagangan,,,ADHK,
Papua Pegunungan,2026,H,Transportasi dan Pergudangan,Transportasi,,,ADHK,
Papua Pegunungan,2026,I,Penyediaan Akomodasi dan Makan Minum,Akomodasi,,,ADHK,
Papua Pegunungan,2026,J,Informasi dan Komunikasi,Infokom,,,ADHK,
Papua Pegunungan,2026,K,Jasa Keuangan dan Asuransi,Keuangan,,,ADHK,
Papua Pegunungan,2026,L,Real Estate,Real Estate,,,ADHK,
Papua Pegunungan,2026,MN,Jasa Perusahaan,Jasa Perusahaan,,,ADHK,
Papua Pegunungan,2026,O,"Administrasi Pemerintahan, Pertahanan dan Jaminan Sosial Wajib",Adm. Pemerintahan,,,ADHK,
Papua Pegunungan,2026,P,Jasa Pendidikan,Pendidikan,,,ADHK,
Papua Pegunungan,2026,Q,Jasa Kesehatan dan Kegiatan Sosial,Kesehatan,,,ADHK,
Papua Pegunungan,2026,RSTU,Jasa Lainnya,Jasa Lainnya,,,ADHK,
Papua Selatan,2020,A,"Pertanian, Kehutanan dan Perikanan",Pertanian,,,ADHK,
Papua Selatan,2020,B,Pertambangan dan Penggalian,Pertambangan,,,ADHK,
Papua Selatan,2020,C,Industri Pengolahan,Industri Pengolahan,,,ADHK,
Papua Selatan,2020,D,Pengadaan Listrik dan Gas,Listrik & Gas,,,ADHK,
Papua Selatan,2020,E,"Pengadaan Air, Pengelolaan Sampah, Limbah dan Daur Ulang",Air & Sampah,,,ADHK,
Papua Selatan,2020,F,Konstruksi,Konstruksi,,,ADHK,
Papua Selatan,2020,G,"Perdagangan Besar dan Eceran, Reparasi Mobil dan Sepeda Motor",Perdagangan,,,ADHK,
Papua Selatan,2020,H,Transportasi dan Pergudangan,Transportasi,,,ADHK,
Papua Selatan,2020,I,Penyediaan Akomodasi dan Makan Minum,Akomodasi,,,ADHK,
Papua Selatan,2020,J,Informasi dan Komunikasi,Infokom,,,ADHK,
Papua Selatan,2020,K,Jasa Keuangan dan Asuransi,Keuangan,,,ADHK,
Papua Selatan,2020,L,Real Estate,Real Estate,,,ADHK,
Papua Selatan,2020,MN,Jasa Perusahaan,Jasa Perusahaan,,,ADHK,
Papua Selatan,2020,O,"Administrasi Pemerintahan, Pertahanan dan Jaminan Sosial Wajib",Adm. Pemerintahan,,,ADHK,
Papua Selatan,2020,P,Jasa Pendidikan,Pendidikan,,,ADHK,
Papua Selatan,2020,Q,Jasa Kesehatan dan Kegiatan Sosial,Kesehatan,,,ADHK,
Papua Selatan,2020,RSTU,Jasa Lainnya,Jasa Lainnya,,,ADHK,
Papua Selatan,2021,A,"Pertanian, Kehutanan dan Perikanan",Pertanian,,,ADHK,
Papua Selatan,2021,B,Pertambangan dan Penggalian,Pertambangan,,,ADHK,
Papua Selatan,2021,C,Industri Pengolahan,Industri Pengolahan,,,ADHK,
Papua Selatan,2021,D,Pengadaan Listrik dan Gas,Listrik & Gas,,,ADHK,
Papua Selatan,2021,E,"Pengadaan Air, Pengelolaan Sampah, Limbah dan Daur Ulang",Air & Sampah,,,ADHK,
Papua Selatan,2021,F,Konstruksi,Konstruksi,,,ADHK,
Papua Selatan,2021,G,"Perdagangan Besar dan Eceran, Reparasi Mobil dan Sepeda Motor",Perdagangan,,,ADHK,
Papua Selatan,2021,H,Transportasi dan Pergudangan,Transportasi,,,ADHK,
Papua Selatan,2021,I,Penyediaan Akomodasi dan Makan Minum,Akomodasi,,,ADHK,
Papua Selatan,2021,J,Informasi dan Komunikasi,Infokom,,,ADHK,
Papua Selatan,2021,K,Jasa Keuangan dan Asuransi,Keuangan,,,ADHK,
Papua Selatan,2021,L,Real Estate,Real Estate,,,ADHK,
Papua Selatan,2021,MN,Jasa Perusahaan,Jasa Perusahaan,,,ADHK,
Papua Selatan,2021,O,"Administrasi Pemerintahan, Pertahanan dan Jaminan Sosial Wajib",Adm. Pemerintahan,,,ADHK,
Papua Selatan,2021,P,Jasa Pendidikan,Pendidikan,,,ADHK,
Papua Selatan,2021,Q,Jasa Kesehatan dan Kegiatan Sosial,Kesehatan,,,ADHK,
Papua Selatan,2021,RSTU,Jasa Lainnya,Jasa Lainnya,,,ADHK,
Papua Selatan,2022,A,"Pertanian, Kehutanan dan Perikanan",Pertanian,,,ADHK,
Papua Selatan,2022,B,Pertambangan dan Penggalian,Pertambangan,,,ADHK,
Papua Selatan,2022,C,Industri Pengolahan,Industri Pengolahan,,,ADHK,
Papua Selatan,2022,D,Pengadaan Listrik dan Gas,Listrik & Gas,,,ADHK,
Papua Selatan,2022,E,"Pengadaan Air, Pengelolaan Sampah, Limbah dan Daur Ulang",Air & Sampah,,,ADHK,
Papua Selatan,2022,F,Konstruksi,Konstruksi,,,ADHK,
Papua Selatan,2022,G,"Perdagangan Besar dan Eceran, Reparasi Mobil dan Sepeda Motor",Perdagangan,,,ADHK,
Papua Selatan,2022,H,Transportasi dan Pergudangan,Transportasi,,,ADHK,
Papua Selatan,2022,I,Penyediaan Akomodasi dan Makan Minum,Akomodasi,,,ADHK,
Papua Selatan,2022,J,Informasi dan Komunikasi,Infokom,,,ADHK,
Papua Selatan,2022,K,Jasa Keuangan dan Asuransi,Keuangan,,,ADHK,
Papua Selatan,2022,L,Real Estate,Real Estate,,,ADHK,
Papua Selatan,2022,MN,Jasa Perusahaan,Jasa Perusahaan,,,ADHK,
Papua Selatan,2022,O,"Administrasi Pemerintahan, Pertahanan dan Jaminan Sosial Wajib",Adm. Pemerintahan,,,ADHK,
Papua Selatan,2022,P,Jasa Pendidikan,Pendidikan,,,ADHK,
Papua Selatan,2022,Q,Jasa Kesehatan dan Kegiatan Sosial,Kesehatan,,,ADHK,
Papua Selatan,2022,RSTU,Jasa Lainnya,Jasa Lainnya,,,ADHK,
Papua Selatan,2023,A,"Pertanian, Kehutanan dan Perikanan",Pertanian,,,ADHK,
Papua Selatan,2023,B,Pertambangan dan Penggalian,Pertambangan,,,ADHK,
Papua Selatan,2023,C,Industri Pengolahan,Industri Pengolahan,,,ADHK,
Papua Selatan,2023,D,Pengadaan Listrik dan Gas,Listrik & Gas,,,ADHK,
Papua Selatan,2023,E,"Pengadaan Air, Pengelolaan Sampah, Limbah dan Daur Ulang",Air & Sampah,,,ADHK,
Papua Selatan,2023,F,Konstruksi,Konstruksi,,,ADHK,
Papua Selatan,2023,G,"Perdagangan Besar dan Eceran, Reparasi Mobil dan Sepeda Motor",Perdagangan,,,ADHK,
Papua Selatan,2023,H,Transportasi dan Pergudangan,Transportasi,,,ADHK,
Papua Selatan,2023,I,Penyediaan Akomodasi dan Makan Minum,Akomodasi,,,ADHK,
Papua Selatan,2023,J,Informasi dan Komunikasi,Infokom,,,ADHK,
Papua Selatan,2023,K,Jasa Keuangan dan Asuransi,Keuangan,,,ADHK,
Papua Selatan,2023,L,Real Estate,Real Estate,,,ADHK,
Papua Selatan,2023,MN,Jasa Perusahaan,Jasa Perusahaan,,,ADHK,
Papua Selatan,2023,O,"Administrasi Pemerintahan, Pertahanan dan Jaminan Sosial Wajib",Adm. Pemerintahan,,,ADHK,
Papua Selatan,2023,P,Jasa Pendidikan,Pendidikan,,,ADHK,
Papua Selatan,2023,Q,Jasa Kesehatan dan Kegiatan Sosial,Kesehatan,,,ADHK,
Papua Selatan,2023,RSTU,Jasa Lainnya,Jasa Lainnya,,,ADHK,
Papua Selatan,2024,A,"Pertanian, Kehutanan dan Perikanan",Pertanian,4503.348794220198,,ADHK,
Papua Selatan,2024,B,Pertambangan dan Penggalian,Pertambangan,264.60257731169406,,ADHK,
Papua Selatan,2024,C,Industri Pengolahan,Industri Pengolahan,1136.658781918972,,ADHK,
Papua Selatan,2024,D,Pengadaan Listrik dan Gas,Listrik & Gas,9.055846896347266,,ADHK,
Papua Selatan,2024,E,"Pengadaan Air, Pengelolaan Sampah, Limbah dan Daur Ulang",Air & Sampah,14.024290532171637,,ADHK,
Papua Selatan,2024,F,Konstruksi,Konstruksi,4105.136663209208,,ADHK,
Papua Selatan,2024,G,"Perdagangan Besar dan Eceran, Reparasi Mobil dan Sepeda Motor",Perdagangan,2244.672565709492,,ADHK,
Papua Selatan,2024,H,Transportasi dan Pergudangan,Transportasi,1100.6236925462188,,ADHK,
Papua Selatan,2024,I,Penyediaan Akomodasi dan Makan Minum,Akomodasi,156.72602779377743,,ADHK,
Papua Selatan,2024,J,Informasi dan Komunikasi,Infokom,1021.7463868324667,,ADHK,
Papua Selatan,2024,K,Jasa Keuangan dan Asuransi,Keuangan,304.82763441858197,,ADHK,
Papua Selatan,2024,L,Real Estate,Real Estate,485.4968103889473,,ADHK,
Papua Selatan,2024,MN,Jasa Perusahaan,Jasa Perusahaan,184.9671141528404,,ADHK,
Papua Selatan,2024,O,"Administrasi Pemerintahan, Pertahanan dan Jaminan Sosial Wajib",Adm. Pemerintahan,2272.4976750017563,,ADHK,
Papua Selatan,2024,P,Jasa Pendidikan,Pendidikan,557.5038177205728,,ADHK,
Papua Selatan,2024,Q,Jasa Kesehatan dan Kegiatan Sosial,Kesehatan,396.485881491813,,ADHK,
Papua Selatan,2024,RSTU,Jasa Lainnya,Jasa Lainnya,198.4471464184748,,ADHK,
Papua Selatan,2025,A,"Pertanian, Kehutanan dan Perikanan",Pertanian,4713.636319448504,4.669581123678412,ADHK,
Papua Selatan,2025,B,Pertambangan dan Penggalian,Pertambangan,273.12113032906257,3.219376433863652,ADHK,
Papua Selatan,2025,C,Industri Pengolahan,Industri Pengolahan,1171.377769423632,3.054477566789693,ADHK,
Papua Selatan,2025,D,Pengadaan Listrik dan Gas,Listrik & Gas,9.413314536992551,3.9473684210526327,ADHK,
Papua Selatan,2025,E,"Pengadaan Air, Pengelolaan Sampah, Limbah dan Daur Ulang",Air & Sampah,14.08396836422343,0.42553191489360653,ADHK,
Papua Selatan,2025,F,Konstruksi,Konstruksi,4288.081450710524,4.456484704660202,ADHK,
Papua Selatan,2025,G,"Perdagangan Besar dan Eceran, Reparasi Mobil dan Sepeda Motor",Perdagangan,2304.597216640648,2.669638852748002,ADHK,
Papua Selatan,2025,H,Transportasi dan Pergudangan,Transportasi,1118.0485680316378,1.5831819361536548,ADHK,
Papua Selatan,2025,I,Penyediaan Akomodasi dan Makan Minum,Akomodasi,162.20471402533678,3.495709237758704,ADHK,
Papua Selatan,2025,J,Informasi dan Komunikasi,Infokom,1047.403518459834,2.5111056870881,ADHK,
Papua Selatan,2025,K,Jasa Keuangan dan Asuransi,Keuangan,290.8714778530932,-4.578376429718478,ADHK,
Papua Selatan,2025,L,Real Estate,Real Estate,501.7376360661631,3.3451971938198044,ADHK,
Papua Selatan,2025,MN,Jasa Perusahaan,Jasa Perusahaan,188.68259336976158,2.0087242177823317,ADHK,
Papua Selatan,2025,O,"Administrasi Pemerintahan, Pertahanan dan Jaminan Sosial Wajib",Adm. Pemerintahan,2320.2517136389524,2.101389988755842,ADHK,
Papua Selatan,2025,P,Jasa Pendidikan,Pendidikan,576.3626775339297,3.3827319587628857,ADHK,
Papua Selatan,2025,Q,Jasa Kesehatan dan Kegiatan Sosial,Kesehatan,413.977032253186,4.411544415039703,ADHK,
Papua Selatan,2025,RSTU,Jasa Lainnya,Jasa Lainnya,205.08586733826476,3.345334533453337,ADHK,
Papua Selatan,2026,A,"Pertanian, Kehutanan dan Perikanan",Pertanian,,,ADHK,
Papua Selatan,2026,B,Pertambangan dan Penggalian,Pertambangan,,,ADHK,
Papua Selatan,2026,C,Industri Pengolahan,Industri Pengolahan,,,ADHK,
Papua Selatan,2026,D,Pengadaan Listrik dan Gas,Listrik & Gas,,,ADHK,
Papua Selatan,2026,E,"Pengadaan Air, Pengelolaan Sampah, Limbah dan Daur Ulang",Air & Sampah,,,ADHK,
Papua Selatan,2026,F,Konstruksi,Konstruksi,,,ADHK,
Papua Selatan,2026,G,"Perdagangan Besar dan Eceran, Reparasi Mobil dan Sepeda Motor",Perdagangan,,,ADHK,
Papua Selatan,2026,H,Transportasi dan Pergudangan,Transportasi,,,ADHK,
Papua Selatan,2026,I,Penyediaan Akomodasi dan Makan Minum,Akomodasi,,,ADHK,
Papua Selatan,2026,J,Informasi dan Komunikasi,Infokom,,,ADHK,
Papua Selatan,2026,K,Jasa Keuangan dan Asuransi,Keuangan,,,ADHK,
Papua Selatan,2026,L,Real Estate,Real Estate,,,ADHK,
Papua Selatan,2026,MN,Jasa Perusahaan,Jasa Perusahaan,,,ADHK,
Papua Selatan,2026,O,"Administrasi Pemerintahan, Pertahanan dan Jaminan Sosial Wajib",Adm. Pemerintahan,,,ADHK,
Papua Selatan,2026,P,Jasa Pendidikan,Pendidikan,,,ADHK,
Papua Selatan,2026,Q,Jasa Kesehatan dan Kegiatan Sosial,Kesehatan,,,ADHK,
Papua Selatan,2026,RSTU,Jasa Lainnya,Jasa Lainnya,,,ADHK,
Papua Tengah,2020,A,"Pertanian, Kehutanan dan Perikanan",Pertanian,,,ADHK,
Papua Tengah,2020,B,Pertambangan dan Penggalian,Pertambangan,,,ADHK,
Papua Tengah,2020,C,Industri Pengolahan,Industri Pengolahan,,,ADHK,
Papua Tengah,2020,D,Pengadaan Listrik dan Gas,Listrik & Gas,,,ADHK,
Papua Tengah,2020,E,"Pengadaan Air, Pengelolaan Sampah, Limbah dan Daur Ulang",Air & Sampah,,,ADHK,
Papua Tengah,2020,F,Konstruksi,Konstruksi,,,ADHK,
Papua Tengah,2020,G,"Perdagangan Besar dan Eceran, Reparasi Mobil dan Sepeda Motor",Perdagangan,,,ADHK,
Papua Tengah,2020,H,Transportasi dan Pergudangan,Transportasi,,,ADHK,
Papua Tengah,2020,I,Penyediaan Akomodasi dan Makan Minum,Akomodasi,,,ADHK,
Papua Tengah,2020,J,Informasi dan Komunikasi,Infokom,,,ADHK,
Papua Tengah,2020,K,Jasa Keuangan dan Asuransi,Keuangan,,,ADHK,
Papua Tengah,2020,L,Real Estate,Real Estate,,,ADHK,
Papua Tengah,2020,MN,Jasa Perusahaan,Jasa Perusahaan,,,ADHK,
Papua Tengah,2020,O,"Administrasi Pemerintahan, Pertahanan dan Jaminan Sosial Wajib",Adm. Pemerintahan,,,ADHK,
Papua Tengah,2020,P,Jasa Pendidikan,Pendidikan,,,ADHK,
Papua Tengah,2020,Q,Jasa Kesehatan dan Kegiatan Sosial,Kesehatan,,,ADHK,
Papua Tengah,2020,RSTU,Jasa Lainnya,Jasa Lainnya,,,ADHK,
Papua Tengah,2021,A,"Pertanian, Kehutanan dan Perikanan",Pertanian,,,ADHK,
Papua Tengah,2021,B,Pertambangan dan Penggalian,Pertambangan,,,ADHK,
Papua Tengah,2021,C,Industri Pengolahan,Industri Pengolahan,,,ADHK,
Papua Tengah,2021,D,Pengadaan Listrik dan Gas,Listrik & Gas,,,ADHK,
Papua Tengah,2021,E,"Pengadaan Air, Pengelolaan Sampah, Limbah dan Daur Ulang",Air & Sampah,,,ADHK,
Papua Tengah,2021,F,Konstruksi,Konstruksi,,,ADHK,
Papua Tengah,2021,G,"Perdagangan Besar dan Eceran, Reparasi Mobil dan Sepeda Motor",Perdagangan,,,ADHK,
Papua Tengah,2021,H,Transportasi dan Pergudangan,Transportasi,,,ADHK,
Papua Tengah,2021,I,Penyediaan Akomodasi dan Makan Minum,Akomodasi,,,ADHK,
Papua Tengah,2021,J,Informasi dan Komunikasi,Infokom,,,ADHK,
Papua Tengah,2021,K,Jasa Keuangan dan Asuransi,Keuangan,,,ADHK,
Papua Tengah,2021,L,Real Estate,Real Estate,,,ADHK,
Papua Tengah,2021,MN,Jasa Perusahaan,Jasa Perusahaan,,,ADHK,
Papua Tengah,2021,O,"Administrasi Pemerintahan, Pertahanan dan Jaminan Sosial Wajib",Adm. Pemerintahan,,,ADHK,
Papua Tengah,2021,P,Jasa Pendidikan,Pendidikan,,,ADHK,
Papua Tengah,2021,Q,Jasa Kesehatan dan Kegiatan Sosial,Kesehatan,,,ADHK,
Papua Tengah,2021,RSTU,Jasa Lainnya,Jasa Lainnya,,,ADHK,
Papua Tengah,2022,A,"Pertanian, Kehutanan dan Perikanan",Pertanian,,,ADHK,
Papua Tengah,2022,B,Pertambangan dan Penggalian,Pertambangan,,,ADHK,
Papua Tengah,2022,C,Industri Pengolahan,Industri Pengolahan,,,ADHK,
Papua Tengah,2022,D,Pengadaan Listrik dan Gas,Listrik & Gas,,,ADHK,
Papua Tengah,2022,E,"Pengadaan Air, Pengelolaan Sampah, Limbah dan Daur Ulang",Air & Sampah,,,ADHK,
Papua Tengah,2022,F,Konstruksi,Konstruksi,,,ADHK,
Papua Tengah,2022,G,"Perdagangan Besar dan Eceran, Reparasi Mobil dan Sepeda Motor",Perdagangan,,,ADHK,
Papua Tengah,2022,H,Transportasi dan Pergudangan,Transportasi,,,ADHK,
Papua Tengah,2022,I,Penyediaan Akomodasi dan Makan Minum,Akomodasi,,,ADHK,
Papua Tengah,2022,J,Informasi dan Komunikasi,Infokom,,,ADHK,
Papua Tengah,2022,K,Jasa Keuangan dan Asuransi,Keuangan,,,ADHK,
Papua Tengah,2022,L,Real Estate,Real Estate,,,ADHK,
Papua Tengah,2022,MN,Jasa Perusahaan,Jasa Perusahaan,,,ADHK,
Papua Tengah,2022,O,"Administrasi Pemerintahan, Pertahanan dan Jaminan Sosial Wajib",Adm. Pemerintahan,,,ADHK,
Papua Tengah,2022,P,Jasa Pendidikan,Pendidikan,,,ADHK,
Papua Tengah,2022,Q,Jasa Kesehatan dan Kegiatan Sosial,Kesehatan,,,ADHK,
Papua Tengah,2022,RSTU,Jasa Lainnya,Jasa Lainnya,,,ADHK,
Papua Tengah,2023,A,"Pertanian, Kehutanan dan Perikanan",Pertanian,,,ADHK,
Papua Tengah,2023,B,Pertambangan dan Penggalian,Pertambangan,,,ADHK,
Papua Tengah,2023,C,Industri Pengolahan,Industri Pengolahan,,,ADHK,
Papua Tengah,2023,D,Pengadaan Listrik dan Gas,Listrik & Gas,,,ADHK,
Papua Tengah,2023,E,"Pengadaan Air, Pengelolaan Sampah, Limbah dan Daur Ulang",Air & Sampah,,,ADHK,
Papua Tengah,2023,F,Konstruksi,Konstruksi,,,ADHK,
Papua Tengah,2023,G,"Perdagangan Besar dan Eceran, Reparasi Mobil dan Sepeda Motor",Perdagangan,,,ADHK,
Papua Tengah,2023,H,Transportasi dan Pergudangan,Transportasi,,,ADHK,
Papua Tengah,2023,I,Penyediaan Akomodasi dan Makan Minum,Akomodasi,,,ADHK,
Papua Tengah,2023,J,Informasi dan Komunikasi,Infokom,,,ADHK,
Papua Tengah,2023,K,Jasa Keuangan dan Asuransi,Keuangan,,,ADHK,
Papua Tengah,2023,L,Real Estate,Real Estate,,,ADHK,
Papua Tengah,2023,MN,Jasa Perusahaan,Jasa Perusahaan,,,ADHK,
Papua Tengah,2023,O,"Administrasi Pemerintahan, Pertahanan dan Jaminan Sosial Wajib",Adm. Pemerintahan,,,ADHK,
Papua Tengah,2023,P,Jasa Pendidikan,Pendidikan,,,ADHK,
Papua Tengah,2023,Q,Jasa Kesehatan dan Kegiatan Sosial,Kesehatan,,,ADHK,
Papua Tengah,2023,RSTU,Jasa Lainnya,Jasa Lainnya,,,ADHK,
Papua Tengah,2024,A,"Pertanian, Kehutanan dan Perikanan",Pertanian,3916.987654923576,,ADHK,
Papua Tengah,2024,B,Pertambangan dan Penggalian,Pertambangan,81428.26114976812,,ADHK,
Papua Tengah,2024,C,Industri Pengolahan,Industri Pengolahan,248.23977823082814,,ADHK,
Papua Tengah,2024,D,Pengadaan Listrik dan Gas,Listrik & Gas,17.625140615149558,,ADHK,
Papua Tengah,2024,E,"Pengadaan Air, Pengelolaan Sampah, Limbah dan Daur Ulang",Air & Sampah,9.429097464183483,,ADHK,
Papua Tengah,2024,F,Konstruksi,Konstruksi,5438.822161228589,,ADHK,
Papua Tengah,2024,G,"Perdagangan Besar dan Eceran, Reparasi Mobil dan Sepeda Motor",Perdagangan,3889.4108641376524,,ADHK,
Papua Tengah,2024,H,Transportasi dan Pergudangan,Transportasi,1406.0662951054937,,ADHK,
Papua Tengah,2024,I,Penyediaan Akomodasi dan Makan Minum,Akomodasi,220.39350425366757,,ADHK,
Papua Tengah,2024,J,Informasi dan Komunikasi,Infokom,1729.691689060697,,ADHK,
Papua Tengah,2024,K,Jasa Keuangan dan Asuransi,Keuangan,577.2474149370597,,ADHK,
Papua Tengah,2024,L,Real Estate,Real Estate,1037.5850013375489,,ADHK,
Papua Tengah,2024,MN,Jasa Perusahaan,Jasa Perusahaan,432.8184650253147,,ADHK,
Papua Tengah,2024,O,"Administrasi Pemerintahan, Pertahanan dan Jaminan Sosial Wajib",Adm. Pemerintahan,3221.9111976887953,,ADHK,
Papua Tengah,2024,P,Jasa Pendidikan,Pendidikan,501.5758234063579,,ADHK,
Papua Tengah,2024,Q,Jasa Kesehatan dan Kegiatan Sosial,Kesehatan,465.9357477859799,,ADHK,
Papua Tengah,2024,RSTU,Jasa Lainnya,Jasa Lainnya,387.4373406148871,,ADHK,
Papua Tengah,2025,A,"Pertanian, Kehutanan dan Perikanan",Pertanian,4018.6965389093975,2.596609766129232,ADHK,
Papua Tengah,2025,B,Pertambangan dan Penggalian,Pertambangan,57799.88491151984,-29.017414721394385,ADHK,
Papua Tengah,2025,C,Industri Pengolahan,Industri Pengolahan,263.07443333327194,5.97593794522715,ADHK,
Papua Tengah,2025,D,Pengadaan Listrik dan Gas,Listrik & Gas,18.2606386429634,3.6056338028168877,ADHK,
Papua Tengah,2025,E,"Pengadaan Air, Pengelolaan Sampah, Limbah dan Daur Ulang",Air & Sampah,9.866734899229975,4.641350210970474,ADHK,
Papua Tengah,2025,F,Konstruksi,Konstruksi,5435.594414229261,-0.05934643390874683,ADHK,
Papua Tengah,2025,G,"Perdagangan Besar dan Eceran, Reparasi Mobil dan Sepeda Motor",Perdagangan,4120.716827129737,5.947069391018656,ADHK,
Papua Tengah,2025,H,Transportasi dan Pergudangan,Transportasi,1447.3974299482397,2.9394869208243746,ADHK,
Papua Tengah,2025,I,Penyediaan Akomodasi dan Makan Minum,Akomodasi,223.8745467690266,1.5794669299111552,ADHK,
Papua Tengah,2025,J,Informasi dan Komunikasi,Infokom,1815.9902293827636,4.98924408713155,ADHK,
Papua Tengah,2025,K,Jasa Keuangan dan Asuransi,Keuangan,565.7987711116839,-1.9833166037866334,ADHK,
Papua Tengah,2025,L,Real Estate,Real Estate,1074.3915466146339,3.54732819283603,ADHK,
Papua Tengah,2025,MN,Jasa Perusahaan,Jasa Perusahaan,438.7652239864459,1.3739614738440986,ADHK,
Papua Tengah,2025,O,"Administrasi Pemerintahan, Pertahanan dan Jaminan Sosial Wajib",Adm. Pemerintahan,3398.610088935984,5.484288063989529,ADHK,
Papua Tengah,2025,P,Jasa Pendidikan,Pendidikan,523.5578700565301,4.382596932381078,ADHK,
Papua Tengah,2025,Q,Jasa Kesehatan dan Kegiatan Sosial,Kesehatan,491.1677473845876,5.415338857021457,ADHK,
Papua Tengah,2025,RSTU,Jasa Lainnya,Jasa Lainnya,399.5438271950721,3.1247598801321663,ADHK,
Papua Tengah,2026,A,"Pertanian, Kehutanan dan Perikanan",Pertanian,,,ADHK,
Papua Tengah,2026,B,Pertambangan dan Penggalian,Pertambangan,,,ADHK,
Papua Tengah,2026,C,Industri Pengolahan,Industri Pengolahan,,,ADHK,
Papua Tengah,2026,D,Pengadaan Listrik dan Gas,Listrik & Gas,,,ADHK,
Papua Tengah,2026,E,"Pengadaan Air, Pengelolaan Sampah, Limbah dan Daur Ulang",Air & Sampah,,,ADHK,
Papua Tengah,2026,F,Konstruksi,Konstruksi,,,ADHK,
Papua Tengah,2026,G,"Perdagangan Besar dan Eceran, Reparasi Mobil dan Sepeda Motor",Perdagangan,,,ADHK,
Papua Tengah,2026,H,Transportasi dan Pergudangan,Transportasi,,,ADHK,
Papua Tengah,2026,I,Penyediaan Akomodasi dan Makan Minum,Akomodasi,,,ADHK,
Papua Tengah,2026,J,Informasi dan Komunikasi,Infokom,,,ADHK,
Papua Tengah,2026,K,Jasa Keuangan dan Asuransi,Keuangan,,,ADHK,
Papua Tengah,2026,L,Real Estate,Real Estate,,,ADHK,
Papua Tengah,2026,MN,Jasa Perusahaan,Jasa Perusahaan,,,ADHK,
Papua Tengah,2026,O,"Administrasi Pemerintahan, Pertahanan dan Jaminan Sosial Wajib",Adm. Pemerintahan,,,ADHK,
Papua Tengah,2026,P,Jasa Pendidikan,Pendidikan,,,ADHK,
Papua Tengah,2026,Q,Jasa Kesehatan dan Kegiatan Sosial,Kesehatan,,,ADHK,
Papua Tengah,2026,RSTU,Jasa Lainnya,Jasa Lainnya,,,ADHK,
Riau,2020,A,"Pertanian, Kehutanan dan Perikanan",Pertanian,136913.0563714463,,ADHK,
Riau,2020,B,Pertambangan dan Penggalian,Pertambangan,79802.51122893236,,ADHK,
Riau,2020,C,Industri Pengolahan,Industri Pengolahan,153331.25057000678,,ADHK,
Riau,2020,D,Pengadaan Listrik dan Gas,Listrik & Gas,367.80441325394634,,ADHK,
Riau,2020,E,"Pengadaan Air, Pengelolaan Sampah, Limbah dan Daur Ulang",Air & Sampah,66.60046056980232,,ADHK,
Riau,2020,F,Konstruksi,Konstruksi,40583.069447747126,,ADHK,
Riau,2020,G,"Perdagangan Besar dan Eceran, Reparasi Mobil dan Sepeda Motor",Perdagangan,42474.21780174759,,ADHK,
Riau,2020,H,Transportasi dan Pergudangan,Transportasi,3156.2073926876237,,ADHK,
Riau,2020,I,Penyediaan Akomodasi dan Makan Minum,Akomodasi,1820.7039074366971,,ADHK,
Riau,2020,J,Informasi dan Komunikasi,Infokom,5304.971083996537,,ADHK,
Riau,2020,K,Jasa Keuangan dan Asuransi,Keuangan,4776.941641092797,,ADHK,
Riau,2020,L,Real Estate,Real Estate,4689.483479153857,,ADHK,
Riau,2020,MN,Jasa Perusahaan,Jasa Perusahaan,22.521979918120103,,ADHK,
Riau,2020,O,"Administrasi Pemerintahan, Pertahanan dan Jaminan Sosial Wajib",Adm. Pemerintahan,8261.428799146994,,ADHK,
Riau,2020,P,Jasa Pendidikan,Pendidikan,2580.590498756622,,ADHK,
Riau,2020,Q,Jasa Kesehatan dan Kegiatan Sosial,Kesehatan,1170.550967647922,,ADHK,
Riau,2020,RSTU,Jasa Lainnya,Jasa Lainnya,2108.5431049323324,,ADHK,
Riau,2021,A,"Pertanian, Kehutanan dan Perikanan",Pertanian,142580.62637296424,4.139539465207598,ADHK,
Riau,2021,B,Pertambangan dan Penggalian,Pertambangan,77311.63059780232,-3.1213060751739574,ADHK,
Riau,2021,C,Industri Pengolahan,Industri Pengolahan,159582.49563597742,4.076954334313276,ADHK,
Riau,2021,D,Pengadaan Listrik dan Gas,Listrik & Gas,382.827983817733,4.084662941065309,ADHK,
Riau,2021,E,"Pengadaan Air, Pengelolaan Sampah, Limbah dan Daur Ulang",Air & Sampah,69.88274133265101,4.92831541218639,ADHK,
Riau,2021,F,Konstruksi,Konstruksi,41696.93559406074,2.7446572215238163,ADHK,
Riau,2021,G,"Perdagangan Besar dan Eceran, Reparasi Mobil dan Sepeda Motor",Perdagangan,46701.65672427318,9.952952970805873,ADHK,
Riau,2021,H,Transportasi dan Pergudangan,Transportasi,3297.80297499565,4.4862572287257985,ADHK,
Riau,2021,I,Penyediaan Akomodasi dan Makan Minum,Akomodasi,2138.240254384602,17.44030677645727,ADHK,
Riau,2021,J,Informasi dan Komunikasi,Infokom,5690.955296305139,7.275896629729006,ADHK,
Riau,2021,K,Jasa Keuangan dan Asuransi,Keuangan,5023.157413972565,5.154255408141073,ADHK,
Riau,2021,L,Real Estate,Real Estate,4835.131523449774,3.1058440645620466,ADHK,
Riau,2021,MN,Jasa Perusahaan,Jasa Perusahaan,22.840734167292965,1.4153029632905767,ADHK,
Riau,2021,O,"Administrasi Pemerintahan, Pertahanan dan Jaminan Sosial Wajib",Adm. Pemerintahan,8326.701600240725,0.7900909477119855,ADHK,
Riau,2021,P,Jasa Pendidikan,Pendidikan,2666.433234721865,3.326476479185825,ADHK,
Riau,2021,Q,Jasa Kesehatan dan Kegiatan Sosial,Kesehatan,1305.6000733849971,11.537225586036604,ADHK,
Riau,2021,RSTU,Jasa Lainnya,Jasa Lainnya,2199.4509111299344,4.311403735828279,ADHK,
Riau,2022,A,"Pertanian, Kehutanan dan Perikanan",Pertanian,146606.5371702317,2.8236029674441276,ADHK,
Riau,2022,B,Pertambangan dan Penggalian,Pertambangan,78362.8061079327,1.3596602503430644,ADHK,
Riau,2022,C,Industri Pengolahan,Industri Pengolahan,167127.51911237914,4.72797686634292,ADHK,
Riau,2022,D,Pengadaan Listrik dan Gas,Listrik & Gas,437.7290556268383,14.340924417699853,ADHK,
Riau,2022,E,"Pengadaan Air, Pengelolaan Sampah, Limbah dan Daur Ulang",Air & Sampah,73.02577382071217,4.4975804155992005,ADHK,
Riau,2022,F,Konstruksi,Konstruksi,43681.941312338495,4.760555398129762,ADHK,
Riau,2022,G,"Perdagangan Besar dan Eceran, Reparasi Mobil dan Sepeda Motor",Perdagangan,52257.61479173543,11.896704436557037,ADHK,
Riau,2022,H,Transportasi dan Pergudangan,Transportasi,3910.4513529304177,18.577470594209046,ADHK,
Riau,2022,I,Penyediaan Akomodasi dan Makan Minum,Akomodasi,2371.2030911298075,10.895073005360366,ADHK,
Riau,2022,J,Informasi dan Komunikasi,Infokom,6079.563080004877,6.828515837262716,ADHK,
Riau,2022,K,Jasa Keuangan dan Asuransi,Keuangan,5272.080501404407,4.9555103875389195,ADHK,
Riau,2022,L,Real Estate,Real Estate,5100.198578690828,5.4821064112839935,ADHK,
Riau,2022,MN,Jasa Perusahaan,Jasa Perusahaan,25.769288831568645,12.821631051024873,ADHK,
Riau,2022,O,"Administrasi Pemerintahan, Pertahanan dan Jaminan Sosial Wajib",Adm. Pemerintahan,8824.524776289945,5.978635958742995,ADHK,
Riau,2022,P,Jasa Pendidikan,Pendidikan,2771.0949175696437,3.9251567031527657,ADHK,
Riau,2022,Q,Jasa Kesehatan dan Kegiatan Sosial,Kesehatan,1338.0383875021557,2.484552105841775,ADHK,
Riau,2022,RSTU,Jasa Lainnya,Jasa Lainnya,2483.8541122677225,12.930645539694275,ADHK,
Riau,2023,A,"Pertanian, Kehutanan dan Perikanan",Pertanian,151338.4320480526,3.2276151999460323,ADHK,
Riau,2023,B,Pertambangan dan Penggalian,Pertambangan,80339.32934273599,2.5222721504905454,ADHK,
Riau,2023,C,Industri Pengolahan,Industri Pengolahan,173192.19137368054,3.6287693932819165,ADHK,
Riau,2023,D,Pengadaan Listrik dan Gas,Listrik & Gas,444.0443172782384,1.4427330263366844,ADHK,
Riau,2023,E,"Pengadaan Air, Pengelolaan Sampah, Limbah dan Daur Ulang",Air & Sampah,77.06397378955025,5.529828384636337,ADHK,
Riau,2023,F,Konstruksi,Konstruksi,47689.26746041655,9.173873751224825,ADHK,
Riau,2023,G,"Perdagangan Besar dan Eceran, Reparasi Mobil dan Sepeda Motor",Perdagangan,55455.49996853081,6.119462569311751,ADHK,
Riau,2023,H,Transportasi dan Pergudangan,Transportasi,4235.574510164575,8.314210506429554,ADHK,
Riau,2023,I,Penyediaan Akomodasi dan Makan Minum,Akomodasi,2471.2435061450683,4.218972866115589,ADHK,
Riau,2023,J,Informasi dan Komunikasi,Infokom,6545.64103641773,7.6663067769745075,ADHK,
Riau,2023,K,Jasa Keuangan dan Asuransi,Keuangan,5486.427885276366,4.065707718515688,ADHK,
Riau,2023,L,Real Estate,Real Estate,5301.151328875271,3.9400965880827643,ADHK,
Riau,2023,MN,Jasa Perusahaan,Jasa Perusahaan,27.462670780299476,6.571318129107051,ADHK,
Riau,2023,O,"Administrasi Pemerintahan, Pertahanan dan Jaminan Sosial Wajib",Adm. Pemerintahan,9300.971482826368,5.399120276896463,ADHK,
Riau,2023,P,Jasa Pendidikan,Pendidikan,2875.207797618621,3.757102630764031,ADHK,
Riau,2023,Q,Jasa Kesehatan dan Kegiatan Sosial,Kesehatan,1431.3344236798243,6.972597875299624,ADHK,
Riau,2023,RSTU,Jasa Lainnya,Jasa Lainnya,2639.3530013755085,6.2603873689593525,ADHK,
Riau,2024,A,"Pertanian, Kehutanan dan Perikanan",Pertanian,154719.90287328715,2.234376806653371,ADHK,
Riau,2024,B,Pertambangan dan Penggalian,Pertambangan,80627.76595565118,0.35902292846470285,ADHK,
Riau,2024,C,Industri Pengolahan,Industri Pengolahan,179642.9871114663,3.724645832252027,ADHK,
Riau,2024,D,Pengadaan Listrik dan Gas,Listrik & Gas,475.08442407427077,6.990317314787897,ADHK,
Riau,2024,E,"Pengadaan Air, Pengelolaan Sampah, Limbah dan Daur Ulang",Air & Sampah,79.9185634226944,3.704181724315947,ADHK,
Riau,2024,F,Konstruksi,Konstruksi,50800.385201502344,6.523727259321199,ADHK,
Riau,2024,G,"Perdagangan Besar dan Eceran, Reparasi Mobil dan Sepeda Motor",Perdagangan,58811.160810593865,6.0510875277786536,ADHK,
Riau,2024,H,Transportasi dan Pergudangan,Transportasi,4512.885148684078,6.547178850330915,ADHK,
Riau,2024,I,Penyediaan Akomodasi dan Makan Minum,Akomodasi,2735.5456148538324,10.695105846572496,ADHK,
Riau,2024,J,Informasi dan Komunikasi,Infokom,7040.548351463201,7.560868558052203,ADHK,
Riau,2024,K,Jasa Keuangan dan Asuransi,Keuangan,5557.607280787539,1.2973722975962776,ADHK,
Riau,2024,L,Real Estate,Real Estate,5505.2603526845605,3.8502772538771213,ADHK,
Riau,2024,MN,Jasa Perusahaan,Jasa Perusahaan,29.773639086802735,8.414943779470452,ADHK,
Riau,2024,O,"Administrasi Pemerintahan, Pertahanan dan Jaminan Sosial Wajib",Adm. Pemerintahan,10179.872483753048,9.449561290984644,ADHK,
Riau,2024,P,Jasa Pendidikan,Pendidikan,3002.2007652612638,4.416827463664519,ADHK,
Riau,2024,Q,Jasa Kesehatan dan Kegiatan Sosial,Kesehatan,1526.1152774093923,6.6218524589030325,ADHK,
Riau,2024,RSTU,Jasa Lainnya,Jasa Lainnya,2838.3161619760895,7.538330814290117,ADHK,
Riau,2025,A,"Pertanian, Kehutanan dan Perikanan",Pertanian,162299.0892215177,4.898649887621609,ADHK,
Riau,2025,B,Pertambangan dan Penggalian,Pertambangan,80724.58488357873,0.12008137244037265,ADHK,
Riau,2025,C,Industri Pengolahan,Industri Pengolahan,191125.22629480565,6.3916990960603215,ADHK,
Riau,2025,D,Pengadaan Listrik dan Gas,Listrik & Gas,498.63756973012136,4.957675828195218,ADHK,
Riau,2025,E,"Pengadaan Air, Pengelolaan Sampah, Limbah dan Daur Ulang",Air & Sampah,85.45865549816929,6.932171748599858,ADHK,
Riau,2025,F,Konstruksi,Konstruksi,53357.132504927766,5.032928969502803,ADHK,
Riau,2025,G,"Perdagangan Besar dan Eceran, Reparasi Mobil dan Sepeda Motor",Perdagangan,61898.107636613495,5.248913273385969,ADHK,
Riau,2025,H,Transportasi dan Pergudangan,Transportasi,4675.5403035120735,3.6042387401643783,ADHK,
Riau,2025,I,Penyediaan Akomodasi dan Makan Minum,Akomodasi,2845.890706860582,4.033750759175181,ADHK,
Riau,2025,J,Informasi dan Komunikasi,Infokom,7450.0249996125685,5.815976649947574,ADHK,
Riau,2025,K,Jasa Keuangan dan Asuransi,Keuangan,5806.8100907561275,4.483994592962226,ADHK,
Riau,2025,L,Real Estate,Real Estate,5718.02915254683,3.864827205828991,ADHK,
Riau,2025,MN,Jasa Perusahaan,Jasa Perusahaan,32.58266090763859,9.434593509534972,ADHK,
Riau,2025,O,"Administrasi Pemerintahan, Pertahanan dan Jaminan Sosial Wajib",Adm. Pemerintahan,10670.248694376649,4.81711545411041,ADHK,
Riau,2025,P,Jasa Pendidikan,Pendidikan,3265.8356515727482,8.781387619443294,ADHK,
Riau,2025,Q,Jasa Kesehatan dan Kegiatan Sosial,Kesehatan,1660.006225455986,8.773318112238272,ADHK,
Riau,2025,RSTU,Jasa Lainnya,Jasa Lainnya,3162.144831296726,11.409182446228282,ADHK,
Riau,2026,A,"Pertanian, Kehutanan dan Perikanan",Pertanian,,,ADHK,
Riau,2026,B,Pertambangan dan Penggalian,Pertambangan,,,ADHK,
Riau,2026,C,Industri Pengolahan,Industri Pengolahan,,,ADHK,
Riau,2026,D,Pengadaan Listrik dan Gas,Listrik & Gas,,,ADHK,
Riau,2026,E,"Pengadaan Air, Pengelolaan Sampah, Limbah dan Daur Ulang",Air & Sampah,,,ADHK,
Riau,2026,F,Konstruksi,Konstruksi,,,ADHK,
Riau,2026,G,"Perdagangan Besar dan Eceran, Reparasi Mobil dan Sepeda Motor",Perdagangan,,,ADHK,
Riau,2026,H,Transportasi dan Pergudangan,Transportasi,,,ADHK,
Riau,2026,I,Penyediaan Akomodasi dan Makan Minum,Akomodasi,,,ADHK,
Riau,2026,J,Informasi dan Komunikasi,Infokom,,,ADHK,
Riau,2026,K,Jasa Keuangan dan Asuransi,Keuangan,,,ADHK,
Riau,2026,L,Real Estate,Real Estate,,,ADHK,
Riau,2026,MN,Jasa Perusahaan,Jasa Perusahaan,,,ADHK,
Riau,2026,O,"Administrasi Pemerintahan, Pertahanan dan Jaminan Sosial Wajib",Adm. Pemerintahan,,,ADHK,
Riau,2026,P,Jasa Pendidikan,Pendidikan,,,ADHK,
Riau,2026,Q,Jasa Kesehatan dan Kegiatan Sosial,Kesehatan,,,ADHK,
Riau,2026,RSTU,Jasa Lainnya,Jasa Lainnya,,,ADHK,
Sulawesi Barat,2020,A,"Pertanian, Kehutanan dan Perikanan",Pertanian,12930.940031263339,,ADHK,
Sulawesi Barat,2020,B,Pertambangan dan Penggalian,Pertambangan,709.4481829535023,,ADHK,
Sulawesi Barat,2020,C,Industri Pengolahan,Industri Pengolahan,3346.6097726372054,,ADHK,
Sulawesi Barat,2020,D,Pengadaan Listrik dan Gas,Listrik & Gas,25.409991455869136,,ADHK,
Sulawesi Barat,2020,E,"Pengadaan Air, Pengelolaan Sampah, Limbah dan Daur Ulang",Air & Sampah,60.39396603641573,,ADHK,
Sulawesi Barat,2020,F,Konstruksi,Konstruksi,2254.0531022490313,,ADHK,
Sulawesi Barat,2020,G,"Perdagangan Besar dan Eceran, Reparasi Mobil dan Sepeda Motor",Perdagangan,3108.695925875219,,ADHK,
Sulawesi Barat,2020,H,Transportasi dan Pergudangan,Transportasi,479.2481016775439,,ADHK,
Sulawesi Barat,2020,I,Penyediaan Akomodasi dan Makan Minum,Akomodasi,74.97097530947923,,ADHK,
Sulawesi Barat,2020,J,Informasi dan Komunikasi,Infokom,1770.9904934686679,,ADHK,
Sulawesi Barat,2020,K,Jasa Keuangan dan Asuransi,Keuangan,732.233680475351,,ADHK,
Sulawesi Barat,2020,L,Real Estate,Real Estate,928.1641862736502,,ADHK,
Sulawesi Barat,2020,MN,Jasa Perusahaan,Jasa Perusahaan,26.51636910306754,,ADHK,
Sulawesi Barat,2020,O,"Administrasi Pemerintahan, Pertahanan dan Jaminan Sosial Wajib",Adm. Pemerintahan,2619.7310802412803,,ADHK,
Sulawesi Barat,2020,P,Jasa Pendidikan,Pendidikan,1683.7868561189105,,ADHK,
Sulawesi Barat,2020,Q,Jasa Kesehatan dan Kegiatan Sosial,Kesehatan,689.6284613714392,,ADHK,
Sulawesi Barat,2020,RSTU,Jasa Lainnya,Jasa Lainnya,632.593693863633,,ADHK,
Sulawesi Barat,2021,A,"Pertanian, Kehutanan dan Perikanan",Pertanian,13081.193173385847,1.1619661197038944,ADHK,
Sulawesi Barat,2021,B,Pertambangan dan Penggalian,Pertambangan,773.8647643570374,9.079814840791123,ADHK,
Sulawesi Barat,2021,C,Industri Pengolahan,Industri Pengolahan,3543.6061329777376,5.886445499299864,ADHK,
Sulawesi Barat,2021,D,Pengadaan Listrik dan Gas,Listrik & Gas,25.975981886890843,2.2274325908558046,ADHK,
Sulawesi Barat,2021,E,"Pengadaan Air, Pengelolaan Sampah, Limbah dan Daur Ulang",Air & Sampah,60.20498623491838,-0.31291172595521166,ADHK,
Sulawesi Barat,2021,F,Konstruksi,Konstruksi,2516.1168154399406,11.62633271281095,ADHK,
Sulawesi Barat,2021,G,"Perdagangan Besar dan Eceran, Reparasi Mobil dan Sepeda Motor",Perdagangan,3219.564504103305,3.5664015031277696,ADHK,
Sulawesi Barat,2021,H,Transportasi dan Pergudangan,Transportasi,487.3744568360915,1.695646812183993,ADHK,
Sulawesi Barat,2021,I,Penyediaan Akomodasi dan Makan Minum,Akomodasi,78.30367794492237,4.445323835905546,ADHK,
Sulawesi Barat,2021,J,Informasi dan Komunikasi,Infokom,1764.0275549477105,-0.3931663409056263,ADHK,
Sulawesi Barat,2021,K,Jasa Keuangan dan Asuransi,Keuangan,776.2699998315961,6.013970748744812,ADHK,
Sulawesi Barat,2021,L,Real Estate,Real Estate,916.3481365958235,-1.2730559800271157,ADHK,
Sulawesi Barat,2021,MN,Jasa Perusahaan,Jasa Perusahaan,26.894889773960315,1.4274981217130112,ADHK,
Sulawesi Barat,2021,O,"Administrasi Pemerintahan, Pertahanan dan Jaminan Sosial Wajib",Adm. Pemerintahan,2623.081717555612,0.1279000481997361,ADHK,
Sulawesi Barat,2021,P,Jasa Pendidikan,Pendidikan,1653.482963392368,-1.7997463643582678,ADHK,
Sulawesi Barat,2021,Q,Jasa Kesehatan dan Kegiatan Sosial,Kesehatan,687.7080973376496,-0.2784635700752047,ADHK,
Sulawesi Barat,2021,RSTU,Jasa Lainnya,Jasa Lainnya,655.2685478273401,3.584426178076172,ADHK,
Sulawesi Barat,2022,A,"Pertanian, Kehutanan dan Perikanan",Pertanian,13519.591089645515,3.351360311317819,ADHK,
Sulawesi Barat,2022,B,Pertambangan dan Penggalian,Pertambangan,778.3429756395326,0.5786813780332745,ADHK,
Sulawesi Barat,2022,C,Industri Pengolahan,Industri Pengolahan,3517.267251964723,-0.7432790221209351,ADHK,
Sulawesi Barat,2022,D,Pengadaan Listrik dan Gas,Listrik & Gas,27.832827686909415,7.148318042813462,ADHK,
Sulawesi Barat,2022,E,"Pengadaan Air, Pengelolaan Sampah, Limbah dan Daur Ulang",Air & Sampah,60.05579165478889,-0.24781100280852897,ADHK,
Sulawesi Barat,2022,F,Konstruksi,Konstruksi,2475.8580074119564,-1.6000373186546568,ADHK,
Sulawesi Barat,2022,G,"Perdagangan Besar dan Eceran, Reparasi Mobil dan Sepeda Motor",Perdagangan,3273.658163551639,1.6801545482127311,ADHK,
Sulawesi Barat,2022,H,Transportasi dan Pergudangan,Transportasi,528.1835349231976,8.373249257260639,ADHK,
Sulawesi Barat,2022,I,Penyediaan Akomodasi dan Makan Minum,Akomodasi,87.6095330783111,11.884314220762814,ADHK,
Sulawesi Barat,2022,J,Informasi dan Komunikasi,Infokom,1805.8650394131764,2.3717024344728,ADHK,
Sulawesi Barat,2022,K,Jasa Keuangan dan Asuransi,Keuangan,766.5096813172922,-1.2573355297024635,ADHK,
Sulawesi Barat,2022,L,Real Estate,Real Estate,964.3314862596271,5.23636680727686,ADHK,
Sulawesi Barat,2022,MN,Jasa Perusahaan,Jasa Perusahaan,28.010529646065336,4.148148148148145,ADHK,
Sulawesi Barat,2022,O,"Administrasi Pemerintahan, Pertahanan dan Jaminan Sosial Wajib",Adm. Pemerintahan,2667.1570149278145,1.6802868579052443,ADHK,
Sulawesi Barat,2022,P,Jasa Pendidikan,Pendidikan,1708.6725684863773,3.337778877429698,ADHK,
Sulawesi Barat,2022,Q,Jasa Kesehatan dan Kegiatan Sosial,Kesehatan,741.6069744715919,7.837464375161929,ADHK,
Sulawesi Barat,2022,RSTU,Jasa Lainnya,Jasa Lainnya,688.2934554821398,5.039904290279118,ADHK,
Sulawesi Barat,2023,A,"Pertanian, Kehutanan dan Perikanan",Pertanian,14062.220853839248,4.013655151222184,ADHK,
Sulawesi Barat,2023,B,Pertambangan dan Penggalian,Pertambangan,814.9548407690869,4.703821615332471,ADHK,
Sulawesi Barat,2023,C,Industri Pengolahan,Industri Pengolahan,4030.1828203378946,14.582786340351594,ADHK,
Sulawesi Barat,2023,D,Pengadaan Listrik dan Gas,Listrik & Gas,30.63299087196416,10.060649304316804,ADHK,
Sulawesi Barat,2023,E,"Pengadaan Air, Pengelolaan Sampah, Limbah dan Daur Ulang",Air & Sampah,63.01979064669467,4.935409075852948,ADHK,
Sulawesi Barat,2023,F,Konstruksi,Konstruksi,2568.6704052199116,3.7486963117474126,ADHK,
Sulawesi Barat,2023,G,"Perdagangan Besar dan Eceran, Reparasi Mobil dan Sepeda Motor",Perdagangan,3453.840784124246,5.504014517420597,ADHK,
Sulawesi Barat,2023,H,Transportasi dan Pergudangan,Transportasi,582.4577372548306,10.275633135653294,ADHK,
Sulawesi Barat,2023,I,Penyediaan Akomodasi dan Makan Minum,Akomodasi,96.78682698243941,10.475222937126084,ADHK,
Sulawesi Barat,2023,J,Informasi dan Komunikasi,Infokom,1977.0455910172295,9.479144225510838,ADHK,
Sulawesi Barat,2023,K,Jasa Keuangan dan Asuransi,Keuangan,734.8311040308463,-4.132834595383638,ADHK,
Sulawesi Barat,2023,L,Real Estate,Real Estate,1012.5545529075963,5.00067324722675,ADHK,
Sulawesi Barat,2023,MN,Jasa Perusahaan,Jasa Perusahaan,30.192004038842118,7.788051209103841,ADHK,
Sulawesi Barat,2023,O,"Administrasi Pemerintahan, Pertahanan dan Jaminan Sosial Wajib",Adm. Pemerintahan,2708.965412277265,1.5675266628643492,ADHK,
Sulawesi Barat,2023,P,Jasa Pendidikan,Pendidikan,1756.7975848249068,2.8165148329829526,ADHK,
Sulawesi Barat,2023,Q,Jasa Kesehatan dan Kegiatan Sosial,Kesehatan,746.8434310379564,0.7060959169235881,ADHK,
Sulawesi Barat,2023,RSTU,Jasa Lainnya,Jasa Lainnya,721.3282864865954,4.799527111777513,ADHK,
Sulawesi Barat,2024,A,"Pertanian, Kehutanan dan Perikanan",Pertanian,14734.079060586791,4.777753199375434,ADHK,
Sulawesi Barat,2024,B,Pertambangan dan Penggalian,Pertambangan,894.3983089205501,9.748204952864747,ADHK,
Sulawesi Barat,2024,C,Industri Pengolahan,Industri Pengolahan,3962.2577836635264,-1.6854083227091254,ADHK,
Sulawesi Barat,2024,D,Pengadaan Listrik dan Gas,Listrik & Gas,33.59202856397237,9.65964343598056,ADHK,
Sulawesi Barat,2024,E,"Pengadaan Air, Pengelolaan Sampah, Limbah dan Daur Ulang",Air & Sampah,66.84911820335147,6.076388888888884,ADHK,
Sulawesi Barat,2024,F,Konstruksi,Konstruksi,2735.9263860941905,6.511383497641066,ADHK,
Sulawesi Barat,2024,G,"Perdagangan Besar dan Eceran, Reparasi Mobil dan Sepeda Motor",Perdagangan,3661.3044708310135,6.006753051859981,ADHK,
Sulawesi Barat,2024,H,Transportasi dan Pergudangan,Transportasi,631.9644778934489,8.499627951024834,ADHK,
Sulawesi Barat,2024,I,Penyediaan Akomodasi dan Makan Minum,Akomodasi,103.78846931446833,7.234086032492071,ADHK,
Sulawesi Barat,2024,J,Informasi dan Komunikasi,Infokom,2106.1791714667906,6.531644036752815,ADHK,
Sulawesi Barat,2024,K,Jasa Keuangan dan Asuransi,Keuangan,756.1299771859087,2.898471912556433,ADHK,
Sulawesi Barat,2024,L,Real Estate,Real Estate,1093.009565718158,7.945745992601738,ADHK,
Sulawesi Barat,2024,MN,Jasa Perusahaan,Jasa Perusahaan,32.80180445394493,8.64401187726822,ADHK,
Sulawesi Barat,2024,O,"Administrasi Pemerintahan, Pertahanan dan Jaminan Sosial Wajib",Adm. Pemerintahan,2818.1842576717263,4.031754886920003,ADHK,
Sulawesi Barat,2024,P,Jasa Pendidikan,Pendidikan,1868.0748359564186,6.334096317795335,ADHK,
Sulawesi Barat,2024,Q,Jasa Kesehatan dan Kegiatan Sosial,Kesehatan,816.1349167932541,9.277913264765147,ADHK,
Sulawesi Barat,2024,RSTU,Jasa Lainnya,Jasa Lainnya,763.5521392724045,5.853624982803685,ADHK,
Sulawesi Barat,2025,A,"Pertanian, Kehutanan dan Perikanan",Pertanian,15625.850558630238,6.0524413801260835,ADHK,
Sulawesi Barat,2025,B,Pertambangan dan Penggalian,Pertambangan,918.2024897821685,2.6614742698191973,ADHK,
Sulawesi Barat,2025,C,Industri Pengolahan,Industri Pengolahan,4588.741969907063,15.811292966009049,ADHK,
Sulawesi Barat,2025,D,Pengadaan Listrik dan Gas,Listrik & Gas,36.02479445169724,7.242092817026302,ADHK,
Sulawesi Barat,2025,E,"Pengadaan Air, Pengelolaan Sampah, Limbah dan Daur Ulang",Air & Sampah,64.74050147085474,-3.154292515994639,ADHK,
Sulawesi Barat,2025,F,Konstruksi,Konstruksi,2533.918329193811,-7.383534071937003,ADHK,
Sulawesi Barat,2025,G,"Perdagangan Besar dan Eceran, Reparasi Mobil dan Sepeda Motor",Perdagangan,3879.861992615356,5.969389421872795,ADHK,
Sulawesi Barat,2025,H,Transportasi dan Pergudangan,Transportasi,670.0746210551708,6.030424888556385,ADHK,
Sulawesi Barat,2025,I,Penyediaan Akomodasi dan Makan Minum,Akomodasi,114.55794459636029,10.37636969985709,ADHK,
Sulawesi Barat,2025,J,Informasi dan Komunikasi,Infokom,2172.646305227735,3.155815737872625,ADHK,
Sulawesi Barat,2025,K,Jasa Keuangan dan Asuransi,Keuangan,839.0277489686043,10.963428813021858,ADHK,
Sulawesi Barat,2025,L,Real Estate,Real Estate,1130.7050614781901,3.4487800420359926,ADHK,
Sulawesi Barat,2025,MN,Jasa Perusahaan,Jasa Perusahaan,35.6705926965007,8.745824476161545,ADHK,
Sulawesi Barat,2025,O,"Administrasi Pemerintahan, Pertahanan dan Jaminan Sosial Wajib",Adm. Pemerintahan,2846.669646115525,1.010770973056685,ADHK,
Sulawesi Barat,2025,P,Jasa Pendidikan,Pendidikan,1976.9173983077935,5.826456213444442,ADHK,
Sulawesi Barat,2025,Q,Jasa Kesehatan dan Kegiatan Sosial,Kesehatan,822.3612517275516,0.7629051038230195,ADHK,
Sulawesi Barat,2025,RSTU,Jasa Lainnya,Jasa Lainnya,812.8711870621745,6.45915913964521,ADHK,
Sulawesi Barat,2026,A,"Pertanian, Kehutanan dan Perikanan",Pertanian,,,ADHK,
Sulawesi Barat,2026,B,Pertambangan dan Penggalian,Pertambangan,,,ADHK,
Sulawesi Barat,2026,C,Industri Pengolahan,Industri Pengolahan,,,ADHK,
Sulawesi Barat,2026,D,Pengadaan Listrik dan Gas,Listrik & Gas,,,ADHK,
Sulawesi Barat,2026,E,"Pengadaan Air, Pengelolaan Sampah, Limbah dan Daur Ulang",Air & Sampah,,,ADHK,
Sulawesi Barat,2026,F,Konstruksi,Konstruksi,,,ADHK,
Sulawesi Barat,2026,G,"Perdagangan Besar dan Eceran, Reparasi Mobil dan Sepeda Motor",Perdagangan,,,ADHK,
Sulawesi Barat,2026,H,Transportasi dan Pergudangan,Transportasi,,,ADHK,
Sulawesi Barat,2026,I,Penyediaan Akomodasi dan Makan Minum,Akomodasi,,,ADHK,
Sulawesi Barat,2026,J,Informasi dan Komunikasi,Infokom,,,ADHK,
Sulawesi Barat,2026,K,Jasa Keuangan dan Asuransi,Keuangan,,,ADHK,
Sulawesi Barat,2026,L,Real Estate,Real Estate,,,ADHK,
Sulawesi Barat,2026,MN,Jasa Perusahaan,Jasa Perusahaan,,,ADHK,
Sulawesi Barat,2026,O,"Administrasi Pemerintahan, Pertahanan dan Jaminan Sosial Wajib",Adm. Pemerintahan,,,ADHK,
Sulawesi Barat,2026,P,Jasa Pendidikan,Pendidikan,,,ADHK,
Sulawesi Barat,2026,Q,Jasa Kesehatan dan Kegiatan Sosial,Kesehatan,,,ADHK,
Sulawesi Barat,2026,RSTU,Jasa Lainnya,Jasa Lainnya,,,ADHK,
Sulawesi Selatan,2020,A,"Pertanian, Kehutanan dan Perikanan",Pertanian,67015.48514489933,,ADHK,
Sulawesi Selatan,2020,B,Pertambangan dan Penggalian,Pertambangan,17246.726129080216,,ADHK,
Sulawesi Selatan,2020,C,Industri Pengolahan,Industri Pengolahan,42030.124468463066,,ADHK,
Sulawesi Selatan,2020,D,Pengadaan Listrik dan Gas,Listrik & Gas,316.4382992245555,,ADHK,
Sulawesi Selatan,2020,E,"Pengadaan Air, Pengelolaan Sampah, Limbah dan Daur Ulang",Air & Sampah,392.04357135892,,ADHK,
Sulawesi Selatan,2020,F,Konstruksi,Konstruksi,40958.62270164471,,ADHK,
Sulawesi Selatan,2020,G,"Perdagangan Besar dan Eceran, Reparasi Mobil dan Sepeda Motor",Perdagangan,49637.51608209347,,ADHK,
Sulawesi Selatan,2020,H,Transportasi dan Pergudangan,Transportasi,9269.629903016837,,ADHK,
Sulawesi Selatan,2020,I,Penyediaan Akomodasi dan Makan Minum,Akomodasi,4189.741236319733,,ADHK,
Sulawesi Selatan,2020,J,Informasi dan Komunikasi,Infokom,25806.645269992183,,ADHK,
Sulawesi Selatan,2020,K,Jasa Keuangan dan Asuransi,Keuangan,11446.226223451173,,ADHK,
Sulawesi Selatan,2020,L,Real Estate,Real Estate,11689.948555947996,,ADHK,
Sulawesi Selatan,2020,MN,Jasa Perusahaan,Jasa Perusahaan,1350.521909464274,,ADHK,
Sulawesi Selatan,2020,O,"Administrasi Pemerintahan, Pertahanan dan Jaminan Sosial Wajib",Adm. Pemerintahan,14334.076143430726,,ADHK,
Sulawesi Selatan,2020,P,Jasa Pendidikan,Pendidikan,19422.70978707826,,ADHK,
Sulawesi Selatan,2020,Q,Jasa Kesehatan dan Kegiatan Sosial,Kesehatan,7308.064115990768,,ADHK,
Sulawesi Selatan,2020,RSTU,Jasa Lainnya,Jasa Lainnya,4183.068967244276,,ADHK,
Sulawesi Selatan,2021,A,"Pertanian, Kehutanan dan Perikanan",Pertanian,71289.24421982936,6.37727096310563,ADHK,
Sulawesi Selatan,2021,B,Pertambangan dan Penggalian,Pertambangan,17144.66271816184,-0.5917842618622271,ADHK,
Sulawesi Selatan,2021,C,Industri Pengolahan,Industri Pengolahan,43300.80600859896,3.0232638047249516,ADHK,
Sulawesi Selatan,2021,D,Pengadaan Listrik dan Gas,Listrik & Gas,350.8147706666107,10.863562194050491,ADHK,
Sulawesi Selatan,2021,E,"Pengadaan Air, Pengelolaan Sampah, Limbah dan Daur Ulang",Air & Sampah,407.9775525167491,4.064339354576818,ADHK,
Sulawesi Selatan,2021,F,Konstruksi,Konstruksi,42655.15586764615,4.142065953632068,ADHK,
Sulawesi Selatan,2021,G,"Perdagangan Besar dan Eceran, Reparasi Mobil dan Sepeda Motor",Perdagangan,52862.891642665985,6.4978585053252935,ADHK,
Sulawesi Selatan,2021,H,Transportasi dan Pergudangan,Transportasi,9752.611203003582,5.210362280262726,ADHK,
Sulawesi Selatan,2021,I,Penyediaan Akomodasi dan Makan Minum,Akomodasi,4313.674261326776,2.958011438336605,ADHK,
Sulawesi Selatan,2021,J,Informasi dan Komunikasi,Infokom,27455.066099267435,6.387582779665002,ADHK,
Sulawesi Selatan,2021,K,Jasa Keuangan dan Asuransi,Keuangan,11576.247252584915,1.1359292276379662,ADHK,
Sulawesi Selatan,2021,L,Real Estate,Real Estate,11991.332734290128,2.5781480294777115,ADHK,
Sulawesi Selatan,2021,MN,Jasa Perusahaan,Jasa Perusahaan,1434.663070175623,6.230269951320255,ADHK,
Sulawesi Selatan,2021,O,"Administrasi Pemerintahan, Pertahanan dan Jaminan Sosial Wajib",Adm. Pemerintahan,14752.428565612132,2.9185865764577823,ADHK,
Sulawesi Selatan,2021,P,Jasa Pendidikan,Pendidikan,20134.706581777777,3.665795362772717,ADHK,
Sulawesi Selatan,2021,Q,Jasa Kesehatan dan Kegiatan Sosial,Kesehatan,7875.8385502696765,7.7691496033342355,ADHK,
Sulawesi Selatan,2021,RSTU,Jasa Lainnya,Jasa Lainnya,4499.306274078157,7.559935284600683,ADHK,
Sulawesi Selatan,2022,A,"Pertanian, Kehutanan dan Perikanan",Pertanian,73118.04858120462,2.5653299896628345,ADHK,
Sulawesi Selatan,2022,B,Pertambangan dan Penggalian,Pertambangan,17200.00345803285,0.32278698496872593,ADHK,
Sulawesi Selatan,2022,C,Industri Pengolahan,Industri Pengolahan,47513.29789829847,9.72843759273896,ADHK,
Sulawesi Selatan,2022,D,Pengadaan Listrik dan Gas,Listrik & Gas,402.3596185163241,14.692895556184538,ADHK,
Sulawesi Selatan,2022,E,"Pengadaan Air, Pengelolaan Sampah, Limbah dan Daur Ulang",Air & Sampah,434.43472472637785,6.484957823394599,ADHK,
Sulawesi Selatan,2022,F,Konstruksi,Konstruksi,43333.88259424428,1.591195044988547,ADHK,
Sulawesi Selatan,2022,G,"Perdagangan Besar dan Eceran, Reparasi Mobil dan Sepeda Motor",Perdagangan,56326.540453489535,6.552136485905002,ADHK,
Sulawesi Selatan,2022,H,Transportasi dan Pergudangan,Transportasi,11819.719552278926,21.19543480456518,ADHK,
Sulawesi Selatan,2022,I,Penyediaan Akomodasi dan Makan Minum,Akomodasi,5096.364914389529,18.144407890966185,ADHK,
Sulawesi Selatan,2022,J,Informasi dan Komunikasi,Infokom,28895.49657300979,5.246501569270623,ADHK,
Sulawesi Selatan,2022,K,Jasa Keuangan dan Asuransi,Keuangan,11709.115457539101,1.1477657832897226,ADHK,
Sulawesi Selatan,2022,L,Real Estate,Real Estate,12454.186277883106,3.8599007620680137,ADHK,
Sulawesi Selatan,2022,MN,Jasa Perusahaan,Jasa Perusahaan,1637.8390208124633,14.161927971838617,ADHK,
Sulawesi Selatan,2022,O,"Administrasi Pemerintahan, Pertahanan dan Jaminan Sosial Wajib",Adm. Pemerintahan,15045.644129520013,1.98757487693495,ADHK,
Sulawesi Selatan,2022,P,Jasa Pendidikan,Pendidikan,20705.19208024818,2.8333439881696787,ADHK,
Sulawesi Selatan,2022,Q,Jasa Kesehatan dan Kegiatan Sosial,Kesehatan,8556.300737954058,8.639869689318115,ADHK,
Sulawesi Selatan,2022,RSTU,Jasa Lainnya,Jasa Lainnya,4929.245321269219,9.555674163994322,ADHK,
Sulawesi Selatan,2023,A,"Pertanian, Kehutanan dan Perikanan",Pertanian,73182.4804195455,0.08812029258320475,ADHK,
Sulawesi Selatan,2023,B,Pertambangan dan Penggalian,Pertambangan,19544.257500193384,13.62938122588404,ADHK,
Sulawesi Selatan,2023,C,Industri Pengolahan,Industri Pengolahan,49558.37790760663,4.30422660554024,ADHK,
Sulawesi Selatan,2023,D,Pengadaan Listrik dan Gas,Listrik & Gas,437.07369828565527,8.627625182004394,ADHK,
Sulawesi Selatan,2023,E,"Pengadaan Air, Pengelolaan Sampah, Limbah dan Daur Ulang",Air & Sampah,447.2157270908038,2.9419845231008823,ADHK,
Sulawesi Selatan,2023,F,Konstruksi,Konstruksi,45588.05306911147,5.201865930117688,ADHK,
Sulawesi Selatan,2023,G,"Perdagangan Besar dan Eceran, Reparasi Mobil dan Sepeda Motor",Perdagangan,59003.64333456784,4.75282674832278,ADHK,
Sulawesi Selatan,2023,H,Transportasi dan Pergudangan,Transportasi,12829.032563225466,8.539229771758317,ADHK,
Sulawesi Selatan,2023,I,Penyediaan Akomodasi dan Makan Minum,Akomodasi,5438.60479600609,6.715372375519069,ADHK,
Sulawesi Selatan,2023,J,Informasi dan Komunikasi,Infokom,30877.49004011068,6.859177734125521,ADHK,
Sulawesi Selatan,2023,K,Jasa Keuangan dan Asuransi,Keuangan,12049.867457748305,2.910142968910656,ADHK,
Sulawesi Selatan,2023,L,Real Estate,Real Estate,13078.938679656889,5.016404828336762,ADHK,
Sulawesi Selatan,2023,MN,Jasa Perusahaan,Jasa Perusahaan,1789.825031246199,9.279667201868325,ADHK,
Sulawesi Selatan,2023,O,"Administrasi Pemerintahan, Pertahanan dan Jaminan Sosial Wajib",Adm. Pemerintahan,15551.212547313637,3.360231130295599,ADHK,
Sulawesi Selatan,2023,P,Jasa Pendidikan,Pendidikan,21283.241079109335,2.7918069855173533,ADHK,
Sulawesi Selatan,2023,Q,Jasa Kesehatan dan Kegiatan Sosial,Kesehatan,9183.794534170354,7.3337043125758505,ADHK,
Sulawesi Selatan,2023,RSTU,Jasa Lainnya,Jasa Lainnya,5482.333137689866,11.22053743265985,ADHK,
Sulawesi Selatan,2024,A,"Pertanian, Kehutanan dan Perikanan",Pertanian,76161.83740040255,4.071134189189518,ADHK,
Sulawesi Selatan,2024,B,Pertambangan dan Penggalian,Pertambangan,20030.99926027809,2.4904592056254504,ADHK,
Sulawesi Selatan,2024,C,Industri Pengolahan,Industri Pengolahan,51957.78021554044,4.841567479079112,ADHK,
Sulawesi Selatan,2024,D,Pengadaan Listrik dan Gas,Listrik & Gas,443.4386082204783,1.4562555376331776,ADHK,
Sulawesi Selatan,2024,E,"Pengadaan Air, Pengelolaan Sampah, Limbah dan Daur Ulang",Air & Sampah,469.13738406449613,4.901808153370535,ADHK,
Sulawesi Selatan,2024,F,Konstruksi,Konstruksi,46063.91100627606,1.0438215829116304,ADHK,
Sulawesi Selatan,2024,G,"Perdagangan Besar dan Eceran, Reparasi Mobil dan Sepeda Motor",Perdagangan,62309.36696752159,5.602575444721847,ADHK,
Sulawesi Selatan,2024,H,Transportasi dan Pergudangan,Transportasi,13481.613357902963,5.086749850087102,ADHK,
Sulawesi Selatan,2024,I,Penyediaan Akomodasi dan Makan Minum,Akomodasi,5783.079665146717,6.333883083278957,ADHK,
Sulawesi Selatan,2024,J,Informasi dan Komunikasi,Infokom,33015.98003947057,6.9257248454519305,ADHK,
Sulawesi Selatan,2024,K,Jasa Keuangan dan Asuransi,Keuangan,12835.058608483969,6.516180808534711,ADHK,
Sulawesi Selatan,2024,L,Real Estate,Real Estate,13870.753842978711,6.054123982960635,ADHK,
Sulawesi Selatan,2024,MN,Jasa Perusahaan,Jasa Perusahaan,1904.3873006129834,6.40075244042253,ADHK,
Sulawesi Selatan,2024,O,"Administrasi Pemerintahan, Pertahanan dan Jaminan Sosial Wajib",Adm. Pemerintahan,16235.28939935507,4.398865040010036,ADHK,
Sulawesi Selatan,2024,P,Jasa Pendidikan,Pendidikan,22905.68176055496,7.623090277533606,ADHK,
Sulawesi Selatan,2024,Q,Jasa Kesehatan dan Kegiatan Sosial,Kesehatan,10434.47615570244,13.61835368679738,ADHK,
Sulawesi Selatan,2024,RSTU,Jasa Lainnya,Jasa Lainnya,6281.004011394463,14.568083581311498,ADHK,
Sulawesi Selatan,2025,A,"Pertanian, Kehutanan dan Perikanan",Pertanian,81540.23925686457,7.061806857660691,ADHK,
Sulawesi Selatan,2025,B,Pertambangan dan Penggalian,Pertambangan,20953.132624408227,4.603531517065873,ADHK,
Sulawesi Selatan,2025,C,Industri Pengolahan,Industri Pengolahan,54574.44636293819,5.036139220233871,ADHK,
Sulawesi Selatan,2025,D,Pengadaan Listrik dan Gas,Listrik & Gas,430.49033590377127,-2.9199695463298703,ADHK,
Sulawesi Selatan,2025,E,"Pengadaan Air, Pengelolaan Sampah, Limbah dan Daur Ulang",Air & Sampah,483.57941942103037,3.0784234740390604,ADHK,
Sulawesi Selatan,2025,F,Konstruksi,Konstruksi,47799.020639445225,3.7667440633357474,ADHK,
Sulawesi Selatan,2025,G,"Perdagangan Besar dan Eceran, Reparasi Mobil dan Sepeda Motor",Perdagangan,65308.17113083594,4.812766216799247,ADHK,
Sulawesi Selatan,2025,H,Transportasi dan Pergudangan,Transportasi,14130.441254016332,4.812687316336839,ADHK,
Sulawesi Selatan,2025,I,Penyediaan Akomodasi dan Makan Minum,Akomodasi,6167.408515358073,6.645747118574485,ADHK,
Sulawesi Selatan,2025,J,Informasi dan Komunikasi,Infokom,34778.670869831156,5.338902035478865,ADHK,
Sulawesi Selatan,2025,K,Jasa Keuangan dan Asuransi,Keuangan,13973.219640230262,8.867595127255345,ADHK,
Sulawesi Selatan,2025,L,Real Estate,Real Estate,14792.096083411318,6.642337185581182,ADHK,
Sulawesi Selatan,2025,MN,Jasa Perusahaan,Jasa Perusahaan,2035.5347520070432,6.886595565505305,ADHK,
Sulawesi Selatan,2025,O,"Administrasi Pemerintahan, Pertahanan dan Jaminan Sosial Wajib",Adm. Pemerintahan,16583.049759424444,2.1420028403262625,ADHK,
Sulawesi Selatan,2025,P,Jasa Pendidikan,Pendidikan,23852.03730680808,4.1315318886635755,ADHK,
Sulawesi Selatan,2025,Q,Jasa Kesehatan dan Kegiatan Sosial,Kesehatan,11246.899028615944,7.785947859677811,ADHK,
Sulawesi Selatan,2025,RSTU,Jasa Lainnya,Jasa Lainnya,6959.135956828973,10.79655329314071,ADHK,
Sulawesi Selatan,2026,A,"Pertanian, Kehutanan dan Perikanan",Pertanian,,,ADHK,
Sulawesi Selatan,2026,B,Pertambangan dan Penggalian,Pertambangan,,,ADHK,
Sulawesi Selatan,2026,C,Industri Pengolahan,Industri Pengolahan,,,ADHK,
Sulawesi Selatan,2026,D,Pengadaan Listrik dan Gas,Listrik & Gas,,,ADHK,
Sulawesi Selatan,2026,E,"Pengadaan Air, Pengelolaan Sampah, Limbah dan Daur Ulang",Air & Sampah,,,ADHK,
Sulawesi Selatan,2026,F,Konstruksi,Konstruksi,,,ADHK,
Sulawesi Selatan,2026,G,"Perdagangan Besar dan Eceran, Reparasi Mobil dan Sepeda Motor",Perdagangan,,,ADHK,
Sulawesi Selatan,2026,H,Transportasi dan Pergudangan,Transportasi,,,ADHK,
Sulawesi Selatan,2026,I,Penyediaan Akomodasi dan Makan Minum,Akomodasi,,,ADHK,
Sulawesi Selatan,2026,J,Informasi dan Komunikasi,Infokom,,,ADHK,
Sulawesi Selatan,2026,K,Jasa Keuangan dan Asuransi,Keuangan,,,ADHK,
Sulawesi Selatan,2026,L,Real Estate,Real Estate,,,ADHK,
Sulawesi Selatan,2026,MN,Jasa Perusahaan,Jasa Perusahaan,,,ADHK,
Sulawesi Selatan,2026,O,"Administrasi Pemerintahan, Pertahanan dan Jaminan Sosial Wajib",Adm. Pemerintahan,,,ADHK,
Sulawesi Selatan,2026,P,Jasa Pendidikan,Pendidikan,,,ADHK,
Sulawesi Selatan,2026,Q,Jasa Kesehatan dan Kegiatan Sosial,Kesehatan,,,ADHK,
Sulawesi Selatan,2026,RSTU,Jasa Lainnya,Jasa Lainnya,,,ADHK,
Sulawesi Tengah,2020,A,"Pertanian, Kehutanan dan Perikanan",Pertanian,29985.43665726087,,ADHK,
Sulawesi Tengah,2020,B,Pertambangan dan Penggalian,Pertambangan,21933.482735210804,,ADHK,
Sulawesi Tengah,2020,C,Industri Pengolahan,Industri Pengolahan,35823.86475727,,ADHK,
Sulawesi Tengah,2020,D,Pengadaan Listrik dan Gas,Listrik & Gas,52.52788386148798,,ADHK,
Sulawesi Tengah,2020,E,"Pengadaan Air, Pengelolaan Sampah, Limbah dan Daur Ulang",Air & Sampah,135.52835658962465,,ADHK,
Sulawesi Tengah,2020,F,Konstruksi,Konstruksi,11489.263254623816,,ADHK,
Sulawesi Tengah,2020,G,"Perdagangan Besar dan Eceran, Reparasi Mobil dan Sepeda Motor",Perdagangan,8659.261572154208,,ADHK,
Sulawesi Tengah,2020,H,Transportasi dan Pergudangan,Transportasi,2713.5229641598116,,ADHK,
Sulawesi Tengah,2020,I,Penyediaan Akomodasi dan Makan Minum,Akomodasi,457.97465592692026,,ADHK,
Sulawesi Tengah,2020,J,Informasi dan Komunikasi,Infokom,4831.640897920738,,ADHK,
Sulawesi Tengah,2020,K,Jasa Keuangan dan Asuransi,Keuangan,2456.6232186063585,,ADHK,
Sulawesi Tengah,2020,L,Real Estate,Real Estate,1900.256509895637,,ADHK,
Sulawesi Tengah,2020,MN,Jasa Perusahaan,Jasa Perusahaan,253.78814876331887,,ADHK,
Sulawesi Tengah,2020,O,"Administrasi Pemerintahan, Pertahanan dan Jaminan Sosial Wajib",Adm. Pemerintahan,6430.081799625643,,ADHK,
Sulawesi Tengah,2020,P,Jasa Pendidikan,Pendidikan,3819.8570660791083,,ADHK,
Sulawesi Tengah,2020,Q,Jasa Kesehatan dan Kegiatan Sosial,Kesehatan,1616.154613756562,,ADHK,
Sulawesi Tengah,2020,RSTU,Jasa Lainnya,Jasa Lainnya,818.8847369536434,,ADHK,
Sulawesi Tengah,2021,A,"Pertanian, Kehutanan dan Perikanan",Pertanian,31200.775748570228,4.053097859473942,ADHK,
Sulawesi Tengah,2021,B,Pertambangan dan Penggalian,Pertambangan,24619.58352351576,12.246576709830205,ADHK,
Sulawesi Tengah,2021,C,Industri Pengolahan,Industri Pengolahan,42851.7285785408,19.617827023659107,ADHK,
Sulawesi Tengah,2021,D,Pengadaan Listrik dan Gas,Listrik & Gas,54.64290073530593,4.026465028355397,ADHK,
Sulawesi Tengah,2021,E,"Pengadaan Air, Pengelolaan Sampah, Limbah dan Daur Ulang",Air & Sampah,140.9590393063379,4.007045354469385,ADHK,
Sulawesi Tengah,2021,F,Konstruksi,Konstruksi,13584.912227617939,18.240064019342018,ADHK,
Sulawesi Tengah,2021,G,"Perdagangan Besar dan Eceran, Reparasi Mobil dan Sepeda Motor",Perdagangan,9639.097393924909,11.315466262407202,ADHK,
Sulawesi Tengah,2021,H,Transportasi dan Pergudangan,Transportasi,2889.672793614728,6.49155477147243,ADHK,
Sulawesi Tengah,2021,I,Penyediaan Akomodasi dan Makan Minum,Akomodasi,519.2192476815179,13.372921615201893,ADHK,
Sulawesi Tengah,2021,J,Informasi dan Komunikasi,Infokom,5241.875688373248,8.490589410919402,ADHK,
Sulawesi Tengah,2021,K,Jasa Keuangan dan Asuransi,Keuangan,2709.4923918244344,10.293364131009408,ADHK,
Sulawesi Tengah,2021,L,Real Estate,Real Estate,1945.8027368870908,2.396846254927709,ADHK,
Sulawesi Tengah,2021,MN,Jasa Perusahaan,Jasa Perusahaan,261.6673553600606,3.104639296648082,ADHK,
Sulawesi Tengah,2021,O,"Administrasi Pemerintahan, Pertahanan dan Jaminan Sosial Wajib",Adm. Pemerintahan,6808.614333249488,5.886900749005752,ADHK,
Sulawesi Tengah,2021,P,Jasa Pendidikan,Pendidikan,3850.001307082363,0.7891457843001382,ADHK,
Sulawesi Tengah,2021,Q,Jasa Kesehatan dan Kegiatan Sosial,Kesehatan,1700.215084761417,5.201264179141019,ADHK,
Sulawesi Tengah,2021,RSTU,Jasa Lainnya,Jasa Lainnya,842.0458350504891,2.828370960119253,ADHK,
Sulawesi Tengah,2022,A,"Pertanian, Kehutanan dan Perikanan",Pertanian,32058.431505193046,2.748828309700335,ADHK,
Sulawesi Tengah,2022,B,Pertambangan dan Penggalian,Pertambangan,29676.031398387262,20.53831605251064,ADHK,
Sulawesi Tengah,2022,C,Industri Pengolahan,Industri Pengolahan,55663.36899310698,29.897604693085754,ADHK,
Sulawesi Tengah,2022,D,Pengadaan Listrik dan Gas,Listrik & Gas,59.69709598776289,9.249500272578581,ADHK,
Sulawesi Tengah,2022,E,"Pengadaan Air, Pengelolaan Sampah, Limbah dan Daur Ulang",Air & Sampah,145.62385651171982,3.309342365227219,ADHK,
Sulawesi Tengah,2022,F,Konstruksi,Konstruksi,14821.471884112081,9.102448626647973,ADHK,
Sulawesi Tengah,2022,G,"Perdagangan Besar dan Eceran, Reparasi Mobil dan Sepeda Motor",Perdagangan,10741.593354477849,11.437751020627651,ADHK,
Sulawesi Tengah,2022,H,Transportasi dan Pergudangan,Transportasi,3648.3985618540546,26.256459551955945,ADHK,
Sulawesi Tengah,2022,I,Penyediaan Akomodasi dan Makan Minum,Akomodasi,580.8989697505355,11.879321181646763,ADHK,
Sulawesi Tengah,2022,J,Informasi dan Komunikasi,Infokom,5491.434188342862,4.760862614944283,ADHK,
Sulawesi Tengah,2022,K,Jasa Keuangan dan Asuransi,Keuangan,2681.6599994182416,-1.0272179575101847,ADHK,
Sulawesi Tengah,2022,L,Real Estate,Real Estate,2118.438918316979,8.872234484882725,ADHK,
Sulawesi Tengah,2022,MN,Jasa Perusahaan,Jasa Perusahaan,279.65704829775405,6.875023792302715,ADHK,
Sulawesi Tengah,2022,O,"Administrasi Pemerintahan, Pertahanan dan Jaminan Sosial Wajib",Adm. Pemerintahan,6796.196095844146,-0.18239008405421808,ADHK,
Sulawesi Tengah,2022,P,Jasa Pendidikan,Pendidikan,3977.7127074798,3.3171781049139426,ADHK,
Sulawesi Tengah,2022,Q,Jasa Kesehatan dan Kegiatan Sosial,Kesehatan,1741.3841260837432,2.4214019562179834,ADHK,
Sulawesi Tengah,2022,RSTU,Jasa Lainnya,Jasa Lainnya,899.2340991173793,6.791585646102161,ADHK,
Sulawesi Tengah,2023,A,"Pertanian, Kehutanan dan Perikanan",Pertanian,32651.34829780097,1.8494878407007587,ADHK,
Sulawesi Tengah,2023,B,Pertambangan dan Penggalian,Pertambangan,33077.083593732874,11.460603170579065,ADHK,
Sulawesi Tengah,2023,C,Industri Pengolahan,Industri Pengolahan,69837.01740730065,25.463152285929457,ADHK,
Sulawesi Tengah,2023,D,Pengadaan Listrik dan Gas,Listrik & Gas,63.65902900491483,6.636726546906191,ADHK,
Sulawesi Tengah,2023,E,"Pengadaan Air, Pengelolaan Sampah, Limbah dan Daur Ulang",Air & Sampah,149.76151953397755,2.8413359743186817,ADHK,
Sulawesi Tengah,2023,F,Konstruksi,Konstruksi,14973.273803595637,1.02420272878756,ADHK,
Sulawesi Tengah,2023,G,"Perdagangan Besar dan Eceran, Reparasi Mobil dan Sepeda Motor",Perdagangan,11360.635332310581,5.76303679914183,ADHK,
Sulawesi Tengah,2023,H,Transportasi dan Pergudangan,Transportasi,3871.602450208828,6.117859235240597,ADHK,
Sulawesi Tengah,2023,I,Penyediaan Akomodasi dan Makan Minum,Akomodasi,636.5758713456243,9.5846101464079,ADHK,
Sulawesi Tengah,2023,J,Informasi dan Komunikasi,Infokom,5866.3355572463315,6.827021066724326,ADHK,
Sulawesi Tengah,2023,K,Jasa Keuangan dan Asuransi,Keuangan,2712.7491613594016,1.1593252667342124,ADHK,
Sulawesi Tengah,2023,L,Real Estate,Real Estate,2278.0604651482126,7.53486661574585,ADHK,
Sulawesi Tengah,2023,MN,Jasa Perusahaan,Jasa Perusahaan,295.38557828037744,5.624220837043614,ADHK,
Sulawesi Tengah,2023,O,"Administrasi Pemerintahan, Pertahanan dan Jaminan Sosial Wajib",Adm. Pemerintahan,6937.300679716534,2.076228847467676,ADHK,
Sulawesi Tengah,2023,P,Jasa Pendidikan,Pendidikan,4155.774270109089,4.476481227376161,ADHK,
Sulawesi Tengah,2023,Q,Jasa Kesehatan dan Kegiatan Sosial,Kesehatan,1842.440808666005,5.803238990671833,ADHK,
Sulawesi Tengah,2023,RSTU,Jasa Lainnya,Jasa Lainnya,953.0980410495465,5.989979915690036,ADHK,
Sulawesi Tengah,2024,A,"Pertanian, Kehutanan dan Perikanan",Pertanian,33282.87961091795,1.934166109641211,ADHK,
Sulawesi Tengah,2024,B,Pertambangan dan Penggalian,Pertambangan,35125.367676443,6.192456710718641,ADHK,
Sulawesi Tengah,2024,C,Industri Pengolahan,Industri Pengolahan,83187.81402850401,19.117077327829435,ADHK,
Sulawesi Tengah,2024,D,Pengadaan Listrik dan Gas,Listrik & Gas,68.33589730335733,7.346747777257834,ADHK,
Sulawesi Tengah,2024,E,"Pengadaan Air, Pengelolaan Sampah, Limbah dan Daur Ulang",Air & Sampah,155.82876579257663,4.051271833698622,ADHK,
Sulawesi Tengah,2024,F,Konstruksi,Konstruksi,15549.015838812167,3.845131283702785,ADHK,
Sulawesi Tengah,2024,G,"Perdagangan Besar dan Eceran, Reparasi Mobil dan Sepeda Motor",Perdagangan,11991.478838204275,5.552889318606358,ADHK,
Sulawesi Tengah,2024,H,Transportasi dan Pergudangan,Transportasi,4052.1454365130926,4.663262528272405,ADHK,
Sulawesi Tengah,2024,I,Penyediaan Akomodasi dan Makan Minum,Akomodasi,684.8456682702474,7.582724871834712,ADHK,
Sulawesi Tengah,2024,J,Informasi dan Komunikasi,Infokom,6151.556672133457,4.861997956029107,ADHK,
Sulawesi Tengah,2024,K,Jasa Keuangan dan Asuransi,Keuangan,3024.2801465692814,11.483958400848483,ADHK,
Sulawesi Tengah,2024,L,Real Estate,Real Estate,2384.4648414946946,4.670831963169997,ADHK,
Sulawesi Tengah,2024,MN,Jasa Perusahaan,Jasa Perusahaan,310.855120435548,5.237067511971416,ADHK,
Sulawesi Tengah,2024,O,"Administrasi Pemerintahan, Pertahanan dan Jaminan Sosial Wajib",Adm. Pemerintahan,7306.377854034951,5.320184194949684,ADHK,
Sulawesi Tengah,2024,P,Jasa Pendidikan,Pendidikan,4315.785209774164,3.850327983788082,ADHK,
Sulawesi Tengah,2024,Q,Jasa Kesehatan dan Kegiatan Sosial,Kesehatan,1915.0681845212366,3.9419109430069765,ADHK,
Sulawesi Tengah,2024,RSTU,Jasa Lainnya,Jasa Lainnya,992.6425894282655,4.149053578493644,ADHK,
Sulawesi Tengah,2025,A,"Pertanian, Kehutanan dan Perikanan",Pertanian,34763.9607723903,4.449979024610906,ADHK,
Sulawesi Tengah,2025,B,Pertambangan dan Penggalian,Pertambangan,37353.29769264557,6.3427948618933305,ADHK,
Sulawesi Tengah,2025,C,Industri Pengolahan,Industri Pengolahan,94934.1788425912,14.12029508319852,ADHK,
Sulawesi Tengah,2025,D,Pengadaan Listrik dan Gas,Listrik & Gas,71.59282469590327,4.7660563789596155,ADHK,
Sulawesi Tengah,2025,E,"Pengadaan Air, Pengelolaan Sampah, Limbah dan Daur Ulang",Air & Sampah,163.1989780509732,4.729686602412708,ADHK,
Sulawesi Tengah,2025,F,Konstruksi,Konstruksi,15851.044928485668,1.9424321950949563,ADHK,
Sulawesi Tengah,2025,G,"Perdagangan Besar dan Eceran, Reparasi Mobil dan Sepeda Motor",Perdagangan,12604.899142197159,5.1154683443926485,ADHK,
Sulawesi Tengah,2025,H,Transportasi dan Pergudangan,Transportasi,4261.657647691647,5.170402061354484,ADHK,
Sulawesi Tengah,2025,I,Penyediaan Akomodasi dan Makan Minum,Akomodasi,723.0085747099362,5.572482707830928,ADHK,
Sulawesi Tengah,2025,J,Informasi dan Komunikasi,Infokom,6487.204225736113,5.456302713151273,ADHK,
Sulawesi Tengah,2025,K,Jasa Keuangan dan Asuransi,Keuangan,3258.387929644202,7.740942364102432,ADHK,
Sulawesi Tengah,2025,L,Real Estate,Real Estate,2508.268675608526,5.192101471130317,ADHK,
Sulawesi Tengah,2025,MN,Jasa Perusahaan,Jasa Perusahaan,327.96823918801607,5.505175120966466,ADHK,
Sulawesi Tengah,2025,O,"Administrasi Pemerintahan, Pertahanan dan Jaminan Sosial Wajib",Adm. Pemerintahan,7343.741934234531,0.5113899246114828,ADHK,
Sulawesi Tengah,2025,P,Jasa Pendidikan,Pendidikan,4544.785650364928,5.306113012115055,ADHK,
Sulawesi Tengah,2025,Q,Jasa Kesehatan dan Kegiatan Sosial,Kesehatan,2013.3433088896072,5.131677564417325,ADHK,
Sulawesi Tengah,2025,RSTU,Jasa Lainnya,Jasa Lainnya,1054.3955943368649,6.221071467844963,ADHK,
Sulawesi Tengah,2026,A,"Pertanian, Kehutanan dan Perikanan",Pertanian,,,ADHK,
Sulawesi Tengah,2026,B,Pertambangan dan Penggalian,Pertambangan,,,ADHK,
Sulawesi Tengah,2026,C,Industri Pengolahan,Industri Pengolahan,,,ADHK,
Sulawesi Tengah,2026,D,Pengadaan Listrik dan Gas,Listrik & Gas,,,ADHK,
Sulawesi Tengah,2026,E,"Pengadaan Air, Pengelolaan Sampah, Limbah dan Daur Ulang",Air & Sampah,,,ADHK,
Sulawesi Tengah,2026,F,Konstruksi,Konstruksi,,,ADHK,
Sulawesi Tengah,2026,G,"Perdagangan Besar dan Eceran, Reparasi Mobil dan Sepeda Motor",Perdagangan,,,ADHK,
Sulawesi Tengah,2026,H,Transportasi dan Pergudangan,Transportasi,,,ADHK,
Sulawesi Tengah,2026,I,Penyediaan Akomodasi dan Makan Minum,Akomodasi,,,ADHK,
Sulawesi Tengah,2026,J,Informasi dan Komunikasi,Infokom,,,ADHK,
Sulawesi Tengah,2026,K,Jasa Keuangan dan Asuransi,Keuangan,,,ADHK,
Sulawesi Tengah,2026,L,Real Estate,Real Estate,,,ADHK,
Sulawesi Tengah,2026,MN,Jasa Perusahaan,Jasa Perusahaan,,,ADHK,
Sulawesi Tengah,2026,O,"Administrasi Pemerintahan, Pertahanan dan Jaminan Sosial Wajib",Adm. Pemerintahan,,,ADHK,
Sulawesi Tengah,2026,P,Jasa Pendidikan,Pendidikan,,,ADHK,
Sulawesi Tengah,2026,Q,Jasa Kesehatan dan Kegiatan Sosial,Kesehatan,,,ADHK,
Sulawesi Tengah,2026,RSTU,Jasa Lainnya,Jasa Lainnya,,,ADHK,
Sulawesi Tenggara,2020,A,"Pertanian, Kehutanan dan Perikanan",Pertanian,22016.01162026464,,ADHK,
Sulawesi Tenggara,2020,B,Pertambangan dan Penggalian,Pertambangan,18415.589031714575,,ADHK,
Sulawesi Tenggara,2020,C,Industri Pengolahan,Industri Pengolahan,6590.811303693037,,ADHK,
Sulawesi Tenggara,2020,D,Pengadaan Listrik dan Gas,Listrik & Gas,47.0268540582244,,ADHK,
Sulawesi Tenggara,2020,E,"Pengadaan Air, Pengelolaan Sampah, Limbah dan Daur Ulang",Air & Sampah,176.1590139115545,,ADHK,
Sulawesi Tenggara,2020,F,Konstruksi,Konstruksi,11747.336298797374,,ADHK,
Sulawesi Tenggara,2020,G,"Perdagangan Besar dan Eceran, Reparasi Mobil dan Sepeda Motor",Perdagangan,11638.619129685667,,ADHK,
Sulawesi Tenggara,2020,H,Transportasi dan Pergudangan,Transportasi,4101.396073837624,,ADHK,
Sulawesi Tenggara,2020,I,Penyediaan Akomodasi dan Makan Minum,Akomodasi,513.1867592316061,,ADHK,
Sulawesi Tenggara,2020,J,Informasi dan Komunikasi,Infokom,2522.658660363598,,ADHK,
Sulawesi Tenggara,2020,K,Jasa Keuangan dan Asuransi,Keuangan,2149.2780813570657,,ADHK,
Sulawesi Tenggara,2020,L,Real Estate,Real Estate,1384.5154066711366,,ADHK,
Sulawesi Tenggara,2020,MN,Jasa Perusahaan,Jasa Perusahaan,189.70858360928673,,ADHK,
Sulawesi Tenggara,2020,O,"Administrasi Pemerintahan, Pertahanan dan Jaminan Sosial Wajib",Adm. Pemerintahan,4720.063664041353,,ADHK,
Sulawesi Tenggara,2020,P,Jasa Pendidikan,Pendidikan,4638.122039091987,,ADHK,
Sulawesi Tenggara,2020,Q,Jasa Kesehatan dan Kegiatan Sosial,Kesehatan,982.0385312587953,,ADHK,
Sulawesi Tenggara,2020,RSTU,Jasa Lainnya,Jasa Lainnya,1255.1945746237855,,ADHK,
Sulawesi Tenggara,2021,A,"Pertanian, Kehutanan dan Perikanan",Pertanian,22541.639241867393,2.387478852522684,ADHK,
Sulawesi Tenggara,2021,B,Pertambangan dan Penggalian,Pertambangan,18469.626114523347,0.2934311941676704,ADHK,
Sulawesi Tenggara,2021,C,Industri Pengolahan,Industri Pengolahan,7011.712713331448,6.386185102926056,ADHK,
Sulawesi Tenggara,2021,D,Pengadaan Listrik dan Gas,Listrik & Gas,50.46251527109299,7.305743243243246,ADHK,
Sulawesi Tenggara,2021,E,"Pengadaan Air, Pengelolaan Sampah, Limbah dan Daur Ulang",Air & Sampah,179.56065033850678,1.9310033312630592,ADHK,
Sulawesi Tenggara,2021,F,Konstruksi,Konstruksi,12937.484865861783,10.131220702230603,ADHK,
Sulawesi Tenggara,2021,G,"Perdagangan Besar dan Eceran, Reparasi Mobil dan Sepeda Motor",Perdagangan,12565.667035399914,7.96527401906042,ADHK,
Sulawesi Tenggara,2021,H,Transportasi dan Pergudangan,Transportasi,4107.237199424313,0.14241798357270685,ADHK,
Sulawesi Tenggara,2021,I,Penyediaan Akomodasi dan Makan Minum,Akomodasi,535.3981839176752,4.328136742913302,ADHK,
Sulawesi Tenggara,2021,J,Informasi dan Komunikasi,Infokom,2614.1245390149707,3.6257730817291556,ADHK,
Sulawesi Tenggara,2021,K,Jasa Keuangan dan Asuransi,Keuangan,2296.9216303057833,6.869448408253187,ADHK,
Sulawesi Tenggara,2021,L,Real Estate,Real Estate,1423.5493222594264,2.819319698445333,ADHK,
Sulawesi Tenggara,2021,MN,Jasa Perusahaan,Jasa Perusahaan,192.2685786729563,1.3494355473877784,ADHK,
Sulawesi Tenggara,2021,O,"Administrasi Pemerintahan, Pertahanan dan Jaminan Sosial Wajib",Adm. Pemerintahan,4810.401618456835,1.9139138970454939,ADHK,
Sulawesi Tenggara,2021,P,Jasa Pendidikan,Pendidikan,4807.113388191994,3.6435295939968526,ADHK,
Sulawesi Tenggara,2021,Q,Jasa Kesehatan dan Kegiatan Sosial,Kesehatan,1055.2499353511068,7.455043948068707,ADHK,
Sulawesi Tenggara,2021,RSTU,Jasa Lainnya,Jasa Lainnya,1285.6592580673657,2.4270885215315285,ADHK,
Sulawesi Tenggara,2022,A,"Pertanian, Kehutanan dan Perikanan",Pertanian,24069.461096886927,6.777776179568407,ADHK,
Sulawesi Tenggara,2022,B,Pertambangan dan Penggalian,Pertambangan,18747.006521361098,1.5018192849049372,ADHK,
Sulawesi Tenggara,2022,C,Industri Pengolahan,Industri Pengolahan,8190.173784959625,16.807035881369693,ADHK,
Sulawesi Tenggara,2022,D,Pengadaan Listrik dan Gas,Listrik & Gas,54.88121249573612,8.756395120031502,ADHK,
Sulawesi Tenggara,2022,E,"Pengadaan Air, Pengelolaan Sampah, Limbah dan Daur Ulang",Air & Sampah,177.06412769767337,-1.39035063424362,ADHK,
Sulawesi Tenggara,2022,F,Konstruksi,Konstruksi,12909.188283834339,-0.21871779809466974,ADHK,
Sulawesi Tenggara,2022,G,"Perdagangan Besar dan Eceran, Reparasi Mobil dan Sepeda Motor",Perdagangan,13543.668835917899,7.783126815017183,ADHK,
Sulawesi Tenggara,2022,H,Transportasi dan Pergudangan,Transportasi,4525.956267830009,10.19466488237848,ADHK,
Sulawesi Tenggara,2022,I,Penyediaan Akomodasi dan Makan Minum,Akomodasi,580.0385984470234,8.337797151775984,ADHK,
Sulawesi Tenggara,2022,J,Informasi dan Komunikasi,Infokom,2857.059269388718,9.293158254246281,ADHK,
Sulawesi Tenggara,2022,K,Jasa Keuangan dan Asuransi,Keuangan,2363.3857030546715,2.8936151704940904,ADHK,
Sulawesi Tenggara,2022,L,Real Estate,Real Estate,1456.6402542819455,2.324537092258794,ADHK,
Sulawesi Tenggara,2022,MN,Jasa Perusahaan,Jasa Perusahaan,215.946042744328,12.314786032535485,ADHK,
Sulawesi Tenggara,2022,O,"Administrasi Pemerintahan, Pertahanan dan Jaminan Sosial Wajib",Adm. Pemerintahan,5032.71690138994,4.621553470298867,ADHK,
Sulawesi Tenggara,2022,P,Jasa Pendidikan,Pendidikan,5065.000812465122,5.364704417137167,ADHK,
Sulawesi Tenggara,2022,Q,Jasa Kesehatan dan Kegiatan Sosial,Kesehatan,1079.6801334716888,2.3151101271997154,ADHK,
Sulawesi Tenggara,2022,RSTU,Jasa Lainnya,Jasa Lainnya,1381.7768228343098,7.4761305659969635,ADHK,
Sulawesi Tenggara,2023,A,"Pertanian, Kehutanan dan Perikanan",Pertanian,25107.78741640586,4.313874396021378,ADHK,
Sulawesi Tenggara,2023,B,Pertambangan dan Penggalian,Pertambangan,20248.510958059192,8.009302365085436,ADHK,
Sulawesi Tenggara,2023,C,Industri Pengolahan,Industri Pengolahan,9239.229507574959,12.80871139195865,ADHK,
Sulawesi Tenggara,2023,D,Pengadaan Listrik dan Gas,Listrik & Gas,57.54236048720659,4.8489234666184045,ADHK,
Sulawesi Tenggara,2023,E,"Pengadaan Air, Pengelolaan Sampah, Limbah dan Daur Ulang",Air & Sampah,185.77709117723535,4.9207954162453715,ADHK,
Sulawesi Tenggara,2023,F,Konstruksi,Konstruksi,12915.02757158767,0.04523357801391459,ADHK,
Sulawesi Tenggara,2023,G,"Perdagangan Besar dan Eceran, Reparasi Mobil dan Sepeda Motor",Perdagangan,14215.658209916019,4.961649477252417,ADHK,
Sulawesi Tenggara,2023,H,Transportasi dan Pergudangan,Transportasi,4762.970034890581,5.236766619802302,ADHK,
Sulawesi Tenggara,2023,I,Penyediaan Akomodasi dan Makan Minum,Akomodasi,610.0724794673226,5.1779107633028065,ADHK,
Sulawesi Tenggara,2023,J,Informasi dan Komunikasi,Infokom,3022.9228493141604,5.8053951383700175,ADHK,
Sulawesi Tenggara,2023,K,Jasa Keuangan dan Asuransi,Keuangan,2513.0372602135994,6.332083542923339,ADHK,
Sulawesi Tenggara,2023,L,Real Estate,Real Estate,1469.0356200048388,0.8509558682355367,ADHK,
Sulawesi Tenggara,2023,MN,Jasa Perusahaan,Jasa Perusahaan,228.33761418092308,5.738272060519423,ADHK,
Sulawesi Tenggara,2023,O,"Administrasi Pemerintahan, Pertahanan dan Jaminan Sosial Wajib",Adm. Pemerintahan,5270.542552899774,4.725591686751751,ADHK,
Sulawesi Tenggara,2023,P,Jasa Pendidikan,Pendidikan,5284.1826720736935,4.327380541956827,ADHK,
Sulawesi Tenggara,2023,Q,Jasa Kesehatan dan Kegiatan Sosial,Kesehatan,1086.2727234021215,0.610605838345335,ADHK,
Sulawesi Tenggara,2023,RSTU,Jasa Lainnya,Jasa Lainnya,1506.9698020930095,9.06028941793242,ADHK,
Sulawesi Tenggara,2024,A,"Pertanian, Kehutanan dan Perikanan",Pertanian,26075.602466383316,3.854640928435882,ADHK,
Sulawesi Tenggara,2024,B,Pertambangan dan Penggalian,Pertambangan,21512.7597610107,6.243663080066231,ADHK,
Sulawesi Tenggara,2024,C,Industri Pengolahan,Industri Pengolahan,10438.419799246949,12.979332212592087,ADHK,
Sulawesi Tenggara,2024,D,Pengadaan Listrik dan Gas,Listrik & Gas,59.220472466902514,2.916307161345988,ADHK,
Sulawesi Tenggara,2024,E,"Pengadaan Air, Pengelolaan Sampah, Limbah dan Daur Ulang",Air & Sampah,183.73809858213238,-1.097547917335906,ADHK,
Sulawesi Tenggara,2024,F,Konstruksi,Konstruksi,13273.287926410072,2.773980565171641,ADHK,
Sulawesi Tenggara,2024,G,"Perdagangan Besar dan Eceran, Reparasi Mobil dan Sepeda Motor",Perdagangan,14743.387857878439,3.7123124386481576,ADHK,
Sulawesi Tenggara,2024,H,Transportasi dan Pergudangan,Transportasi,4968.374742916269,4.312534123058076,ADHK,
Sulawesi Tenggara,2024,I,Penyediaan Akomodasi dan Makan Minum,Akomodasi,635.9330651993221,4.23893661857675,ADHK,
Sulawesi Tenggara,2024,J,Informasi dan Komunikasi,Infokom,3258.9844211765326,7.809050499450554,ADHK,
Sulawesi Tenggara,2024,K,Jasa Keuangan dan Asuransi,Keuangan,2513.7765269178553,0.029417259980979438,ADHK,
Sulawesi Tenggara,2024,L,Real Estate,Real Estate,1532.970137323325,4.352142075239507,ADHK,
Sulawesi Tenggara,2024,MN,Jasa Perusahaan,Jasa Perusahaan,244.6936915916056,7.163111285608337,ADHK,
Sulawesi Tenggara,2024,O,"Administrasi Pemerintahan, Pertahanan dan Jaminan Sosial Wajib",Adm. Pemerintahan,5901.844381604492,11.977928692699491,ADHK,
Sulawesi Tenggara,2024,P,Jasa Pendidikan,Pendidikan,5492.069172259662,3.9341278128900647,ADHK,
Sulawesi Tenggara,2024,Q,Jasa Kesehatan dan Kegiatan Sosial,Kesehatan,1144.3191908977024,5.343636661867368,ADHK,
Sulawesi Tenggara,2024,RSTU,Jasa Lainnya,Jasa Lainnya,1547.1395215000496,2.665595511685037,ADHK,
Sulawesi Tenggara,2025,A,"Pertanian, Kehutanan dan Perikanan",Pertanian,27052.121235362945,3.744951896082016,ADHK,
Sulawesi Tenggara,2025,B,Pertambangan dan Penggalian,Pertambangan,22883.89849148505,6.373606853358615,ADHK,
Sulawesi Tenggara,2025,C,Industri Pengolahan,Industri Pengolahan,11995.046684688614,14.912476364995042,ADHK,
Sulawesi Tenggara,2025,D,Pengadaan Listrik dan Gas,Listrik & Gas,61.79225354821166,4.342723004694826,ADHK,
Sulawesi Tenggara,2025,E,"Pengadaan Air, Pengelolaan Sampah, Limbah dan Daur Ulang",Air & Sampah,190.41206946659136,3.6323282628701437,ADHK,
Sulawesi Tenggara,2025,F,Konstruksi,Konstruksi,13656.509524693945,2.8871640576813684,ADHK,
Sulawesi Tenggara,2025,G,"Perdagangan Besar dan Eceran, Reparasi Mobil dan Sepeda Motor",Perdagangan,15680.692328098368,6.357456503588232,ADHK,
Sulawesi Tenggara,2025,H,Transportasi dan Pergudangan,Transportasi,5200.522547009176,4.672509947521486,ADHK,
Sulawesi Tenggara,2025,I,Penyediaan Akomodasi dan Makan Minum,Akomodasi,721.2581641269289,13.417308140891082,ADHK,
Sulawesi Tenggara,2025,J,Informasi dan Komunikasi,Infokom,3517.241606519034,7.924468238153404,ADHK,
Sulawesi Tenggara,2025,K,Jasa Keuangan dan Asuransi,Keuangan,2668.173377110861,6.142027683833606,ADHK,
Sulawesi Tenggara,2025,L,Real Estate,Real Estate,1603.8164943519175,4.621509271687141,ADHK,
Sulawesi Tenggara,2025,MN,Jasa Perusahaan,Jasa Perusahaan,247.84138980218765,1.2863830653368602,ADHK,
Sulawesi Tenggara,2025,O,"Administrasi Pemerintahan, Pertahanan dan Jaminan Sosial Wajib",Adm. Pemerintahan,5915.415954109129,0.2299547671392066,ADHK,
Sulawesi Tenggara,2025,P,Jasa Pendidikan,Pendidikan,5833.214970227315,6.211607816062714,ADHK,
Sulawesi Tenggara,2025,Q,Jasa Kesehatan dan Kegiatan Sosial,Kesehatan,1183.785641427184,3.448902268126841,ADHK,
Sulawesi Tenggara,2025,RSTU,Jasa Lainnya,Jasa Lainnya,1674.505714333389,8.232366316248573,ADHK,
Sulawesi Tenggara,2026,A,"Pertanian, Kehutanan dan Perikanan",Pertanian,,,ADHK,
Sulawesi Tenggara,2026,B,Pertambangan dan Penggalian,Pertambangan,,,ADHK,
Sulawesi Tenggara,2026,C,Industri Pengolahan,Industri Pengolahan,,,ADHK,
Sulawesi Tenggara,2026,D,Pengadaan Listrik dan Gas,Listrik & Gas,,,ADHK,
Sulawesi Tenggara,2026,E,"Pengadaan Air, Pengelolaan Sampah, Limbah dan Daur Ulang",Air & Sampah,,,ADHK,
Sulawesi Tenggara,2026,F,Konstruksi,Konstruksi,,,ADHK,
Sulawesi Tenggara,2026,G,"Perdagangan Besar dan Eceran, Reparasi Mobil dan Sepeda Motor",Perdagangan,,,ADHK,
Sulawesi Tenggara,2026,H,Transportasi dan Pergudangan,Transportasi,,,ADHK,
Sulawesi Tenggara,2026,I,Penyediaan Akomodasi dan Makan Minum,Akomodasi,,,ADHK,
Sulawesi Tenggara,2026,J,Informasi dan Komunikasi,Infokom,,,ADHK,
Sulawesi Tenggara,2026,K,Jasa Keuangan dan Asuransi,Keuangan,,,ADHK,
Sulawesi Tenggara,2026,L,Real Estate,Real Estate,,,ADHK,
Sulawesi Tenggara,2026,MN,Jasa Perusahaan,Jasa Perusahaan,,,ADHK,
Sulawesi Tenggara,2026,O,"Administrasi Pemerintahan, Pertahanan dan Jaminan Sosial Wajib",Adm. Pemerintahan,,,ADHK,
Sulawesi Tenggara,2026,P,Jasa Pendidikan,Pendidikan,,,ADHK,
Sulawesi Tenggara,2026,Q,Jasa Kesehatan dan Kegiatan Sosial,Kesehatan,,,ADHK,
Sulawesi Tenggara,2026,RSTU,Jasa Lainnya,Jasa Lainnya,,,ADHK,
Sulawesi Utara,2020,A,"Pertanian, Kehutanan dan Perikanan",Pertanian,17939.844191739023,,ADHK,
Sulawesi Utara,2020,B,Pertambangan dan Penggalian,Pertambangan,4608.079409687463,,ADHK,
Sulawesi Utara,2020,C,Industri Pengolahan,Industri Pengolahan,8633.425420000725,,ADHK,
Sulawesi Utara,2020,D,Pengadaan Listrik dan Gas,Listrik & Gas,118.98707605145755,,ADHK,
Sulawesi Utara,2020,E,"Pengadaan Air, Pengelolaan Sampah, Limbah dan Daur Ulang",Air & Sampah,112.68169321912941,,ADHK,
Sulawesi Utara,2020,F,Konstruksi,Konstruksi,11243.367619584087,,ADHK,
Sulawesi Utara,2020,G,"Perdagangan Besar dan Eceran, Reparasi Mobil dan Sepeda Motor",Perdagangan,11408.658780112695,,ADHK,
Sulawesi Utara,2020,H,Transportasi dan Pergudangan,Transportasi,6710.517536996895,,ADHK,
Sulawesi Utara,2020,I,Penyediaan Akomodasi dan Makan Minum,Akomodasi,1477.6333224926075,,ADHK,
Sulawesi Utara,2020,J,Informasi dan Komunikasi,Infokom,4824.3387904746905,,ADHK,
Sulawesi Utara,2020,K,Jasa Keuangan dan Asuransi,Keuangan,3516.9614445937696,,ADHK,
Sulawesi Utara,2020,L,Real Estate,Real Estate,3325.693603405367,,ADHK,
Sulawesi Utara,2020,MN,Jasa Perusahaan,Jasa Perusahaan,74.45900039272347,,ADHK,
Sulawesi Utara,2020,O,"Administrasi Pemerintahan, Pertahanan dan Jaminan Sosial Wajib",Adm. Pemerintahan,5772.680793027392,,ADHK,
Sulawesi Utara,2020,P,Jasa Pendidikan,Pendidikan,2445.784574905588,,ADHK,
Sulawesi Utara,2020,Q,Jasa Kesehatan dan Kegiatan Sosial,Kesehatan,3958.701771469588,,ADHK,
Sulawesi Utara,2020,RSTU,Jasa Lainnya,Jasa Lainnya,1492.8984922809584,,ADHK,
Sulawesi Utara,2021,A,"Pertanian, Kehutanan dan Perikanan",Pertanian,18278.95486410777,1.8902654267471508,ADHK,
Sulawesi Utara,2021,B,Pertambangan dan Penggalian,Pertambangan,4845.593784530375,5.154302991037674,ADHK,
Sulawesi Utara,2021,C,Industri Pengolahan,Industri Pengolahan,9366.856662830489,8.495251967204709,ADHK,
Sulawesi Utara,2021,D,Pengadaan Listrik dan Gas,Listrik & Gas,127.2684097264067,6.959859801385293,ADHK,
Sulawesi Utara,2021,E,"Pengadaan Air, Pengelolaan Sampah, Limbah dan Daur Ulang",Air & Sampah,113.23868631827949,0.49430664665901514,ADHK,
Sulawesi Utara,2021,F,Konstruksi,Konstruksi,12042.508871360182,7.1076680832184325,ADHK,
Sulawesi Utara,2021,G,"Perdagangan Besar dan Eceran, Reparasi Mobil dan Sepeda Motor",Perdagangan,11808.714633368332,3.5065984614510937,ADHK,
Sulawesi Utara,2021,H,Transportasi dan Pergudangan,Transportasi,6810.653932805131,1.4922305955711757,ADHK,
Sulawesi Utara,2021,I,Penyediaan Akomodasi dan Makan Minum,Akomodasi,1670.0795933701256,13.023953097706409,ADHK,
Sulawesi Utara,2021,J,Informasi dan Komunikasi,Infokom,4943.476863190728,2.4695212730761584,ADHK,
Sulawesi Utara,2021,K,Jasa Keuangan dan Asuransi,Keuangan,3702.1177837381997,5.264667869164463,ADHK,
Sulawesi Utara,2021,L,Real Estate,Real Estate,3325.453886421202,-0.00720802974512047,ADHK,
Sulawesi Utara,2021,MN,Jasa Perusahaan,Jasa Perusahaan,76.8795404723799,3.2508361204013347,ADHK,
Sulawesi Utara,2021,O,"Administrasi Pemerintahan, Pertahanan dan Jaminan Sosial Wajib",Adm. Pemerintahan,5916.857622983248,2.497571494512596,ADHK,
Sulawesi Utara,2021,P,Jasa Pendidikan,Pendidikan,2477.295833789494,1.2883906132706624,ADHK,
Sulawesi Utara,2021,Q,Jasa Kesehatan dan Kegiatan Sosial,Kesehatan,4249.211274890513,7.338504393400647,ADHK,
Sulawesi Utara,2021,RSTU,Jasa Lainnya,Jasa Lainnya,1536.3925338227214,2.913395771155858,ADHK,
Sulawesi Utara,2022,A,"Pertanian, Kehutanan dan Perikanan",Pertanian,19441.179991494668,6.358269036863917,ADHK,
Sulawesi Utara,2022,B,Pertambangan dan Penggalian,Pertambangan,4858.023308734457,0.2565118901168173,ADHK,
Sulawesi Utara,2022,C,Industri Pengolahan,Industri Pengolahan,10050.714614503344,7.300826480953182,ADHK,
Sulawesi Utara,2022,D,Pengadaan Listrik dan Gas,Listrik & Gas,140.21668204311374,10.173987672622275,ADHK,
Sulawesi Utara,2022,E,"Pengadaan Air, Pengelolaan Sampah, Limbah dan Daur Ulang",Air & Sampah,114.7704173409422,1.352657004830915,ADHK,
Sulawesi Utara,2022,F,Konstruksi,Konstruksi,12500.007774834656,3.7990331446839054,ADHK,
Sulawesi Utara,2022,G,"Perdagangan Besar dan Eceran, Reparasi Mobil dan Sepeda Motor",Perdagangan,12688.925224590646,7.453906869212257,ADHK,
Sulawesi Utara,2022,H,Transportasi dan Pergudangan,Transportasi,7611.794349908343,11.76304691160901,ADHK,
Sulawesi Utara,2022,I,Penyediaan Akomodasi dan Makan Minum,Akomodasi,1877.458745492508,12.4173214824991,ADHK,
Sulawesi Utara,2022,J,Informasi dan Komunikasi,Infokom,5184.885333401572,4.8833741290138954,ADHK,
Sulawesi Utara,2022,K,Jasa Keuangan dan Asuransi,Keuangan,3582.496438917038,-3.231159887635293,ADHK,
Sulawesi Utara,2022,L,Real Estate,Real Estate,3396.0605264656288,2.1232181367101255,ADHK,
Sulawesi Utara,2022,MN,Jasa Perusahaan,Jasa Perusahaan,79.52918516862931,3.4464887276496325,ADHK,
Sulawesi Utara,2022,O,"Administrasi Pemerintahan, Pertahanan dan Jaminan Sosial Wajib",Adm. Pemerintahan,6021.512840700326,1.7687634955176001,ADHK,
Sulawesi Utara,2022,P,Jasa Pendidikan,Pendidikan,2604.0892367780266,5.118218069037739,ADHK,
Sulawesi Utara,2022,Q,Jasa Kesehatan dan Kegiatan Sosial,Kesehatan,4469.330527567736,5.180237894452411,ADHK,
Sulawesi Utara,2022,RSTU,Jasa Lainnya,Jasa Lainnya,1618.8853395121293,5.36925322620232,ADHK,
Sulawesi Utara,2023,A,"Pertanian, Kehutanan dan Perikanan",Pertanian,20301.581624543083,4.425665692230796,ADHK,
Sulawesi Utara,2023,B,Pertambangan dan Penggalian,Pertambangan,4884.6935448168715,0.5489935800526702,ADHK,
Sulawesi Utara,2023,C,Industri Pengolahan,Industri Pengolahan,10756.117201036901,7.0184321572084984,ADHK,
Sulawesi Utara,2023,D,Pengadaan Listrik dan Gas,Listrik & Gas,147.39582382607327,5.120033991926931,ADHK,
Sulawesi Utara,2023,E,"Pengadaan Air, Pengelolaan Sampah, Limbah dan Daur Ulang",Air & Sampah,116.3419335849728,1.3692694340930789,ADHK,
Sulawesi Utara,2023,F,Konstruksi,Konstruksi,13120.155783920733,4.96118098689966,ADHK,
Sulawesi Utara,2023,G,"Perdagangan Besar dan Eceran, Reparasi Mobil dan Sepeda Motor",Perdagangan,13523.40489457674,6.576440913757664,ADHK,
Sulawesi Utara,2023,H,Transportasi dan Pergudangan,Transportasi,8519.148691465638,11.920373828389375,ADHK,
Sulawesi Utara,2023,I,Penyediaan Akomodasi dan Makan Minum,Akomodasi,2046.5958765725795,9.008833429024431,ADHK,
Sulawesi Utara,2023,J,Informasi dan Komunikasi,Infokom,5460.2705494611,5.31130774070292,ADHK,
Sulawesi Utara,2023,K,Jasa Keuangan dan Asuransi,Keuangan,3551.9867022305652,-0.8516334128079617,ADHK,
Sulawesi Utara,2023,L,Real Estate,Real Estate,3523.550009211005,3.7540403579926274,ADHK,
Sulawesi Utara,2023,MN,Jasa Perusahaan,Jasa Perusahaan,82.73664980093125,4.033066132264529,ADHK,
Sulawesi Utara,2023,O,"Administrasi Pemerintahan, Pertahanan dan Jaminan Sosial Wajib",Adm. Pemerintahan,6213.831468507797,3.1938589669286976,ADHK,
Sulawesi Utara,2023,P,Jasa Pendidikan,Pendidikan,2776.6827278847127,6.6277871230031815,ADHK,
Sulawesi Utara,2023,Q,Jasa Kesehatan dan Kegiatan Sosial,Kesehatan,4681.88710951395,4.7558930948409905,ADHK,
Sulawesi Utara,2023,RSTU,Jasa Lainnya,Jasa Lainnya,1796.1362110656246,10.948945377867947,ADHK,
Sulawesi Utara,2024,A,"Pertanian, Kehutanan dan Perikanan",Pertanian,21393.49813009519,5.3784799910961745,ADHK,
Sulawesi Utara,2024,B,Pertambangan dan Penggalian,Pertambangan,5019.010028549841,2.7497422816932238,ADHK,
Sulawesi Utara,2024,C,Industri Pengolahan,Industri Pengolahan,11210.244308394826,4.222035692528037,ADHK,
Sulawesi Utara,2024,D,Pengadaan Listrik dan Gas,Listrik & Gas,154.85299599620134,5.05928321207223,ADHK,
Sulawesi Utara,2024,E,"Pengadaan Air, Pengelolaan Sampah, Limbah dan Daur Ulang",Air & Sampah,116.05349073005578,-0.2479268188424366,ADHK,
Sulawesi Utara,2024,F,Konstruksi,Konstruksi,13509.872000409316,2.970362722111841,ADHK,
Sulawesi Utara,2024,G,"Perdagangan Besar dan Eceran, Reparasi Mobil dan Sepeda Motor",Perdagangan,14302.136298984335,5.758397463348053,ADHK,
Sulawesi Utara,2024,H,Transportasi dan Pergudangan,Transportasi,9027.937325410436,5.972294326245242,ADHK,
Sulawesi Utara,2024,I,Penyediaan Akomodasi dan Makan Minum,Akomodasi,2184.008052001311,6.714182169606198,ADHK,
Sulawesi Utara,2024,J,Informasi dan Komunikasi,Infokom,5786.521128727449,5.974989266759834,ADHK,
Sulawesi Utara,2024,K,Jasa Keuangan dan Asuransi,Keuangan,3731.988154626397,5.06762742897644,ADHK,
Sulawesi Utara,2024,L,Real Estate,Real Estate,3725.471615539784,5.730629785328167,ADHK,
Sulawesi Utara,2024,MN,Jasa Perusahaan,Jasa Perusahaan,87.5578078196708,5.82711293041176,ADHK,
Sulawesi Utara,2024,O,"Administrasi Pemerintahan, Pertahanan dan Jaminan Sosial Wajib",Adm. Pemerintahan,6826.3220040412525,9.856890046625955,ADHK,
Sulawesi Utara,2024,P,Jasa Pendidikan,Pendidikan,2971.936785465543,7.031918181360797,ADHK,
Sulawesi Utara,2024,Q,Jasa Kesehatan dan Kegiatan Sosial,Kesehatan,4942.037043390375,5.5565187239944525,ADHK,
Sulawesi Utara,2024,RSTU,Jasa Lainnya,Jasa Lainnya,1993.104778385372,10.966237755592513,ADHK,
Sulawesi Utara,2025,A,"Pertanian, Kehutanan dan Perikanan",Pertanian,22632.911768958875,5.793412705704948,ADHK,
Sulawesi Utara,2025,B,Pertambangan dan Penggalian,Pertambangan,5128.905333422271,2.189581296855514,ADHK,
Sulawesi Utara,2025,C,Industri Pengolahan,Industri Pengolahan,12328.403980672801,9.974445172801794,ADHK,
Sulawesi Utara,2025,D,Pengadaan Listrik dan Gas,Listrik & Gas,158.2092199555932,2.167361333760809,ADHK,
Sulawesi Utara,2025,E,"Pengadaan Air, Pengelolaan Sampah, Limbah dan Daur Ulang",Air & Sampah,124.85597095769543,7.584847446006182,ADHK,
Sulawesi Utara,2025,F,Konstruksi,Konstruksi,13549.025549616317,0.2898143609785242,ADHK,
Sulawesi Utara,2025,G,"Perdagangan Besar dan Eceran, Reparasi Mobil dan Sepeda Motor",Perdagangan,15038.864629701991,5.151176826429604,ADHK,
Sulawesi Utara,2025,H,Transportasi dan Pergudangan,Transportasi,9892.414062112994,9.575573085441814,ADHK,
Sulawesi Utara,2025,I,Penyediaan Akomodasi dan Makan Minum,Akomodasi,2372.182134337252,8.615997645407392,ADHK,
Sulawesi Utara,2025,J,Informasi dan Komunikasi,Infokom,6166.709542639667,6.57024152257486,ADHK,
Sulawesi Utara,2025,K,Jasa Keuangan dan Asuransi,Keuangan,3875.7455583324695,3.852032690078677,ADHK,
Sulawesi Utara,2025,L,Real Estate,Real Estate,3970.1327625037457,6.56725301418013,ADHK,
Sulawesi Utara,2025,MN,Jasa Perusahaan,Jasa Perusahaan,91.63188556691145,4.653014789533549,ADHK,
Sulawesi Utara,2025,O,"Administrasi Pemerintahan, Pertahanan dan Jaminan Sosial Wajib",Adm. Pemerintahan,7054.960744932562,3.349369407946967,ADHK,
Sulawesi Utara,2025,P,Jasa Pendidikan,Pendidikan,3175.053690418292,6.834496142249913,ADHK,
Sulawesi Utara,2025,Q,Jasa Kesehatan dan Kegiatan Sosial,Kesehatan,5365.7247824329825,8.573139685572762,ADHK,
Sulawesi Utara,2025,RSTU,Jasa Lainnya,Jasa Lainnya,2109.922450534501,5.861090365944732,ADHK,
Sulawesi Utara,2026,A,"Pertanian, Kehutanan dan Perikanan",Pertanian,,,ADHK,
Sulawesi Utara,2026,B,Pertambangan dan Penggalian,Pertambangan,,,ADHK,
Sulawesi Utara,2026,C,Industri Pengolahan,Industri Pengolahan,,,ADHK,
Sulawesi Utara,2026,D,Pengadaan Listrik dan Gas,Listrik & Gas,,,ADHK,
Sulawesi Utara,2026,E,"Pengadaan Air, Pengelolaan Sampah, Limbah dan Daur Ulang",Air & Sampah,,,ADHK,
Sulawesi Utara,2026,F,Konstruksi,Konstruksi,,,ADHK,
Sulawesi Utara,2026,G,"Perdagangan Besar dan Eceran, Reparasi Mobil dan Sepeda Motor",Perdagangan,,,ADHK,
Sulawesi Utara,2026,H,Transportasi dan Pergudangan,Transportasi,,,ADHK,
Sulawesi Utara,2026,I,Penyediaan Akomodasi dan Makan Minum,Akomodasi,,,ADHK,
Sulawesi Utara,2026,J,Informasi dan Komunikasi,Infokom,,,ADHK,
Sulawesi Utara,2026,K,Jasa Keuangan dan Asuransi,Keuangan,,,ADHK,
Sulawesi Utara,2026,L,Real Estate,Real Estate,,,ADHK,
Sulawesi Utara,2026,MN,Jasa Perusahaan,Jasa Perusahaan,,,ADHK,
Sulawesi Utara,2026,O,"Administrasi Pemerintahan, Pertahanan dan Jaminan Sosial Wajib",Adm. Pemerintahan,,,ADHK,
Sulawesi Utara,2026,P,Jasa Pendidikan,Pendidikan,,,ADHK,
Sulawesi Utara,2026,Q,Jasa Kesehatan dan Kegiatan Sosial,Kesehatan,,,ADHK,
Sulawesi Utara,2026,RSTU,Jasa Lainnya,Jasa Lainnya,,,ADHK,
Sumatera Barat,2020,A,"Pertanian, Kehutanan dan Perikanan",Pertanian,38496.36676367872,,ADHK,
Sumatera Barat,2020,B,Pertambangan dan Penggalian,Pertambangan,6994.876459031704,,ADHK,
Sumatera Barat,2020,C,Industri Pengolahan,Industri Pengolahan,15750.090862113238,,ADHK,
Sumatera Barat,2020,D,Pengadaan Listrik dan Gas,Listrik & Gas,168.82402295142128,,ADHK,
Sumatera Barat,2020,E,"Pengadaan Air, Pengelolaan Sampah, Limbah dan Daur Ulang",Air & Sampah,167.35653368391488,,ADHK,
Sumatera Barat,2020,F,Konstruksi,Konstruksi,15507.025784666363,,ADHK,
Sumatera Barat,2020,G,"Perdagangan Besar dan Eceran, Reparasi Mobil dan Sepeda Motor",Perdagangan,27463.321996149527,,ADHK,
Sumatera Barat,2020,H,Transportasi dan Pergudangan,Transportasi,17288.6285223244,,ADHK,
Sumatera Barat,2020,I,Penyediaan Akomodasi dan Makan Minum,Akomodasi,1647.0671333325108,,ADHK,
Sumatera Barat,2020,J,Informasi dan Komunikasi,Infokom,13929.75753344009,,ADHK,
Sumatera Barat,2020,K,Jasa Keuangan dan Asuransi,Keuangan,4831.217803312053,,ADHK,
Sumatera Barat,2020,L,Real Estate,Real Estate,3384.8337810405424,,ADHK,
Sumatera Barat,2020,MN,Jasa Perusahaan,Jasa Perusahaan,733.8420090879372,,ADHK,
Sumatera Barat,2020,O,"Administrasi Pemerintahan, Pertahanan dan Jaminan Sosial Wajib",Adm. Pemerintahan,9701.099221930119,,ADHK,
Sumatera Barat,2020,P,Jasa Pendidikan,Pendidikan,7220.139425125492,,ADHK,
Sumatera Barat,2020,Q,Jasa Kesehatan dan Kegiatan Sosial,Kesehatan,2677.8585560665906,,ADHK,
Sumatera Barat,2020,RSTU,Jasa Lainnya,Jasa Lainnya,2764.9528379701,,ADHK,
Sumatera Barat,2021,A,"Pertanian, Kehutanan dan Perikanan",Pertanian,39334.63926715701,2.177536671510505,ADHK,
Sumatera Barat,2021,B,Pertambangan dan Penggalian,Pertambangan,6871.118602344794,-1.7692643667368113,ADHK,
Sumatera Barat,2021,C,Industri Pengolahan,Industri Pengolahan,16336.167805683694,3.721101984117814,ADHK,
Sumatera Barat,2021,D,Pengadaan Listrik dan Gas,Listrik & Gas,174.14631893436223,3.1525702858487215,ADHK,
Sumatera Barat,2021,E,"Pengadaan Air, Pengelolaan Sampah, Limbah dan Daur Ulang",Air & Sampah,176.60659765194296,5.527160347081894,ADHK,
Sumatera Barat,2021,F,Konstruksi,Konstruksi,15845.547977535296,2.183024633928654,ADHK,
Sumatera Barat,2021,G,"Perdagangan Besar dan Eceran, Reparasi Mobil dan Sepeda Motor",Perdagangan,28862.849659588108,5.095988255298467,ADHK,
Sumatera Barat,2021,H,Transportasi dan Pergudangan,Transportasi,17728.466264014856,2.544086947802149,ADHK,
Sumatera Barat,2021,I,Penyediaan Akomodasi dan Makan Minum,Akomodasi,1740.3135818476248,5.66136295406785,ADHK,
Sumatera Barat,2021,J,Informasi dan Komunikasi,Infokom,14823.796844419698,6.418197221547883,ADHK,
Sumatera Barat,2021,K,Jasa Keuangan dan Asuransi,Keuangan,5239.712607866695,8.455317503479097,ADHK,
Sumatera Barat,2021,L,Real Estate,Real Estate,3466.387496695196,2.40938613031636,ADHK,
Sumatera Barat,2021,MN,Jasa Perusahaan,Jasa Perusahaan,742.1395806367183,1.1307027188445895,ADHK,
Sumatera Barat,2021,O,"Administrasi Pemerintahan, Pertahanan dan Jaminan Sosial Wajib",Adm. Pemerintahan,9783.910670568304,0.8536295397431282,ADHK,
Sumatera Barat,2021,P,Jasa Pendidikan,Pendidikan,7352.560551359916,1.8340522036681017,ADHK,
Sumatera Barat,2021,Q,Jasa Kesehatan dan Kegiatan Sosial,Kesehatan,2835.3680019720614,5.881918055329649,ADHK,
Sumatera Barat,2021,RSTU,Jasa Lainnya,Jasa Lainnya,2961.3458510098053,7.102942601505191,ADHK,
Sumatera Barat,2022,A,"Pertanian, Kehutanan dan Perikanan",Pertanian,40720.678654193514,3.523711956839537,ADHK,
Sumatera Barat,2022,B,Pertambangan dan Penggalian,Pertambangan,7004.201090079921,1.9368387512582297,ADHK,
Sumatera Barat,2022,C,Industri Pengolahan,Industri Pengolahan,16621.26826334788,1.7452101438685919,ADHK,
Sumatera Barat,2022,D,Pengadaan Listrik dan Gas,Listrik & Gas,179.73671564778712,3.2101721975139608,ADHK,
Sumatera Barat,2022,E,"Pengadaan Air, Pengelolaan Sampah, Limbah dan Daur Ulang",Air & Sampah,183.5292261699511,3.919801757152519,ADHK,
Sumatera Barat,2022,F,Konstruksi,Konstruksi,16243.998673025093,2.514590824215679,ADHK,
Sumatera Barat,2022,G,"Perdagangan Besar dan Eceran, Reparasi Mobil dan Sepeda Motor",Perdagangan,30478.492805643004,5.5976563822006,ADHK,
Sumatera Barat,2022,H,Transportasi dan Pergudangan,Transportasi,18745.068369285425,5.734292465750768,ADHK,
Sumatera Barat,2022,I,Penyediaan Akomodasi dan Makan Minum,Akomodasi,2015.068707427794,15.787679211724125,ADHK,
Sumatera Barat,2022,J,Informasi dan Komunikasi,Infokom,15863.868328763623,7.016228671100899,ADHK,
Sumatera Barat,2022,K,Jasa Keuangan dan Asuransi,Keuangan,5477.416823556918,4.536588807052944,ADHK,
Sumatera Barat,2022,L,Real Estate,Real Estate,3666.7609308345723,5.78046840782831,ADHK,
Sumatera Barat,2022,MN,Jasa Perusahaan,Jasa Perusahaan,796.527024401838,7.328465585740362,ADHK,
Sumatera Barat,2022,O,"Administrasi Pemerintahan, Pertahanan dan Jaminan Sosial Wajib",Adm. Pemerintahan,9870.868160037577,0.8887804927620202,ADHK,
Sumatera Barat,2022,P,Jasa Pendidikan,Pendidikan,7729.737747627056,5.1298754173112915,ADHK,
Sumatera Barat,2022,Q,Jasa Kesehatan dan Kegiatan Sosial,Kesehatan,2963.9532019665353,4.5350444776494525,ADHK,
Sumatera Barat,2022,RSTU,Jasa Lainnya,Jasa Lainnya,3313.2675232062647,11.883842344063122,ADHK,
Sumatera Barat,2023,A,"Pertanian, Kehutanan dan Perikanan",Pertanian,42163.72284112086,3.543762615505286,ADHK,
Sumatera Barat,2023,B,Pertambangan dan Penggalian,Pertambangan,7330.145210381171,4.6535517200225085,ADHK,
Sumatera Barat,2023,C,Industri Pengolahan,Industri Pengolahan,17133.908752023788,3.08424411755841,ADHK,
Sumatera Barat,2023,D,Pengadaan Listrik dan Gas,Listrik & Gas,187.2038174745998,4.154466604055029,ADHK,
Sumatera Barat,2023,E,"Pengadaan Air, Pengelolaan Sampah, Limbah dan Daur Ulang",Air & Sampah,187.33866111592397,2.07565575547366,ADHK,
Sumatera Barat,2023,F,Konstruksi,Konstruksi,17195.460240014938,5.857311282411337,ADHK,
Sumatera Barat,2023,G,"Perdagangan Besar dan Eceran, Reparasi Mobil dan Sepeda Motor",Perdagangan,31883.562402866963,4.610036349841473,ADHK,
Sumatera Barat,2023,H,Transportasi dan Pergudangan,Transportasi,19826.730566461698,5.770382779444128,ADHK,
Sumatera Barat,2023,I,Penyediaan Akomodasi dan Makan Minum,Akomodasi,2170.341004398396,7.705558445637561,ADHK,
Sumatera Barat,2023,J,Informasi dan Komunikasi,Infokom,17075.77875144854,7.639438235172036,ADHK,
Sumatera Barat,2023,K,Jasa Keuangan dan Asuransi,Keuangan,5629.92554662689,2.7843183745679623,ADHK,
Sumatera Barat,2023,L,Real Estate,Real Estate,3898.3974549922054,6.317197344657854,ADHK,
Sumatera Barat,2023,MN,Jasa Perusahaan,Jasa Perusahaan,851.3527552595704,6.883097393827198,ADHK,
Sumatera Barat,2023,O,"Administrasi Pemerintahan, Pertahanan dan Jaminan Sosial Wajib",Adm. Pemerintahan,10104.020815886473,2.362027858834348,ADHK,
Sumatera Barat,2023,P,Jasa Pendidikan,Pendidikan,7871.71802079333,1.8368058244907504,ADHK,
Sumatera Barat,2023,Q,Jasa Kesehatan dan Kegiatan Sosial,Kesehatan,3180.043649686271,7.2906160453668045,ADHK,
Sumatera Barat,2023,RSTU,Jasa Lainnya,Jasa Lainnya,3580.195705600032,8.056342583995747,ADHK,
Sumatera Barat,2024,A,"Pertanian, Kehutanan dan Perikanan",Pertanian,43029.94046335117,2.0544144678456,ADHK,
Sumatera Barat,2024,B,Pertambangan dan Penggalian,Pertambangan,7620.950299485775,3.967248680050117,ADHK,
Sumatera Barat,2024,C,Industri Pengolahan,Industri Pengolahan,17579.606631515555,2.601262128462789,ADHK,
Sumatera Barat,2024,D,Pengadaan Listrik dan Gas,Listrik & Gas,195.43550286612597,4.3971781679308375,ADHK,
Sumatera Barat,2024,E,"Pengadaan Air, Pengelolaan Sampah, Limbah dan Daur Ulang",Air & Sampah,193.77392067217576,3.4350942394478334,ADHK,
Sumatera Barat,2024,F,Konstruksi,Konstruksi,17982.120870060295,4.574815788964726,ADHK,
Sumatera Barat,2024,G,"Perdagangan Besar dan Eceran, Reparasi Mobil dan Sepeda Motor",Perdagangan,33291.17371432703,4.414849550605715,ADHK,
Sumatera Barat,2024,H,Transportasi dan Pergudangan,Transportasi,20929.836491129074,5.5637308479561165,ADHK,
Sumatera Barat,2024,I,Penyediaan Akomodasi dan Makan Minum,Akomodasi,2286.7779208070237,5.364913447824926,ADHK,
Sumatera Barat,2024,J,Informasi dan Komunikasi,Infokom,18006.817401932774,5.4523934986288936,ADHK,
Sumatera Barat,2024,K,Jasa Keuangan dan Asuransi,Keuangan,5970.907318919848,6.056594700390905,ADHK,
Sumatera Barat,2024,L,Real Estate,Real Estate,4127.317186662629,5.872149628490897,ADHK,
Sumatera Barat,2024,MN,Jasa Perusahaan,Jasa Perusahaan,891.5456738662111,4.721065193990737,ADHK,
Sumatera Barat,2024,O,"Administrasi Pemerintahan, Pertahanan dan Jaminan Sosial Wajib",Adm. Pemerintahan,11137.826651701247,10.231628127579961,ADHK,
Sumatera Barat,2024,P,Jasa Pendidikan,Pendidikan,8126.142998317656,3.2321403898393886,ADHK,
Sumatera Barat,2024,Q,Jasa Kesehatan dan Kegiatan Sosial,Kesehatan,3358.0534765916304,5.597716462883184,ADHK,
Sumatera Barat,2024,RSTU,Jasa Lainnya,Jasa Lainnya,3840.4256269760735,7.268594869520628,ADHK,
Sumatera Barat,2025,A,"Pertanian, Kehutanan dan Perikanan",Pertanian,44812.78432485,4.143263602740244,ADHK,
Sumatera Barat,2025,B,Pertambangan dan Penggalian,Pertambangan,7693.706305455378,0.9546841681215668,ADHK,
Sumatera Barat,2025,C,Industri Pengolahan,Industri Pengolahan,18524.701877114956,5.376088699875092,ADHK,
Sumatera Barat,2025,D,Pengadaan Listrik dan Gas,Listrik & Gas,197.1036851891373,0.8535717914845975,ADHK,
Sumatera Barat,2025,E,"Pengadaan Air, Pengelolaan Sampah, Limbah dan Daur Ulang",Air & Sampah,194.4900546567973,0.3695719125346608,ADHK,
Sumatera Barat,2025,F,Konstruksi,Konstruksi,17730.542444091447,-1.3990475750150222,ADHK,
Sumatera Barat,2025,G,"Perdagangan Besar dan Eceran, Reparasi Mobil dan Sepeda Motor",Perdagangan,34526.686053235964,3.7112309392000276,ADHK,
Sumatera Barat,2025,H,Transportasi dan Pergudangan,Transportasi,20927.048905056505,-0.013318718823962516,ADHK,
Sumatera Barat,2025,I,Penyediaan Akomodasi dan Makan Minum,Akomodasi,2360.384169221277,3.218775541976404,ADHK,
Sumatera Barat,2025,J,Informasi dan Komunikasi,Infokom,18957.29841226994,5.278450872918539,ADHK,
Sumatera Barat,2025,K,Jasa Keuangan dan Asuransi,Keuangan,6421.550315707703,7.547311869335416,ADHK,
Sumatera Barat,2025,L,Real Estate,Real Estate,4365.695750999919,5.77562987181135,ADHK,
Sumatera Barat,2025,MN,Jasa Perusahaan,Jasa Perusahaan,938.1037163860225,5.222171323866243,ADHK,
Sumatera Barat,2025,O,"Administrasi Pemerintahan, Pertahanan dan Jaminan Sosial Wajib",Adm. Pemerintahan,11356.622274072712,1.9644373109186875,ADHK,
Sumatera Barat,2025,P,Jasa Pendidikan,Pendidikan,8479.71169600363,4.351002655985403,ADHK,
Sumatera Barat,2025,Q,Jasa Kesehatan dan Kegiatan Sosial,Kesehatan,3629.5672141319246,8.085450080916413,ADHK,
Sumatera Barat,2025,RSTU,Jasa Lainnya,Jasa Lainnya,4166.864137256209,8.500060722102077,ADHK,
Sumatera Barat,2026,A,"Pertanian, Kehutanan dan Perikanan",Pertanian,,,ADHK,
Sumatera Barat,2026,B,Pertambangan dan Penggalian,Pertambangan,,,ADHK,
Sumatera Barat,2026,C,Industri Pengolahan,Industri Pengolahan,,,ADHK,
Sumatera Barat,2026,D,Pengadaan Listrik dan Gas,Listrik & Gas,,,ADHK,
Sumatera Barat,2026,E,"Pengadaan Air, Pengelolaan Sampah, Limbah dan Daur Ulang",Air & Sampah,,,ADHK,
Sumatera Barat,2026,F,Konstruksi,Konstruksi,,,ADHK,
Sumatera Barat,2026,G,"Perdagangan Besar dan Eceran, Reparasi Mobil dan Sepeda Motor",Perdagangan,,,ADHK,
Sumatera Barat,2026,H,Transportasi dan Pergudangan,Transportasi,,,ADHK,
Sumatera Barat,2026,I,Penyediaan Akomodasi dan Makan Minum,Akomodasi,,,ADHK,
Sumatera Barat,2026,J,Informasi dan Komunikasi,Infokom,,,ADHK,
Sumatera Barat,2026,K,Jasa Keuangan dan Asuransi,Keuangan,,,ADHK,
Sumatera Barat,2026,L,Real Estate,Real Estate,,,ADHK,
Sumatera Barat,2026,MN,Jasa Perusahaan,Jasa Perusahaan,,,ADHK,
Sumatera Barat,2026,O,"Administrasi Pemerintahan, Pertahanan dan Jaminan Sosial Wajib",Adm. Pemerintahan,,,ADHK,
Sumatera Barat,2026,P,Jasa Pendidikan,Pendidikan,,,ADHK,
Sumatera Barat,2026,Q,Jasa Kesehatan dan Kegiatan Sosial,Kesehatan,,,ADHK,
Sumatera Barat,2026,RSTU,Jasa Lainnya,Jasa Lainnya,,,ADHK,
Sumatera Selatan,2020,A,"Pertanian, Kehutanan dan Perikanan",Pertanian,53986.8891837839,,ADHK,
Sumatera Selatan,2020,B,Pertambangan dan Penggalian,Pertambangan,68000.00626546521,,ADHK,
Sumatera Selatan,2020,C,Industri Pengolahan,Industri Pengolahan,58235.00066435269,,ADHK,
Sumatera Selatan,2020,D,Pengadaan Listrik dan Gas,Listrik & Gas,392.3207356082023,,ADHK,
Sumatera Selatan,2020,E,"Pengadaan Air, Pengelolaan Sampah, Limbah dan Daur Ulang",Air & Sampah,379.0338039716289,,ADHK,
Sumatera Selatan,2020,F,Konstruksi,Konstruksi,35875.49825974209,,ADHK,
Sumatera Selatan,2020,G,"Perdagangan Besar dan Eceran, Reparasi Mobil dan Sepeda Motor",Perdagangan,33009.97041225288,,ADHK,
Sumatera Selatan,2020,H,Transportasi dan Pergudangan,Transportasi,6014.881835170293,,ADHK,
Sumatera Selatan,2020,I,Penyediaan Akomodasi dan Makan Minum,Akomodasi,4315.256553379212,,ADHK,
Sumatera Selatan,2020,J,Informasi dan Komunikasi,Infokom,12184.474049381892,,ADHK,
Sumatera Selatan,2020,K,Jasa Keuangan dan Asuransi,Keuangan,7470.200135695384,,ADHK,
Sumatera Selatan,2020,L,Real Estate,Real Estate,10202.814303638657,,ADHK,
Sumatera Selatan,2020,MN,Jasa Perusahaan,Jasa Perusahaan,356.73581017586696,,ADHK,
Sumatera Selatan,2020,O,"Administrasi Pemerintahan, Pertahanan dan Jaminan Sosial Wajib",Adm. Pemerintahan,9820.419691987372,,ADHK,
Sumatera Selatan,2020,P,Jasa Pendidikan,Pendidikan,8065.305713512345,,ADHK,
Sumatera Selatan,2020,Q,Jasa Kesehatan dan Kegiatan Sosial,Kesehatan,2249.2412227516784,,ADHK,
Sumatera Selatan,2020,RSTU,Jasa Lainnya,Jasa Lainnya,2679.9494248177516,,ADHK,
Sumatera Selatan,2021,A,"Pertanian, Kehutanan dan Perikanan",Pertanian,55560.44862620251,2.914706637498332,ADHK,
Sumatera Selatan,2021,B,Pertambangan dan Penggalian,Pertambangan,71722.73335302276,5.474598153747801,ADHK,
Sumatera Selatan,2021,C,Industri Pengolahan,Industri Pengolahan,59507.02813015018,2.184300594635591,ADHK,
Sumatera Selatan,2021,D,Pengadaan Listrik dan Gas,Listrik & Gas,414.9007749089629,5.755504935459377,ADHK,
Sumatera Selatan,2021,E,"Pengadaan Air, Pengelolaan Sampah, Limbah dan Daur Ulang",Air & Sampah,361.25975632553616,-4.689304083132162,ADHK,
Sumatera Selatan,2021,F,Konstruksi,Konstruksi,35868.73955314653,-0.018839338611065237,ADHK,
Sumatera Selatan,2021,G,"Perdagangan Besar dan Eceran, Reparasi Mobil dan Sepeda Motor",Perdagangan,34921.389355335574,5.7904291315971745,ADHK,
Sumatera Selatan,2021,H,Transportasi dan Pergudangan,Transportasi,5882.535522551814,-2.2003144242106587,ADHK,
Sumatera Selatan,2021,I,Penyediaan Akomodasi dan Makan Minum,Akomodasi,4506.308429385521,4.4273584581361325,ADHK,
Sumatera Selatan,2021,J,Informasi dan Komunikasi,Infokom,12920.101521231407,6.037416706442356,ADHK,
Sumatera Selatan,2021,K,Jasa Keuangan dan Asuransi,Keuangan,7783.169693951385,4.1895739414064215,ADHK,
Sumatera Selatan,2021,L,Real Estate,Real Estate,10795.11501868103,5.805268011504805,ADHK,
Sumatera Selatan,2021,MN,Jasa Perusahaan,Jasa Perusahaan,358.89736242807044,0.6059252226845002,ADHK,
Sumatera Selatan,2021,O,"Administrasi Pemerintahan, Pertahanan dan Jaminan Sosial Wajib",Adm. Pemerintahan,10201.507459408793,3.8805649796449737,ADHK,
Sumatera Selatan,2021,P,Jasa Pendidikan,Pendidikan,8594.950305519218,6.566949980823722,ADHK,
Sumatera Selatan,2021,Q,Jasa Kesehatan dan Kegiatan Sosial,Kesehatan,2375.8466660102863,5.6288068161813865,ADHK,
Sumatera Selatan,2021,RSTU,Jasa Lainnya,Jasa Lainnya,2704.837185754722,0.9286653213115503,ADHK,
Sumatera Selatan,2022,A,"Pertanian, Kehutanan dan Perikanan",Pertanian,57680.34628584722,3.8154797379460925,ADHK,
Sumatera Selatan,2022,B,Pertambangan dan Penggalian,Pertambangan,76225.81363550665,6.278456037529279,ADHK,
Sumatera Selatan,2022,C,Industri Pengolahan,Industri Pengolahan,62195.13640463731,4.517295450560677,ADHK,
Sumatera Selatan,2022,D,Pengadaan Listrik dan Gas,Listrik & Gas,420.9578654865636,1.4598889527091874,ADHK,
Sumatera Selatan,2022,E,"Pengadaan Air, Pengelolaan Sampah, Limbah dan Daur Ulang",Air & Sampah,363.67670852363386,0.6690344428842865,ADHK,
Sumatera Selatan,2022,F,Konstruksi,Konstruksi,36323.00092857016,1.2664548046093183,ADHK,
Sumatera Selatan,2022,G,"Perdagangan Besar dan Eceran, Reparasi Mobil dan Sepeda Motor",Perdagangan,38509.30307353749,10.274258225220724,ADHK,
Sumatera Selatan,2022,H,Transportasi dan Pergudangan,Transportasi,6566.843577793774,11.632875868212533,ADHK,
Sumatera Selatan,2022,I,Penyediaan Akomodasi dan Makan Minum,Akomodasi,5167.538388773162,14.673428810948174,ADHK,
Sumatera Selatan,2022,J,Informasi dan Komunikasi,Infokom,13969.649784364601,8.123374738259503,ADHK,
Sumatera Selatan,2022,K,Jasa Keuangan dan Asuransi,Keuangan,7736.416069952467,-0.6007015886503431,ADHK,
Sumatera Selatan,2022,L,Real Estate,Real Estate,11359.668492806239,5.229712450013224,ADHK,
Sumatera Selatan,2022,MN,Jasa Perusahaan,Jasa Perusahaan,369.3066808776217,2.9003608104357426,ADHK,
Sumatera Selatan,2022,O,"Administrasi Pemerintahan, Pertahanan dan Jaminan Sosial Wajib",Adm. Pemerintahan,10578.807117581668,3.6984696592550437,ADHK,
Sumatera Selatan,2022,P,Jasa Pendidikan,Pendidikan,8787.799609018028,2.243751233500113,ADHK,
Sumatera Selatan,2022,Q,Jasa Kesehatan dan Kegiatan Sosial,Kesehatan,2474.36925997064,4.14684143424966,ADHK,
Sumatera Selatan,2022,RSTU,Jasa Lainnya,Jasa Lainnya,2760.26901693252,2.0493592542181416,ADHK,
Sumatera Selatan,2023,A,"Pertanian, Kehutanan dan Perikanan",Pertanian,58924.33976288201,2.1567025115798,ADHK,
Sumatera Selatan,2023,B,Pertambangan dan Penggalian,Pertambangan,82288.1175223297,7.953085179007102,ADHK,
Sumatera Selatan,2023,C,Industri Pengolahan,Industri Pengolahan,64605.87592580836,3.876090094066109,ADHK,
Sumatera Selatan,2023,D,Pengadaan Listrik dan Gas,Listrik & Gas,439.0695592792581,4.30249563617493,ADHK,
Sumatera Selatan,2023,E,"Pengadaan Air, Pengelolaan Sampah, Limbah dan Daur Ulang",Air & Sampah,364.0646144319705,0.10666229077780365,ADHK,
Sumatera Selatan,2023,F,Konstruksi,Konstruksi,37613.718267292425,3.553443563929326,ADHK,
Sumatera Selatan,2023,G,"Perdagangan Besar dan Eceran, Reparasi Mobil dan Sepeda Motor",Perdagangan,41279.11373543927,7.192575406032509,ADHK,
Sumatera Selatan,2023,H,Transportasi dan Pergudangan,Transportasi,7059.517403205985,7.502444965770483,ADHK,
Sumatera Selatan,2023,I,Penyediaan Akomodasi dan Makan Minum,Akomodasi,5846.628469702674,13.141461752947636,ADHK,
Sumatera Selatan,2023,J,Informasi dan Komunikasi,Infokom,14856.06777008631,6.345312870433051,ADHK,
Sumatera Selatan,2023,K,Jasa Keuangan dan Asuransi,Keuangan,8092.323037598926,4.6004114105078875,ADHK,
Sumatera Selatan,2023,L,Real Estate,Real Estate,11846.313947077648,4.2839758447140275,ADHK,
Sumatera Selatan,2023,MN,Jasa Perusahaan,Jasa Perusahaan,376.797405733184,2.0283209710047156,ADHK,
Sumatera Selatan,2023,O,"Administrasi Pemerintahan, Pertahanan dan Jaminan Sosial Wajib",Adm. Pemerintahan,10973.57582549128,3.731693975717909,ADHK,
Sumatera Selatan,2023,P,Jasa Pendidikan,Pendidikan,8983.482730605194,2.226759032902348,ADHK,
Sumatera Selatan,2023,Q,Jasa Kesehatan dan Kegiatan Sosial,Kesehatan,2473.894118354033,-0.01920253473456368,ADHK,
Sumatera Selatan,2023,RSTU,Jasa Lainnya,Jasa Lainnya,2814.0535720674407,1.9485258431328978,ADHK,
Sumatera Selatan,2024,A,"Pertanian, Kehutanan dan Perikanan",Pertanian,60343.71469766841,2.4088092297650077,ADHK,
Sumatera Selatan,2024,B,Pertambangan dan Penggalian,Pertambangan,85010.81027260296,3.3087313603138657,ADHK,
Sumatera Selatan,2024,C,Industri Pengolahan,Industri Pengolahan,67533.80457493507,4.531985066635524,ADHK,
Sumatera Selatan,2024,D,Pengadaan Listrik dan Gas,Listrik & Gas,476.73274708391295,8.577954679089972,ADHK,
Sumatera Selatan,2024,E,"Pengadaan Air, Pengelolaan Sampah, Limbah dan Daur Ulang",Air & Sampah,374.54802026240236,2.879545392454186,ADHK,
Sumatera Selatan,2024,F,Konstruksi,Konstruksi,39829.93826228872,5.89205241355637,ADHK,
Sumatera Selatan,2024,G,"Perdagangan Besar dan Eceran, Reparasi Mobil dan Sepeda Motor",Perdagangan,44370.28678434559,7.4884675788289945,ADHK,
Sumatera Selatan,2024,H,Transportasi dan Pergudangan,Transportasi,7301.89948973493,3.433408725911935,ADHK,
Sumatera Selatan,2024,I,Penyediaan Akomodasi dan Makan Minum,Akomodasi,6395.782705151214,9.392665162396874,ADHK,
Sumatera Selatan,2024,J,Informasi dan Komunikasi,Infokom,16169.898454760658,8.843731093633235,ADHK,
Sumatera Selatan,2024,K,Jasa Keuangan dan Asuransi,Keuangan,8663.746229717319,7.061299820378153,ADHK,
Sumatera Selatan,2024,L,Real Estate,Real Estate,12814.121329607675,8.1696921663027,ADHK,
Sumatera Selatan,2024,MN,Jasa Perusahaan,Jasa Perusahaan,396.3310645653085,5.1841277394453655,ADHK,
Sumatera Selatan,2024,O,"Administrasi Pemerintahan, Pertahanan dan Jaminan Sosial Wajib",Adm. Pemerintahan,11999.417683594544,9.348291517886675,ADHK,
Sumatera Selatan,2024,P,Jasa Pendidikan,Pendidikan,9590.53845194118,6.757465223012571,ADHK,
Sumatera Selatan,2024,Q,Jasa Kesehatan dan Kegiatan Sosial,Kesehatan,2655.576394004423,7.3439794493415755,ADHK,
Sumatera Selatan,2024,RSTU,Jasa Lainnya,Jasa Lainnya,2930.0575295447866,4.122308069356317,ADHK,
Sumatera Selatan,2025,A,"Pertanian, Kehutanan dan Perikanan",Pertanian,63835.31441910157,5.786186248106584,ADHK,
Sumatera Selatan,2025,B,Pertambangan dan Penggalian,Pertambangan,87919.52791955107,3.4215856049610194,ADHK,
Sumatera Selatan,2025,C,Industri Pengolahan,Industri Pengolahan,70610.30573340897,4.555498061804331,ADHK,
Sumatera Selatan,2025,D,Pengadaan Listrik dan Gas,Listrik & Gas,509.530403113118,6.879673408177278,ADHK,
Sumatera Selatan,2025,E,"Pengadaan Air, Pengelolaan Sampah, Limbah dan Daur Ulang",Air & Sampah,378.8547704754735,1.1498526170433232,ADHK,
Sumatera Selatan,2025,F,Konstruksi,Konstruksi,42231.900425519096,6.030544530129411,ADHK,
Sumatera Selatan,2025,G,"Perdagangan Besar dan Eceran, Reparasi Mobil dan Sepeda Motor",Perdagangan,48134.93436576447,8.484614038481041,ADHK,
Sumatera Selatan,2025,H,Transportasi dan Pergudangan,Transportasi,7669.122091754097,5.029138000809397,ADHK,
Sumatera Selatan,2025,I,Penyediaan Akomodasi dan Makan Minum,Akomodasi,7013.479854446212,9.657882041513076,ADHK,
Sumatera Selatan,2025,J,Informasi dan Komunikasi,Infokom,17156.26154226098,6.099995558165827,ADHK,
Sumatera Selatan,2025,K,Jasa Keuangan dan Asuransi,Keuangan,9051.072032294673,4.470650366567708,ADHK,
Sumatera Selatan,2025,L,Real Estate,Real Estate,13811.783464873986,7.785646082194986,ADHK,
Sumatera Selatan,2025,MN,Jasa Perusahaan,Jasa Perusahaan,420.5464264321595,6.109882376595976,ADHK,
Sumatera Selatan,2025,O,"Administrasi Pemerintahan, Pertahanan dan Jaminan Sosial Wajib",Adm. Pemerintahan,12407.728136376914,3.4027522297236823,ADHK,
Sumatera Selatan,2025,P,Jasa Pendidikan,Pendidikan,10001.052923677329,4.280411092591563,ADHK,
Sumatera Selatan,2025,Q,Jasa Kesehatan dan Kegiatan Sosial,Kesehatan,2809.4232899485423,5.7933522941183035,ADHK,
Sumatera Selatan,2025,RSTU,Jasa Lainnya,Jasa Lainnya,3050.3880674721004,4.106763662964941,ADHK,
Sumatera Selatan,2026,A,"Pertanian, Kehutanan dan Perikanan",Pertanian,,,ADHK,
Sumatera Selatan,2026,B,Pertambangan dan Penggalian,Pertambangan,,,ADHK,
Sumatera Selatan,2026,C,Industri Pengolahan,Industri Pengolahan,,,ADHK,
Sumatera Selatan,2026,D,Pengadaan Listrik dan Gas,Listrik & Gas,,,ADHK,
Sumatera Selatan,2026,E,"Pengadaan Air, Pengelolaan Sampah, Limbah dan Daur Ulang",Air & Sampah,,,ADHK,
Sumatera Selatan,2026,F,Konstruksi,Konstruksi,,,ADHK,
Sumatera Selatan,2026,G,"Perdagangan Besar dan Eceran, Reparasi Mobil dan Sepeda Motor",Perdagangan,,,ADHK,
Sumatera Selatan,2026,H,Transportasi dan Pergudangan,Transportasi,,,ADHK,
Sumatera Selatan,2026,I,Penyediaan Akomodasi dan Makan Minum,Akomodasi,,,ADHK,
Sumatera Selatan,2026,J,Informasi dan Komunikasi,Infokom,,,ADHK,
Sumatera Selatan,2026,K,Jasa Keuangan dan Asuransi,Keuangan,,,ADHK,
Sumatera Selatan,2026,L,Real Estate,Real Estate,,,ADHK,
Sumatera Selatan,2026,MN,Jasa Perusahaan,Jasa Perusahaan,,,ADHK,
Sumatera Selatan,2026,O,"Administrasi Pemerintahan, Pertahanan dan Jaminan Sosial Wajib",Adm. Pemerintahan,,,ADHK,
Sumatera Selatan,2026,P,Jasa Pendidikan,Pendidikan,,,ADHK,
Sumatera Selatan,2026,Q,Jasa Kesehatan dan Kegiatan Sosial,Kesehatan,,,ADHK,
Sumatera Selatan,2026,RSTU,Jasa Lainnya,Jasa Lainnya,,,ADHK,
Sumatera Utara,2020,A,"Pertanian, Kehutanan dan Perikanan",Pertanian,138131.799944228,,ADHK,
Sumatera Utara,2020,B,Pertambangan dan Penggalian,Pertambangan,6902.46608132226,,ADHK,
Sumatera Utara,2020,C,Industri Pengolahan,Industri Pengolahan,94851.71387906144,,ADHK,
Sumatera Utara,2020,D,Pengadaan Listrik dan Gas,Listrik & Gas,746.5612378309969,,ADHK,
Sumatera Utara,2020,E,"Pengadaan Air, Pengelolaan Sampah, Limbah dan Daur Ulang",Air & Sampah,532.8932013064964,,ADHK,
Sumatera Utara,2020,F,Konstruksi,Konstruksi,65379.78584171633,,ADHK,
Sumatera Utara,2020,G,"Perdagangan Besar dan Eceran, Reparasi Mobil dan Sepeda Motor",Perdagangan,94811.3732978128,,ADHK,
Sumatera Utara,2020,H,Transportasi dan Pergudangan,Transportasi,22155.487851587346,,ADHK,
Sumatera Utara,2020,I,Penyediaan Akomodasi dan Makan Minum,Akomodasi,11852.949764797444,,ADHK,
Sumatera Utara,2020,J,Informasi dan Komunikasi,Infokom,16283.998871383454,,ADHK,
Sumatera Utara,2020,K,Jasa Keuangan dan Asuransi,Keuangan,15319.56416994951,,ADHK,
Sumatera Utara,2020,L,Real Estate,Real Estate,23122.690776094034,,ADHK,
Sumatera Utara,2020,MN,Jasa Perusahaan,Jasa Perusahaan,4699.373973414946,,ADHK,
Sumatera Utara,2020,O,"Administrasi Pemerintahan, Pertahanan dan Jaminan Sosial Wajib",Adm. Pemerintahan,17701.00928731193,,ADHK,
Sumatera Utara,2020,P,Jasa Pendidikan,Pendidikan,11067.187175327033,,ADHK,
Sumatera Utara,2020,Q,Jasa Kesehatan dan Kegiatan Sosial,Kesehatan,5027.7803076207165,,ADHK,
Sumatera Utara,2020,RSTU,Jasa Lainnya,Jasa Lainnya,2684.4744722608375,,ADHK,
Sumatera Utara,2021,A,"Pertanian, Kehutanan dan Perikanan",Pertanian,143475.78208770935,3.8687558879555883,ADHK,
Sumatera Utara,2021,B,Pertambangan dan Penggalian,Pertambangan,7034.871861574699,1.9182387670215961,ADHK,
Sumatera Utara,2021,C,Industri Pengolahan,Industri Pengolahan,96207.1592630542,1.4290151738544088,ADHK,
Sumatera Utara,2021,D,Pengadaan Listrik dan Gas,Listrik & Gas,783.3704751607769,4.9305047549378145,ADHK,
Sumatera Utara,2021,E,"Pengadaan Air, Pengelolaan Sampah, Limbah dan Daur Ulang",Air & Sampah,552.1890336699098,3.6209567538309173,ADHK,
Sumatera Utara,2021,F,Konstruksi,Konstruksi,66805.07088715603,2.180008739842476,ADHK,
Sumatera Utara,2021,G,"Perdagangan Besar dan Eceran, Reparasi Mobil dan Sepeda Motor",Perdagangan,98239.81687458964,3.616067838198833,ADHK,
Sumatera Utara,2021,H,Transportasi dan Pergudangan,Transportasi,21351.490897519314,-3.6288840013533274,ADHK,
Sumatera Utara,2021,I,Penyediaan Akomodasi dan Makan Minum,Akomodasi,11757.369435504987,-0.8063843278600991,ADHK,
Sumatera Utara,2021,J,Informasi dan Komunikasi,Infokom,17343.682300042856,6.507513523116404,ADHK,
Sumatera Utara,2021,K,Jasa Keuangan dan Asuransi,Keuangan,16002.067179427722,4.4551072204586095,ADHK,
Sumatera Utara,2021,L,Real Estate,Real Estate,23700.159002741162,2.4974092861379082,ADHK,
Sumatera Utara,2021,MN,Jasa Perusahaan,Jasa Perusahaan,4692.759822744609,-0.1407453568869843,ADHK,
Sumatera Utara,2021,O,"Administrasi Pemerintahan, Pertahanan dan Jaminan Sosial Wajib",Adm. Pemerintahan,18069.947266014915,2.0842765105345773,ADHK,
Sumatera Utara,2021,P,Jasa Pendidikan,Pendidikan,11405.040156501876,3.0527448015702285,ADHK,
Sumatera Utara,2021,Q,Jasa Kesehatan dan Kegiatan Sosial,Kesehatan,5040.539839783371,0.2537806225008321,ADHK,
Sumatera Utara,2021,RSTU,Jasa Lainnya,Jasa Lainnya,2722.8282186808497,1.428724572214346,ADHK,
Sumatera Utara,2022,A,"Pertanian, Kehutanan dan Perikanan",Pertanian,150690.84090418075,5.028764235667804,ADHK,
Sumatera Utara,2022,B,Pertambangan dan Penggalian,Pertambangan,7218.8765873821085,2.615608776223266,ADHK,
Sumatera Utara,2022,C,Industri Pengolahan,Industri Pengolahan,98114.1197915112,1.9821399395474337,ADHK,
Sumatera Utara,2022,D,Pengadaan Listrik dan Gas,Listrik & Gas,821.0634519354854,4.811641231050046,ADHK,
Sumatera Utara,2022,E,"Pengadaan Air, Pengelolaan Sampah, Limbah dan Daur Ulang",Air & Sampah,564.1544389962945,2.1669038312588818,ADHK,
Sumatera Utara,2022,F,Konstruksi,Konstruksi,68830.47234818296,3.0318079662667197,ADHK,
Sumatera Utara,2022,G,"Perdagangan Besar dan Eceran, Reparasi Mobil dan Sepeda Motor",Perdagangan,104696.42888973792,6.572296468539451,ADHK,
Sumatera Utara,2022,H,Transportasi dan Pergudangan,Transportasi,24119.317614393152,12.963154330339588,ADHK,
Sumatera Utara,2022,I,Penyediaan Akomodasi dan Makan Minum,Akomodasi,12610.650092757036,7.257411293680249,ADHK,
Sumatera Utara,2022,J,Informasi dan Komunikasi,Infokom,18661.513182921935,7.598333849068628,ADHK,
Sumatera Utara,2022,K,Jasa Keuangan dan Asuransi,Keuangan,16612.381794244357,3.813973582121033,ADHK,
Sumatera Utara,2022,L,Real Estate,Real Estate,24773.371940850317,4.528294253152598,ADHK,
Sumatera Utara,2022,MN,Jasa Perusahaan,Jasa Perusahaan,5104.630156957094,8.776718813016071,ADHK,
Sumatera Utara,2022,O,"Administrasi Pemerintahan, Pertahanan dan Jaminan Sosial Wajib",Adm. Pemerintahan,17937.47281029932,-0.7331203227402106,ADHK,
Sumatera Utara,2022,P,Jasa Pendidikan,Pendidikan,11990.802329244369,5.13599395271358,ADHK,
Sumatera Utara,2022,Q,Jasa Kesehatan dan Kegiatan Sosial,Kesehatan,5284.000424376449,4.83004980283106,ADHK,
Sumatera Utara,2022,RSTU,Jasa Lainnya,Jasa Lainnya,2960.3435926945604,8.72311269525412,ADHK,
Sumatera Utara,2023,A,"Pertanian, Kehutanan dan Perikanan",Pertanian,155275.4716935528,3.042408391819418,ADHK,
Sumatera Utara,2023,B,Pertambangan dan Penggalian,Pertambangan,7473.855986226752,3.5321202095395687,ADHK,
Sumatera Utara,2023,C,Industri Pengolahan,Industri Pengolahan,101500.39016192891,3.451358864160836,ADHK,
Sumatera Utara,2023,D,Pengadaan Listrik dan Gas,Listrik & Gas,838.8176780875347,2.1623452012383915,ADHK,
Sumatera Utara,2023,E,"Pengadaan Air, Pengelolaan Sampah, Limbah dan Daur Ulang",Air & Sampah,580.4464871464343,2.887870239774326,ADHK,
Sumatera Utara,2023,F,Konstruksi,Konstruksi,73231.35866599425,6.393805196554747,ADHK,
Sumatera Utara,2023,G,"Perdagangan Besar dan Eceran, Reparasi Mobil dan Sepeda Motor",Perdagangan,110765.85310292,5.7971645046023035,ADHK,
Sumatera Utara,2023,H,Transportasi dan Pergudangan,Transportasi,27259.055593959452,13.017524084896447,ADHK,
Sumatera Utara,2023,I,Penyediaan Akomodasi dan Makan Minum,Akomodasi,13899.021507127654,10.216534475971217,ADHK,
Sumatera Utara,2023,J,Informasi dan Komunikasi,Infokom,20117.435696095592,7.8017387920398695,ADHK,
Sumatera Utara,2023,K,Jasa Keuangan dan Asuransi,Keuangan,17525.935619074484,5.4992344634569035,ADHK,
Sumatera Utara,2023,L,Real Estate,Real Estate,25563.778766890166,3.190550030601602,ADHK,
Sumatera Utara,2023,MN,Jasa Perusahaan,Jasa Perusahaan,5445.607553939478,6.67976692724086,ADHK,
Sumatera Utara,2023,O,"Administrasi Pemerintahan, Pertahanan dan Jaminan Sosial Wajib",Adm. Pemerintahan,18282.31006244462,1.9224405566613534,ADHK,
Sumatera Utara,2023,P,Jasa Pendidikan,Pendidikan,12875.232963327286,7.375908715681856,ADHK,
Sumatera Utara,2023,Q,Jasa Kesehatan dan Kegiatan Sosial,Kesehatan,5623.310931336462,6.4214700928994395,ADHK,
Sumatera Utara,2023,RSTU,Jasa Lainnya,Jasa Lainnya,3240.807224018961,9.474022948434758,ADHK,
Sumatera Utara,2024,A,"Pertanian, Kehutanan dan Perikanan",Pertanian,161044.7607114419,3.7155185909048205,ADHK,
Sumatera Utara,2024,B,Pertambangan dan Penggalian,Pertambangan,7774.463382249707,4.022119192247375,ADHK,
Sumatera Utara,2024,C,Industri Pengolahan,Industri Pengolahan,106201.84603778984,4.631958427312899,ADHK,
Sumatera Utara,2024,D,Pengadaan Listrik dan Gas,Listrik & Gas,861.209053911288,2.6693972252474163,ADHK,
Sumatera Utara,2024,E,"Pengadaan Air, Pengelolaan Sampah, Limbah dan Daur Ulang",Air & Sampah,595.2664821059632,2.5532060728606254,ADHK,
Sumatera Utara,2024,F,Konstruksi,Konstruksi,78006.61473047004,6.520780375324686,ADHK,
Sumatera Utara,2024,G,"Perdagangan Besar dan Eceran, Reparasi Mobil dan Sepeda Motor",Perdagangan,115688.2664701435,4.443980910479484,ADHK,
Sumatera Utara,2024,H,Transportasi dan Pergudangan,Transportasi,29011.69862391767,6.429580892547859,ADHK,
Sumatera Utara,2024,I,Penyediaan Akomodasi dan Makan Minum,Akomodasi,15566.984784877646,12.000580594070097,ADHK,
Sumatera Utara,2024,J,Informasi dan Komunikasi,Infokom,21608.741508601393,7.413001512887818,ADHK,
Sumatera Utara,2024,K,Jasa Keuangan dan Asuransi,Keuangan,18204.632404034837,3.8725281189649463,ADHK,
Sumatera Utara,2024,L,Real Estate,Real Estate,26945.387605128293,5.404556387522685,ADHK,
Sumatera Utara,2024,MN,Jasa Perusahaan,Jasa Perusahaan,5725.145069393792,5.133265897063977,ADHK,
Sumatera Utara,2024,O,"Administrasi Pemerintahan, Pertahanan dan Jaminan Sosial Wajib",Adm. Pemerintahan,19394.65205299502,6.084252956826086,ADHK,
Sumatera Utara,2024,P,Jasa Pendidikan,Pendidikan,13604.551970003515,5.664511149068585,ADHK,
Sumatera Utara,2024,Q,Jasa Kesehatan dan Kegiatan Sosial,Kesehatan,5912.157439099259,5.136591436784532,ADHK,
Sumatera Utara,2024,RSTU,Jasa Lainnya,Jasa Lainnya,3452.7104325708215,6.538593439972562,ADHK,
Sumatera Utara,2025,A,"Pertanian, Kehutanan dan Perikanan",Pertanian,168909.86270903607,4.883798741945267,ADHK,
Sumatera Utara,2025,B,Pertambangan dan Penggalian,Pertambangan,7906.680082470218,1.7006537135718203,ADHK,
Sumatera Utara,2025,C,Industri Pengolahan,Industri Pengolahan,109903.17108004879,3.4851795711177136,ADHK,
Sumatera Utara,2025,D,Pengadaan Listrik dan Gas,Listrik & Gas,889.6972389393806,3.3079291141575817,ADHK,
Sumatera Utara,2025,E,"Pengadaan Air, Pengelolaan Sampah, Limbah dan Daur Ulang",Air & Sampah,631.9484562071327,6.162277770351565,ADHK,
Sumatera Utara,2025,F,Konstruksi,Konstruksi,77988.41219360413,-0.023334606851999062,ADHK,
Sumatera Utara,2025,G,"Perdagangan Besar dan Eceran, Reparasi Mobil dan Sepeda Motor",Perdagangan,122797.47109104105,6.145138861366095,ADHK,
Sumatera Utara,2025,H,Transportasi dan Pergudangan,Transportasi,32127.215140047767,10.738828348236119,ADHK,
Sumatera Utara,2025,I,Penyediaan Akomodasi dan Makan Minum,Akomodasi,16247.864833691476,4.373872385840971,ADHK,
Sumatera Utara,2025,J,Informasi dan Komunikasi,Infokom,23017.94849012226,6.521467161611105,ADHK,
Sumatera Utara,2025,K,Jasa Keuangan dan Asuransi,Keuangan,18769.162433640566,3.1010240529800948,ADHK,
Sumatera Utara,2025,L,Real Estate,Real Estate,29274.12823601217,8.642446213839827,ADHK,
Sumatera Utara,2025,MN,Jasa Perusahaan,Jasa Perusahaan,6323.13800191237,10.445026724569907,ADHK,
Sumatera Utara,2025,O,"Administrasi Pemerintahan, Pertahanan dan Jaminan Sosial Wajib",Adm. Pemerintahan,19279.01032420276,-0.5962557537834368,ADHK,
Sumatera Utara,2025,P,Jasa Pendidikan,Pendidikan,14170.90648013385,4.162978033963061,ADHK,
Sumatera Utara,2025,Q,Jasa Kesehatan dan Kegiatan Sosial,Kesehatan,6405.255449301316,8.340407292624175,ADHK,
Sumatera Utara,2025,RSTU,Jasa Lainnya,Jasa Lainnya,3568.793776845415,3.3620932464979436,ADHK,
Sumatera Utara,2026,A,"Pertanian, Kehutanan dan Perikanan",Pertanian,,,ADHK,
Sumatera Utara,2026,B,Pertambangan dan Penggalian,Pertambangan,,,ADHK,
Sumatera Utara,2026,C,Industri Pengolahan,Industri Pengolahan,,,ADHK,
Sumatera Utara,2026,D,Pengadaan Listrik dan Gas,Listrik & Gas,,,ADHK,
Sumatera Utara,2026,E,"Pengadaan Air, Pengelolaan Sampah, Limbah dan Daur Ulang",Air & Sampah,,,ADHK,
Sumatera Utara,2026,F,Konstruksi,Konstruksi,,,ADHK,
Sumatera Utara,2026,G,"Perdagangan Besar dan Eceran, Reparasi Mobil dan Sepeda Motor",Perdagangan,,,ADHK,
Sumatera Utara,2026,H,Transportasi dan Pergudangan,Transportasi,,,ADHK,
Sumatera Utara,2026,I,Penyediaan Akomodasi dan Makan Minum,Akomodasi,,,ADHK,
Sumatera Utara,2026,J,Informasi dan Komunikasi,Infokom,,,ADHK,
Sumatera Utara,2026,K,Jasa Keuangan dan Asuransi,Keuangan,,,ADHK,
Sumatera Utara,2026,L,Real Estate,Real Estate,,,ADHK,
Sumatera Utara,2026,MN,Jasa Perusahaan,Jasa Perusahaan,,,ADHK,
Sumatera Utara,2026,O,"Administrasi Pemerintahan, Pertahanan dan Jaminan Sosial Wajib",Adm. Pemerintahan,,,ADHK,
Sumatera Utara,2026,P,Jasa Pendidikan,Pendidikan,,,ADHK,
Sumatera Utara,2026,Q,Jasa Kesehatan dan Kegiatan Sosial,Kesehatan,,,ADHK,
Sumatera Utara,2026,RSTU,Jasa Lainnya,Jasa Lainnya,,,ADHK,
